;play_id;corpus;character_id;genre;name;gender;acts;scenes;speech turns;lines;tokens;types;tok-types;prologue;act 1;act 2;act 3;act 4;act 5;act 6;act 7;act 8;act 9;scenes (rel);speech turns (rel);lines (rel);degree (rel);female edges;male edges;betweenness
0;ita000002;ita;egisto;unknown;Egisto;MALE;5;12;80;497;0;0;0;0;0.19;0.17;0.15;0.26;0.23;0.0;0.0;0.0;0.0;0.48;0.29;0.32;1.0;0;1;0.0
1;ita000002;ita;clitennestra;unknown;Clitennestra;FEMALE;5;13;108;387;0;0;0;0;0.25;0.21;0.08;0.24;0.23;0.0;0.0;0.0;0.0;0.52;0.39;0.25;1.0;0;1;0.0
2;ita000002;ita;elettra;unknown;Elettra;FEMALE;5;13;52;320;0;0;0;0;0.35;0.25;0.27;0.1;0.04;0.0;0.0;0.0;0.0;0.52;0.19;0.21;1.0;1;1;0.0
3;ita000002;ita;agamennone;unknown;Agamennone;MALE;4;9;40;327;0;0;0;0;0.0;0.19;0.5;0.31;0.01;0.0;0.0;0.0;0.0;0.36;0.14;0.21;1.0;2;0;0.0
4;ita000003;ita;argia;unknown;Argia;FEMALE;4;6;58;226;0;0;0;0;0.53;0.16;0.0;0.18;0.13;0.0;0.0;0.0;0.0;0.27;0.19;0.15;1.0;1;1;0.0
5;ita000003;ita;antigone;unknown;Antigone;FEMALE;5;11;80;435;0;0;0;0;0.4;0.18;0.19;0.07;0.17;0.0;0.0;0.0;0.0;0.5;0.26;0.28;1.0;0;1;0.0
6;ita000003;ita;creonte;unknown;Creonte;MALE;4;15;97;461;0;0;0;0;0.0;0.28;0.25;0.31;0.16;0.0;0.0;0.0;0.0;0.68;0.31;0.3;1.0;2;1;0.0
7;ita000003;ita;emone;unknown;Emone;MALE;4;8;73;397;0;0;0;0;0.0;0.2;0.49;0.2;0.11;0.0;0.0;0.0;0.0;0.36;0.24;0.26;1.0;0;0;0.0
8;ita000004;ita;popolo;unknown;Popolo;UNKNOWN;3;6;46;129;0;0;0;0;0.18;0.35;0.0;0.0;0.47;0.0;0.0;0.0;0.0;0.3;0.16;0.08;1.0;0;4;0.0
9;ita000004;ita;collatino;unknown;Collatino;MALE;4;10;47;242;0;0;0;0;0.16;0.0;0.09;0.42;0.33;0.0;0.0;0.0;0.0;0.5;0.16;0.16;1.0;0;5;0.0
10;ita000004;ita;bruto;unknown;Bruto;MALE;4;14;73;642;0;0;0;0;0.26;0.32;0.0;0.26;0.16;0.0;0.0;0.0;0.0;0.7;0.25;0.42;1.0;0;2;0.0
11;ita000004;ita;tito;unknown;Tito;MALE;4;7;36;102;0;0;0;0;0.0;0.17;0.45;0.36;0.02;0.0;0.0;0.0;0.0;0.35;0.12;0.07;1.0;0;3;0.0
12;ita000004;ita;tiberio;unknown;Tiberio;MALE;4;8;41;146;0;0;0;0;0.0;0.38;0.38;0.22;0.02;0.0;0.0;0.0;0.0;0.4;0.14;0.09;1.0;0;3;0.0
13;ita000004;ita;valerio;unknown;Valerio;MALE;2;4;15;76;0;0;0;0;0.0;0.29;0.0;0.0;0.71;0.0;0.0;0.0;0.0;0.2;0.05;0.05;1.0;0;0;0.0
14;ita000004;ita;mamilio;unknown;Mamilio;MALE;2;4;32;192;0;0;0;0;0.0;0.15;0.85;0.0;0.0;0.0;0.0;0.0;0.0;0.2;0.11;0.12;1.0;0;2;0.0
15;ita000005;ita;alcuni_senatori;unknown;Alcuni Senatori;MALE;1;1;1;1;0;0;0;0;0.0;0.0;0.0;0.0;1.0;0.0;0.0;0.0;0.0;0.07;0.0;0.0;0.62;0;1;0.0
16;ita000005;ita;altri_senatori;unknown;Altri Senatori;MALE;1;1;1;1;0;0;0;0;0.0;0.0;0.0;0.0;1.0;0.0;0.0;0.0;0.0;0.07;0.0;0.0;0.62;0;0;0.0
17;ita000005;ita;popolo;unknown;Popolo;UNKNOWN;1;1;15;25;0;0;0;0;0.0;0.0;0.0;0.0;1.0;0.0;0.0;0.0;0.0;0.07;0.06;0.02;0.12;0;1;0.0
18;ita000005;ita;cesare;unknown;Cesare;MALE;3;5;40;295;0;0;0;0;0.24;0.0;0.59;0.0;0.18;0.0;0.0;0.0;0.0;0.36;0.16;0.18;0.88;0;7;0.04
19;ita000005;ita;cimbro;unknown;Cimbro;MALE;4;8;29;119;0;0;0;0;0.24;0.44;0.0;0.29;0.03;0.0;0.0;0.0;0.0;0.57;0.12;0.07;0.88;0;6;0.04
20;ita000005;ita;antonio;unknown;Antonio;MALE;3;3;21;113;0;0;0;0;0.43;0.0;0.34;0.23;0.0;0.0;0.0;0.0;0.0;0.21;0.08;0.07;0.62;0;3;0.0
21;ita000005;ita;cassio;unknown;Cassio;MALE;4;8;41;185;0;0;0;0;0.19;0.42;0.0;0.26;0.12;0.0;0.0;0.0;0.0;0.57;0.16;0.11;0.88;0;4;0.04
22;ita000005;ita;cicerone;unknown;Cicerone;MALE;2;4;11;142;0;0;0;0;0.37;0.63;0.0;0.0;0.0;0.0;0.0;0.0;0.0;0.29;0.04;0.09;0.62;0;1;0.0
23;ita000005;ita;bruto;unknown;Bruto;MALE;5;9;92;747;0;0;0;0;0.08;0.17;0.25;0.24;0.25;0.0;0.0;0.0;0.0;0.64;0.37;0.46;1.0;0;2;0.29
24;ita000006;ita;cosimo;unknown;Cosimo;MALE;4;9;68;375;0;0;0;0;0.21;0.4;0.25;0.0;0.14;0.0;0.0;0.0;0.0;0.39;0.23;0.24;1.0;1;3;0.06
25;ita000006;ita;diego;unknown;Diego;MALE;3;5;35;165;0;0;0;0;0.53;0.22;0.0;0.25;0.0;0.0;0.0;0.0;0.0;0.22;0.12;0.11;0.75;0;2;0.0
26;ita000006;ita;piero;unknown;Piero;MALE;4;11;66;351;0;0;0;0;0.17;0.3;0.14;0.39;0.0;0.0;0.0;0.0;0.0;0.48;0.22;0.23;1.0;1;1;0.06
27;ita000006;ita;garzia;unknown;Garzia;MALE;4;14;91;530;0;0;0;0;0.2;0.0;0.42;0.18;0.2;0.0;0.0;0.0;0.0;0.61;0.31;0.34;1.0;0;0;0.06
28;ita000006;ita;eleonora;unknown;Eleonora;FEMALE;4;6;37;122;0;0;0;0;0.0;0.37;0.23;0.2;0.2;0.0;0.0;0.0;0.0;0.26;0.12;0.08;0.75;0;1;0.0
29;ita000007;ita;isabella;unknown;Isabella;FEMALE;5;12;100;356;0;0;0;0;0.26;0.17;0.06;0.24;0.27;0.0;0.0;0.0;0.0;0.5;0.32;0.22;0.6;0;1;0.0
30;ita000007;ita;carlo;unknown;Carlo;MALE;5;13;76;465;0;0;0;0;0.34;0.1;0.06;0.17;0.32;0.0;0.0;0.0;0.0;0.54;0.24;0.29;0.8;1;1;0.03
31;ita000007;ita;perez;unknown;Perez;MALE;2;2;13;111;0;0;0;0;0.32;0.0;0.68;0.0;0.0;0.0;0.0;0.0;0.0;0.08;0.04;0.07;0.8;0;2;0.03
32;ita000007;ita;filippo;unknown;Filippo;MALE;4;11;80;457;0;0;0;0;0.0;0.48;0.18;0.16;0.18;0.0;0.0;0.0;0.0;0.46;0.25;0.28;1.0;0;4;0.12
33;ita000007;ita;gomez;unknown;Gomez;MALE;4;7;40;167;0;0;0;0;0.0;0.07;0.32;0.6;0.01;0.0;0.0;0.0;0.0;0.29;0.13;0.1;1.0;1;0;0.12
34;ita000007;ita;leonardo;unknown;Leonardo;MALE;1;1;5;64;0;0;0;0;0.0;0.0;1.0;0.0;0.0;0.0;0.0;0.0;0.0;0.04;0.02;0.04;0.6;0;2;0.0
35;ita000008;ita;raimondo;unknown;Raimondo;MALE;5;11;82;508;0;0;0;0;0.22;0.07;0.34;0.14;0.22;0.0;0.0;0.0;0.0;0.46;0.3;0.31;1.0;0;2;0.15
36;ita000008;ita;guglielmo;unknown;Guglielmo;MALE;5;12;56;344;0;0;0;0;0.19;0.12;0.22;0.37;0.1;0.0;0.0;0.0;0.0;0.5;0.2;0.21;1.0;0;3;0.15
37;ita000008;ita;bianca;unknown;Bianca;FEMALE;4;9;64;300;0;0;0;0;0.25;0.15;0.06;0.0;0.53;0.0;0.0;0.0;0.0;0.38;0.23;0.18;0.8;0;4;0.0
38;ita000008;ita;lorenzo;unknown;Lorenzo;MALE;3;7;31;164;0;0;0;0;0.0;0.65;0.0;0.19;0.16;0.0;0.0;0.0;0.0;0.29;0.11;0.1;0.8;0;1;0.0
39;ita000008;ita;giuliano;unknown;Giuliano;MALE;2;8;26;183;0;0;0;0;0.0;0.52;0.0;0.48;0.0;0.0;0.0;0.0;0.0;0.33;0.09;0.11;0.8;0;1;0.0
40;ita000008;ita;salviati;unknown;Salviati;MALE;2;3;16;120;0;0;0;0;0.0;0.0;0.76;0.24;0.0;0.0;0.0;0.0;0.0;0.12;0.06;0.07;0.4;0;1;0.0
41;ita000009;ita;lamorre;unknown;Lamorre;MALE;3;4;29;245;0;0;0;0;0.22;0.29;0.0;0.0;0.49;0.0;0.0;0.0;0.0;0.15;0.09;0.15;0.75;1;1;0.0
42;ita000009;ita;maria;unknown;Maria;FEMALE;4;18;111;567;0;0;0;0;0.32;0.25;0.0;0.29;0.14;0.0;0.0;0.0;0.0;0.67;0.35;0.35;1.0;0;2;0.06
43;ita000009;ita;ormondo;unknown;Ormondo;MALE;3;5;37;202;0;0;0;0;0.28;0.0;0.66;0.06;0.0;0.0;0.0;0.0;0.0;0.19;0.12;0.12;0.75;1;0;0.0
44;ita000009;ita;botuello;unknown;Botuello;MALE;5;8;65;310;0;0;0;0;0.07;0.18;0.22;0.35;0.18;0.0;0.0;0.0;0.0;0.3;0.21;0.19;1.0;0;1;0.06
45;ita000009;ita;arrigo;unknown;Arrigo;MALE;3;11;71;305;0;0;0;0;0.0;0.23;0.44;0.32;0.0;0.0;0.0;0.0;0.0;0.41;0.23;0.19;1.0;0;3;0.06
46;ita000010;ita;soldati;unknown;Soldati;MALE;1;1;1;1;0;0;0;0;0.0;0.0;0.0;0.0;1.0;0.0;0.0;0.0;0.0;0.05;0.0;0.0;1.0;0;0;0.0
47;ita000010;ita;popolo;unknown;Popolo;UNKNOWN;1;1;4;7;0;0;0;0;0.0;0.0;0.0;0.0;1.0;0.0;0.0;0.0;0.0;0.05;0.01;0.0;1.0;0;0;0.0
48;ita000010;ita;merope;unknown;Merope;FEMALE;5;12;110;494;0;0;0;0;0.17;0.2;0.34;0.19;0.1;0.0;0.0;0.0;0.0;0.57;0.33;0.3;1.0;0;2;0.0
49;ita000010;ita;polifonte;unknown;Polifonte;MALE;5;11;67;432;0;0;0;0;0.28;0.15;0.14;0.16;0.27;0.0;0.0;0.0;0.0;0.52;0.2;0.26;1.0;1;3;0.0
50;ita000010;ita;egisto;unknown;Egisto;MALE;3;10;85;410;0;0;0;0;0.0;0.56;0.0;0.35;0.09;0.0;0.0;0.0;0.0;0.48;0.25;0.25;1.0;0;1;0.0
51;ita000010;ita;polidoro;unknown;Polidoro;MALE;3;8;69;308;0;0;0;0;0.0;0.0;0.47;0.44;0.09;0.0;0.0;0.0;0.0;0.38;0.21;0.19;1.0;1;2;0.0
52;ita000011;ita;coro;unknown;Coro;UNKNOWN;1;1;11;41;0;0;0;0;0.0;0.0;0.0;1.0;0.0;0.0;0.0;0.0;0.0;0.05;0.05;0.03;1.0;3;1;0.0
53;ita000011;ita;cecri;unknown;Cecri;FEMALE;4;12;47;236;0;0;0;0;0.4;0.0;0.35;0.2;0.06;0.0;0.0;0.0;0.0;0.55;0.2;0.15;1.0;2;0;0.0
54;ita000011;ita;euriclea;unknown;Euriclea;FEMALE;4;7;28;198;0;0;0;0;0.55;0.26;0.0;0.18;0.01;0.0;0.0;0.0;0.0;0.32;0.12;0.12;1.0;1;1;0.0
55;ita000011;ita;ciniro;unknown;Ciniro;MALE;5;12;56;436;0;0;0;0;0.11;0.11;0.29;0.08;0.42;0.0;0.0;0.0;0.0;0.55;0.24;0.27;1.0;2;0;0.0
56;ita000011;ita;pereo;unknown;Pereo;MALE;3;5;20;214;0;0;0;0;0.0;0.63;0.08;0.29;0.0;0.0;0.0;0.0;0.0;0.23;0.09;0.13;1.0;1;1;0.0
57;ita000011;ita;mirra;unknown;Mirra;FEMALE;4;12;70;454;0;0;0;0;0.0;0.28;0.32;0.26;0.14;0.0;0.0;0.0;0.0;0.55;0.3;0.28;1.0;0;2;0.0
58;ita000012;ita;elettra;unknown;Elettra;FEMALE;5;15;88;368;0;0;0;0;0.28;0.4;0.05;0.04;0.23;0.0;0.0;0.0;0.0;0.5;0.19;0.21;1.0;0;2;0.0
59;ita000012;ita;clitennestra;unknown;Clitennestra;FEMALE;4;16;101;396;0;0;0;0;0.29;0.0;0.44;0.14;0.13;0.0;0.0;0.0;0.0;0.53;0.21;0.23;1.0;1;0;0.0
60;ita000012;ita;egisto;unknown;Egisto;MALE;4;10;72;265;0;0;0;0;0.31;0.0;0.15;0.45;0.09;0.0;0.0;0.0;0.0;0.33;0.15;0.15;1.0;2;2;0.0
61;ita000012;ita;oreste;unknown;Oreste;MALE;4;10;110;350;0;0;0;0;0.0;0.42;0.11;0.24;0.23;0.0;0.0;0.0;0.0;0.33;0.23;0.2;1.0;1;1;0.0
62;ita000012;ita;pilade;unknown;Pilade;MALE;4;9;103;342;0;0;0;0;0.0;0.41;0.16;0.35;0.08;0.0;0.0;0.0;0.0;0.3;0.22;0.2;1.0;1;0;0.0
63;ita000013;ita;seneca;unknown;Seneca;MALE;5;13;59;304;0;0;0;0;0.2;0.02;0.19;0.33;0.25;0.0;0.0;0.0;0.0;0.48;0.2;0.19;1.0;0;1;0.0
64;ita000013;ita;nerone;unknown;Nerone;MALE;5;17;92;391;0;0;0;0;0.39;0.21;0.18;0.17;0.05;0.0;0.0;0.0;0.0;0.63;0.31;0.24;1.0;0;0;0.0
65;ita000013;ita;poppea;unknown;Poppea;FEMALE;5;9;45;261;0;0;0;0;0.23;0.18;0.12;0.45;0.02;0.0;0.0;0.0;0.0;0.33;0.15;0.16;1.0;1;3;0.0
66;ita000013;ita;tigellino;unknown;Tigellino;MALE;4;7;34;233;0;0;0;0;0.0;0.54;0.18;0.14;0.14;0.0;0.0;0.0;0.0;0.26;0.12;0.15;1.0;1;2;0.0
67;ita000013;ita;ottavia;unknown;Ottavia;FEMALE;3;12;64;403;0;0;0;0;0.0;0.24;0.36;0.0;0.41;0.0;0.0;0.0;0.0;0.44;0.22;0.25;1.0;0;2;0.0
68;ita000014;ita;giocasta;unknown;Giocasta;FEMALE;5;18;97;488;0;0;0;0;0.18;0.25;0.19;0.13;0.24;0.0;0.0;0.0;0.0;0.86;0.29;0.3;1.0;1;1;0.0
69;ita000014;ita;antigone;unknown;Antigone;FEMALE;4;10;44;214;0;0;0;0;0.24;0.0;0.33;0.03;0.4;0.0;0.0;0.0;0.0;0.48;0.13;0.13;1.0;0;0;0.0
70;ita000014;ita;eteocle;unknown;Eteocle;MALE;5;9;60;316;0;0;0;0;0.28;0.16;0.06;0.43;0.07;0.0;0.0;0.0;0.0;0.43;0.18;0.19;1.0;2;0;0.0
71;ita000014;ita;creonte;unknown;Creonte;MALE;4;7;45;252;0;0;0;0;0.4;0.31;0.28;0.02;0.0;0.0;0.0;0.0;0.0;0.33;0.14;0.15;1.0;2;2;0.0
72;ita000014;ita;polinice;unknown;Polinice;MALE;4;8;83;376;0;0;0;0;0.0;0.4;0.29;0.2;0.11;0.0;0.0;0.0;0.0;0.38;0.25;0.23;1.0;1;1;0.0
73;ita000015;ita;rosmunda;unknown;Rosmunda;FEMALE;5;16;74;434;0;0;0;0;0.34;0.08;0.22;0.06;0.29;0.0;0.0;0.0;0.0;0.67;0.24;0.26;1.0;1;2;0.0
74;ita000015;ita;romilda;unknown;Romilda;FEMALE;5;14;81;426;0;0;0;0;0.1;0.21;0.26;0.35;0.07;0.0;0.0;0.0;0.0;0.58;0.26;0.26;1.0;0;2;0.0
75;ita000015;ita;almachilde;unknown;Almachilde;MALE;5;11;83;494;0;0;0;0;0.18;0.23;0.27;0.25;0.08;0.0;0.0;0.0;0.0;0.46;0.27;0.3;1.0;0;1;0.0
76;ita000015;ita;ildovaldo;unknown;Ildovaldo;MALE;4;9;71;278;0;0;0;0;0.0;0.55;0.05;0.28;0.12;0.0;0.0;0.0;0.0;0.38;0.23;0.17;1.0;0;0;0.0
77;ita000016;ita;david;unknown;David;MALE;4;9;61;519;0;0;0;0;0.25;0.15;0.47;0.0;0.13;0.0;0.0;0.0;0.0;0.38;0.22;0.29;0.8;1;2;0.0
78;ita000016;ita;gionata;unknown;Gionata;MALE;4;13;51;263;0;0;0;0;0.52;0.11;0.1;0.27;0.0;0.0;0.0;0.0;0.0;0.54;0.18;0.15;1.0;0;3;0.07
79;ita000016;ita;micol;unknown;Micol;FEMALE;5;14;63;266;0;0;0;0;0.23;0.16;0.25;0.06;0.3;0.0;0.0;0.0;0.0;0.58;0.22;0.15;0.8;0;3;0.0
80;ita000016;ita;saul;unknown;Saul;MALE;4;14;79;496;0;0;0;0;0.0;0.34;0.16;0.31;0.19;0.0;0.0;0.0;0.0;0.58;0.28;0.28;1.0;0;1;0.07
81;ita000016;ita;abner;unknown;Abner;MALE;4;6;23;142;0;0;0;0;0.0;0.44;0.3;0.15;0.11;0.0;0.0;0.0;0.0;0.25;0.08;0.08;1.0;0;1;0.07
82;ita000016;ita;achimelech;unknown;Achimelech;MALE;1;1;5;77;0;0;0;0;0.0;0.0;0.0;1.0;0.0;0.0;0.0;0.0;0.0;0.04;0.02;0.04;0.6;0;2;0.0
83;ita000017;ita;siface;unknown;Siface;MALE;3;6;23;262;0;0;0;0;0.48;0.0;0.34;0.19;0.0;0.0;0.0;0.0;0.0;0.26;0.13;0.21;1.0;1;0;0.0
84;ita000017;ita;scipione;unknown;Scipione;MALE;4;11;40;276;0;0;0;0;0.22;0.41;0.07;0.0;0.3;0.0;0.0;0.0;0.0;0.48;0.23;0.22;1.0;0;1;0.0
85;ita000017;ita;massinissa;unknown;Massinissa;MALE;3;10;62;348;0;0;0;0;0.0;0.38;0.0;0.38;0.24;0.0;0.0;0.0;0.0;0.43;0.36;0.28;1.0;1;2;0.0
86;ita000017;ita;sofonisba;unknown;Sofonisba;FEMALE;4;10;48;337;0;0;0;0;0.0;0.16;0.37;0.11;0.36;0.0;0.0;0.0;0.0;0.43;0.28;0.27;1.0;0;1;0.0
87;ita000018;ita;timofane;unknown;Timofane;MALE;5;12;68;418;0;0;0;0;0.23;0.18;0.27;0.14;0.19;0.0;0.0;0.0;0.0;0.6;0.25;0.28;1.0;0;2;0.0
88;ita000018;ita;echilo;unknown;Echilo;MALE;5;14;60;300;0;0;0;0;0.15;0.04;0.41;0.13;0.27;0.0;0.0;0.0;0.0;0.7;0.22;0.2;1.0;0;0;0.0
89;ita000018;ita;demarista;unknown;Demarista;FEMALE;5;11;63;234;0;0;0;0;0.29;0.1;0.2;0.31;0.1;0.0;0.0;0.0;0.0;0.55;0.23;0.16;1.0;0;2;0.0
90;ita000018;ita;timoleone;unknown;Timoleone;MALE;4;9;80;528;0;0;0;0;0.0;0.39;0.16;0.25;0.2;0.0;0.0;0.0;0.0;0.45;0.3;0.35;1.0;1;1;0.0
91;ita000019;ita;popolo;unknown;Popolo;UNKNOWN;3;4;18;24;0;0;0;0;0.12;0.67;0.0;0.0;0.21;0.0;0.0;0.0;0.0;0.19;0.06;0.01;1.0;0;1;0.01
92;ita000019;ita;numitoria;unknown;Numitoria;FEMALE;5;9;46;198;0;0;0;0;0.35;0.22;0.12;0.08;0.23;0.0;0.0;0.0;0.0;0.43;0.15;0.12;1.0;1;1;0.01
93;ita000019;ita;virginia;unknown;Virginia;FEMALE;5;8;45;184;0;0;0;0;0.43;0.07;0.19;0.2;0.11;0.0;0.0;0.0;0.0;0.38;0.15;0.11;1.0;0;1;0.01
94;ita000019;ita;marco;unknown;Marco;MALE;3;5;21;125;0;0;0;0;0.54;0.3;0.0;0.16;0.0;0.0;0.0;0.0;0.0;0.24;0.07;0.08;0.83;2;1;0.0
95;ita000019;ita;icilio;unknown;Icilio;MALE;4;8;50;406;0;0;0;0;0.32;0.27;0.35;0.0;0.07;0.0;0.0;0.0;0.0;0.38;0.17;0.25;1.0;2;2;0.01
96;ita000019;ita;appio;unknown;Appio Claudio;MALE;3;11;65;411;0;0;0;0;0.0;0.36;0.0;0.43;0.21;0.0;0.0;0.0;0.0;0.52;0.22;0.25;1.0;2;2;0.01
97;ita000019;ita;virginio;unknown;Virginio;MALE;3;9;57;291;0;0;0;0;0.0;0.0;0.42;0.2;0.38;0.0;0.0;0.0;0.0;0.43;0.19;0.18;0.83;0;0;0.0
98;ita000020;ita;corte;unknown;Corte;UNKNOWN;2;2;20;20;0;0;0;0;0.0;0.0;0.0;0.25;0.75;0.0;0.0;0.0;0.0;0.04;0.01;0.01;0.65;2;5;0.01
99;ita000020;ita;rampino;unknown;Rampino;MALE;5;14;110;115;0;0;0;0;0.55;0.06;0.18;0.1;0.1;0.0;0.0;0.0;0.0;0.3;0.07;0.07;0.91;0;14;0.08
100;ita000020;ita;nottola;unknown;Nottola;MALE;5;17;380;382;0;0;0;0;0.21;0.04;0.21;0.23;0.3;0.0;0.0;0.0;0.0;0.37;0.23;0.22;0.96;0;15;0.1
101;ita000020;ita;scrocco;unknown;Scrocco;MALE;1;1;9;9;0;0;0;0;1.0;0.0;0.0;0.0;0.0;0.0;0.0;0.0;0.0;0.02;0.01;0.01;0.09;0;0;0.0
102;ita000020;ita;succiola;unknown;Succiola;FEMALE;5;14;157;189;0;0;0;0;0.45;0.08;0.15;0.06;0.26;0.0;0.0;0.0;0.0;0.3;0.1;0.11;0.7;0;9;0.01
103;ita000020;ita;fulgenzio;unknown;Fulgenzio;MALE;4;17;104;109;0;0;0;0;0.28;0.16;0.0;0.29;0.27;0.0;0.0;0.0;0.0;0.37;0.06;0.06;0.78;1;2;0.03
104;ita000020;ita;prudenza;unknown;Prudenza;FEMALE;5;21;141;148;0;0;0;0;0.32;0.07;0.22;0.23;0.17;0.0;0.0;0.0;0.0;0.46;0.09;0.08;0.78;1;7;0.03
105;ita000020;ita;orazio;unknown;Orazio;MALE;4;9;78;79;0;0;0;0;0.29;0.16;0.0;0.33;0.22;0.0;0.0;0.0;0.0;0.2;0.05;0.04;0.78;1;4;0.02
106;ita000020;ita;alberto;unknown;Alberto;MALE;4;20;213;213;0;0;0;0;0.33;0.0;0.28;0.06;0.34;0.0;0.0;0.0;0.0;0.43;0.13;0.12;0.83;0;9;0.04
107;ita000020;ita;grillo;unknown;Grillo;MALE;5;12;54;54;0;0;0;0;0.22;0.02;0.2;0.26;0.3;0.0;0.0;0.0;0.0;0.26;0.03;0.03;0.87;1;8;0.04
108;ita000020;ita;altro_paggio;unknown;Altro Paggio;MALE;1;1;1;1;0;0;0;0;1.0;0.0;0.0;0.0;0.0;0.0;0.0;0.0;0.0;0.02;0.0;0.0;0.22;0;0;0.0
109;ita000020;ita;cicala;unknown;Cicala;MALE;4;8;19;19;0;0;0;0;0.05;0.0;0.11;0.05;0.79;0.0;0.0;0.0;0.0;0.17;0.01;0.01;0.7;0;5;0.0
110;ita000020;ita;schiavetto;unknown;Schiavetto;MALE;4;11;56;69;0;0;0;0;0.0;0.28;0.01;0.57;0.14;0.0;0.0;0.0;0.0;0.24;0.03;0.04;0.74;1;5;0.01
111;ita000020;ita;rondone;unknown;Rondone;MALE;4;11;92;94;0;0;0;0;0.0;0.24;0.26;0.46;0.04;0.0;0.0;0.0;0.0;0.24;0.06;0.05;0.7;1;8;0.01
112;ita000020;ita;scemoel;unknown;Scemoel;MALE;1;6;15;15;0;0;0;0;0.0;1.0;0.0;0.0;0.0;0.0;0.0;0.0;0.0;0.13;0.01;0.01;0.43;0;4;0.01
113;ita000020;ita;facchino;unknown;Facchino;MALE;2;2;3;3;0;0;0;0;0.0;0.33;0.67;0.0;0.0;0.0;0.0;0.0;0.0;0.04;0.0;0.0;0.22;0;1;0.0
114;ita000020;ita;sensale;unknown;Sensale;MALE;1;5;23;27;0;0;0;0;0.0;1.0;0.0;0.0;0.0;0.0;0.0;0.0;0.0;0.11;0.01;0.02;0.39;0;2;0.0
115;ita000020;ita;leon;unknown;Leon;MALE;1;3;17;17;0;0;0;0;0.0;1.0;0.0;0.0;0.0;0.0;0.0;0.0;0.0;0.07;0.01;0.01;0.35;0;5;0.0
116;ita000020;ita;caino;unknown;Caino;MALE;3;5;20;20;0;0;0;0;0.0;0.6;0.25;0.0;0.15;0.0;0.0;0.0;0.0;0.11;0.01;0.01;0.87;1;13;0.04
117;ita000020;ita;paggio;unknown;Paggio;MALE;2;2;7;7;0;0;0;0;0.0;0.29;0.0;0.0;0.71;0.0;0.0;0.0;0.0;0.04;0.0;0.0;0.57;1;7;0.01
118;ita000020;ita;bargello;unknown;Bargello;MALE;1;1;7;7;0;0;0;0;0.0;0.0;0.0;1.0;0.0;0.0;0.0;0.0;0.0;0.02;0.0;0.0;0.26;1;4;0.0
119;ita000020;ita;facceto;unknown;Facceto;MALE;1;3;55;55;0;0;0;0;0.0;0.0;0.0;0.0;1.0;0.0;0.0;0.0;0.0;0.07;0.03;0.03;0.65;2;5;0.0
120;ita000020;ita;solfanello;unknown;Solfanello;MALE;1;3;16;16;0;0;0;0;0.0;0.0;0.0;0.0;1.0;0.0;0.0;0.0;0.0;0.07;0.01;0.01;0.65;2;2;0.0
121;ita000020;ita;belisario;unknown;Belisario;MALE;1;2;30;31;0;0;0;0;0.0;0.0;0.0;0.0;1.0;0.0;0.0;0.0;0.0;0.04;0.02;0.02;0.61;2;10;0.0
122;ita000035;ita;erof;unknown;Erofilo;MALE;4;9;103;103;0;0;0;0;0.1;0.37;0.16;0.0;0.38;0.0;0.0;0.0;0.0;0.3;0.14;0.13;0.47;2;6;0.26
123;ita000035;ita;nebb;unknown;Nebbia;MALE;2;4;24;24;0;0;0;0;0.62;0.0;0.38;0.0;0.0;0.0;0.0;0.0;0.0;0.13;0.03;0.03;0.32;0;0;0.06
124;ita000035;ita;giand;unknown;Gianda;MALE;2;3;45;45;0;0;0;0;0.33;0.0;0.67;0.0;0.0;0.0;0.0;0.0;0.0;0.1;0.06;0.06;0.26;0;1;0.0
125;ita000035;ita;eulal;unknown;Eulalia;FEMALE;1;2;11;11;0;0;0;0;1.0;0.0;0.0;0.0;0.0;0.0;0.0;0.0;0.0;0.07;0.01;0.01;0.16;1;0;0.0
126;ita000035;ita;coris;unknown;Corisca;FEMALE;1;2;6;6;0;0;0;0;1.0;0.0;0.0;0.0;0.0;0.0;0.0;0.0;0.0;0.07;0.01;0.01;0.16;0;0;0.0
127;ita000035;ita;carid;unknown;Caridoro;MALE;2;3;17;17;0;0;0;0;0.29;0.71;0.0;0.0;0.0;0.0;0.0;0.0;0.0;0.1;0.02;0.02;0.26;2;2;0.04
128;ita000035;ita;lucr;unknown;Lucrano, ;MALE;3;6;52;52;0;0;0;0;0.06;0.0;0.42;0.52;0.0;0.0;0.0;0.0;0.0;0.2;0.07;0.07;0.26;0;5;0.04
129;ita000035;ita;furba;unknown;Furba;MALE;3;3;3;3;0;0;0;0;0.33;0.0;0.33;0.0;0.33;0.0;0.0;0.0;0.0;0.1;0.0;0.0;0.16;0;0;0.0
130;ita000035;ita;volp;unknown;Volpino;MALE;4;11;157;157;0;0;0;0;0.0;0.28;0.12;0.59;0.01;0.0;0.0;0.0;0.0;0.37;0.21;0.2;0.47;0;5;0.2
131;ita000035;ita;fulc;unknown;Fulcio;MALE;3;9;101;101;0;0;0;0;0.0;0.06;0.0;0.34;0.6;0.0;0.0;0.0;0.0;0.3;0.13;0.13;0.47;0;4;0.17
132;ita000035;ita;trap;unknown;Trappola;MALE;3;7;67;67;0;0;0;0;0.0;0.09;0.84;0.07;0.0;0.0;0.0;0.0;0.0;0.23;0.09;0.08;0.53;0;7;0.32
133;ita000035;ita;brusc;unknown;Brusco;MALE;2;2;5;5;0;0;0;0;0.0;0.6;0.4;0.0;0.0;0.0;0.0;0.0;0.0;0.07;0.01;0.01;0.11;0;0;0.0
134;ita000035;ita;corb;unknown;Corbacchio;MALE;1;2;10;10;0;0;0;0;0.0;0.0;1.0;0.0;0.0;0.0;0.0;0.0;0.0;0.07;0.01;0.01;0.26;0;4;0.0
135;ita000035;ita;negro;unknown;Negro;MALE;1;2;3;3;0;0;0;0;0.0;0.0;1.0;0.0;0.0;0.0;0.0;0.0;0.0;0.07;0.0;0.0;0.26;0;3;0.0
136;ita000035;ita;mor;unknown;Morione;MALE;1;2;5;5;0;0;0;0;0.0;0.0;1.0;0.0;0.0;0.0;0.0;0.0;0.0;0.07;0.01;0.01;0.26;0;2;0.0
137;ita000035;ita;crisob;unknown;Crisobolo;MALE;2;6;134;134;0;0;0;0;0.0;0.0;0.0;0.71;0.29;0.0;0.0;0.0;0.0;0.2;0.18;0.17;0.37;0;4;0.08
138;ita000035;ita;gallo;unknown;Gallo;MALE;1;1;1;1;0;0;0;0;0.0;0.0;0.0;1.0;0.0;0.0;0.0;0.0;0.0;0.03;0.0;0.0;0.11;0;0;0.0
139;ita000035;ita;crit;unknown;Critone;MALE;1;3;8;8;0;0;0;0;0.0;0.0;0.0;1.0;0.0;0.0;0.0;0.0;0.0;0.1;0.01;0.01;0.26;0;3;0.01
140;ita000035;ita;arist;unknown;Aristippo;MALE;1;1;1;1;0;0;0;0;0.0;0.0;0.0;1.0;0.0;0.0;0.0;0.0;0.0;0.03;0.0;0.0;0.16;0;0;0.0
141;ita000035;ita;marso;unknown;Marso;MALE;1;1;2;2;0;0;0;0;0.0;0.0;0.0;0.0;1.0;0.0;0.0;0.0;0.0;0.03;0.0;0.0;0.05;0;0;0.0
142;ita000036;ita;bonifazio;unknown;Bonifazio;MALE;3;8;94;352;0;0;0;0;0.12;0.55;0.0;0.33;0.0;0.0;0.0;0.0;0.0;0.44;0.22;0.18;0.45;0;2;0.36
143;ita000036;ita;claudio;unknown;Claudio;MALE;2;3;36;233;0;0;0;0;0.55;0.45;0.0;0.0;0.0;0.0;0.0;0.0;0.0;0.17;0.08;0.12;0.18;0;0;0.0
144;ita000036;ita;eurialo;unknown;Eurialo;MALE;3;8;113;321;0;0;0;0;0.37;0.0;0.45;0.17;0.0;0.0;0.0;0.0;0.0;0.44;0.26;0.17;0.36;0;2;0.19
145;ita000036;ita;accursio;unknown;Accursio;MALE;4;7;80;360;0;0;0;0;0.41;0.02;0.45;0.12;0.0;0.0;0.0;0.0;0.0;0.39;0.19;0.19;0.45;0;1;0.26
146;ita000036;ita;pistone;unknown;Pistone;MALE;2;3;31;101;0;0;0;0;0.0;0.5;0.5;0.0;0.0;0.0;0.0;0.0;0.0;0.17;0.07;0.05;0.27;0;1;0.11
147;ita000036;ita;veronese;unknown;Veronese;FEMALE;1;1;5;18;0;0;0;0;0.0;1.0;0.0;0.0;0.0;0.0;0.0;0.0;0.0;0.06;0.01;0.01;0.18;1;1;0.0
148;ita000036;ita;ippolita;unknown;Ippolita;FEMALE;1;1;5;12;0;0;0;0;0.0;1.0;0.0;0.0;0.0;0.0;0.0;0.0;0.0;0.06;0.01;0.01;0.18;0;1;0.0
149;ita000036;ita;stanna;unknown;Stanna;FEMALE;1;1;24;80;0;0;0;0;0.0;1.0;0.0;0.0;0.0;0.0;0.0;0.0;0.0;0.06;0.06;0.04;0.18;0;2;0.0
150;ita000036;ita;riccio;unknown;Riccio;MALE;1;1;19;84;0;0;0;0;0.0;0.0;1.0;0.0;0.0;0.0;0.0;0.0;0.0;0.06;0.04;0.04;0.18;0;2;0.0
151;ita000036;ita;frate;unknown;Frate Predicatore;MALE;2;2;9;41;0;0;0;0;0.0;0.0;0.76;0.24;0.0;0.0;0.0;0.0;0.0;0.11;0.02;0.02;0.09;0;1;0.0
152;ita000036;ita;bartolo;unknown;Bartolo;MALE;2;2;9;88;0;0;0;0;0.0;0.0;0.93;0.07;0.0;0.0;0.0;0.0;0.0;0.11;0.02;0.05;0.09;0;0;0.0
153;ita000036;ita;messer_lazzaro;unknown;Messer Lazzaro;MALE;1;1;4;10;0;0;0;0;0.0;0.0;0.0;1.0;0.0;0.0;0.0;0.0;0.0;0.06;0.01;0.01;0.09;0;1;0.0
154;ita000037;ita;balia;unknown;Balia;FEMALE;1;1;18;65;0;0;0;0;1.0;0.0;0.0;0.0;0.0;0.0;0.0;0.0;0.0;0.03;0.03;0.03;0.06;1;0;0.0
155;ita000037;ita;polinesta;unknown;Polinesta;FEMALE;1;1;16;75;0;0;0;0;1.0;0.0;0.0;0.0;0.0;0.0;0.0;0.0;0.0;0.03;0.02;0.03;0.06;0;0;0.0
156;ita000037;ita;cleandro;unknown;Cleandro;MALE;3;6;119;311;0;0;0;0;0.28;0.26;0.0;0.0;0.46;0.0;0.0;0.0;0.0;0.18;0.17;0.12;0.5;0;6;0.08
157;ita000037;ita;pasifilo;unknown;Pasifilo;MALE;3;11;96;352;0;0;0;0;0.39;0.0;0.16;0.0;0.45;0.0;0.0;0.0;0.0;0.32;0.14;0.14;0.5;0;3;0.06
158;ita000037;ita;dulippo;unknown;Dulippo;MALE;3;9;100;324;0;0;0;0;0.25;0.56;0.19;0.0;0.0;0.0;0.0;0.0;0.0;0.26;0.14;0.13;0.44;0;2;0.07
159;ita000037;ita;caprino;unknown;Caprino;MALE;3;3;20;47;0;0;0;0;0.28;0.0;0.34;0.38;0.0;0.0;0.0;0.0;0.0;0.09;0.03;0.02;0.25;1;2;0.01
160;ita000037;ita;erostrato;unknown;Erostrato;MALE;4;12;80;413;0;0;0;0;0.0;0.53;0.07;0.16;0.24;0.0;0.0;0.0;0.0;0.35;0.11;0.16;0.75;0;3;0.22
161;ita000037;ita;senese;unknown;Senese;MALE;3;3;24;63;0;0;0;0;0.0;0.4;0.0;0.37;0.24;0.0;0.0;0.0;0.0;0.09;0.03;0.02;0.31;0;5;0.02
162;ita000037;ita;servo;unknown;Servo del Senese;MALE;1;1;6;21;0;0;0;0;0.0;1.0;0.0;0.0;0.0;0.0;0.0;0.0;0.0;0.03;0.01;0.01;0.12;0;1;0.0
163;ita000037;ita;carione;unknown;Carione;MALE;1;1;13;49;0;0;0;0;0.0;1.0;0.0;0.0;0.0;0.0;0.0;0.0;0.0;0.03;0.02;0.02;0.12;0;2;0.0
164;ita000037;ita;dalio;unknown;Dalio;MALE;2;4;21;61;0;0;0;0;0.0;0.0;0.34;0.66;0.0;0.0;0.0;0.0;0.0;0.12;0.03;0.02;0.38;0;5;0.02
165;ita000037;ita;damonio;unknown;Damonio;MALE;2;6;26;169;0;0;0;0;0.0;0.0;0.53;0.0;0.47;0.0;0.0;0.0;0.0;0.18;0.04;0.07;0.44;1;4;0.04
166;ita000037;ita;nevola;unknown;Nevola;MALE;2;3;12;32;0;0;0;0;0.0;0.0;0.94;0.0;0.06;0.0;0.0;0.0;0.0;0.09;0.02;0.01;0.19;0;1;0.0
167;ita000037;ita;psiteria;unknown;Psiteria;FEMALE;3;3;20;68;0;0;0;0;0.0;0.0;0.54;0.21;0.25;0.0;0.0;0.0;0.0;0.09;0.03;0.03;0.25;0;2;0.01
168;ita000037;ita;filogono;unknown;Filogono;MALE;2;9;79;287;0;0;0;0;0.0;0.0;0.0;0.77;0.23;0.0;0.0;0.0;0.0;0.26;0.11;0.11;0.5;0;4;0.04
169;ita000037;ita;ferrarese;unknown;ferrarese;MALE;1;5;31;109;0;0;0;0;0.0;0.0;0.0;1.0;0.0;0.0;0.0;0.0;0.0;0.15;0.04;0.04;0.25;0;1;0.0
170;ita000037;ita;lizio;unknown;Lizio;MALE;2;6;29;86;0;0;0;0;0.0;0.0;0.0;0.7;0.3;0.0;0.0;0.0;0.0;0.18;0.04;0.03;0.38;0;0;0.02
171;ita000038;ita;nutr;unknown;Nutrice;FEMALE;1;1;17;17;0;0;0;0;1.0;0.0;0.0;0.0;0.0;0.0;0.0;0.0;0.0;0.04;0.02;0.02;0.06;1;0;0.0
172;ita000038;ita;polin;unknown;Polinesta;FEMALE;1;1;16;16;0;0;0;0;1.0;0.0;0.0;0.0;0.0;0.0;0.0;0.0;0.0;0.04;0.02;0.02;0.06;0;0;0.0
173;ita000038;ita;clean;unknown;Cleandro;MALE;3;5;112;112;0;0;0;0;0.27;0.38;0.0;0.0;0.36;0.0;0.0;0.0;0.0;0.19;0.16;0.15;0.5;0;6;0.05
174;ita000038;ita;pasif;unknown;Pasifilo;MALE;3;9;99;99;0;0;0;0;0.38;0.0;0.12;0.0;0.49;0.0;0.0;0.0;0.0;0.33;0.14;0.14;0.5;1;4;0.04
175;ita000038;ita;dulip;unknown;Dulippo;MALE;3;7;103;103;0;0;0;0;0.15;0.74;0.12;0.0;0.0;0.0;0.0;0.0;0.0;0.26;0.14;0.14;0.62;0;4;0.14
176;ita000038;ita;capr;unknown;Caprino;MALE;3;3;20;20;0;0;0;0;0.3;0.0;0.3;0.4;0.0;0.0;0.0;0.0;0.0;0.11;0.03;0.03;0.25;1;1;0.01
177;ita000038;ita;erost;unknown;Erostrato;MALE;4;11;88;88;0;0;0;0;0.0;0.49;0.11;0.16;0.24;0.0;0.0;0.0;0.0;0.41;0.12;0.12;0.75;0;3;0.15
178;ita000038;ita;san;unknown;Sanese;MALE;3;3;25;25;0;0;0;0;0.0;0.4;0.0;0.52;0.08;0.0;0.0;0.0;0.0;0.11;0.03;0.03;0.38;0;6;0.01
179;ita000038;ita;servo;unknown;Servo;MALE;1;1;6;6;0;0;0;0;0.0;1.0;0.0;0.0;0.0;0.0;0.0;0.0;0.0;0.04;0.01;0.01;0.19;0;2;0.0
180;ita000038;ita;car;unknown;Carione;MALE;1;1;13;13;0;0;0;0;0.0;1.0;0.0;0.0;0.0;0.0;0.0;0.0;0.0;0.04;0.02;0.02;0.12;0;2;0.0
181;ita000038;ita;dalio;unknown;Dalio;MALE;2;4;21;21;0;0;0;0;0.0;0.0;0.29;0.71;0.0;0.0;0.0;0.0;0.0;0.15;0.03;0.03;0.44;0;6;0.03
182;ita000038;ita;dam;unknown;Damone;MALE;2;5;25;25;0;0;0;0;0.0;0.0;0.28;0.0;0.72;0.0;0.0;0.0;0.0;0.19;0.03;0.03;0.44;1;2;0.02
183;ita000038;ita;nebb;unknown;Nebbia;MALE;2;3;12;12;0;0;0;0;0.0;0.0;0.83;0.0;0.17;0.0;0.0;0.0;0.0;0.11;0.02;0.02;0.25;1;1;0.0
184;ita000038;ita;psit;unknown;Psiteria;FEMALE;3;3;20;20;0;0;0;0;0.0;0.0;0.35;0.4;0.25;0.0;0.0;0.0;0.0;0.11;0.03;0.03;0.31;0;1;0.01
185;ita000038;ita;filog;unknown;Filogono;MALE;2;8;73;73;0;0;0;0;0.0;0.0;0.0;0.67;0.33;0.0;0.0;0.0;0.0;0.3;0.1;0.1;0.5;0;3;0.03
186;ita000038;ita;ferrarese;unknown;Un Ferrarese;MALE;1;4;21;21;0;0;0;0;0.0;0.0;0.0;1.0;0.0;0.0;0.0;0.0;0.0;0.15;0.03;0.03;0.25;0;0;0.0
187;ita000038;ita;lico;unknown;Lico;MALE;2;5;29;29;0;0;0;0;0.0;0.0;0.0;0.55;0.45;0.0;0.0;0.0;0.0;0.19;0.04;0.04;0.38;0;2;0.01
188;ita000039;ita;margarita;unknown;Margarita;FEMALE;1;1;16;48;0;0;0;0;1.0;0.0;0.0;0.0;0.0;0.0;0.0;0.0;0.0;0.04;0.02;0.02;0.08;1;0;0.0
189;ita000039;ita;balia;unknown;Balia;FEMALE;1;1;16;56;0;0;0;0;1.0;0.0;0.0;0.0;0.0;0.0;0.0;0.0;0.0;0.04;0.02;0.02;0.08;0;0;0.0
190;ita000039;ita;lippo;unknown;Lippo;MALE;1;1;25;66;0;0;0;0;1.0;0.0;0.0;0.0;0.0;0.0;0.0;0.0;0.0;0.04;0.04;0.03;0.08;0;1;0.0
191;ita000039;ita;fazio;unknown;Fazio;MALE;3;9;101;370;0;0;0;0;0.5;0.0;0.06;0.44;0.0;0.0;0.0;0.0;0.0;0.36;0.14;0.14;0.54;0;3;0.12
192;ita000039;ita;cintio;unknown;Cintio;MALE;3;5;65;181;0;0;0;0;0.51;0.0;0.19;0.3;0.0;0.0;0.0;0.0;0.0;0.2;0.09;0.07;0.46;0;4;0.02
193;ita000039;ita;temolo;unknown;Temolo;MALE;3;8;90;280;0;0;0;0;0.24;0.0;0.0;0.42;0.34;0.0;0.0;0.0;0.0;0.32;0.13;0.11;0.62;0;4;0.04
194;ita000039;ita;massimo;unknown;Massimo;MALE;3;4;53;259;0;0;0;0;0.19;0.0;0.19;0.0;0.63;0.0;0.0;0.0;0.0;0.16;0.08;0.1;0.46;0;6;0.01
195;ita000039;ita;nibbio;unknown;Nibbio;MALE;4;12;76;257;0;0;0;0;0.0;0.32;0.23;0.16;0.28;0.0;0.0;0.0;0.0;0.48;0.11;0.1;0.62;0;2;0.04
196;ita000039;ita;astrologo;unknown;Astrologo;MALE;3;8;128;632;0;0;0;0;0.0;0.31;0.56;0.0;0.13;0.0;0.0;0.0;0.0;0.32;0.18;0.25;0.38;0;3;0.0
197;ita000039;ita;camillo;unknown;Camillo;MALE;4;6;80;215;0;0;0;0;0.0;0.35;0.2;0.18;0.27;0.0;0.0;0.0;0.0;0.24;0.11;0.08;0.46;0;2;0.01
198;ita000039;ita;madonna;unknown;Madonna;FEMALE;1;1;6;12;0;0;0;0;0.0;1.0;0.0;0.0;0.0;0.0;0.0;0.0;0.0;0.04;0.01;0.0;0.08;1;0;0.0
199;ita000039;ita;fantesca;unknown;Fantesca;FEMALE;1;1;5;30;0;0;0;0;0.0;1.0;0.0;0.0;0.0;0.0;0.0;0.0;0.0;0.04;0.01;0.01;0.08;0;0;0.0
200;ita000039;ita;facchino;unknown;Facchino;MALE;1;2;6;9;0;0;0;0;0.0;0.0;0.0;1.0;0.0;0.0;0.0;0.0;0.0;0.08;0.01;0.0;0.31;0;0;0.0
201;ita000039;ita;abondio;unknown;Abondio;MALE;2;4;32;87;0;0;0;0;0.0;0.0;0.0;0.2;0.8;0.0;0.0;0.0;0.0;0.16;0.05;0.03;0.38;0;3;0.01
202;ita000041;ita;sbirri;unknown;Sbirri;MALE;1;1;4;7;0;0;0;0;0.0;0.0;0.0;1.0;0.0;0.0;0.0;0.0;0.0;0.03;0.01;0.0;0.24;0;4;0.0
203;ita000041;ita;staffieri;unknown;Staffieri;MALE;1;2;7;13;0;0;0;0;0.0;0.0;0.0;0.0;1.0;0.0;0.0;0.0;0.0;0.06;0.01;0.01;0.12;0;0;0.0
204;ita000041;ita;corbolo;unknown;Corbolo;MALE;5;17;191;691;0;0;0;0;0.13;0.15;0.33;0.08;0.31;0.0;0.0;0.0;0.0;0.47;0.3;0.33;0.65;0;4;0.31
205;ita000041;ita;flavio;unknown;Flavio;MALE;1;2;31;154;0;0;0;0;1.0;0.0;0.0;0.0;0.0;0.0;0.0;0.0;0.0;0.06;0.05;0.07;0.12;1;0;0.0
206;ita000041;ita;lena;unknown;Lena;FEMALE;4;9;84;304;0;0;0;0;0.18;0.41;0.0;0.22;0.19;0.0;0.0;0.0;0.0;0.25;0.13;0.14;0.41;0;2;0.04
207;ita000041;ita;fazio;unknown;Fazio;MALE;4;7;52;167;0;0;0;0;0.0;0.45;0.1;0.18;0.27;0.0;0.0;0.0;0.0;0.19;0.08;0.08;0.59;1;4;0.2
208;ita000041;ita;ilario;unknown;Ilario;MALE;2;7;109;276;0;0;0;0;0.0;0.0;0.55;0.0;0.45;0.0;0.0;0.0;0.0;0.19;0.17;0.13;0.41;1;5;0.06
209;ita000041;ita;egano;unknown;Egano;MALE;1;1;4;6;0;0;0;0;0.0;0.0;1.0;0.0;0.0;0.0;0.0;0.0;0.0;0.03;0.01;0.0;0.12;0;1;0.0
210;ita000041;ita;pacifico;unknown;Pacifico;MALE;3;12;51;123;0;0;0;0;0.0;0.0;0.42;0.24;0.34;0.0;0.0;0.0;0.0;0.33;0.08;0.06;0.53;0;2;0.12
211;ita000041;ita;cremonino;unknown;Cremonino;MALE;2;2;17;40;0;0;0;0;0.0;0.0;0.6;0.4;0.0;0.0;0.0;0.0;0.0;0.06;0.03;0.02;0.12;0;0;0.0
212;ita000041;ita;torbido;unknown;Torbido;MALE;2;2;14;34;0;0;0;0;0.0;0.0;0.32;0.68;0.0;0.0;0.0;0.0;0.0;0.06;0.02;0.02;0.24;0;3;0.0
213;ita000041;ita;gemignano;unknown;Gemignano;MALE;2;2;4;4;0;0;0;0;0.0;0.0;0.5;0.5;0.0;0.0;0.0;0.0;0.0;0.06;0.01;0.0;0.24;0;2;0.0
214;ita000041;ita;giuliano;unknown;Giuliano;MALE;2;5;22;54;0;0;0;0;0.0;0.0;0.28;0.72;0.0;0.0;0.0;0.0;0.0;0.14;0.03;0.03;0.53;0;3;0.2
215;ita000041;ita;bartolo;unknown;Bartolo;MALE;1;5;21;71;0;0;0;0;0.0;0.0;0.0;1.0;0.0;0.0;0.0;0.0;0.0;0.14;0.03;0.03;0.35;0;3;0.08
216;ita000041;ita;magagnino;unknown;Magagnino;MALE;1;2;4;9;0;0;0;0;0.0;0.0;0.0;1.0;0.0;0.0;0.0;0.0;0.0;0.06;0.01;0.0;0.18;0;2;0.0
217;ita000041;ita;spagnolo;unknown;Spagnolo;MALE;1;1;1;1;0;0;0;0;0.0;0.0;0.0;1.0;0.0;0.0;0.0;0.0;0.0;0.03;0.0;0.0;0.18;0;1;0.0
218;ita000041;ita;menica;unknown;Menica;FEMALE;2;3;14;74;0;0;0;0;0.0;0.0;0.0;0.14;0.86;0.0;0.0;0.0;0.0;0.08;0.02;0.03;0.18;1;2;0.0
219;ita000041;ita;menghino;unknown;Menghino;MALE;1;1;8;14;0;0;0;0;0.0;0.0;0.0;0.0;1.0;0.0;0.0;0.0;0.0;0.03;0.01;0.01;0.24;1;3;0.0
220;ita000042;ita;corte;unknown;Corte;MALE;1;2;16;16;0;0;0;0;0.0;0.0;0.0;0.0;1.0;0.0;0.0;0.0;0.0;0.03;0.01;0.01;0.42;0;0;0.0
221;ita000042;ita;cinzio;unknown;Cinzio;MALE;5;18;117;119;0;0;0;0;0.12;0.38;0.24;0.17;0.09;0.0;0.0;0.0;0.0;0.25;0.08;0.08;0.75;1;3;0.02
222;ita000042;ita;fulvio;unknown;Fulvio;MALE;5;27;212;219;0;0;0;0;0.16;0.24;0.26;0.14;0.21;0.0;0.0;0.0;0.0;0.38;0.14;0.14;0.83;2;4;0.04
223;ita000042;ita;scappino;unknown;Scappino;MALE;5;46;361;364;0;0;0;0;0.15;0.27;0.23;0.2;0.14;0.0;0.0;0.0;0.0;0.64;0.25;0.24;1.0;0;2;0.17
224;ita000042;ita;celia;unknown;Celia;FEMALE;5;16;51;52;0;0;0;0;0.15;0.08;0.1;0.4;0.27;0.0;0.0;0.0;0.0;0.22;0.03;0.03;0.83;0;3;0.04
225;ita000042;ita;mezzettino;unknown;Mezzettino;MALE;5;23;185;188;0;0;0;0;0.08;0.34;0.37;0.16;0.04;0.0;0.0;0.0;0.0;0.32;0.13;0.12;0.83;2;4;0.08
226;ita000042;ita;beltrame;unknown;Beltrame;MALE;5;15;172;172;0;0;0;0;0.16;0.25;0.41;0.03;0.15;0.0;0.0;0.0;0.0;0.21;0.12;0.11;0.67;1;4;0.01
227;ita000042;ita;lavinia;unknown;Lavinia;FEMALE;5;10;72;73;0;0;0;0;0.22;0.16;0.29;0.08;0.25;0.0;0.0;0.0;0.0;0.14;0.05;0.05;0.42;0;3;0.0
228;ita000042;ita;pantalone;unknown;Pantalone;MALE;4;11;86;87;0;0;0;0;0.0;0.23;0.21;0.31;0.25;0.0;0.0;0.0;0.0;0.15;0.06;0.06;0.75;2;5;0.02
229;ita000042;ita;birro;unknown;Birro;MALE;1;1;8;8;0;0;0;0;0.0;1.0;0.0;0.0;0.0;0.0;0.0;0.0;0.0;0.01;0.01;0.01;0.17;0;2;0.0
230;ita000042;ita;spacca;unknown;Spacca;MALE;3;12;66;67;0;0;0;0;0.0;0.0;0.55;0.12;0.33;0.0;0.0;0.0;0.0;0.17;0.04;0.04;0.67;1;7;0.01
231;ita000042;ita;capitano;unknown;Capitano Bellorofonte Martellione;MALE;2;17;119;137;0;0;0;0;0.0;0.0;0.0;0.75;0.25;0.0;0.0;0.0;0.0;0.24;0.08;0.09;0.83;0;2;0.04
232;ita000042;ita;laudomia;unknown;Laudomia;FEMALE;1;1;5;5;0;0;0;0;0.0;0.0;0.0;0.0;1.0;0.0;0.0;0.0;0.0;0.01;0.0;0.0;0.33;1;2;0.0
233;ita000043;ita;choro;unknown;Choro;MALE;1;1;3;3;0;0;0;0;0.0;0.0;1.0;0.0;0.0;0.0;0.0;0.0;0.0;0.03;0.01;0.0;0.1;0;0;0.0
234;ita000043;ita;erasto;unknown;Erasto;MALE;4;7;54;377;0;0;0;0;0.29;0.31;0.0;0.2;0.21;0.0;0.0;0.0;0.0;0.24;0.12;0.15;0.7;2;4;0.0
235;ita000043;ita;orenio;unknown;Orenio;MALE;3;4;34;217;0;0;0;0;0.35;0.0;0.0;0.42;0.24;0.0;0.0;0.0;0.0;0.14;0.07;0.09;0.7;1;3;0.0
236;ita000043;ita;carpalio;unknown;Carpalio;MALE;3;10;43;261;0;0;0;0;0.41;0.0;0.0;0.33;0.26;0.0;0.0;0.0;0.0;0.34;0.09;0.1;0.7;1;0;0.0
237;ita000043;ita;turico;unknown;Turico;MALE;4;12;57;245;0;0;0;0;0.5;0.0;0.15;0.04;0.31;0.0;0.0;0.0;0.0;0.41;0.12;0.1;0.8;1;1;0.02
238;ita000043;ita;ophelio;unknown;Ophelio;MALE;3;5;31;178;0;0;0;0;0.11;0.48;0.0;0.0;0.4;0.0;0.0;0.0;0.0;0.17;0.07;0.07;0.8;2;3;0.02
239;ita000043;ita;satiro;unknown;Satiro;MALE;4;8;85;322;0;0;0;0;0.19;0.32;0.0;0.18;0.31;0.0;0.0;0.0;0.0;0.28;0.18;0.13;0.4;0;1;0.0
240;ita000043;ita;callinome;unknown;Callinome;FEMALE;3;4;39;232;0;0;0;0;0.0;0.2;0.66;0.0;0.15;0.0;0.0;0.0;0.0;0.14;0.08;0.09;0.7;2;4;0.0
241;ita000043;ita;melidia;unknown;Melidia;FEMALE;2;5;39;187;0;0;0;0;0.0;0.78;0.0;0.0;0.22;0.0;0.0;0.0;0.0;0.17;0.08;0.07;0.8;1;3;0.02
242;ita000043;ita;stellinia;unknown;Stellinia;FEMALE;3;10;74;294;0;0;0;0;0.0;0.0;0.35;0.39;0.26;0.0;0.0;0.0;0.0;0.34;0.16;0.12;0.8;0;3;0.02
243;ita000043;ita;sacerdote;unknown;Sacerdote;MALE;1;1;3;27;0;0;0;0;0.0;0.0;1.0;0.0;0.0;0.0;0.0;0.0;0.0;0.03;0.01;0.01;0.1;0;1;0.0
244;ita000044;ita;coro;unknown;Coro;MALE;1;1;3;3;0;0;0;0;0.0;0.0;1.0;0.0;0.0;0.0;0.0;0.0;0.0;0.03;0.01;0.0;0.09;0;0;0.0
245;ita000044;ita;erasto;unknown;Erasto;MALE;4;7;55;392;0;0;0;0;0.28;0.3;0.0;0.2;0.23;0.0;0.0;0.0;0.0;0.21;0.11;0.13;0.64;2;4;0.0
246;ita000044;ita;orenio;unknown;Orenio;MALE;3;4;34;219;0;0;0;0;0.34;0.0;0.0;0.42;0.24;0.0;0.0;0.0;0.0;0.12;0.07;0.07;0.64;1;3;0.0
247;ita000044;ita;carpalio;unknown;Carpalio;MALE;4;11;46;278;0;0;0;0;0.39;0.0;0.06;0.32;0.23;0.0;0.0;0.0;0.0;0.33;0.1;0.09;0.64;1;0;0.0
248;ita000044;ita;turico;unknown;Turico;MALE;4;12;57;250;0;0;0;0;0.5;0.0;0.15;0.04;0.3;0.0;0.0;0.0;0.0;0.36;0.12;0.08;0.73;1;1;0.02
249;ita000044;ita;ofelio;unknown;Ofelio;MALE;4;6;35;229;0;0;0;0;0.09;0.39;0.21;0.0;0.32;0.0;0.0;0.0;0.0;0.18;0.07;0.08;0.73;2;3;0.02
250;ita000044;ita;satiro;unknown;Satiro;MALE;5;9;88;399;0;0;0;0;0.16;0.29;0.14;0.16;0.26;0.0;0.0;0.0;0.0;0.27;0.18;0.14;0.36;0;1;0.0
251;ita000044;ita;callinome;unknown;Callinome;FEMALE;3;4;42;254;0;0;0;0;0.0;0.18;0.68;0.0;0.14;0.0;0.0;0.0;0.0;0.12;0.09;0.09;0.64;2;4;0.0
252;ita000044;ita;melidia;unknown;Melidia;FEMALE;3;6;42;243;0;0;0;0;0.0;0.63;0.19;0.0;0.18;0.0;0.0;0.0;0.0;0.18;0.09;0.08;0.73;1;3;0.02
253;ita000044;ita;stellinia;unknown;Stellinia;FEMALE;3;10;77;309;0;0;0;0;0.0;0.0;0.36;0.38;0.26;0.0;0.0;0.0;0.0;0.3;0.16;0.1;0.73;0;3;0.02
254;ita000044;ita;sacerdote;unknown;Sacerdote;MALE;1;1;3;27;0;0;0;0;0.0;0.0;1.0;0.0;0.0;0.0;0.0;0.0;0.0;0.03;0.01;0.01;0.09;0;1;0.0
255;ita000044;ita;brusco;unknown;Brusco;MALE;1;1;1;101;0;0;0;0;0.0;0.0;0.0;1.0;0.0;0.0;0.0;0.0;0.0;0.03;0.0;0.03;0.0;0;0;0.0
256;ita000048;ita;coro;unknown;Coro;UNKNOWN;1;1;7;14;0;0;0;0;1.0;0.0;0.0;0.0;0.0;0.0;0.0;0.0;0.0;0.03;0.08;0.01;0.07;0;0;0.0
257;ita000048;ita;quatro_sirene;unknown;Quatro sirene;FEMALE;1;1;1;33;0;0;0;0;0.0;1.0;0.0;0.0;0.0;0.0;0.0;0.0;0.0;0.03;0.01;0.02;0.0;0;0;0.0
258;ita000048;ita;demetrio;unknown;Demetrio;MALE;4;8;16;274;0;0;0;0;0.26;0.0;0.22;0.32;0.2;0.0;0.0;0.0;0.0;0.26;0.18;0.17;0.33;1;1;0.08
259;ita000048;ita;panfila;unknown;Panfila;FEMALE;4;9;10;313;0;0;0;0;0.25;0.04;0.0;0.28;0.43;0.0;0.0;0.0;0.0;0.29;0.11;0.19;0.33;0;2;0.1
260;ita000048;ita;filostrato;unknown;Filostrato;MALE;4;6;14;260;0;0;0;0;0.27;0.5;0.21;0.01;0.0;0.0;0.0;0.0;0.0;0.19;0.16;0.16;0.2;0;1;0.07
261;ita000048;ita;amore;unknown;Amore;UNKNOWN;1;1;7;26;0;0;0;0;1.0;0.0;0.0;0.0;0.0;0.0;0.0;0.0;0.0;0.03;0.08;0.02;0.07;0;0;0.0
262;ita000048;ita;tindaro;unknown;Tindaro;MALE;2;7;14;284;0;0;0;0;0.0;0.64;0.36;0.0;0.0;0.0;0.0;0.0;0.0;0.23;0.16;0.17;0.07;0;1;0.0
263;ita000048;ita;pandero;unknown;Pandero;MALE;3;5;10;184;0;0;0;0;0.0;0.0;0.17;0.33;0.5;0.0;0.0;0.0;0.0;0.16;0.11;0.11;0.13;0;1;0.0
264;ita000048;ita;parche;unknown;Parche;FEMALE;1;1;1;46;0;0;0;0;0.0;0.0;1.0;0.0;0.0;0.0;0.0;0.0;0.0;0.03;0.01;0.03;0.0;0;0;0.0
265;ita000048;ita;tinolo;unknown;Tinolo;MALE;1;4;4;50;0;0;0;0;0.0;0.0;0.0;0.0;1.0;0.0;0.0;0.0;0.0;0.13;0.04;0.03;0.27;0;1;0.08
266;ita000048;ita;pinzia;unknown;Pinzia;MALE;1;1;1;9;0;0;0;0;0.0;0.0;0.0;0.0;1.0;0.0;0.0;0.0;0.0;0.03;0.01;0.01;0.07;0;1;0.0
267;ita000048;ita;donzella;unknown;Donzella;FEMALE;1;1;1;16;0;0;0;0;0.0;0.0;0.0;0.0;1.0;0.0;0.0;0.0;0.0;0.03;0.01;0.01;0.0;0;0;0.0
268;ita000048;ita;filada;unknown;Filada;FEMALE;1;1;1;21;0;0;0;0;0.0;0.0;0.0;0.0;1.0;0.0;0.0;0.0;0.0;0.03;0.01;0.01;0.07;1;0;0.0
269;ita000048;ita;litigia;unknown;Litigia;UNKNOWN;1;1;1;6;0;0;0;0;0.0;0.0;0.0;0.0;1.0;0.0;0.0;0.0;0.0;0.03;0.01;0.0;0.13;1;0;0.0
270;ita000048;ita;atropos coro;unknown;UNKNOWN;u;1;1;1;46;0;0;0;0;0.0;0.0;0.0;1.0;0.0;0.0;0.0;0.0;0.0;0.03;0.01;0.03;0.0;0;0;0.0
271;ita000049;ita;pirro;unknown;Pirro;MALE;5;16;130;830;0;0;0;0;0.26;0.19;0.21;0.23;0.12;0.0;0.0;0.0;0.0;0.53;0.34;0.37;0.8;1;2;0.03
272;ita000049;ita;arsindo;unknown;Arsindo;MALE;4;12;52;284;0;0;0;0;0.28;0.0;0.4;0.19;0.12;0.0;0.0;0.0;0.0;0.4;0.14;0.13;1.0;1;1;0.18
273;ita000049;ita;calcante;unknown;Calcante;MALE;3;6;29;178;0;0;0;0;0.55;0.0;0.2;0.0;0.25;0.0;0.0;0.0;0.0;0.2;0.08;0.08;0.6;1;0;0.0
274;ita000049;ita;polidoro;unknown;Polidoro;MALE;2;5;42;205;0;0;0;0;0.0;0.53;0.47;0.0;0.0;0.0;0.0;0.0;0.0;0.17;0.11;0.09;0.6;0;2;0.0
275;ita000049;ita;polissena;unknown;Polissena;FEMALE;4;13;120;622;0;0;0;0;0.0;0.46;0.17;0.3;0.06;0.0;0.0;0.0;0.0;0.43;0.31;0.27;1.0;1;1;0.18
276;ita000049;ita;erope;unknown;Erope;FEMALE;2;2;10;60;0;0;0;0;0.0;0.77;0.0;0.0;0.23;0.0;0.0;0.0;0.0;0.07;0.03;0.03;0.4;0;1;0.0
277;ita000050;ita;coro;unknown;Coro delle Ninfe dell'Arno;FEMALE;0;1;5;20;0;0;0;0;0.0;0.0;0.0;0.0;0.0;0.0;0.0;0.0;0.0;1.0;0.36;0.12;1.0;1;0;0.0
278;ita000050;ita;due_ninfe;unknown;Due delle Ninfe;FEMALE;0;1;3;12;0;0;0;0;0.0;0.0;0.0;0.0;0.0;0.0;0.0;0.0;0.0;1.0;0.21;0.07;1.0;0;0;0.0
279;ita000050;ita;alfea;unknown;Alfea;FEMALE;0;1;5;77;0;0;0;0;0.0;0.0;0.0;0.0;0.0;0.0;0.0;0.0;0.0;1.0;0.36;0.45;1.0;2;0;0.0
280;ita000050;ita;la_fama;unknown;La Fama;UNKNOWN;0;1;1;39;0;0;0;0;0.0;0.0;0.0;0.0;0.0;0.0;0.0;0.0;0.0;1.0;0.07;0.23;1.0;0;0;0.0
281;ita000051;ita;pantalone;unknown;Pantalone;MALE;3;15;69;71;0;0;0;0;0.15;0.08;0.76;0.0;0.0;0.0;0.0;0.0;0.0;0.23;0.11;0.11;0.82;1;4;0.08
282;ita000051;ita;dottor;unknown;Dottor Graziano;MALE;3;12;37;37;0;0;0;0;0.19;0.22;0.59;0.0;0.0;0.0;0.0;0.0;0.0;0.18;0.06;0.06;0.82;1;2;0.06
283;ita000051;ita;virginio;unknown;Virginio;MALE;3;17;74;76;0;0;0;0;0.25;0.51;0.24;0.0;0.0;0.0;0.0;0.0;0.0;0.26;0.12;0.12;0.64;1;3;0.0
284;ita000051;ita;celia;unknown;Celia;FEMALE;3;8;41;42;0;0;0;0;0.48;0.38;0.14;0.0;0.0;0.0;0.0;0.0;0.0;0.12;0.07;0.07;0.73;1;5;0.01
285;ita000051;ita;cinzio;unknown;Cinzio;MALE;3;26;80;85;0;0;0;0;0.42;0.15;0.42;0.0;0.0;0.0;0.0;0.0;0.0;0.39;0.13;0.13;0.82;1;2;0.05
286;ita000051;ita;bagattino;unknown;Bagattino;MALE;3;13;84;87;0;0;0;0;0.39;0.23;0.38;0.0;0.0;0.0;0.0;0.0;0.0;0.2;0.14;0.14;0.64;2;2;0.02
287;ita000051;ita;capitano;unknown;Capitan Rinoceronte;MALE;3;12;47;49;0;0;0;0;0.45;0.31;0.24;0.0;0.0;0.0;0.0;0.0;0.0;0.18;0.08;0.08;0.73;0;4;0.01
288;ita000051;ita;fritellino;unknown;Fritellino;MALE;3;20;83;87;0;0;0;0;0.51;0.31;0.18;0.0;0.0;0.0;0.0;0.0;0.0;0.3;0.14;0.14;0.55;0;2;0.0
289;ita000051;ita;flaminia;unknown;Flaminia;FEMALE;3;22;68;70;0;0;0;0;0.23;0.41;0.36;0.0;0.0;0.0;0.0;0.0;0.0;0.33;0.11;0.11;0.82;0;5;0.05
290;ita000051;ita;franceschina;unknown;Franceschina;FEMALE;2;5;21;22;0;0;0;0;0.27;0.0;0.73;0.0;0.0;0.0;0.0;0.0;0.0;0.08;0.03;0.03;0.27;0;2;0.0
291;ita000051;ita;carluccio;unknown;Carluccio;MALE;1;3;7;7;0;0;0;0;0.0;0.0;1.0;0.0;0.0;0.0;0.0;0.0;0.0;0.05;0.01;0.01;0.27;0;1;0.0
292;ita000051;ita;togato;unknown;Uno togato;MALE;1;1;1;2;0;0;0;0;0.0;0.0;1.0;0.0;0.0;0.0;0.0;0.0;0.0;0.02;0.0;0.0;0.0;0;0;0.0
293;ita000054;ita;coro_di_soldati_e_popolani;unknown;Coro di soldati e popolani;MALE;2;2;2;12;0;0;0;0;0.67;0.33;0.0;0.0;0.0;0.0;0.0;0.0;0.0;0.06;0.0;0.01;0.5;2;3;0.01
294;ita000054;ita;coro_di_servi;unknown;Coro di servi;UNKNOWN;1;2;3;20;0;0;0;0;0.0;1.0;0.0;0.0;0.0;0.0;0.0;0.0;0.0;0.06;0.0;0.01;0.35;0;2;0.0
295;ita000054;ita;coro_di_marinai;unknown;Coro di marinai;MALE;1;1;1;2;0;0;0;0;0.0;1.0;0.0;0.0;0.0;0.0;0.0;0.0;0.0;0.03;0.0;0.0;0.35;3;3;0.0
296;ita000054;ita;ferrando;unknown;Ferrando;MALE;2;13;83;191;0;0;0;0;0.31;0.69;0.0;0.0;0.0;0.0;0.0;0.0;0.0;0.38;0.12;0.1;0.77;2;2;0.07
297;ita000054;ita;guglielmo;unknown;Guglielmo;MALE;2;14;91;235;0;0;0;0;0.34;0.66;0.0;0.0;0.0;0.0;0.0;0.0;0.0;0.41;0.13;0.12;0.88;2;1;0.12
298;ita000054;ita;alfonso;unknown;Don Alfonso;MALE;2;20;118;370;0;0;0;0;0.68;0.32;0.0;0.0;0.0;0.0;0.0;0.0;0.0;0.59;0.17;0.19;0.81;1;0;0.05
299;ita000054;ita;fiordiligi;unknown;Fiordiligi;FEMALE;2;17;98;257;0;0;0;0;0.35;0.65;0.0;0.0;0.0;0.0;0.0;0.0;0.0;0.5;0.14;0.13;0.69;1;1;0.05
300;ita000054;ita;dorabella;unknown;Dorabella;FEMALE;2;14;88;186;0;0;0;0;0.41;0.59;0.0;0.0;0.0;0.0;0.0;0.0;0.0;0.41;0.13;0.09;0.65;0;1;0.03
301;ita000054;ita;despina;unknown;Despina;FEMALE;2;15;85;354;0;0;0;0;0.55;0.45;0.0;0.0;0.0;0.0;0.0;0.0;0.0;0.44;0.12;0.18;0.81;2;3;0.05
302;ita000054;ita;ferrando guglielmo;unknown;UNKNOWN;u;2;10;37;118;0;0;0;0;0.72;0.28;0.0;0.0;0.0;0.0;0.0;0.0;0.0;0.29;0.05;0.06;0.81;3;1;0.06
303;ita000054;ita;ferrando guglielmo alfonso;unknown;UNKNOWN;u;2;3;5;7;0;0;0;0;0.29;0.71;0.0;0.0;0.0;0.0;0.0;0.0;0.0;0.09;0.01;0.0;0.31;0;0;0.0
304;ita000054;ita;fiordiligi dorabella;unknown;UNKNOWN;u;2;13;44;104;0;0;0;0;0.62;0.38;0.0;0.0;0.0;0.0;0.0;0.0;0.0;0.38;0.06;0.05;0.88;0;0;0.08
305;ita000054;ita;fiordiligi dorabella ferrando guglielmo alfonso;unknown;UNKNOWN;u;2;3;3;11;0;0;0;0;0.91;0.09;0.0;0.0;0.0;0.0;0.0;0.0;0.0;0.09;0.0;0.01;0.54;1;1;0.01
306;ita000054;ita;fiordiligi dorabella ferrando guglielmo;unknown;UNKNOWN;u;2;3;5;17;0;0;0;0;0.06;0.94;0.0;0.0;0.0;0.0;0.0;0.0;0.0;0.09;0.01;0.01;0.62;1;0;0.03
307;ita000054;ita;fiordiligi dorabella alfonso;unknown;UNKNOWN;u;1;3;6;22;0;0;0;0;1.0;0.0;0.0;0.0;0.0;0.0;0.0;0.0;0.0;0.09;0.01;0.01;0.31;0;0;0.0
308;ita000054;ita;alfonso ferrando guglielmo;unknown;UNKNOWN;u;1;1;1;3;0;0;0;0;1.0;0.0;0.0;0.0;0.0;0.0;0.0;0.0;0.0;0.03;0.0;0.0;0.38;2;2;0.0
309;ita000054;ita;despina ferrando guglielmo;unknown;UNKNOWN;u;1;1;2;5;0;0;0;0;1.0;0.0;0.0;0.0;0.0;0.0;0.0;0.0;0.0;0.03;0.0;0.0;0.38;2;2;0.0
310;ita000054;ita;despina alfonso;unknown;UNKNOWN;u;2;5;8;23;0;0;0;0;0.7;0.3;0.0;0.0;0.0;0.0;0.0;0.0;0.0;0.15;0.01;0.01;0.69;2;3;0.03
311;ita000054;ita;dorabella guglielmo;unknown;UNKNOWN;u;1;1;1;4;0;0;0;0;0.0;1.0;0.0;0.0;0.0;0.0;0.0;0.0;0.0;0.03;0.0;0.0;0.19;0;0;0.0
312;ita000054;ita;dorabella ferrando;unknown;UNKNOWN;u;1;1;1;4;0;0;0;0;0.0;1.0;0.0;0.0;0.0;0.0;0.0;0.0;0.0;0.03;0.0;0.0;0.19;0;0;0.0
313;ita000054;ita;fiordiligi ferrando;unknown;UNKNOWN;u;1;1;2;7;0;0;0;0;0.0;1.0;0.0;0.0;0.0;0.0;0.0;0.0;0.0;0.03;0.0;0.0;0.12;0;0;0.0
314;ita000054;ita;ferrando guglielmo fiordiligi dorabella;unknown;UNKNOWN;u;1;1;1;1;0;0;0;0;0.0;1.0;0.0;0.0;0.0;0.0;0.0;0.0;0.0;0.03;0.0;0.0;0.23;0;1;0.0
315;ita000054;ita;fiordiligi dorabella ferrando;unknown;UNKNOWN;u;1;1;1;4;0;0;0;0;0.0;1.0;0.0;0.0;0.0;0.0;0.0;0.0;0.0;0.03;0.0;0.0;0.23;0;1;0.0
316;ita000054;ita;fiordiligi dorabella despina ferrando guglielmo;unknown;UNKNOWN;u;1;1;1;1;0;0;0;0;0.0;1.0;0.0;0.0;0.0;0.0;0.0;0.0;0.0;0.03;0.0;0.0;0.31;0;0;0.0
317;ita000054;ita;ferrando guglielmo despina alfonso;unknown;UNKNOWN;u;1;1;2;2;0;0;0;0;0.0;1.0;0.0;0.0;0.0;0.0;0.0;0.0;0.0;0.03;0.0;0.0;0.31;0;0;0.0
318;ita000054;ita;fiordiligi dorabella despina;unknown;UNKNOWN;u;1;1;2;2;0;0;0;0;0.0;1.0;0.0;0.0;0.0;0.0;0.0;0.0;0.0;0.03;0.0;0.0;0.31;0;0;0.0
319;ita000054;ita;fiordiligi dorabella despina ferrando guglielmo alfonso;unknown;UNKNOWN;u;1;1;1;8;0;0;0;0;0.0;1.0;0.0;0.0;0.0;0.0;0.0;0.0;0.0;0.03;0.0;0.0;0.31;0;0;0.0
320;ita000055;ita;contadine;unknown;Contadine;FEMALE;1;1;1;2;0;0;0;0;1.0;0.0;0.0;0.0;0.0;0.0;0.0;0.0;0.0;0.03;0.0;0.0;0.17;0;2;0.0
321;ita000055;ita;contadini;unknown;Contadini;MALE;1;1;1;2;0;0;0;0;1.0;0.0;0.0;0.0;0.0;0.0;0.0;0.0;0.0;0.03;0.0;0.0;0.17;0;0;0.0
322;ita000055;ita;servi;unknown;Servi;UNKNOWN;1;1;1;4;0;0;0;0;1.0;0.0;0.0;0.0;0.0;0.0;0.0;0.0;0.0;0.03;0.0;0.0;0.03;0;0;0.0
323;ita000055;ita;coro;unknown;Coro;UNKNOWN;1;1;1;2;0;0;0;0;0.0;1.0;0.0;0.0;0.0;0.0;0.0;0.0;0.0;0.03;0.0;0.0;0.17;0;0;0.0
324;ita000055;ita;leporello;unknown;Leporello;MALE;2;19;161;382;0;0;0;0;0.44;0.56;0.0;0.0;0.0;0.0;0.0;0.0;0.0;0.53;0.25;0.23;0.77;2;3;0.11
325;ita000055;ita;anna;unknown;Donn'Anna;FEMALE;2;10;33;122;0;0;0;0;0.76;0.24;0.0;0.0;0.0;0.0;0.0;0.0;0.0;0.28;0.05;0.07;0.67;0;3;0.05
326;ita000055;ita;don_giovanni;unknown;Don Giovanni;MALE;2;24;206;513;0;0;0;0;0.49;0.51;0.0;0.0;0.0;0.0;0.0;0.0;0.0;0.67;0.31;0.31;0.77;1;3;0.19
327;ita000055;ita;commendatore;unknown;Il Commendatore;MALE;2;3;18;33;0;0;0;0;0.24;0.76;0.0;0.0;0.0;0.0;0.0;0.0;0.0;0.08;0.03;0.02;0.2;0;0;0.0
328;ita000055;ita;ottavio;unknown;Don Ottavio;MALE;2;12;35;115;0;0;0;0;0.6;0.4;0.0;0.0;0.0;0.0;0.0;0.0;0.0;0.33;0.05;0.07;0.63;0;1;0.03
329;ita000055;ita;elvira;unknown;Donn'Elvira;FEMALE;2;14;56;152;0;0;0;0;0.57;0.43;0.0;0.0;0.0;0.0;0.0;0.0;0.0;0.39;0.09;0.09;0.7;2;3;0.06
330;ita000055;ita;zerlina;unknown;Zerlina;FEMALE;2;10;47;120;0;0;0;0;0.7;0.3;0.0;0.0;0.0;0.0;0.0;0.0;0.0;0.28;0.07;0.07;0.6;2;3;0.08
331;ita000055;ita;masetto;unknown;Masetto;MALE;2;10;47;101;0;0;0;0;0.64;0.36;0.0;0.0;0.0;0.0;0.0;0.0;0.0;0.28;0.07;0.06;0.57;2;2;0.06
332;ita000055;ita;anna ottavio;unknown;UNKNOWN;u;2;4;7;18;0;0;0;0;0.89;0.11;0.0;0.0;0.0;0.0;0.0;0.0;0.0;0.11;0.01;0.01;0.37;0;1;0.01
333;ita000055;ita;zerlina masetto;unknown;UNKNOWN;u;2;4;4;10;0;0;0;0;0.6;0.4;0.0;0.0;0.0;0.0;0.0;0.0;0.0;0.11;0.01;0.01;0.7;2;1;0.11
334;ita000055;ita;masetto zerlina contadine contadini;unknown;UNKNOWN;u;1;1;1;2;0;0;0;0;1.0;0.0;0.0;0.0;0.0;0.0;0.0;0.0;0.0;0.03;0.0;0.0;0.17;0;0;0.0
335;ita000055;ita;zerlina don_giovanni;unknown;UNKNOWN;u;1;1;1;3;0;0;0;0;1.0;0.0;0.0;0.0;0.0;0.0;0.0;0.0;0.0;0.03;0.0;0.0;0.07;0;0;0.0
336;ita000055;ita;anna ottavio don_giovanni;unknown;UNKNOWN;u;1;1;1;4;0;0;0;0;1.0;0.0;0.0;0.0;0.0;0.0;0.0;0.0;0.0;0.03;0.0;0.0;0.17;1;1;0.0
337;ita000055;ita;masetto zerlina;unknown;UNKNOWN;u;1;1;1;3;0;0;0;0;1.0;0.0;0.0;0.0;0.0;0.0;0.0;0.0;0.0;0.03;0.0;0.0;0.1;0;0;0.0
338;ita000055;ita;anna elvira ottavio;unknown;UNKNOWN;u;1;2;6;11;0;0;0;0;1.0;0.0;0.0;0.0;0.0;0.0;0.0;0.0;0.0;0.06;0.01;0.01;0.5;0;0;0.01
339;ita000055;ita;anna elvira;unknown;UNKNOWN;u;1;1;1;1;0;0;0;0;1.0;0.0;0.0;0.0;0.0;0.0;0.0;0.0;0.0;0.03;0.0;0.0;0.23;0;0;0.0
340;ita000055;ita;don_giovanni leporello;unknown;UNKNOWN;u;2;3;7;16;0;0;0;0;0.81;0.19;0.0;0.0;0.0;0.0;0.0;0.0;0.0;0.08;0.01;0.01;0.53;3;2;0.03
341;ita000055;ita;anna elvira ottavio don_giovanni leporello;unknown;UNKNOWN;u;1;1;1;1;0;0;0;0;1.0;0.0;0.0;0.0;0.0;0.0;0.0;0.0;0.0;0.03;0.0;0.0;0.43;2;1;0.0
342;ita000055;ita;elvira ottavio;unknown;UNKNOWN;u;1;1;1;1;0;0;0;0;1.0;0.0;0.0;0.0;0.0;0.0;0.0;0.0;0.0;0.03;0.0;0.0;0.43;0;0;0.0
343;ita000055;ita;anna elvira ottavio masetto;unknown;UNKNOWN;u;1;1;1;1;0;0;0;0;1.0;0.0;0.0;0.0;0.0;0.0;0.0;0.0;0.0;0.03;0.0;0.0;0.43;0;0;0.0
344;ita000055;ita;anna elvira zerlina ottavio masetto;unknown;UNKNOWN;u;2;2;7;20;0;0;0;0;0.5;0.5;0.0;0.0;0.0;0.0;0.0;0.0;0.0;0.06;0.01;0.01;0.5;0;0;0.01
345;ita000055;ita;elvira leporello;unknown;UNKNOWN;u;1;2;2;3;0;0;0;0;0.0;1.0;0.0;0.0;0.0;0.0;0.0;0.0;0.0;0.06;0.0;0.0;0.17;0;0;0.0
346;ita000055;ita;anna zerlina ottavio masetto;unknown;UNKNOWN;u;1;1;2;6;0;0;0;0;0.0;1.0;0.0;0.0;0.0;0.0;0.0;0.0;0.0;0.03;0.0;0.0;0.17;1;0;0.0
347;ita000055;ita;anna zerlina elvira ottavio masetto;unknown;UNKNOWN;u;1;1;2;8;0;0;0;0;0.0;1.0;0.0;0.0;0.0;0.0;0.0;0.0;0.0;0.03;0.0;0.0;0.17;0;0;0.0
348;ita000055;ita;commendatore leporello;unknown;UNKNOWN;u;1;1;1;1;0;0;0;0;0.0;1.0;0.0;0.0;0.0;0.0;0.0;0.0;0.0;0.03;0.0;0.0;0.17;0;0;0.0
349;ita000055;ita;zerlina masetto leporello;unknown;UNKNOWN;u;1;1;1;5;0;0;0;0;0.0;1.0;0.0;0.0;0.0;0.0;0.0;0.0;0.0;0.03;0.0;0.0;0.23;0;0;0.0
350;ita000055;ita;leporello anna elvira ottavio zerlina masetto;unknown;UNKNOWN;u;1;1;1;3;0;0;0;0;0.0;1.0;0.0;0.0;0.0;0.0;0.0;0.0;0.0;0.03;0.0;0.0;0.23;0;0;0.0
351;ita000056;ita;coro_di_paesani;unknown;Coro di paesani;UNKNOWN;2;2;2;10;0;0;0;0;0.8;0.0;0.2;0.0;0.0;0.0;0.0;0.0;0.0;0.04;0.0;0.0;0.18;1;4;0.0
352;ita000056;ita;coro_di_contadinelle;unknown;Coro di contadinelle;FEMALE;1;1;1;8;0;0;0;0;0.0;0.0;1.0;0.0;0.0;0.0;0.0;0.0;0.0;0.02;0.0;0.0;0.07;3;0;0.0
353;ita000056;ita;due_donne;unknown;Due Donne;FEMALE;1;1;1;8;0;0;0;0;0.0;0.0;1.0;0.0;0.0;0.0;0.0;0.0;0.0;0.02;0.0;0.0;0.07;0;2;0.0
354;ita000056;ita;figaro;unknown;Figaro;MALE;4;22;148;423;0;0;0;0;0.27;0.27;0.14;0.32;0.0;0.0;0.0;0.0;0.0;0.46;0.16;0.2;0.78;3;3;0.12
355;ita000056;ita;susanna;unknown;Susanna;FEMALE;4;28;186;381;0;0;0;0;0.35;0.32;0.18;0.15;0.0;0.0;0.0;0.0;0.0;0.58;0.21;0.18;0.91;0;3;0.24
356;ita000056;ita;bartolo;unknown;Bartolo;MALE;4;6;20;55;0;0;0;0;0.51;0.07;0.33;0.09;0.0;0.0;0.0;0.0;0.0;0.12;0.02;0.03;0.29;2;1;0.01
357;ita000056;ita;marcellina;unknown;Marcellina;FEMALE;4;9;34;93;0;0;0;0;0.37;0.04;0.23;0.37;0.0;0.0;0.0;0.0;0.0;0.19;0.04;0.04;0.33;1;1;0.02
358;ita000056;ita;cherubino;unknown;Cherubino;MALE;4;10;48;150;0;0;0;0;0.35;0.47;0.03;0.16;0.0;0.0;0.0;0.0;0.0;0.21;0.05;0.07;0.47;0;2;0.03
359;ita000056;ita;conte;unknown;Il Conte d'Almaviva;MALE;4;23;197;393;0;0;0;0;0.21;0.39;0.29;0.1;0.0;0.0;0.0;0.0;0.0;0.48;0.22;0.18;0.91;2;3;0.21
360;ita000056;ita;basilio;unknown;Basilio;MALE;3;6;25;112;0;0;0;0;0.42;0.04;0.0;0.54;0.0;0.0;0.0;0.0;0.0;0.12;0.03;0.05;0.31;0;0;0.01
361;ita000056;ita;contessa;unknown;La Contessa D'Almaviva;FEMALE;3;19;126;259;0;0;0;0;0.0;0.63;0.27;0.09;0.0;0.0;0.0;0.0;0.0;0.4;0.14;0.12;0.6;1;3;0.06
362;ita000056;ita;antonio;unknown;Antonio;MALE;3;5;27;42;0;0;0;0;0.0;0.6;0.38;0.02;0.0;0.0;0.0;0.0;0.0;0.1;0.03;0.02;0.31;3;3;0.01
363;ita000056;ita;curzio;unknown;Don Curzio;MALE;1;1;6;9;0;0;0;0;0.0;0.0;1.0;0.0;0.0;0.0;0.0;0.0;0.0;0.02;0.01;0.0;0.2;2;3;0.0
364;ita000056;ita;barbarina;unknown;Barbarina;FEMALE;2;6;16;56;0;0;0;0;0.0;0.0;0.45;0.55;0.0;0.0;0.0;0.0;0.0;0.12;0.02;0.03;0.18;3;1;0.0
365;ita000056;ita;susanna figaro;unknown;UNKNOWN;u;2;4;7;14;0;0;0;0;0.36;0.0;0.0;0.64;0.0;0.0;0.0;0.0;0.0;0.08;0.01;0.01;0.36;0;0;0.01
366;ita000056;ita;susanna marcellina;unknown;UNKNOWN;u;1;1;1;2;0;0;0;0;1.0;0.0;0.0;0.0;0.0;0.0;0.0;0.0;0.0;0.02;0.0;0.0;0.04;0;0;0.0
367;ita000056;ita;conte basilio;unknown;UNKNOWN;u;1;1;1;2;0;0;0;0;1.0;0.0;0.0;0.0;0.0;0.0;0.0;0.0;0.0;0.02;0.0;0.0;0.11;0;1;0.0
368;ita000056;ita;basilio susanna;unknown;UNKNOWN;u;1;1;1;1;0;0;0;0;1.0;0.0;0.0;0.0;0.0;0.0;0.0;0.0;0.0;0.02;0.0;0.0;0.11;0;1;0.0
369;ita000056;ita;coro_di_paesani figaro susanna cherubino;unknown;UNKNOWN;u;1;1;1;1;0;0;0;0;1.0;0.0;0.0;0.0;0.0;0.0;0.0;0.0;0.0;0.02;0.0;0.0;0.16;0;2;0.0
370;ita000056;ita;conte contessa;unknown;UNKNOWN;u;1;2;2;4;0;0;0;0;0.0;1.0;0.0;0.0;0.0;0.0;0.0;0.0;0.0;0.04;0.0;0.0;0.07;0;0;0.0
371;ita000056;ita;susanna cherubino;unknown;UNKNOWN;u;1;1;1;2;0;0;0;0;0.0;1.0;0.0;0.0;0.0;0.0;0.0;0.0;0.0;0.02;0.0;0.0;0.04;0;0;0.0
372;ita000056;ita;contessa susanna;unknown;UNKNOWN;u;2;4;14;22;0;0;0;0;0.0;0.91;0.0;0.09;0.0;0.0;0.0;0.0;0.0;0.08;0.02;0.01;0.42;0;0;0.01
373;ita000056;ita;susanna conte;unknown;UNKNOWN;u;1;1;1;1;0;0;0;0;0.0;1.0;0.0;0.0;0.0;0.0;0.0;0.0;0.0;0.02;0.0;0.0;0.13;0;0;0.0
374;ita000056;ita;conte susanna;unknown;UNKNOWN;u;1;1;1;3;0;0;0;0;0.0;1.0;0.0;0.0;0.0;0.0;0.0;0.0;0.0;0.02;0.0;0.0;0.13;0;0;0.0
375;ita000056;ita;conte contessa susanna;unknown;UNKNOWN;u;1;1;1;3;0;0;0;0;0.0;1.0;0.0;0.0;0.0;0.0;0.0;0.0;0.0;0.02;0.0;0.0;0.13;0;0;0.0
376;ita000056;ita;conte contessa figaro susanna;unknown;UNKNOWN;u;1;2;3;6;0;0;0;0;0.0;1.0;0.0;0.0;0.0;0.0;0.0;0.0;0.0;0.04;0.0;0.0;0.16;2;0;0.0
377;ita000056;ita;contessa figaro susanna;unknown;UNKNOWN;u;1;3;9;15;0;0;0;0;0.0;1.0;0.0;0.0;0.0;0.0;0.0;0.0;0.0;0.06;0.01;0.01;0.27;1;2;0.01
378;ita000056;ita;marcellina bartolo basilio;unknown;UNKNOWN;u;1;1;1;2;0;0;0;0;0.0;1.0;0.0;0.0;0.0;0.0;0.0;0.0;0.0;0.02;0.0;0.0;0.16;1;4;0.0
379;ita000056;ita;conte marcellina bartolo basilio;unknown;UNKNOWN;u;1;1;1;4;0;0;0;0;0.0;1.0;0.0;0.0;0.0;0.0;0.0;0.0;0.0;0.02;0.0;0.0;0.16;0;0;0.0
380;ita000056;ita;conte curzio;unknown;UNKNOWN;u;1;1;4;9;0;0;0;0;0.0;0.0;1.0;0.0;0.0;0.0;0.0;0.0;0.0;0.02;0.0;0.0;0.2;1;0;0.0
381;ita000056;ita;figaro bartolo marcellina;unknown;UNKNOWN;u;1;1;1;2;0;0;0;0;0.0;0.0;1.0;0.0;0.0;0.0;0.0;0.0;0.0;0.02;0.0;0.0;0.2;0;0;0.0
382;ita000056;ita;conte marcellina curzio figaro bartolo;unknown;UNKNOWN;u;1;1;2;2;0;0;0;0;0.0;0.0;1.0;0.0;0.0;0.0;0.0;0.0;0.0;0.02;0.0;0.0;0.2;0;0;0.0
383;ita000056;ita;susanna figaro marcellina bartolo;unknown;UNKNOWN;u;1;2;2;5;0;0;0;0;0.0;0.0;1.0;0.0;0.0;0.0;0.0;0.0;0.0;0.04;0.0;0.0;0.2;0;0;0.0
384;ita000056;ita;figaro susanna;unknown;UNKNOWN;u;1;1;1;1;0;0;0;0;0.0;0.0;0.0;1.0;0.0;0.0;0.0;0.0;0.0;0.02;0.0;0.0;0.29;2;2;0.0
385;ita000056;ita;susanna conte figaro;unknown;UNKNOWN;u;1;1;3;5;0;0;0;0;0.0;0.0;0.0;1.0;0.0;0.0;0.0;0.0;0.0;0.02;0.0;0.0;0.29;2;1;0.0
386;ita000056;ita;contessa susanna conte figaro;unknown;UNKNOWN;u;1;1;2;3;0;0;0;0;0.0;0.0;0.0;1.0;0.0;0.0;0.0;0.0;0.0;0.02;0.0;0.0;0.29;1;1;0.0
387;ita000056;ita;contessa cherubino;unknown;UNKNOWN;u;1;1;1;1;0;0;0;0;0.0;0.0;0.0;1.0;0.0;0.0;0.0;0.0;0.0;0.02;0.0;0.0;0.29;1;1;0.0
388;ita000056;ita;contessa conte;unknown;UNKNOWN;u;1;1;1;2;0;0;0;0;0.0;0.0;0.0;1.0;0.0;0.0;0.0;0.0;0.0;0.02;0.0;0.0;0.29;1;0;0.0
389;ita000056;ita;conte figaro;unknown;UNKNOWN;u;1;1;1;1;0;0;0;0;0.0;0.0;0.0;1.0;0.0;0.0;0.0;0.0;0.0;0.02;0.0;0.0;0.29;0;0;0.0
390;ita000056;ita;susanna contessa figaro;unknown;UNKNOWN;u;1;1;1;3;0;0;0;0;0.0;0.0;0.0;1.0;0.0;0.0;0.0;0.0;0.0;0.02;0.0;0.0;0.29;0;0;0.0
391;ita000056;ita;basilio antonio;unknown;UNKNOWN;u;1;1;2;3;0;0;0;0;0.0;0.0;0.0;1.0;0.0;0.0;0.0;0.0;0.0;0.02;0.0;0.0;0.2;2;1;0.0
392;ita000056;ita;basilio antonio bartolo figaro;unknown;UNKNOWN;u;1;1;1;1;0;0;0;0;0.0;0.0;0.0;1.0;0.0;0.0;0.0;0.0;0.0;0.02;0.0;0.0;0.2;2;0;0.0
393;ita000056;ita;susanna cherubino marcellina basilio antonio figaro;unknown;UNKNOWN;u;1;1;1;1;0;0;0;0;0.0;0.0;0.0;1.0;0.0;0.0;0.0;0.0;0.0;0.02;0.0;0.0;0.2;1;0;0.0
394;ita000056;ita;conte basilio antonio bartolo;unknown;UNKNOWN;u;1;1;1;3;0;0;0;0;0.0;0.0;0.0;1.0;0.0;0.0;0.0;0.0;0.0;0.02;0.0;0.0;0.2;0;0;0.0
395;ita000056;ita;conte contessa figaro susanna cherubino marcellina curzio bartolo basilio antonio;unknown;UNKNOWN;u;1;1;1;10;0;0;0;0;0.0;0.0;0.0;1.0;0.0;0.0;0.0;0.0;0.0;0.02;0.0;0.0;0.2;0;0;0.0
396;ita000059;ita;coro;unknown;Coro;UNKNOWN;5;14;35;407;0;0;0;0;0.15;0.19;0.26;0.26;0.14;0.0;0.0;0.0;0.0;0.41;0.11;0.13;0.73;0;0;0.26
397;ita000059;ita;aristodemo;unknown;Aristodemo;MALE;5;12;49;480;0;0;0;0;0.17;0.2;0.06;0.34;0.22;0.0;0.0;0.0;0.0;0.35;0.16;0.15;0.64;1;1;0.13
398;ita000059;ita;amfia;unknown;Amfia;FEMALE;3;8;46;326;0;0;0;0;0.33;0.55;0.0;0.12;0.0;0.0;0.0;0.0;0.0;0.24;0.15;0.1;0.55;1;1;0.02
399;ita000059;ita;policare;unknown;Policare;MALE;3;11;69;492;0;0;0;0;0.33;0.0;0.36;0.31;0.0;0.0;0.0;0.0;0.0;0.32;0.22;0.16;0.73;2;2;0.15
400;ita000059;ita;merope;unknown;Merope;FEMALE;3;5;18;197;0;0;0;0;0.38;0.0;0.44;0.18;0.0;0.0;0.0;0.0;0.0;0.15;0.06;0.06;0.36;0;0;0.04
401;ita000059;ita;tisi;unknown;Tisi;MALE;3;8;31;419;0;0;0;0;0.55;0.19;0.0;0.0;0.27;0.0;0.0;0.0;0.0;0.24;0.1;0.13;0.64;1;2;0.09
402;ita000059;ita;messo;unknown;Messo;MALE;1;1;8;32;0;0;0;0;1.0;0.0;0.0;0.0;0.0;0.0;0.0;0.0;0.0;0.03;0.03;0.01;0.18;0;2;0.0
403;ita000059;ita;nutrice;unknown;Nutrice;FEMALE;4;5;29;256;0;0;0;0;0.23;0.12;0.21;0.0;0.45;0.0;0.0;0.0;0.0;0.15;0.09;0.08;0.45;1;2;0.01
404;ita000059;ita;soldato;unknown;Soldato;MALE;4;4;5;92;0;0;0;0;0.07;0.53;0.03;0.0;0.37;0.0;0.0;0.0;0.0;0.12;0.02;0.03;0.64;2;1;0.06
405;ita000059;ita;ofioneo;unknown;Ofioneo;MALE;3;4;9;172;0;0;0;0;0.0;0.0;0.27;0.51;0.22;0.0;0.0;0.0;0.0;0.12;0.03;0.06;0.18;1;0;0.01
406;ita000059;ita;licisco;unknown;Licisco;MALE;1;1;7;156;0;0;0;0;0.0;0.0;0.0;0.0;1.0;0.0;0.0;0.0;0.0;0.03;0.02;0.05;0.18;0;1;0.0
407;ita000059;ita;erasitea;unknown;Erasitea;FEMALE;1;1;2;84;0;0;0;0;0.0;0.0;0.0;0.0;1.0;0.0;0.0;0.0;0.0;0.03;0.01;0.03;0.18;0;1;0.0
408;ita000061;ita;coro;unknown;Coro di damigelle;FEMALE;5;13;61;526;0;0;0;0;0.1;0.09;0.24;0.2;0.37;0.0;0.0;0.0;0.0;0.93;0.23;0.2;0.91;0;2;0.22
409;ita000061;ita;reina;unknown;Reina di Scozia;FEMALE;4;7;66;639;0;0;0;0;0.24;0.0;0.22;0.41;0.13;0.0;0.0;0.0;0.0;0.5;0.25;0.24;0.73;2;2;0.06
410;ita000061;ita;cameriera;unknown;Cameriera;FEMALE;5;11;51;552;0;0;0;0;0.37;0.1;0.08;0.25;0.2;0.0;0.0;0.0;0.0;0.79;0.2;0.21;0.82;1;2;0.16
411;ita000061;ita;servo;unknown;Servo;MALE;3;3;22;166;0;0;0;0;0.0;0.35;0.49;0.16;0.0;0.0;0.0;0.0;0.0;0.21;0.08;0.06;0.27;3;0;0.0
412;ita000061;ita;consigliero;unknown;Consigliero della Reina d'Inghilterra;MALE;1;1;5;86;0;0;0;0;0.0;0.0;1.0;0.0;0.0;0.0;0.0;0.0;0.0;0.07;0.02;0.03;0.27;3;0;0.0
413;ita000061;ita;conte_di_pembrocia;unknown;Conte di Pembrocia;MALE;2;2;17;43;0;0;0;0;0.0;0.0;0.0;0.95;0.05;0.0;0.0;0.0;0.0;0.14;0.07;0.02;0.55;3;1;0.0
414;ita000061;ita;conte_di_comberlandia;unknown;Conte di Comberlandia;MALE;2;2;9;39;0;0;0;0;0.0;0.0;0.0;0.95;0.05;0.0;0.0;0.0;0.0;0.14;0.03;0.01;0.55;0;1;0.0
415;ita000061;ita;maggiorduomo;unknown;Maggiorduomo della Reina di Scozia;MALE;1;3;24;487;0;0;0;0;0.0;0.0;0.0;0.0;1.0;0.0;0.0;0.0;0.0;0.21;0.09;0.18;0.55;2;1;0.0
416;ita000061;ita;mazziero;unknown;Mazziero;MALE;1;1;1;3;0;0;0;0;0.0;0.0;0.0;0.0;1.0;0.0;0.0;0.0;0.0;0.07;0.0;0.0;0.45;2;3;0.0
417;ita000061;ita;carnefice;unknown;Carnefice;MALE;1;1;1;5;0;0;0;0;0.0;0.0;0.0;0.0;1.0;0.0;0.0;0.0;0.0;0.07;0.0;0.0;0.18;0;0;0.0
418;ita000061;ita;messo;unknown;Messo;MALE;1;1;2;10;0;0;0;0;0.0;0.0;0.0;0.0;1.0;0.0;0.0;0.0;0.0;0.07;0.01;0.0;0.18;2;0;0.0
419;ita000062;ita;coro;unknown;Coro;FEMALE;5;12;23;351;0;0;0;0;0.13;0.16;0.14;0.36;0.21;0.0;0.0;0.0;0.0;0.52;0.09;0.11;0.56;0;1;0.09
420;ita000062;ita;marianna;unknown;Marianna;FEMALE;4;6;25;478;0;0;0;0;0.49;0.2;0.11;0.21;0.0;0.0;0.0;0.0;0.0;0.26;0.1;0.14;0.5;2;4;0.09
421;ita000062;ita;berenice;unknown;Berenice;FEMALE;3;4;12;187;0;0;0;0;0.5;0.0;0.0;0.15;0.35;0.0;0.0;0.0;0.0;0.17;0.05;0.06;0.44;1;4;0.02
422;ita000062;ita;soemo;unknown;Soemo;MALE;2;2;15;317;0;0;0;0;0.6;0.0;0.4;0.0;0.0;0.0;0.0;0.0;0.0;0.09;0.06;0.1;0.19;1;2;0.0
423;ita000062;ita;erode;unknown;Erode;MALE;4;13;97;830;0;0;0;0;0.0;0.35;0.26;0.24;0.16;0.0;0.0;0.0;0.0;0.57;0.37;0.25;0.81;2;7;0.39
424;ita000062;ita;solome;unknown;Solome;FEMALE;1;1;1;60;0;0;0;0;0.0;1.0;0.0;0.0;0.0;0.0;0.0;0.0;0.0;0.04;0.0;0.02;0.06;0;0;0.0
425;ita000062;ita;coppiere;unknown;Coppiere;MALE;1;2;31;118;0;0;0;0;0.0;1.0;0.0;0.0;0.0;0.0;0.0;0.0;0.0;0.09;0.12;0.04;0.12;0;1;0.0
426;ita000062;ita;beniamino;unknown;Beniamino;MALE;1;1;6;63;0;0;0;0;0.0;1.0;0.0;0.0;0.0;0.0;0.0;0.0;0.0;0.04;0.02;0.02;0.06;0;0;0.0
427;ita000062;ita;alessandro;unknown;Alessandro;MALE;1;1;5;60;0;0;0;0;0.0;0.0;0.0;1.0;0.0;0.0;0.0;0.0;0.0;0.04;0.02;0.02;0.31;1;2;0.0
428;ita000062;ita;alessandra;unknown;Alessandra;FEMALE;1;1;2;46;0;0;0;0;0.0;0.0;1.0;0.0;0.0;0.0;0.0;0.0;0.0;0.04;0.01;0.01;0.12;2;0;0.0
429;ita000062;ita;consigliere;unknown;Consigliere;MALE;2;4;15;238;0;0;0;0;0.0;0.0;0.8;0.2;0.0;0.0;0.0;0.0;0.0;0.17;0.06;0.07;0.19;0;0;0.0
430;ita000062;ita;nunzio;unknown;Nunzio;MALE;2;4;19;309;0;0;0;0;0.0;0.0;0.0;0.42;0.58;0.0;0.0;0.0;0.0;0.17;0.07;0.09;0.19;1;0;0.0
431;ita000062;ita;aristobolo;unknown;Aristobolo;MALE;1;1;3;21;0;0;0;0;0.0;0.0;0.0;1.0;0.0;0.0;0.0;0.0;0.0;0.04;0.01;0.01;0.31;1;1;0.0
432;ita000062;ita;soldato;unknown;Soldato;MALE;1;1;1;3;0;0;0;0;0.0;0.0;0.0;1.0;0.0;0.0;0.0;0.0;0.0;0.04;0.0;0.0;0.31;0;0;0.0
433;ita000062;ita;messo;unknown;Messo;MALE;1;1;3;11;0;0;0;0;0.0;0.0;0.0;0.0;1.0;0.0;0.0;0.0;0.0;0.04;0.01;0.0;0.19;2;0;0.0
434;ita000063;ita;guida;unknown;La Guida;FEMALE;1;1;3;10;0;0;0;0;1.0;0.0;0.0;0.0;0.0;0.0;0.0;0.0;0.0;0.2;0.02;0.01;0.2;0;0;0.0
435;ita000063;ita;vecchio;unknown;Il Vecchio;MALE;2;4;16;139;0;0;0;0;0.26;0.74;0.0;0.0;0.0;0.0;0.0;0.0;0.0;0.8;0.11;0.08;0.8;1;2;0.3
436;ita000063;ita;geloso;unknown;Il Geloso;MALE;2;4;11;167;0;0;0;0;0.31;0.69;0.0;0.0;0.0;0.0;0.0;0.0;0.0;0.8;0.07;0.1;0.6;0;0;0.0
437;ita000063;ita;terzo;unknown;Il Terzo;MALE;1;3;16;113;0;0;0;0;0.0;1.0;0.0;0.0;0.0;0.0;0.0;0.0;0.0;0.6;0.11;0.07;0.6;0;1;0.0
438;ita000063;ita;sacerdote;unknown;Il Sacerdote;MALE;1;3;16;102;0;0;0;0;0.0;1.0;0.0;0.0;0.0;0.0;0.0;0.0;0.0;0.6;0.11;0.06;0.6;0;3;0.0
439;ita000064;ita;venalia;unknown;Venalia;FEMALE;2;2;9;45;0;0;0;0;0.0;0.47;0.53;0.0;0.0;0.0;0.0;0.0;0.0;0.12;0.04;0.02;0.71;0;0;0.05
440;ita000064;ita;filerio;unknown;Filerio;MALE;2;6;30;168;0;0;0;0;0.0;0.89;0.11;0.0;0.0;0.0;0.0;0.0;0.0;0.35;0.12;0.09;0.71;2;1;0.02
441;ita000064;ita;ottimio;unknown;Ottimio;MALE;2;7;34;246;0;0;0;0;0.0;0.43;0.57;0.0;0.0;0.0;0.0;0.0;0.0;0.41;0.13;0.13;0.71;1;3;0.05
442;ita000064;ita;antiniana;unknown;Antiniana;FEMALE;3;4;17;63;0;0;0;0;0.14;0.51;0.35;0.0;0.0;0.0;0.0;0.0;0.0;0.24;0.07;0.03;0.71;2;0;0.05
443;ita000064;ita;diana;unknown;Diana;FEMALE;3;3;13;76;0;0;0;0;0.16;0.45;0.39;0.0;0.0;0.0;0.0;0.0;0.0;0.18;0.05;0.04;0.43;2;0;0.0
444;ita000064;ita;mirzia;unknown;Mirzia;FEMALE;2;6;31;220;0;0;0;0;0.0;0.83;0.17;0.0;0.0;0.0;0.0;0.0;0.0;0.35;0.12;0.12;1.0;2;4;0.2
445;ita000064;ita;trebazio;unknown;Trebazio;MALE;2;8;59;486;0;0;0;0;0.0;0.8;0.2;0.0;0.0;0.0;0.0;0.0;0.0;0.47;0.23;0.27;0.71;1;1;0.05
446;ita000064;ita;satiro;unknown;Satiro;MALE;1;3;18;107;0;0;0;0;0.0;0.0;1.0;0.0;0.0;0.0;0.0;0.0;0.0;0.18;0.07;0.06;0.43;0;0;0.0
447;ita000065;ita;sguattari;unknown;Sguattari;MALE;1;1;1;1;0;0;0;0;0.0;0.0;0.0;0.0;1.0;0.0;0.0;0.0;0.0;0.01;0.0;0.0;1.0;0;0;0.0
448;ita000065;ita;squarcialeone;unknown;Capitan Squarcialeone;MALE;5;19;119;121;0;0;0;0;0.24;0.12;0.19;0.2;0.25;0.0;0.0;0.0;0.0;0.24;0.08;0.08;1.0;0;5;0.0
449;ita000065;ita;scaramuzza;unknown;Scaramuzza;MALE;5;28;155;184;0;0;0;0;0.34;0.09;0.08;0.34;0.16;0.0;0.0;0.0;0.0;0.35;0.11;0.12;1.0;0;4;0.0
450;ita000065;ita;fioretta;unknown;Fioretta;FEMALE;4;12;49;49;0;0;0;0;0.45;0.0;0.16;0.12;0.27;0.0;0.0;0.0;0.0;0.15;0.03;0.03;1.0;1;5;0.0
451;ita000065;ita;clarice;unknown;Clarice;FEMALE;5;11;57;58;0;0;0;0;0.19;0.22;0.14;0.17;0.28;0.0;0.0;0.0;0.0;0.14;0.04;0.04;1.0;2;6;0.0
452;ita000065;ita;alberto;unknown;Alberto;MALE;5;18;119;134;0;0;0;0;0.27;0.27;0.07;0.13;0.25;0.0;0.0;0.0;0.0;0.23;0.08;0.09;1.0;2;6;0.0
453;ita000065;ita;matamoros;unknown;Capitan Matamaros;MALE;5;23;148;160;0;0;0;0;0.08;0.03;0.14;0.33;0.42;0.0;0.0;0.0;0.0;0.29;0.1;0.1;1.0;0;5;0.0
454;ita000065;ita;lucilla;unknown;Lucilla;FEMALE;5;20;96;97;0;0;0;0;0.3;0.19;0.33;0.14;0.04;0.0;0.0;0.0;0.0;0.25;0.07;0.06;1.0;0;7;0.0
455;ita000065;ita;fulgenzio;unknown;Fulgenzio;MALE;5;24;126;129;0;0;0;0;0.16;0.15;0.25;0.15;0.3;0.0;0.0;0.0;0.0;0.3;0.09;0.08;1.0;2;7;0.0
456;ita000065;ita;volpone;unknown;Volpone;MALE;4;43;315;340;0;0;0;0;0.0;0.48;0.17;0.1;0.24;0.0;0.0;0.0;0.0;0.54;0.22;0.22;1.0;2;2;0.0
457;ita000065;ita;policinella;unknown;Policinella;MALE;4;25;230;254;0;0;0;0;0.0;0.31;0.17;0.24;0.28;0.0;0.0;0.0;0.0;0.32;0.16;0.16;1.0;3;2;0.0
458;ita000065;ita;scaltrino;unknown;Scaltrino;MALE;2;6;20;20;0;0;0;0;0.0;0.45;0.0;0.0;0.55;0.0;0.0;0.0;0.0;0.08;0.01;0.01;1.0;0;5;0.0
459;ita000067;ita;antigone;unknown;Antigone;FEMALE;3;7;53;209;0;0;0;0;0.39;0.09;0.0;0.52;0.0;0.0;0.0;0.0;0.0;0.41;0.19;0.15;0.75;0;2;0.0
460;ita000067;ita;edippo;unknown;Edippo;MALE;4;10;81;460;0;0;0;0;0.26;0.03;0.31;0.4;0.0;0.0;0.0;0.0;0.0;0.59;0.29;0.32;1.0;0;1;0.17
461;ita000067;ita;arcade;unknown;Arcade;MALE;3;3;9;32;0;0;0;0;0.72;0.16;0.0;0.12;0.0;0.0;0.0;0.0;0.0;0.18;0.03;0.02;0.75;0;2;0.0
462;ita000067;ita;teseo;unknown;Tesèo;MALE;3;5;23;93;0;0;0;0;0.0;0.16;0.75;0.09;0.0;0.0;0.0;0.0;0.0;0.29;0.08;0.06;1.0;1;1;0.17
463;ita000067;ita;talete;unknown;Talete;MALE;1;2;14;84;0;0;0;0;0.0;0.0;1.0;0.0;0.0;0.0;0.0;0.0;0.0;0.12;0.05;0.06;0.5;0;1;0.0
464;ita000069;ita;erope;unknown;Erope;FEMALE;5;12;95;468;0;0;0;0;0.37;0.06;0.31;0.21;0.06;0.0;0.0;0.0;0.0;0.5;0.28;0.28;1.0;0;0;0.0
465;ita000069;ita;ippodamia;unknown;Ippodamia;FEMALE;5;17;103;480;0;0;0;0;0.24;0.27;0.19;0.04;0.25;0.0;0.0;0.0;0.0;0.71;0.3;0.28;1.0;1;1;0.0
466;ita000069;ita;tieste;unknown;Tieste;MALE;4;8;84;383;0;0;0;0;0.0;0.2;0.2;0.38;0.22;0.0;0.0;0.0;0.0;0.33;0.24;0.23;1.0;2;0;0.0
467;ita000069;ita;atreo;unknown;Atreo;MALE;4;11;63;363;0;0;0;0;0.0;0.3;0.09;0.23;0.38;0.0;0.0;0.0;0.0;0.46;0.18;0.21;1.0;1;1;0.0
468;ita000071;ita;coro;unknown;Coro;FEMALE;5;6;7;248;0;0;0;0;0.27;0.23;0.26;0.17;0.06;0.0;0.0;0.0;0.0;0.17;0.02;0.08;0.71;0;1;0.18
469;ita000071;ita;cleopatra;unknown;Cleopatra;FEMALE;4;8;66;551;0;0;0;0;0.25;0.21;0.0;0.37;0.18;0.0;0.0;0.0;0.0;0.23;0.19;0.18;0.59;3;5;0.06
470;ita000071;ita;nutrice;unknown;Nutrice di Cleopatra;FEMALE;3;8;40;201;0;0;0;0;0.78;0.02;0.19;0.0;0.0;0.0;0.0;0.0;0.0;0.23;0.12;0.06;0.47;1;3;0.04
471;ita000071;ita;famigliare;unknown;Famigliar di Cleopatra;MALE;2;3;11;130;0;0;0;0;0.66;0.0;0.0;0.0;0.34;0.0;0.0;0.0;0.0;0.09;0.03;0.04;0.24;2;0;0.0
472;ita000071;ita;marco_antonio;unknown;Marco Antonio;MALE;2;3;23;112;0;0;0;0;0.81;0.19;0.0;0.0;0.0;0.0;0.0;0.0;0.0;0.09;0.07;0.04;0.35;0;2;0.04
473;ita000071;ita;capitano;unknown;Capitano di Marco Antonio;MALE;2;5;17;209;0;0;0;0;0.76;0.0;0.24;0.0;0.0;0.0;0.0;0.0;0.0;0.14;0.05;0.07;0.41;2;3;0.06
474;ita000071;ita;servo;unknown;Servo di Marco Antonio;MALE;2;3;6;69;0;0;0;0;0.13;0.0;0.87;0.0;0.0;0.0;0.0;0.0;0.0;0.09;0.02;0.02;0.18;0;0;0.0
475;ita000071;ita;cameriera;unknown;Cameriera di Cleopatra;FEMALE;4;5;13;41;0;0;0;0;0.07;0.66;0.2;0.07;0.0;0.0;0.0;0.0;0.0;0.14;0.04;0.01;0.41;1;2;0.03
476;ita000071;ita;eunuco;unknown;Eunuco di Cleopatra;MALE;2;4;22;131;0;0;0;0;0.02;0.98;0.0;0.0;0.0;0.0;0.0;0.0;0.0;0.11;0.06;0.04;0.29;1;1;0.0
477;ita000071;ita;secretario;unknown;Segretario di Cleopatra;MALE;1;1;1;49;0;0;0;0;0.0;1.0;0.0;0.0;0.0;0.0;0.0;0.0;0.0;0.03;0.0;0.02;0.0;0;0;0.0
478;ita000071;ita;ottavio;unknown;Ottavio;MALE;4;5;29;190;0;0;0;0;0.0;0.23;0.29;0.2;0.27;0.0;0.0;0.0;0.0;0.14;0.08;0.06;0.53;2;7;0.09
479;ita000071;ita;agrippa;unknown;Agrippa;MALE;3;8;29;235;0;0;0;0;0.0;0.34;0.22;0.44;0.0;0.0;0.0;0.0;0.0;0.23;0.08;0.08;0.35;1;2;0.03
480;ita000071;ita;mecenate;unknown;Mecenate;MALE;2;5;24;344;0;0;0;0;0.0;0.56;0.44;0.0;0.0;0.0;0.0;0.0;0.0;0.14;0.07;0.11;0.35;1;2;0.04
481;ita000071;ita;alfiere;unknown;Alfier del General di Ottavio;MALE;1;1;1;10;0;0;0;0;0.0;1.0;0.0;0.0;0.0;0.0;0.0;0.0;0.0;0.03;0.0;0.0;0.24;1;0;0.0
482;ita000071;ita;olimpo;unknown;Olimpo;MALE;3;8;29;245;0;0;0;0;0.0;0.0;0.22;0.65;0.13;0.0;0.0;0.0;0.0;0.23;0.08;0.08;0.35;2;2;0.02
483;ita000071;ita;proculeio;unknown;Proculeio;MALE;2;3;13;104;0;0;0;0;0.0;0.0;0.0;0.52;0.48;0.0;0.0;0.0;0.0;0.09;0.04;0.03;0.41;1;2;0.03
484;ita000071;ita;gallo;unknown;Gallo;MALE;2;5;13;74;0;0;0;0;0.0;0.0;0.0;0.45;0.55;0.0;0.0;0.0;0.0;0.14;0.04;0.02;0.41;2;2;0.02
485;ita000071;ita;sacerdote;unknown;Sacerdote di Cleopatra;MALE;1;1;3;109;0;0;0;0;0.0;0.0;0.0;0.0;1.0;0.0;0.0;0.0;0.0;0.03;0.01;0.03;0.18;1;0;0.0
486;ita000072;ita;choro;unknown;Choro;MALE;4;6;21;211;0;0;0;0;0.0;0.35;0.27;0.21;0.18;0.0;0.0;0.0;0.0;0.3;0.05;0.09;0.56;0;3;0.03
487;ita000072;ita;oreadi;unknown;Oreadi;FEMALE;1;1;6;25;0;0;0;0;0.0;0.0;1.0;0.0;0.0;0.0;0.0;0.0;0.0;0.05;0.02;0.01;0.22;4;0;0.0
488;ita000072;ita;driadi;unknown;Driadi;FEMALE;1;1;6;15;0;0;0;0;0.0;0.0;1.0;0.0;0.0;0.0;0.0;0.0;0.0;0.05;0.02;0.01;0.22;3;0;0.0
489;ita000072;ita;napee;unknown;Napee;FEMALE;1;1;7;44;0;0;0;0;0.0;0.0;1.0;0.0;0.0;0.0;0.0;0.0;0.0;0.05;0.02;0.02;0.22;2;0;0.0
490;ita000072;ita;naiadi;unknown;Naiadi;FEMALE;1;1;3;36;0;0;0;0;0.0;0.0;1.0;0.0;0.0;0.0;0.0;0.0;0.0;0.05;0.01;0.01;0.22;0;0;0.0
491;ita000072;ita;amadriadi;unknown;Amadriadi;FEMALE;1;1;5;19;0;0;0;0;0.0;0.0;0.0;1.0;0.0;0.0;0.0;0.0;0.0;0.05;0.01;0.01;0.28;3;2;0.0
492;ita000072;ita;nimphe;unknown;Nimphe;FEMALE;2;4;21;59;0;0;0;0;0.0;0.0;0.0;0.46;0.54;0.0;0.0;0.0;0.0;0.2;0.05;0.02;0.61;2;6;0.04
493;ita000072;ita;satiri_pioccioli;unknown;Satiri Pioccioli;MALE;1;1;1;4;0;0;0;0;0.0;0.0;0.0;1.0;0.0;0.0;0.0;0.0;0.0;0.05;0.0;0.0;0.28;1;1;0.0
494;ita000072;ita;satiri_piccioli;unknown;Satiri Piccioli;MALE;2;3;6;29;0;0;0;0;0.0;0.0;0.0;0.31;0.69;0.0;0.0;0.0;0.0;0.15;0.02;0.01;0.61;1;4;0.04
495;ita000072;ita;satiri;unknown;Satiri;MALE;1;1;3;12;0;0;0;0;0.0;0.0;0.0;0.0;1.0;0.0;0.0;0.0;0.0;0.05;0.01;0.0;0.06;0;0;0.0
496;ita000072;ita;silvano;unknown;Silvano;MALE;3;4;35;213;0;0;0;0;0.37;0.0;0.0;0.3;0.33;0.0;0.0;0.0;0.0;0.2;0.09;0.09;0.22;0;1;0.0
497;ita000072;ita;satiro;unknown;Satiro;MALE;4;6;49;178;0;0;0;0;0.24;0.29;0.37;0.0;0.11;0.0;0.0;0.0;0.0;0.3;0.13;0.07;0.5;1;5;0.02
498;ita000072;ita;fauno;unknown;Fauno;MALE;3;4;28;143;0;0;0;0;0.44;0.44;0.12;0.0;0.0;0.0;0.0;0.0;0.0;0.2;0.07;0.06;0.17;1;0;0.0
499;ita000072;ita;sileno;unknown;Sileno;MALE;3;4;28;121;0;0;0;0;0.41;0.0;0.0;0.32;0.26;0.0;0.0;0.0;0.0;0.2;0.07;0.05;0.39;1;4;0.0
500;ita000072;ita;egle;unknown;Egle;FEMALE;4;12;87;604;0;0;0;0;0.0;0.24;0.42;0.2;0.14;0.0;0.0;0.0;0.0;0.6;0.23;0.24;1.0;2;8;0.55
501;ita000072;ita;pane;unknown;Pane;MALE;2;6;56;470;0;0;0;0;0.0;0.0;0.0;0.69;0.31;0.0;0.0;0.0;0.0;0.3;0.15;0.19;0.44;2;2;0.01
502;ita000072;ita;siringa;unknown;Siringa;FEMALE;1;2;21;99;0;0;0;0;0.0;0.0;0.0;1.0;0.0;0.0;0.0;0.0;0.0;0.1;0.05;0.04;0.33;0;1;0.0
503;ita000072;ita;satiro_grande;unknown;Satiro Grande;MALE;1;1;2;4;0;0;0;0;0.0;0.0;0.0;0.0;1.0;0.0;0.0;0.0;0.0;0.05;0.01;0.0;0.33;0;3;0.0
504;ita000072;ita;satiro_piccolo;unknown;Satiro Piccolo;MALE;1;1;1;3;0;0;0;0;0.0;0.0;0.0;0.0;1.0;0.0;0.0;0.0;0.0;0.05;0.0;0.0;0.33;0;0;0.0
505;ita000073;ita;choro;unknown;Choro di Satiri;MALE;5;8;24;264;0;0;0;0;0.17;0.28;0.21;0.17;0.17;0.0;0.0;0.0;0.0;0.38;0.05;0.09;0.5;0;2;0.01
506;ita000073;ita;oreadi;unknown;Oreadi;FEMALE;1;1;5;21;0;0;0;0;0.0;0.0;1.0;0.0;0.0;0.0;0.0;0.0;0.0;0.05;0.01;0.01;0.25;4;0;0.0
507;ita000073;ita;driadi;unknown;Driadi;FEMALE;1;1;6;41;0;0;0;0;0.0;0.0;1.0;0.0;0.0;0.0;0.0;0.0;0.0;0.05;0.01;0.01;0.25;3;0;0.0
508;ita000073;ita;nappee;unknown;Nappee;FEMALE;1;1;6;59;0;0;0;0;0.0;0.0;1.0;0.0;0.0;0.0;0.0;0.0;0.0;0.05;0.01;0.02;0.25;2;0;0.0
509;ita000073;ita;naiadi;unknown;Naiadi;FEMALE;1;1;3;22;0;0;0;0;0.0;0.0;1.0;0.0;0.0;0.0;0.0;0.0;0.0;0.05;0.01;0.01;0.25;0;0;0.0
510;ita000073;ita;amadriadi;unknown;Amadriadi;FEMALE;1;1;8;39;0;0;0;0;0.0;0.0;0.0;1.0;0.0;0.0;0.0;0.0;0.0;0.05;0.02;0.01;0.25;3;1;0.0
511;ita000073;ita;nimphe;unknown;Nimphe;FEMALE;2;4;24;73;0;0;0;0;0.0;0.0;0.0;0.56;0.44;0.0;0.0;0.0;0.0;0.19;0.05;0.03;0.56;2;2;0.02
512;ita000073;ita;satiri_piccioli;unknown;Satiri Piccioli;MALE;2;3;10;42;0;0;0;0;0.0;0.0;0.0;0.36;0.64;0.0;0.0;0.0;0.0;0.14;0.02;0.01;0.56;1;1;0.02
513;ita000073;ita;silvano;unknown;Silvano;MALE;2;3;33;155;0;0;0;0;0.0;0.0;0.0;0.4;0.6;0.0;0.0;0.0;0.0;0.14;0.07;0.05;0.5;3;1;0.01
514;ita000073;ita;satiro;unknown;Satiro;MALE;4;7;61;230;0;0;0;0;0.28;0.26;0.35;0.0;0.11;0.0;0.0;0.0;0.0;0.33;0.14;0.08;0.5;2;6;0.01
515;ita000073;ita;fauno;unknown;Fauno;MALE;3;6;42;214;0;0;0;0;0.52;0.23;0.24;0.0;0.0;0.0;0.0;0.0;0.0;0.29;0.09;0.07;0.25;1;2;0.0
516;ita000073;ita;sileno;unknown;Sileno;MALE;3;5;39;136;0;0;0;0;0.46;0.0;0.0;0.3;0.24;0.0;0.0;0.0;0.0;0.24;0.09;0.05;0.62;2;6;0.07
517;ita000073;ita;egle;unknown;Egle;FEMALE;5;15;104;823;0;0;0;0;0.01;0.27;0.4;0.18;0.14;0.0;0.0;0.0;0.0;0.71;0.23;0.29;1.0;2;4;0.53
518;ita000073;ita;chromi;unknown;Chromi;MALE;1;1;1;4;0;0;0;0;1.0;0.0;0.0;0.0;0.0;0.0;0.0;0.0;0.0;0.05;0.0;0.0;0.19;0;1;0.0
519;ita000073;ita;mnasilo;unknown;Mnasilo;MALE;1;1;1;11;0;0;0;0;1.0;0.0;0.0;0.0;0.0;0.0;0.0;0.0;0.0;0.05;0.0;0.0;0.19;0;0;0.0
520;ita000073;ita;pane;unknown;Pane;MALE;2;6;56;467;0;0;0;0;0.0;0.0;0.0;0.67;0.33;0.0;0.0;0.0;0.0;0.29;0.13;0.16;0.5;2;2;0.01
521;ita000073;ita;siringa;unknown;Siringa;FEMALE;1;3;22;105;0;0;0;0;0.0;0.0;0.0;1.0;0.0;0.0;0.0;0.0;0.0;0.14;0.05;0.04;0.38;0;1;0.0
522;ita000074;ita;coro;unknown;Coro;MALE;5;7;22;256;0;0;0;0;0.17;0.29;0.22;0.17;0.15;0.0;0.0;0.0;0.0;0.33;0.05;0.1;0.44;0;1;0.02
523;ita000074;ita;oreadi;unknown;Oreadi;FEMALE;1;1;6;25;0;0;0;0;0.0;0.0;1.0;0.0;0.0;0.0;0.0;0.0;0.0;0.05;0.01;0.01;0.22;4;0;0.0
524;ita000074;ita;driadi;unknown;Driadi;FEMALE;1;1;6;15;0;0;0;0;0.0;0.0;1.0;0.0;0.0;0.0;0.0;0.0;0.0;0.05;0.01;0.01;0.22;3;0;0.0
525;ita000074;ita;napee;unknown;Napee;FEMALE;1;1;7;44;0;0;0;0;0.0;0.0;1.0;0.0;0.0;0.0;0.0;0.0;0.0;0.05;0.02;0.02;0.22;2;0;0.0
526;ita000074;ita;naiadi;unknown;Naiadi;FEMALE;1;1;3;35;0;0;0;0;0.0;0.0;1.0;0.0;0.0;0.0;0.0;0.0;0.0;0.05;0.01;0.01;0.22;0;0;0.0
527;ita000074;ita;amadriadi;unknown;Amadriadi;FEMALE;1;1;5;19;0;0;0;0;0.0;0.0;0.0;1.0;0.0;0.0;0.0;0.0;0.0;0.05;0.01;0.01;0.22;3;1;0.0
528;ita000074;ita;ninfe;unknown;Ninfe;FEMALE;2;4;21;60;0;0;0;0;0.0;0.0;0.0;0.47;0.53;0.0;0.0;0.0;0.0;0.19;0.05;0.02;0.5;2;3;0.03
529;ita000074;ita;satiri_piccioli;unknown;Satiri piccioli;MALE;2;3;8;36;0;0;0;0;0.0;0.0;0.0;0.36;0.64;0.0;0.0;0.0;0.0;0.14;0.02;0.01;0.5;1;2;0.03
530;ita000074;ita;satiri;unknown;Satiri;MALE;1;1;3;14;0;0;0;0;0.0;0.0;0.0;0.0;1.0;0.0;0.0;0.0;0.0;0.05;0.01;0.01;0.06;0;0;0.0
531;ita000074;ita;silvano;unknown;Silvano;MALE;3;3;34;207;0;0;0;0;0.38;0.0;0.0;0.28;0.34;0.0;0.0;0.0;0.0;0.14;0.08;0.08;0.06;0;0;0.0
532;ita000074;ita;satiro;unknown;Satiro;MALE;4;6;54;201;0;0;0;0;0.34;0.25;0.32;0.0;0.08;0.0;0.0;0.0;0.0;0.29;0.13;0.08;0.39;2;5;0.01
533;ita000074;ita;fauno;unknown;Fauno;MALE;3;5;31;152;0;0;0;0;0.48;0.41;0.11;0.0;0.0;0.0;0.0;0.0;0.0;0.24;0.08;0.06;0.22;1;2;0.0
534;ita000074;ita;sileno;unknown;Sileno;MALE;3;5;40;140;0;0;0;0;0.48;0.0;0.0;0.29;0.23;0.0;0.0;0.0;0.0;0.24;0.1;0.05;0.5;2;5;0.05
535;ita000074;ita;egle;unknown;Egle;FEMALE;5;14;88;608;0;0;0;0;0.01;0.24;0.41;0.2;0.13;0.0;0.0;0.0;0.0;0.67;0.21;0.23;0.94;2;6;0.58
536;ita000074;ita;cromi;unknown;Cromi;MALE;1;1;1;4;0;0;0;0;1.0;0.0;0.0;0.0;0.0;0.0;0.0;0.0;0.0;0.05;0.0;0.0;0.17;0;1;0.0
537;ita000074;ita;mnasilo;unknown;Mnasilo;MALE;1;1;1;11;0;0;0;0;1.0;0.0;0.0;0.0;0.0;0.0;0.0;0.0;0.0;0.05;0.0;0.0;0.17;0;0;0.0
538;ita000074;ita;pane;unknown;Pane;MALE;2;6;57;479;0;0;0;0;0.0;0.0;0.0;0.69;0.31;0.0;0.0;0.0;0.0;0.29;0.14;0.18;0.44;2;2;0.12
539;ita000074;ita;siringa;unknown;Siringa;FEMALE;1;2;21;99;0;0;0;0;0.0;0.0;0.0;1.0;0.0;0.0;0.0;0.0;0.0;0.1;0.05;0.04;0.28;0;1;0.0
540;ita000074;ita;satiro_grande;unknown;Satiro grande;MALE;1;1;3;6;0;0;0;0;0.0;0.0;0.0;0.0;1.0;0.0;0.0;0.0;0.0;0.05;0.01;0.0;0.22;0;1;0.0
541;ita000075;ita;lamprino;unknown;Lamprino;MALE;5;8;49;215;0;0;0;0;0.48;0.13;0.16;0.06;0.17;0.0;0.0;0.0;0.0;0.27;0.09;0.1;0.29;0;2;0.0
542;ita000075;ita;nastagio;unknown;Nastagio;MALE;5;11;115;363;0;0;0;0;0.14;0.07;0.07;0.33;0.4;0.0;0.0;0.0;0.0;0.37;0.21;0.17;0.79;2;8;0.21
543;ita000075;ita;chelidonia;unknown;Chelidonia;FEMALE;3;11;88;347;0;0;0;0;0.08;0.67;0.24;0.0;0.0;0.0;0.0;0.0;0.0;0.37;0.16;0.17;0.43;0;3;0.16
544;ita000075;ita;eutiche;unknown;Eutiche;FEMALE;3;5;40;135;0;0;0;0;0.0;0.36;0.53;0.0;0.1;0.0;0.0;0.0;0.0;0.17;0.07;0.06;0.5;1;2;0.07
545;ita000075;ita;linda;unknown;Linda;MALE;4;6;26;148;0;0;0;0;0.0;0.3;0.25;0.39;0.07;0.0;0.0;0.0;0.0;0.2;0.05;0.07;0.71;1;1;0.12
546;ita000075;ita;castaldo;unknown;Castaldo;MALE;2;5;20;48;0;0;0;0;0.0;0.06;0.0;0.94;0.0;0.0;0.0;0.0;0.0;0.17;0.04;0.02;0.43;0;2;0.02
547;ita000075;ita;carino;unknown;Carino;MALE;2;3;23;104;0;0;0;0;0.0;0.73;0.27;0.0;0.0;0.0;0.0;0.0;0.0;0.1;0.04;0.05;0.07;0;0;0.0
548;ita000075;ita;cosmo;unknown;Cosmo;MALE;2;7;42;156;0;0;0;0;0.0;0.0;0.42;0.0;0.58;0.0;0.0;0.0;0.0;0.23;0.08;0.07;0.64;2;4;0.05
549;ita000075;ita;ragazzo;unknown;Ragazzo;MALE;2;2;4;7;0;0;0;0;0.0;0.0;0.29;0.0;0.71;0.0;0.0;0.0;0.0;0.07;0.01;0.0;0.36;2;1;0.01
550;ita000075;ita;macaria;unknown;Madonna Macaria;FEMALE;2;5;17;59;0;0;0;0;0.0;0.0;0.02;0.0;0.98;0.0;0.0;0.0;0.0;0.17;0.03;0.03;0.64;1;4;0.05
551;ita000075;ita;capitano;unknown;Capitano della Pregione;MALE;2;3;11;48;0;0;0;0;0.0;0.0;0.54;0.0;0.46;0.0;0.0;0.0;0.0;0.1;0.02;0.02;0.36;0;0;0.0
552;ita000075;ita;fratello;unknown;Fratello del Podestà;MALE;2;7;59;173;0;0;0;0;0.0;0.0;0.09;0.0;0.91;0.0;0.0;0.0;0.0;0.23;0.11;0.08;0.57;1;4;0.03
553;ita000075;ita;lino;unknown;Lino;MALE;2;2;39;171;0;0;0;0;0.0;0.0;0.0;0.74;0.26;0.0;0.0;0.0;0.0;0.07;0.07;0.08;0.5;1;6;0.03
554;ita000075;ita;cavaliere;unknown;Cavaliere del Podestà;MALE;1;1;5;10;0;0;0;0;0.0;0.0;0.0;1.0;0.0;0.0;0.0;0.0;0.0;0.03;0.01;0.0;0.29;0;0;0.0
555;ita000075;ita;famiglio;unknown;Famiglio;MALE;1;1;1;2;0;0;0;0;0.0;0.0;0.0;0.0;1.0;0.0;0.0;0.0;0.0;0.03;0.0;0.0;0.29;0;0;0.0
556;ita000076;ita;furie;unknown;Furie;FEMALE;1;1;2;11;0;0;0;0;1.0;0.0;0.0;0.0;0.0;0.0;0.0;0.0;0.0;0.07;0.01;0.0;0.07;0;0;0.0
557;ita000076;ita;coro;unknown;Coro;FEMALE;3;3;18;79;0;0;0;0;0.0;0.0;0.11;0.63;0.25;0.0;0.0;0.0;0.0;0.2;0.07;0.02;0.5;0;0;0.05
558;ita000076;ita;semicoro;unknown;Semicoro;FEMALE;1;1;2;61;0;0;0;0;0.0;0.0;0.0;0.0;1.0;0.0;0.0;0.0;0.0;0.07;0.01;0.02;0.21;0;0;0.0
559;ita000076;ita;donne;unknown;Donne di corte;FEMALE;1;1;4;4;0;0;0;0;0.0;0.0;0.0;0.0;1.0;0.0;0.0;0.0;0.0;0.07;0.02;0.0;0.21;1;0;0.0
560;ita000076;ita;nemesi;unknown;Nemesi;FEMALE;1;1;3;119;0;0;0;0;1.0;0.0;0.0;0.0;0.0;0.0;0.0;0.0;0.0;0.07;0.01;0.04;0.07;1;0;0.0
561;ita000076;ita;ombra_di_selina;unknown;Ombra di Selina;UNKNOWN;1;1;1;89;0;0;0;0;1.0;0.0;0.0;0.0;0.0;0.0;0.0;0.0;0.0;0.07;0.0;0.03;0.0;0;0;0.0
562;ita000076;ita;orbecche;unknown;Orbecche;FEMALE;3;6;48;546;0;0;0;0;0.0;0.46;0.05;0.0;0.49;0.0;0.0;0.0;0.0;0.4;0.2;0.16;0.5;4;1;0.04
563;ita000076;ita;nodrice;unknown;Nodrice;FEMALE;2;4;21;326;0;0;0;0;0.0;0.55;0.0;0.0;0.45;0.0;0.0;0.0;0.0;0.27;0.09;0.1;0.43;3;2;0.03
564;ita000076;ita;oronte;unknown;Oronte;MALE;2;4;17;281;0;0;0;0;0.0;0.45;0.55;0.0;0.0;0.0;0.0;0.0;0.0;0.27;0.07;0.08;0.5;2;3;0.06
565;ita000076;ita;malecche;unknown;Malecche;MALE;1;3;30;611;0;0;0;0;0.0;0.0;1.0;0.0;0.0;0.0;0.0;0.0;0.0;0.2;0.12;0.18;0.36;2;1;0.01
566;ita000076;ita;sulmone;unknown;Sulmone;MALE;2;5;56;390;0;0;0;0;0.0;0.0;0.63;0.0;0.37;0.0;0.0;0.0;0.0;0.33;0.23;0.11;0.64;2;4;0.14
567;ita000076;ita;messo;unknown;Messo;MALE;2;2;16;256;0;0;0;0;0.0;0.0;0.04;0.96;0.0;0.0;0.0;0.0;0.0;0.13;0.07;0.08;0.21;1;1;0.0
568;ita000076;ita;tamule;unknown;Tamule;MALE;2;2;7;28;0;0;0;0;0.0;0.0;0.11;0.0;0.89;0.0;0.0;0.0;0.0;0.13;0.03;0.01;0.21;0;1;0.0
569;ita000076;ita;allocche;unknown;Allocche;MALE;2;2;8;46;0;0;0;0;0.0;0.0;0.04;0.0;0.96;0.0;0.0;0.0;0.0;0.13;0.03;0.01;0.21;0;0;0.0
570;ita000077;ita;eugenia;unknown;Eugenia;FEMALE;3;30;329;329;0;0;0;0;0.4;0.29;0.32;0.0;0.0;0.0;0.0;0.0;0.0;0.73;0.29;0.28;0.9;3;0;0.12
571;ita000077;ita;flamminia;unknown;Flamminia;FEMALE;3;20;173;178;0;0;0;0;0.43;0.29;0.28;0.0;0.0;0.0;0.0;0.0;0.0;0.49;0.15;0.15;0.9;2;2;0.11
572;ita000077;ita;tognino;unknown;Tognino;MALE;2;5;48;48;0;0;0;0;0.46;0.0;0.54;0.0;0.0;0.0;0.0;0.0;0.0;0.12;0.04;0.04;0.3;2;0;0.0
573;ita000077;ita;fabrizio;unknown;Fabrizio;MALE;3;13;155;157;0;0;0;0;0.32;0.49;0.18;0.0;0.0;0.0;0.0;0.0;0.0;0.32;0.13;0.13;0.8;4;4;0.07
574;ita000077;ita;roberto;unknown;Roberto;MALE;3;11;69;70;0;0;0;0;0.27;0.54;0.19;0.0;0.0;0.0;0.0;0.0;0.0;0.27;0.06;0.06;0.8;4;2;0.04
575;ita000077;ita;succianespole;unknown;Succianespole;MALE;2;4;45;45;0;0;0;0;0.62;0.38;0.0;0.0;0.0;0.0;0.0;0.0;0.0;0.1;0.04;0.04;0.4;0;0;0.0
576;ita000077;ita;lisetta;unknown;Lisetta;FEMALE;3;7;60;61;0;0;0;0;0.33;0.13;0.54;0.0;0.0;0.0;0.0;0.0;0.0;0.17;0.05;0.05;0.7;1;2;0.03
577;ita000077;ita;ridolfo;unknown;Ridolfo;MALE;3;8;48;48;0;0;0;0;0.46;0.31;0.23;0.0;0.0;0.0;0.0;0.0;0.0;0.2;0.04;0.04;0.7;1;1;0.02
578;ita000077;ita;fulgenzio;unknown;Fulgenzio;MALE;3;17;214;211;0;0;0;0;0.27;0.43;0.3;0.0;0.0;0.0;0.0;0.0;0.0;0.41;0.19;0.18;0.8;5;2;0.06
579;ita000077;ita;flam;unknown;Flamminia;FEMALE;1;1;1;1;0;0;0;0;0.0;1.0;0.0;0.0;0.0;0.0;0.0;0.0;0.0;0.02;0.0;0.0;0.4;0;0;0.0
580;ita000077;ita;clorinda;unknown;Clorinda;FEMALE;1;2;11;11;0;0;0;0;0.0;1.0;0.0;0.0;0.0;0.0;0.0;0.0;0.0;0.05;0.01;0.01;0.3;0;0;0.0
581;ita000078;ita;lucietta;unknown;Lucietta;FEMALE;3;15;214;257;0;0;0;0;0.23;0.7;0.07;0.0;0.0;0.0;0.0;0.0;0.0;0.52;0.15;0.15;1.0;1;2;0.03
582;ita000078;ita;margarita;unknown;Margarita;FEMALE;3;17;256;312;0;0;0;0;0.34;0.62;0.05;0.0;0.0;0.0;0.0;0.0;0.0;0.59;0.18;0.18;1.0;0;3;0.03
583;ita000078;ita;lunardo;unknown;Lunardo;MALE;3;15;244;301;0;0;0;0;0.37;0.36;0.28;0.0;0.0;0.0;0.0;0.0;0.0;0.52;0.17;0.18;0.9;3;3;0.0
584;ita000078;ita;maurizio;unknown;Maurizio;MALE;3;4;47;57;0;0;0;0;0.61;0.16;0.23;0.0;0.0;0.0;0.0;0.0;0.0;0.14;0.03;0.03;0.9;4;3;0.0
585;ita000078;ita;marina;unknown;Marina;FEMALE;3;16;201;236;0;0;0;0;0.49;0.48;0.03;0.0;0.0;0.0;0.0;0.0;0.0;0.55;0.14;0.14;1.0;3;4;0.03
586;ita000078;ita;felippetto;unknown;Felippetto;MALE;3;5;65;74;0;0;0;0;0.55;0.3;0.15;0.0;0.0;0.0;0.0;0.0;0.0;0.17;0.05;0.04;0.9;1;1;0.0
587;ita000078;ita;simon;unknown;Simon;MALE;3;12;114;135;0;0;0;0;0.33;0.3;0.36;0.0;0.0;0.0;0.0;0.0;0.0;0.41;0.08;0.08;0.9;2;4;0.0
588;ita000078;ita;felice;unknown;Felice;FEMALE;3;12;155;191;0;0;0;0;0.29;0.34;0.38;0.0;0.0;0.0;0.0;0.0;0.0;0.41;0.11;0.11;1.0;2;3;0.03
589;ita000078;ita;canciano;unknown;Canciano;MALE;3;10;70;78;0;0;0;0;0.36;0.05;0.59;0.0;0.0;0.0;0.0;0.0;0.0;0.34;0.05;0.05;0.9;0;1;0.0
590;ita000078;ita;riccardo;unknown;Il conte Riccardo;MALE;2;4;36;36;0;0;0;0;0.58;0.42;0.0;0.0;0.0;0.0;0.0;0.0;0.0;0.14;0.03;0.02;0.9;2;3;0.0
591;ita000078;ita;margarita lucietta marina;unknown;UNKNOWN;u;1;1;1;1;0;0;0;0;0.0;1.0;0.0;0.0;0.0;0.0;0.0;0.0;0.0;0.03;0.0;0.0;0.4;3;0;0.0
592;ita000079;ita;zorzetto;unknown;Zorzetto;MALE;5;21;98;139;0;0;0;0;0.43;0.26;0.13;0.09;0.09;0.0;0.0;0.0;0.0;0.34;0.07;0.06;0.89;6;0;0.04
593;ita000079;ita;lucietta;unknown;Lucietta;FEMALE;5;37;227;336;0;0;0;0;0.23;0.16;0.32;0.04;0.25;0.0;0.0;0.0;0.0;0.61;0.16;0.14;1.0;5;1;0.09
594;ita000079;ita;gnese;unknown;Gnese;FEMALE;5;30;131;186;0;0;0;0;0.13;0.32;0.18;0.04;0.32;0.0;0.0;0.0;0.0;0.49;0.09;0.08;1.0;4;2;0.09
595;ita000079;ita;orsola;unknown;Orsola;FEMALE;5;27;154;207;0;0;0;0;0.08;0.32;0.23;0.05;0.31;0.0;0.0;0.0;0.0;0.44;0.11;0.09;1.0;3;1;0.09
596;ita000079;ita;gasparina;unknown;Gasparina;FEMALE;5;14;151;285;0;0;0;0;0.35;0.21;0.1;0.22;0.12;0.0;0.0;0.0;0.0;0.23;0.1;0.12;0.58;2;3;0.0
597;ita000079;ita;pasqua;unknown;Donna Pasqua Polegana;FEMALE;5;15;115;204;0;0;0;0;0.32;0.35;0.16;0.06;0.11;0.0;0.0;0.0;0.0;0.25;0.08;0.09;0.84;1;2;0.03
598;ita000079;ita;catte;unknown;Donna Catte Panchiana;FEMALE;5;24;151;268;0;0;0;0;0.31;0.03;0.46;0.02;0.19;0.0;0.0;0.0;0.0;0.39;0.1;0.11;0.84;0;0;0.03
599;ita000079;ita;cavaliere;unknown;Il Cavaliere Fabrizio;MALE;5;28;204;369;0;0;0;0;0.13;0.25;0.12;0.31;0.19;0.0;0.0;0.0;0.0;0.46;0.14;0.15;0.74;2;2;0.01
600;ita000079;ita;sansuga;unknown;Sansuga;MALE;4;5;30;45;0;0;0;0;0.49;0.0;0.16;0.29;0.07;0.0;0.0;0.0;0.0;0.08;0.02;0.02;0.47;6;3;0.0
601;ita000079;ita;anzoletto;unknown;Anzoletto;MALE;5;22;100;155;0;0;0;0;0.06;0.13;0.49;0.06;0.26;0.0;0.0;0.0;0.0;0.36;0.07;0.07;0.79;2;2;0.02
602;ita000079;ita;fabrizio;unknown;Il Cavaliere Fabrizio;MALE;3;9;82;157;0;0;0;0;0.0;0.0;0.15;0.51;0.34;0.0;0.0;0.0;0.0;0.15;0.06;0.07;0.68;5;2;0.02
603;ita000079;ita;lucietta catte;unknown;UNKNOWN;u;1;1;1;1;0;0;0;0;0.0;0.0;1.0;0.0;0.0;0.0;0.0;0.0;0.0;0.02;0.0;0.0;0.37;0;0;0.0
604;ita000079;ita;pasqua orsola zorzetto;unknown;UNKNOWN;u;1;1;1;1;0;0;0;0;0.0;0.0;1.0;0.0;0.0;0.0;0.0;0.0;0.0;0.02;0.0;0.0;0.37;0;0;0.0
605;ita000079;ita;orsola pasqua zorzetto;unknown;UNKNOWN;u;1;1;1;1;0;0;0;0;0.0;0.0;1.0;0.0;0.0;0.0;0.0;0.0;0.0;0.02;0.0;0.0;0.26;0;0;0.0
606;ita000079;ita;pasqua gnese zorzetto lucietta catte orsola;unknown;UNKNOWN;u;1;1;3;3;0;0;0;0;0.0;0.0;1.0;0.0;0.0;0.0;0.0;0.0;0.0;0.02;0.0;0.0;0.26;0;0;0.0
607;ita000079;ita;cavaliere anzoletto;unknown;UNKNOWN;u;1;1;1;1;0;0;0;0;0.0;0.0;1.0;0.0;0.0;0.0;0.0;0.0;0.0;0.02;0.0;0.0;0.42;5;3;0.0
608;ita000079;ita;gasparina cavaliere lucietta orsola gnese zorzetto pasqua catte anzoletto;unknown;UNKNOWN;u;1;1;1;1;0;0;0;0;0.0;0.0;1.0;0.0;0.0;0.0;0.0;0.0;0.0;0.02;0.0;0.0;0.53;3;2;0.0
609;ita000079;ita;gasparina cavaliere fabrizio lucietta anzoletto catte pasqua orsola gnese zorzetto;unknown;UNKNOWN;u;1;1;8;9;0;0;0;0;0.0;0.0;0.0;1.0;0.0;0.0;0.0;0.0;0.0;0.02;0.01;0.0;0.47;2;2;0.0
610;ita000079;ita;lucietta gnese;unknown;UNKNOWN;u;1;1;1;1;0;0;0;0;0.0;0.0;0.0;0.0;1.0;0.0;0.0;0.0;0.0;0.02;0.0;0.0;0.26;0;1;0.0
611;ita000079;ita;pasqua catte;unknown;UNKNOWN;u;1;1;1;1;0;0;0;0;0.0;0.0;0.0;0.0;1.0;0.0;0.0;0.0;0.0;0.02;0.0;0.0;0.42;0;2;0.0
612;ita000080;ita;camerieri;unknown;Camerieri d'osteria;MALE;2;5;44;44;0;0;0;0;0.0;0.77;0.23;0.0;0.0;0.0;0.0;0.0;0.0;0.08;0.03;0.03;0.45;1;2;0.0
613;ita000080;ita;silvio;unknown;Silvio;MALE;3;17;114;114;0;0;0;0;0.32;0.39;0.28;0.0;0.0;0.0;0.0;0.0;0.0;0.29;0.08;0.07;0.73;2;4;0.0
614;ita000080;ita;pantalone;unknown;Pantalone;MALE;3;22;192;192;0;0;0;0;0.46;0.25;0.29;0.0;0.0;0.0;0.0;0.0;0.0;0.37;0.13;0.13;0.82;2;3;0.07
615;ita000080;ita;clarice;unknown;Clarice;FEMALE;3;15;106;106;0;0;0;0;0.53;0.24;0.24;0.0;0.0;0.0;0.0;0.0;0.0;0.25;0.07;0.07;0.73;1;2;0.0
616;ita000080;ita;dottore;unknown;Dottore Lombardi;MALE;3;9;56;56;0;0;0;0;0.25;0.41;0.34;0.0;0.0;0.0;0.0;0.0;0.0;0.15;0.04;0.04;0.64;1;1;0.0
617;ita000080;ita;smeraldina;unknown;Smeraldina;FEMALE;3;13;94;94;0;0;0;0;0.13;0.69;0.18;0.0;0.0;0.0;0.0;0.0;0.0;0.22;0.06;0.06;0.82;1;2;0.02
618;ita000080;ita;brighella;unknown;Brighella;MALE;3;11;53;53;0;0;0;0;0.43;0.36;0.21;0.0;0.0;0.0;0.0;0.0;0.0;0.19;0.04;0.03;0.82;0;2;0.02
619;ita000080;ita;truffaldino;unknown;Truffaldino;MALE;3;31;373;387;0;0;0;0;0.3;0.38;0.32;0.0;0.0;0.0;0.0;0.0;0.0;0.53;0.25;0.25;0.91;3;4;0.06
620;ita000080;ita;beatrice;unknown;Beatrice;FEMALE;3;26;218;218;0;0;0;0;0.4;0.24;0.36;0.0;0.0;0.0;0.0;0.0;0.0;0.44;0.15;0.14;1.0;1;6;0.16
621;ita000080;ita;servitore;unknown;Servitore;MALE;1;1;2;2;0;0;0;0;1.0;0.0;0.0;0.0;0.0;0.0;0.0;0.0;0.0;0.02;0.0;0.0;0.18;0;0;0.0
622;ita000080;ita;facchino;unknown;Facchino;MALE;1;3;16;16;0;0;0;0;1.0;0.0;0.0;0.0;0.0;0.0;0.0;0.0;0.0;0.05;0.01;0.01;0.27;0;2;0.0
623;ita000080;ita;florindo;unknown;Florindo Aretusi;MALE;3;19;216;216;0;0;0;0;0.39;0.12;0.49;0.0;0.0;0.0;0.0;0.0;0.0;0.32;0.15;0.14;0.82;3;2;0.05
624;ita000081;ita;ottavio;unknown;Ottavio;MALE;3;24;257;257;0;0;0;0;0.44;0.26;0.3;0.0;0.0;0.0;0.0;0.0;0.0;0.65;0.28;0.26;1.0;1;5;0.05
625;ita000081;ita;florindo;unknown;Florindo;MALE;3;19;74;74;0;0;0;0;0.36;0.31;0.32;0.0;0.0;0.0;0.0;0.0;0.0;0.51;0.08;0.08;1.0;0;2;0.05
626;ita000081;ita;rosaura;unknown;Rosaura;FEMALE;3;16;84;84;0;0;0;0;0.24;0.51;0.25;0.0;0.0;0.0;0.0;0.0;0.0;0.43;0.09;0.09;1.0;0;5;0.05
627;ita000081;ita;pantalone;unknown;Pantalone;MALE;3;5;46;49;0;0;0;0;0.35;0.39;0.27;0.0;0.0;0.0;0.0;0.0;0.0;0.14;0.05;0.05;0.54;2;2;0.0
628;ita000081;ita;colombina;unknown;Colombina;FEMALE;3;11;53;53;0;0;0;0;0.42;0.36;0.23;0.0;0.0;0.0;0.0;0.0;0.0;0.3;0.06;0.05;0.69;1;4;0.01
629;ita000081;ita;brighella;unknown;Brighella;MALE;3;7;55;55;0;0;0;0;0.24;0.75;0.02;0.0;0.0;0.0;0.0;0.0;0.0;0.19;0.06;0.06;0.92;1;5;0.03
630;ita000081;ita;arlecchino;unknown;Arlecchino;MALE;3;3;38;40;0;0;0;0;0.5;0.35;0.15;0.0;0.0;0.0;0.0;0.0;0.0;0.08;0.04;0.04;0.46;1;2;0.0
631;ita000081;ita;beatrice;unknown;Beatrice;FEMALE;2;5;24;24;0;0;0;0;0.79;0.21;0.0;0.0;0.0;0.0;0.0;0.0;0.0;0.14;0.03;0.02;0.69;1;5;0.0
632;ita000081;ita;dottore;unknown;Dottore;MALE;3;11;57;57;0;0;0;0;0.32;0.19;0.49;0.0;0.0;0.0;0.0;0.0;0.0;0.3;0.06;0.06;0.92;0;1;0.03
633;ita000081;ita;lelio;unknown;Lelio;MALE;3;12;148;166;0;0;0;0;0.23;0.42;0.35;0.0;0.0;0.0;0.0;0.0;0.0;0.32;0.16;0.17;1.0;2;6;0.05
634;ita000081;ita;suggeritore;unknown;Il Suggeritore;MALE;2;5;14;14;0;0;0;0;0.0;0.43;0.57;0.0;0.0;0.0;0.0;0.0;0.0;0.14;0.02;0.01;0.62;2;6;0.0
635;ita000081;ita;eleonora;unknown;Eleonora;FEMALE;2;2;66;71;0;0;0;0;0.0;0.69;0.31;0.0;0.0;0.0;0.0;0.0;0.0;0.05;0.07;0.07;0.69;2;6;0.0
636;ita000081;ita;staffiere;unknown;Staffiere;MALE;1;1;2;2;0;0;0;0;0.0;1.0;0.0;0.0;0.0;0.0;0.0;0.0;0.0;0.03;0.0;0.0;0.69;0;0;0.0
637;ita000081;ita;rosaura lelio beatrice florindo dottore brighella;unknown;UNKNOWN;u;1;1;1;1;0;0;0;0;0.0;1.0;0.0;0.0;0.0;0.0;0.0;0.0;0.0;0.03;0.0;0.0;0.69;0;3;0.0
638;ita000082;ita;evaristo;unknown;Evaristo;MALE;3;13;188;188;0;0;0;0;0.32;0.21;0.47;0.0;0.0;0.0;0.0;0.0;0.0;0.35;0.12;0.12;1.0;4;9;0.01
639;ita000082;ita;barone;unknown;Barone del Cedro;MALE;3;11;91;91;0;0;0;0;0.16;0.36;0.47;0.0;0.0;0.0;0.0;0.0;0.0;0.3;0.06;0.06;1.0;4;8;0.01
640;ita000082;ita;limoncino;unknown;Limoncino;MALE;3;6;33;33;0;0;0;0;0.12;0.12;0.76;0.0;0.0;0.0;0.0;0.0;0.0;0.16;0.02;0.02;1.0;4;7;0.01
641;ita000082;ita;candida;unknown;Signora Candida;FEMALE;3;12;83;83;0;0;0;0;0.28;0.49;0.23;0.0;0.0;0.0;0.0;0.0;0.0;0.32;0.05;0.05;1.0;3;7;0.01
642;ita000082;ita;geltruda;unknown;Signora Geltruda;FEMALE;3;14;118;118;0;0;0;0;0.2;0.52;0.28;0.0;0.0;0.0;0.0;0.0;0.0;0.38;0.07;0.07;1.0;2;7;0.01
643;ita000082;ita;conte;unknown;Conte di Rocca Marina;MALE;3;23;328;328;0;0;0;0;0.16;0.4;0.43;0.0;0.0;0.0;0.0;0.0;0.0;0.62;0.21;0.21;1.0;2;6;0.01
644;ita000082;ita;timoteo;unknown;Timoteo;MALE;3;6;25;25;0;0;0;0;0.48;0.16;0.36;0.0;0.0;0.0;0.0;0.0;0.0;0.16;0.02;0.02;0.92;2;4;0.0
645;ita000082;ita;crespino;unknown;Crespino;MALE;3;15;176;176;0;0;0;0;0.27;0.23;0.5;0.0;0.0;0.0;0.0;0.0;0.0;0.41;0.11;0.11;0.92;2;3;0.0
646;ita000082;ita;coronato;unknown;Coronato;MALE;3;12;120;120;0;0;0;0;0.53;0.15;0.32;0.0;0.0;0.0;0.0;0.0;0.0;0.32;0.08;0.08;0.92;2;2;0.0
647;ita000082;ita;scavezzo;unknown;Scavezzo;MALE;2;3;8;8;0;0;0;0;0.75;0.25;0.0;0.0;0.0;0.0;0.0;0.0;0.0;0.08;0.01;0.01;0.92;2;1;0.0
648;ita000082;ita;moracchio;unknown;Moracchio;MALE;3;9;44;44;0;0;0;0;0.3;0.27;0.43;0.0;0.0;0.0;0.0;0.0;0.0;0.24;0.03;0.03;1.0;2;1;0.01
649;ita000082;ita;giannina;unknown;Giannina;FEMALE;3;23;278;278;0;0;0;0;0.18;0.47;0.35;0.0;0.0;0.0;0.0;0.0;0.0;0.62;0.17;0.17;1.0;1;1;0.01
650;ita000082;ita;susanna;unknown;Signora Susanna;FEMALE;3;12;89;89;0;0;0;0;0.22;0.38;0.39;0.0;0.0;0.0;0.0;0.0;0.0;0.32;0.06;0.06;0.92;0;0;0.0
651;ita000082;ita;tognino;unknown;Tognino;MALE;3;4;12;12;0;0;0;0;0.17;0.58;0.25;0.0;0.0;0.0;0.0;0.0;0.0;0.11;0.01;0.01;0.62;0;0;0.0
652;ita000083;ita;ridolfo;unknown;Ridolfo;MALE;3;40;301;307;0;0;0;0;0.41;0.43;0.16;0.0;0.0;0.0;0.0;0.0;0.0;0.55;0.2;0.2;0.92;2;4;0.05
653;ita000083;ita;trappola;unknown;Trappola;MALE;3;16;86;87;0;0;0;0;0.49;0.21;0.3;0.0;0.0;0.0;0.0;0.0;0.0;0.22;0.06;0.06;0.85;1;3;0.06
654;ita000083;ita;pandolfo;unknown;Pandolfo;MALE;3;7;95;97;0;0;0;0;0.49;0.39;0.11;0.0;0.0;0.0;0.0;0.0;0.0;0.1;0.06;0.06;0.46;0;4;0.01
655;ita000083;ita;don_marzio;unknown;Don Marzio;MALE;3;45;341;345;0;0;0;0;0.36;0.33;0.31;0.0;0.0;0.0;0.0;0.0;0.0;0.62;0.23;0.23;1.0;3;2;0.12
656;ita000083;ita;eugenio;unknown;Eugenio;MALE;3;32;298;307;0;0;0;0;0.49;0.44;0.07;0.0;0.0;0.0;0.0;0.0;0.0;0.44;0.2;0.2;0.92;1;2;0.05
657;ita000083;ita;garzone;unknown;Garzone;MALE;3;5;8;8;0;0;0;0;0.25;0.25;0.5;0.0;0.0;0.0;0.0;0.0;0.0;0.07;0.01;0.01;0.31;1;3;0.0
658;ita000083;ita;lisaura;unknown;Lisaura;FEMALE;3;15;65;65;0;0;0;0;0.29;0.42;0.29;0.0;0.0;0.0;0.0;0.0;0.0;0.21;0.04;0.04;0.69;1;1;0.0
659;ita000083;ita;leandro;unknown;Leandro;MALE;3;15;99;101;0;0;0;0;0.1;0.5;0.4;0.0;0.0;0.0;0.0;0.0;0.0;0.21;0.07;0.07;0.85;2;4;0.03
660;ita000083;ita;placida;unknown;Placida;FEMALE;3;13;75;77;0;0;0;0;0.3;0.26;0.44;0.0;0.0;0.0;0.0;0.0;0.0;0.18;0.05;0.05;0.77;2;5;0.02
661;ita000083;ita;vittoria;unknown;Vittoria;FEMALE;3;13;84;84;0;0;0;0;0.61;0.29;0.11;0.0;0.0;0.0;0.0;0.0;0.0;0.18;0.06;0.06;0.69;0;1;0.0
662;ita000083;ita;cameriere;unknown;Cameriere;MALE;2;5;9;9;0;0;0;0;0.0;0.67;0.33;0.0;0.0;0.0;0.0;0.0;0.0;0.07;0.01;0.01;0.77;2;3;0.01
663;ita000083;ita;capitano;unknown;Capitano;MALE;1;2;18;18;0;0;0;0;0.0;0.0;1.0;0.0;0.0;0.0;0.0;0.0;0.0;0.03;0.01;0.01;0.23;0;1;0.0
664;ita000083;ita;don_marzio leandro lisaura trappola ridolfo;unknown;UNKNOWN;u;1;1;1;1;0;0;0;0;0.0;1.0;0.0;0.0;0.0;0.0;0.0;0.0;0.0;0.01;0.0;0.0;0.54;0;0;0.0
665;ita000083;ita;don_marzio ridolfo trappola;unknown;UNKNOWN;u;1;1;1;1;0;0;0;0;0.0;1.0;0.0;0.0;0.0;0.0;0.0;0.0;0.0;0.01;0.0;0.0;0.54;1;3;0.0
666;ita000084;ita;anselmo;unknown;Conte Anselmo Terrazzani;MALE;3;27;272;272;0;0;0;0;0.33;0.35;0.32;0.0;0.0;0.0;0.0;0.0;0.0;0.44;0.16;0.16;1.0;0;6;0.15
667;ita000084;ita;brighella;unknown;Brighella;MALE;3;7;77;77;0;0;0;0;0.6;0.3;0.1;0.0;0.0;0.0;0.0;0.0;0.0;0.11;0.05;0.05;0.64;1;4;0.02
668;ita000084;ita;isabella;unknown;Contessa Isabella;FEMALE;3;20;234;234;0;0;0;0;0.42;0.4;0.18;0.0;0.0;0.0;0.0;0.0;0.0;0.33;0.14;0.14;0.82;1;3;0.02
669;ita000084;ita;doralice;unknown;Doralice;FEMALE;3;21;283;283;0;0;0;0;0.46;0.45;0.09;0.0;0.0;0.0;0.0;0.0;0.0;0.34;0.17;0.17;0.82;1;4;0.02
670;ita000084;ita;giacinto;unknown;Conte Giacinto;MALE;3;11;131;131;0;0;0;0;0.47;0.36;0.17;0.0;0.0;0.0;0.0;0.0;0.0;0.18;0.08;0.08;0.64;1;2;0.0
671;ita000084;ita;colombina;unknown;Colombina;FEMALE;3;12;100;100;0;0;0;0;0.27;0.59;0.14;0.0;0.0;0.0;0.0;0.0;0.0;0.2;0.06;0.06;0.55;1;3;0.0
672;ita000084;ita;dottore;unknown;Dottore Anselmi;MALE;3;18;127;127;0;0;0;0;0.22;0.23;0.55;0.0;0.0;0.0;0.0;0.0;0.0;0.3;0.08;0.07;0.82;0;1;0.02
673;ita000084;ita;cavaliere;unknown;Cavaliere del Bosco;MALE;3;19;176;176;0;0;0;0;0.34;0.34;0.32;0.0;0.0;0.0;0.0;0.0;0.0;0.31;0.1;0.1;0.82;2;2;0.02
674;ita000084;ita;arlecchino;unknown;Arlecchino;MALE;3;4;46;46;0;0;0;0;0.43;0.37;0.2;0.0;0.0;0.0;0.0;0.0;0.0;0.07;0.03;0.03;0.27;0;1;0.0
675;ita000084;ita;pantalone;unknown;Pantalone de' Bisognosi;MALE;3;21;216;216;0;0;0;0;0.15;0.43;0.42;0.0;0.0;0.0;0.0;0.0;0.0;0.34;0.13;0.13;1.0;2;3;0.15
676;ita000084;ita;pancrazio;unknown;Pancrazio;MALE;1;1;18;18;0;0;0;0;0.0;0.0;1.0;0.0;0.0;0.0;0.0;0.0;0.0;0.02;0.01;0.01;0.18;0;0;0.0
677;ita000084;ita;isabella doralice;unknown;UNKNOWN;u;1;1;1;1;0;0;0;0;0.0;0.0;1.0;0.0;0.0;0.0;0.0;0.0;0.0;0.02;0.0;0.0;0.64;0;0;0.0
678;ita000085;ita;marchese;unknown;Marchese di Forlipopoli;MALE;3;25;260;271;0;0;0;0;0.42;0.16;0.41;0.0;0.0;0.0;0.0;0.0;0.0;0.4;0.17;0.17;1.0;2;1;0.0
679;ita000085;ita;conte;unknown;Conte d'Albafiorita;MALE;3;18;168;172;0;0;0;0;0.41;0.24;0.35;0.0;0.0;0.0;0.0;0.0;0.0;0.29;0.11;0.11;1.0;2;1;0.0
680;ita000085;ita;fabrizio;unknown;Fabrizio;MALE;3;16;105;109;0;0;0;0;0.39;0.1;0.51;0.0;0.0;0.0;0.0;0.0;0.0;0.26;0.07;0.07;1.0;3;4;0.0
681;ita000085;ita;cavaliere;unknown;Cavaliere di Ripafratta;MALE;3;35;377;397;0;0;0;0;0.21;0.49;0.3;0.0;0.0;0.0;0.0;0.0;0.0;0.56;0.25;0.25;1.0;2;2;0.0
682;ita000085;ita;mirandolina;unknown;Mirandolina;FEMALE;3;29;350;363;0;0;0;0;0.34;0.28;0.38;0.0;0.0;0.0;0.0;0.0;0.0;0.47;0.23;0.23;1.0;0;4;0.0
683;ita000085;ita;servitore;unknown;Servitore;MALE;3;15;69;68;0;0;0;0;0.03;0.62;0.35;0.0;0.0;0.0;0.0;0.0;0.0;0.24;0.04;0.04;1.0;2;2;0.0
684;ita000085;ita;ortensia;unknown;Ortensia;FEMALE;2;10;104;105;0;0;0;0;0.56;0.44;0.0;0.0;0.0;0.0;0.0;0.0;0.0;0.16;0.07;0.07;1.0;2;0;0.0
685;ita000085;ita;dejanira;unknown;Dejanira;FEMALE;3;11;102;100;0;0;0;0;0.41;0.36;0.23;0.0;0.0;0.0;0.0;0.0;0.0;0.18;0.07;0.06;1.0;1;0;0.0
686;ita000086;ita;tamas;unknown;Tamas;MALE;5;24;167;395;0;0;0;0;0.34;0.22;0.1;0.21;0.14;0.0;0.0;0.0;0.0;0.47;0.22;0.18;1.0;3;4;0.11
687;ita000086;ita;ali;unknown;Alí;MALE;3;7;49;123;0;0;0;0;0.44;0.0;0.0;0.44;0.12;0.0;0.0;0.0;0.0;0.14;0.06;0.06;0.62;1;2;0.0
688;ita000086;ita;ircana;unknown;Ircana;FEMALE;4;13;109;287;0;0;0;0;0.39;0.21;0.17;0.0;0.23;0.0;0.0;0.0;0.0;0.25;0.14;0.13;0.88;3;3;0.07
689;ita000086;ita;curcuma;unknown;Curcuma;MALE;5;15;130;362;0;0;0;0;0.15;0.37;0.04;0.28;0.16;0.0;0.0;0.0;0.0;0.29;0.17;0.17;0.75;2;3;0.01
690;ita000086;ita;machmut;unknown;Machmut;MALE;5;15;88;271;0;0;0;0;0.27;0.1;0.44;0.09;0.11;0.0;0.0;0.0;0.0;0.29;0.11;0.13;0.75;1;0;0.01
691;ita000086;ita;osmano;unknown;Osmano;MALE;4;11;64;184;0;0;0;0;0.0;0.16;0.32;0.38;0.14;0.0;0.0;0.0;0.0;0.22;0.08;0.09;0.75;0;1;0.01
692;ita000086;ita;fatima;unknown;Fatima;FEMALE;4;16;121;417;0;0;0;0;0.0;0.33;0.25;0.18;0.23;0.0;0.0;0.0;0.0;0.31;0.16;0.19;1.0;2;1;0.11
693;ita000086;ita;ibraima;unknown;Ibraima;FEMALE;2;4;19;29;0;0;0;0;0.0;0.0;0.97;0.0;0.03;0.0;0.0;0.0;0.0;0.08;0.02;0.01;0.5;1;0;0.0
694;ita000086;ita;zama;unknown;Zama;FEMALE;2;4;19;42;0;0;0;0;0.0;0.0;0.98;0.0;0.02;0.0;0.0;0.0;0.0;0.08;0.02;0.02;0.5;0;0;0.0
695;ita000087;ita;lucietta;unknown;Lucietta;FEMALE;3;29;206;202;0;0;0;0;0.37;0.29;0.34;0.0;0.0;0.0;0.0;0.0;0.0;0.53;0.13;0.13;1.0;4;4;0.05
696;ita000087;ita;orsetta;unknown;Orsetta (Orsolina);FEMALE;3;25;153;155;0;0;0;0;0.31;0.26;0.43;0.0;0.0;0.0;0.0;0.0;0.0;0.45;0.1;0.1;1.0;3;6;0.05
697;ita000087;ita;pasqua;unknown;Madonna Pasqua;FEMALE;3;27;152;152;0;0;0;0;0.26;0.47;0.27;0.0;0.0;0.0;0.0;0.0;0.0;0.49;0.1;0.09;1.0;2;4;0.05
698;ita000087;ita;libera;unknown;Madonna Libera;FEMALE;3;20;95;92;0;0;0;0;0.43;0.15;0.41;0.0;0.0;0.0;0.0;0.0;0.0;0.36;0.06;0.06;1.0;1;6;0.05
699;ita000087;ita;checca;unknown;Checca (Francesca) ;FEMALE;3;18;124;126;0;0;0;0;0.47;0.26;0.27;0.0;0.0;0.0;0.0;0.0;0.0;0.33;0.08;0.08;0.94;0;6;0.03
700;ita000087;ita;toffolo;unknown;Toffolo (Cristofolo);MALE;3;17;161;159;0;0;0;0;0.42;0.25;0.33;0.0;0.0;0.0;0.0;0.0;0.0;0.31;0.1;0.1;0.88;4;4;0.02
701;ita000087;ita;canocchia;unknown;Canocchia;MALE;1;1;5;5;0;0;0;0;1.0;0.0;0.0;0.0;0.0;0.0;0.0;0.0;0.0;0.02;0.0;0.0;0.38;1;0;0.0
702;ita000087;ita;vicenzo;unknown;Padron Vicenzo;MALE;3;13;63;63;0;0;0;0;0.51;0.17;0.32;0.0;0.0;0.0;0.0;0.0;0.0;0.24;0.04;0.04;0.75;5;5;0.0
703;ita000087;ita;toni;unknown;Padron Toni (Antonio);MALE;2;11;53;53;0;0;0;0;0.7;0.0;0.3;0.0;0.0;0.0;0.0;0.0;0.0;0.2;0.03;0.03;0.75;1;5;0.0
704;ita000087;ita;beppo;unknown;Beppo (Giuseppe);MALE;2;15;73;75;0;0;0;0;0.48;0.0;0.52;0.0;0.0;0.0;0.0;0.0;0.0;0.27;0.05;0.05;0.75;0;1;0.0
705;ita000087;ita;titta;unknown;Titta Nane (Giambattista);MALE;3;17;123;126;0;0;0;0;0.26;0.31;0.43;0.0;0.0;0.0;0.0;0.0;0.0;0.31;0.08;0.08;0.75;2;5;0.0
706;ita000087;ita;fortunato;unknown;Padron Fortunato;MALE;3;15;72;73;0;0;0;0;0.4;0.33;0.27;0.0;0.0;0.0;0.0;0.0;0.0;0.27;0.05;0.05;0.88;4;4;0.02
707;ita000087;ita;isidoro;unknown;Isidoro;MALE;2;23;268;269;0;0;0;0;0.0;0.56;0.44;0.0;0.0;0.0;0.0;0.0;0.0;0.42;0.17;0.17;0.88;5;7;0.02
708;ita000087;ita;comandador;unknown;Il Comandador;MALE;2;9;31;31;0;0;0;0;0.0;0.97;0.03;0.0;0.0;0.0;0.0;0.0;0.0;0.16;0.02;0.02;0.5;2;1;0.0
709;ita000087;ita;servitore;unknown;Servitore;MALE;1;1;3;3;0;0;0;0;0.0;0.0;1.0;0.0;0.0;0.0;0.0;0.0;0.0;0.02;0.0;0.0;0.75;0;0;0.0
710;ita000087;ita;pasqua lucietta orsetta checca libera;unknown;UNKNOWN;u;1;1;1;1;0;0;0;0;0.0;1.0;0.0;0.0;0.0;0.0;0.0;0.0;0.0;0.02;0.0;0.0;0.38;4;1;0.0
711;ita000087;ita;lucietta orsetta checca pasqua libera;unknown;UNKNOWN;u;1;1;1;1;0;0;0;0;0.0;0.0;1.0;0.0;0.0;0.0;0.0;0.0;0.0;0.02;0.0;0.0;0.31;0;0;0.0
712;ita000088;ita;florindo;unknown;Don Florindo Aretusi;MALE;3;18;166;166;0;0;0;0;0.27;0.38;0.36;0.0;0.0;0.0;0.0;0.0;0.0;0.33;0.12;0.12;0.54;2;4;0.01
713;ita000088;ita;rosaura;unknown;Donna Rosaura;FEMALE;3;29;339;339;0;0;0;0;0.47;0.45;0.07;0.0;0.0;0.0;0.0;0.0;0.0;0.53;0.25;0.24;0.85;0;4;0.08
714;ita000088;ita;brighella;unknown;Brighella;MALE;3;17;90;90;0;0;0;0;0.26;0.53;0.21;0.0;0.0;0.0;0.0;0.0;0.0;0.31;0.07;0.06;0.69;1;2;0.18
715;ita000088;ita;pantalone;unknown;Pantalone de' Bisognosi;MALE;3;5;72;72;0;0;0;0;0.35;0.39;0.26;0.0;0.0;0.0;0.0;0.0;0.0;0.09;0.05;0.05;0.31;0;1;0.01
716;ita000088;ita;lelio;unknown;Conte Lelio;MALE;3;17;141;141;0;0;0;0;0.68;0.21;0.11;0.0;0.0;0.0;0.0;0.0;0.0;0.31;0.1;0.1;0.77;0;1;0.05
717;ita000088;ita;beatrice;unknown;Contessa Beatrice;FEMALE;3;18;149;149;0;0;0;0;0.67;0.19;0.13;0.0;0.0;0.0;0.0;0.0;0.0;0.33;0.11;0.11;0.77;3;4;0.05
718;ita000088;ita;arlecchino;unknown;Arlecchino;MALE;3;10;59;59;0;0;0;0;0.25;0.49;0.25;0.0;0.0;0.0;0.0;0.0;0.0;0.18;0.04;0.04;0.46;2;2;0.0
719;ita000088;ita;onofrio;unknown;Conte Onofrio;MALE;3;18;74;74;0;0;0;0;0.5;0.45;0.05;0.0;0.0;0.0;0.0;0.0;0.0;0.33;0.05;0.05;0.77;2;3;0.05
720;ita000088;ita;eleonora;unknown;Contessa Eleonora;FEMALE;2;10;86;86;0;0;0;0;0.51;0.0;0.49;0.0;0.0;0.0;0.0;0.0;0.0;0.18;0.06;0.06;0.54;2;4;0.0
721;ita000088;ita;ottavio;unknown;Conte Ottavio;MALE;3;11;68;68;0;0;0;0;0.49;0.19;0.32;0.0;0.0;0.0;0.0;0.0;0.0;0.2;0.05;0.05;0.69;1;4;0.18
722;ita000088;ita;clarice;unknown;Contessa Clarice;FEMALE;3;12;124;124;0;0;0;0;0.37;0.36;0.27;0.0;0.0;0.0;0.0;0.0;0.0;0.22;0.09;0.09;0.62;1;4;0.02
723;ita000088;ita;servitore;unknown;Servitore;MALE;2;3;5;5;0;0;0;0;0.8;0.2;0.0;0.0;0.0;0.0;0.0;0.0;0.0;0.05;0.0;0.0;0.54;0;3;0.0
724;ita000088;ita;paggio;unknown;Paggio;MALE;1;1;2;2;0;0;0;0;0.0;1.0;0.0;0.0;0.0;0.0;0.0;0.0;0.0;0.02;0.0;0.0;0.08;0;0;0.0
725;ita000088;ita;bravo;unknown;Bravo;MALE;1;1;3;3;0;0;0;0;0.0;0.0;1.0;0.0;0.0;0.0;0.0;0.0;0.0;0.02;0.0;0.0;0.08;0;0;0.0
726;ita000089;ita;leonardo;unknown;Leonardo;MALE;3;23;206;206;0;0;0;0;0.39;0.13;0.48;0.0;0.0;0.0;0.0;0.0;0.0;0.56;0.17;0.17;1.0;1;4;0.13
727;ita000089;ita;paolo;unknown;Paolo;MALE;3;8;75;75;0;0;0;0;0.24;0.43;0.33;0.0;0.0;0.0;0.0;0.0;0.0;0.2;0.06;0.06;0.7;1;0;0.02
728;ita000089;ita;cecco;unknown;Cecco;MALE;2;6;37;37;0;0;0;0;0.43;0.0;0.57;0.0;0.0;0.0;0.0;0.0;0.0;0.15;0.03;0.03;0.4;1;2;0.0
729;ita000089;ita;vittoria;unknown;Vittoria;FEMALE;3;19;243;243;0;0;0;0;0.24;0.51;0.25;0.0;0.0;0.0;0.0;0.0;0.0;0.46;0.21;0.2;1.0;1;3;0.13
730;ita000089;ita;berto;unknown;Berto;MALE;1;1;2;2;0;0;0;0;1.0;0.0;0.0;0.0;0.0;0.0;0.0;0.0;0.0;0.02;0.0;0.0;0.2;1;1;0.0
731;ita000089;ita;ferdinando;unknown;Ferdinando;MALE;3;8;71;71;0;0;0;0;0.34;0.32;0.34;0.0;0.0;0.0;0.0;0.0;0.0;0.2;0.06;0.06;0.8;3;3;0.03
732;ita000089;ita;filippo;unknown;Filippo;MALE;3;13;172;172;0;0;0;0;0.24;0.44;0.32;0.0;0.0;0.0;0.0;0.0;0.0;0.32;0.15;0.14;0.8;2;3;0.01
733;ita000089;ita;guglielmo;unknown;Guglielmo;MALE;2;3;30;30;0;0;0;0;0.57;0.0;0.43;0.0;0.0;0.0;0.0;0.0;0.0;0.07;0.03;0.03;0.7;3;3;0.0
734;ita000089;ita;giacinta;unknown;Giacinta;FEMALE;3;11;188;188;0;0;0;0;0.35;0.51;0.14;0.0;0.0;0.0;0.0;0.0;0.0;0.27;0.16;0.16;0.8;2;3;0.01
735;ita000089;ita;brigida;unknown;Brigida;FEMALE;3;7;62;62;0;0;0;0;0.55;0.34;0.11;0.0;0.0;0.0;0.0;0.0;0.0;0.17;0.05;0.05;0.8;0;1;0.01
736;ita000089;ita;fulgenzio;unknown;Fulgenzio;MALE;2;9;98;98;0;0;0;0;0.0;0.3;0.7;0.0;0.0;0.0;0.0;0.0;0.0;0.22;0.08;0.08;0.8;1;1;0.01
737;ita000090;ita;zamaria;unknown;Zamaria;MALE;3;13;220;221;0;0;0;0;0.29;0.29;0.42;0.0;0.0;0.0;0.0;0.0;0.0;0.34;0.13;0.13;1.0;5;7;0.15
738;ita000090;ita;baldissera;unknown;Baldissera;MALE;1;1;3;3;0;0;0;0;1.0;0.0;0.0;0.0;0.0;0.0;0.0;0.0;0.0;0.03;0.0;0.0;0.21;0;2;0.0
739;ita000090;ita;martin;unknown;Martin;MALE;1;1;3;3;0;0;0;0;1.0;0.0;0.0;0.0;0.0;0.0;0.0;0.0;0.0;0.03;0.0;0.0;0.21;0;1;0.0
740;ita000090;ita;cosmo;unknown;Cosmo;MALE;3;5;15;15;0;0;0;0;0.6;0.13;0.27;0.0;0.0;0.0;0.0;0.0;0.0;0.13;0.01;0.01;0.86;1;1;0.1
741;ita000090;ita;domenica;unknown;Domenica;FEMALE;3;30;318;318;0;0;0;0;0.55;0.26;0.19;0.0;0.0;0.0;0.0;0.0;0.0;0.79;0.19;0.19;0.86;2;4;0.0
742;ita000090;ita;elenetta;unknown;Elenetta;FEMALE;3;12;104;109;0;0;0;0;0.58;0.33;0.09;0.0;0.0;0.0;0.0;0.0;0.0;0.32;0.06;0.06;0.79;2;3;0.0
743;ita000090;ita;agustin;unknown;Agustin;MALE;3;7;57;54;0;0;0;0;0.26;0.54;0.2;0.0;0.0;0.0;0.0;0.0;0.0;0.18;0.03;0.03;0.79;0;0;0.0
744;ita000090;ita;marta;unknown;Marta;FEMALE;3;24;219;222;0;0;0;0;0.38;0.28;0.34;0.0;0.0;0.0;0.0;0.0;0.0;0.63;0.13;0.13;0.86;0;4;0.0
745;ita000090;ita;bastian;unknown;Bastian;MALE;3;16;101;103;0;0;0;0;0.39;0.45;0.17;0.0;0.0;0.0;0.0;0.0;0.0;0.42;0.06;0.06;0.86;1;4;0.0
746;ita000090;ita;momolo;unknown;Momolo;MALE;3;12;169;177;0;0;0;0;0.29;0.24;0.46;0.0;0.0;0.0;0.0;0.0;0.0;0.32;0.1;0.1;0.86;5;6;0.0
747;ita000090;ita;alba;unknown;Alba;FEMALE;3;10;76;77;0;0;0;0;0.44;0.4;0.16;0.0;0.0;0.0;0.0;0.0;0.0;0.26;0.05;0.05;0.86;3;4;0.0
748;ita000090;ita;lazaro;unknown;Lazaro;MALE;3;11;55;55;0;0;0;0;0.29;0.27;0.44;0.0;0.0;0.0;0.0;0.0;0.0;0.29;0.03;0.03;0.86;2;2;0.0
749;ita000090;ita;polonia;unknown;Polonia;FEMALE;3;15;105;106;0;0;0;0;0.34;0.25;0.41;0.0;0.0;0.0;0.0;0.0;0.0;0.39;0.06;0.06;0.86;3;2;0.0
750;ita000090;ita;anzoletto;unknown;Anzoletto;MALE;3;14;114;115;0;0;0;0;0.21;0.41;0.38;0.0;0.0;0.0;0.0;0.0;0.0;0.37;0.07;0.07;0.86;3;2;0.0
751;ita000090;ita;madama;unknown;Madama Gatteau;FEMALE;2;8;103;106;0;0;0;0;0.0;0.32;0.68;0.0;0.0;0.0;0.0;0.0;0.0;0.21;0.06;0.06;0.86;5;7;0.0
752;ita000091;ita;grillo;unknown;Grillo;MALE;5;19;288;288;0;0;0;0;0.31;0.14;0.38;0.06;0.12;0.0;0.0;0.0;0.0;0.38;0.2;0.19;0.76;3;5;0.16
753;ita000091;ita;nica;unknown;Nica;FEMALE;5;13;137;137;0;0;0;0;0.3;0.28;0.09;0.12;0.21;0.0;0.0;0.0;0.0;0.26;0.09;0.09;0.53;2;2;0.06
754;ita000091;ita;zenobio;unknown;Zenobio;MALE;4;8;119;139;0;0;0;0;0.45;0.0;0.32;0.14;0.09;0.0;0.0;0.0;0.0;0.16;0.08;0.09;0.29;0;4;0.0
755;ita000091;ita;patrizio;unknown;Patrizio;MALE;5;19;210;210;0;0;0;0;0.06;0.2;0.11;0.2;0.42;0.0;0.0;0.0;0.0;0.38;0.14;0.14;0.76;2;7;0.16
756;ita000091;ita;pistofilo;unknown;Pistofilo;MALE;4;9;100;100;0;0;0;0;0.11;0.46;0.26;0.0;0.17;0.0;0.0;0.0;0.0;0.18;0.07;0.07;0.35;0;2;0.03
757;ita000091;ita;lurco;unknown;Lurco;MALE;4;11;131;131;0;0;0;0;0.08;0.0;0.34;0.15;0.44;0.0;0.0;0.0;0.0;0.22;0.09;0.09;0.41;0;4;0.02
758;ita000091;ita;notaio;unknown;Notaio;MALE;2;2;23;23;0;0;0;0;0.39;0.0;0.0;0.0;0.61;0.0;0.0;0.0;0.0;0.04;0.02;0.02;0.18;0;2;0.0
759;ita000091;ita;antonio;unknown;Antonio;MALE;2;2;23;23;0;0;0;0;0.3;0.7;0.0;0.0;0.0;0.0;0.0;0.0;0.0;0.04;0.02;0.02;0.12;0;1;0.0
760;ita000091;ita;flavio;unknown;Flavio;MALE;3;5;72;72;0;0;0;0;0.43;0.0;0.32;0.0;0.25;0.0;0.0;0.0;0.0;0.1;0.05;0.05;0.29;1;0;0.03
761;ita000091;ita;lisca;unknown;Lisca;FEMALE;2;3;35;35;0;0;0;0;0.74;0.0;0.0;0.0;0.26;0.0;0.0;0.0;0.0;0.06;0.02;0.02;0.18;0;1;0.0
762;ita000091;ita;cavalier;unknown;Cavalier del Podestà;MALE;1;1;8;8;0;0;0;0;0.0;1.0;0.0;0.0;0.0;0.0;0.0;0.0;0.0;0.02;0.01;0.01;0.24;0;1;0.0
763;ita000091;ita;tragualcia;unknown;Tragualcia;MALE;2;3;12;12;0;0;0;0;0.0;0.33;0.0;0.67;0.0;0.0;0.0;0.0;0.0;0.06;0.01;0.01;0.35;1;0;0.01
764;ita000091;ita;moschetta;unknown;Moschetta;MALE;4;14;175;175;0;0;0;0;0.0;0.45;0.39;0.05;0.11;0.0;0.0;0.0;0.0;0.28;0.12;0.12;0.76;2;7;0.31
765;ita000091;ita;gostanza;unknown;Gostanza;FEMALE;1;1;13;13;0;0;0;0;0.0;1.0;0.0;0.0;0.0;0.0;0.0;0.0;0.0;0.02;0.01;0.01;0.12;0;2;0.0
766;ita000091;ita;loretta;unknown;Loretta;FEMALE;2;2;14;14;0;0;0;0;0.0;0.0;0.93;0.07;0.0;0.0;0.0;0.0;0.0;0.04;0.01;0.01;0.06;0;1;0.0
767;ita000091;ita;cassandra;unknown;Cassandra;FEMALE;1;1;2;2;0;0;0;0;0.0;0.0;0.0;1.0;0.0;0.0;0.0;0.0;0.0;0.02;0.0;0.0;0.29;0;0;0.0
768;ita000091;ita;radicchio;unknown;Radicchio;MALE;1;4;9;9;0;0;0;0;0.0;0.0;0.0;1.0;0.0;0.0;0.0;0.0;0.0;0.08;0.01;0.01;0.29;1;0;0.0
769;ita000091;ita;bernardo;unknown;Bernardo;MALE;2;9;86;86;0;0;0;0;0.0;0.0;0.0;0.29;0.71;0.0;0.0;0.0;0.0;0.18;0.06;0.06;0.47;0;4;0.03
770;ita000094;ita;palmede;unknown;Palmede;MALE;1;1;22;22;0;0;0;0;1.0;0.0;0.0;0.0;0.0;0.0;0.0;0.0;0.0;0.03;0.05;0.04;0.12;0;1;0.0
771;ita000094;ita;cleandro;unknown;Cleandro;MALE;4;10;63;63;0;0;0;0;0.41;0.0;0.32;0.13;0.14;0.0;0.0;0.0;0.0;0.3;0.14;0.12;0.75;1;2;0.27
772;ita000094;ita;eustachio;unknown;Eustachio;MALE;5;6;31;31;0;0;0;0;0.13;0.32;0.39;0.1;0.06;0.0;0.0;0.0;0.0;0.18;0.07;0.06;0.5;0;2;0.0
773;ita000094;ita;nicomaco;unknown;Nicomaco;MALE;4;20;155;155;0;0;0;0;0.0;0.19;0.39;0.26;0.15;0.0;0.0;0.0;0.0;0.61;0.34;0.28;0.88;0;3;0.15
774;ita000094;ita;pirro;unknown;Pirro;MALE;3;6;41;41;0;0;0;0;0.0;0.44;0.27;0.29;0.0;0.0;0.0;0.0;0.0;0.18;0.09;0.08;0.62;0;2;0.05
775;ita000094;ita;sofronia;unknown;Sofronia;FEMALE;4;12;92;92;0;0;0;0;0.0;0.25;0.41;0.18;0.15;0.0;0.0;0.0;0.0;0.36;0.2;0.17;0.75;0;4;0.08
776;ita000094;ita;damone;unknown;Damone;MALE;2;9;38;38;0;0;0;0;0.0;0.0;0.0;0.47;0.53;0.0;0.0;0.0;0.0;0.27;0.08;0.07;0.62;1;1;0.08
777;ita000094;ita;doria;unknown;Doria;FEMALE;2;5;16;16;0;0;0;0;0.0;0.0;0.0;0.88;0.12;0.0;0.0;0.0;0.0;0.15;0.03;0.03;0.38;0;2;0.01
778;ita000094;ita;ramondo;unknown;Ramondo;MALE;1;1;1;1;0;0;0;0;0.0;0.0;0.0;0.0;1.0;0.0;0.0;0.0;0.0;0.03;0.0;0.0;0.38;1;0;0.0
779;ita000095;ita;callimaco;unknown;Callimaco;MALE;4;13;122;122;0;0;0;0;0.25;0.27;0.0;0.42;0.07;0.0;0.0;0.0;0.0;0.35;0.22;0.17;0.86;1;3;0.02
780;ita000095;ita;siro;unknown;Siro;MALE;4;10;51;51;0;0;0;0;0.41;0.22;0.0;0.33;0.04;0.0;0.0;0.0;0.0;0.27;0.09;0.07;0.57;0;1;0.0
781;ita000095;ita;nicia;unknown;Nicia;MALE;5;19;128;128;0;0;0;0;0.05;0.34;0.2;0.16;0.25;0.0;0.0;0.0;0.0;0.51;0.23;0.18;0.86;1;2;0.02
782;ita000095;ita;ligurio;unknown;Ligurio;MALE;5;18;152;152;0;0;0;0;0.11;0.14;0.24;0.39;0.12;0.0;0.0;0.0;0.0;0.49;0.28;0.21;0.86;0;2;0.02
783;ita000095;ita;sostrata;unknown;Sostrata;FEMALE;2;5;10;10;0;0;0;0;0.0;0.0;0.7;0.0;0.3;0.0;0.0;0.0;0.0;0.14;0.02;0.01;0.71;1;2;0.0
784;ita000095;ita;timoteo;unknown;Fra' Timoteo;MALE;3;16;66;66;0;0;0;0;0.0;0.0;0.7;0.15;0.15;0.0;0.0;0.0;0.0;0.43;0.12;0.09;1.0;3;2;0.31
785;ita000095;ita;donna;unknown;Una Donna;FEMALE;1;1;5;5;0;0;0;0;0.0;0.0;1.0;0.0;0.0;0.0;0.0;0.0;0.0;0.03;0.01;0.01;0.14;0;0;0.0
786;ita000095;ita;lucrezia;unknown;Lucrezia;FEMALE;2;4;18;18;0;0;0;0;0.0;0.0;0.5;0.0;0.5;0.0;0.0;0.0;0.0;0.11;0.03;0.03;0.71;0;2;0.0
787;ita000096;ita;polifonte;unknown;Polifonte;MALE;4;10;51;308;0;0;0;0;0.36;0.17;0.4;0.0;0.07;0.0;0.0;0.0;0.0;0.32;0.11;0.14;0.67;1;1;0.0
788;ita000096;ita;merope;unknown;Merope;FEMALE;5;15;114;552;0;0;0;0;0.21;0.29;0.24;0.15;0.11;0.0;0.0;0.0;0.0;0.48;0.24;0.25;1.0;0;2;0.09
789;ita000096;ita;adrasto;unknown;Adrasto;MALE;5;9;43;183;0;0;0;0;0.36;0.21;0.21;0.13;0.09;0.0;0.0;0.0;0.0;0.29;0.09;0.08;0.67;2;2;0.0
790;ita000096;ita;ismene;unknown;Ismene;FEMALE;5;16;66;270;0;0;0;0;0.04;0.37;0.03;0.21;0.36;0.0;0.0;0.0;0.0;0.52;0.14;0.12;1.0;1;2;0.09
791;ita000096;ita;egisto;unknown;Egisto;MALE;4;14;76;357;0;0;0;0;0.27;0.0;0.32;0.16;0.24;0.0;0.0;0.0;0.0;0.45;0.16;0.16;1.0;1;0;0.09
792;ita000096;ita;euriso;unknown;Euriso;MALE;4;7;56;198;0;0;0;0;0.0;0.6;0.07;0.11;0.22;0.0;0.0;0.0;0.0;0.23;0.12;0.09;0.67;0;2;0.0
793;ita000096;ita;polidoro;unknown;Polidoro;MALE;2;9;73;320;0;0;0;0;0.0;0.0;0.0;0.53;0.47;0.0;0.0;0.0;0.0;0.29;0.15;0.15;0.67;2;1;0.0
794;ita000099;ita;costantino;unknown;Costantino Magno;MALE;4;17;73;449;0;0;0;0;0.1;0.0;0.29;0.16;0.45;0.0;0.0;0.0;0.0;0.44;0.23;0.19;0.75;1;2;0.12
795;ita000099;ita;crispo;unknown;Crispo;MALE;5;13;33;272;0;0;0;0;0.21;0.29;0.29;0.13;0.07;0.0;0.0;0.0;0.0;0.33;0.1;0.12;0.62;0;1;0.09
796;ita000099;ita;firmiano;unknown;Firmiano;MALE;2;5;24;128;0;0;0;0;0.13;0.0;0.0;0.87;0.0;0.0;0.0;0.0;0.0;0.13;0.07;0.05;0.38;0;0;0.0
797;ita000099;ita;fausta;unknown;Fausta;FEMALE;5;16;80;469;0;0;0;0;0.15;0.21;0.17;0.28;0.19;0.0;0.0;0.0;0.0;0.41;0.25;0.2;0.62;1;2;0.03
798;ita000099;ita;nutrice;unknown;Nutrice;FEMALE;4;10;53;349;0;0;0;0;0.27;0.51;0.12;0.11;0.0;0.0;0.0;0.0;0.0;0.26;0.17;0.15;0.5;0;3;0.02
799;ita000099;ita;licinio;unknown;Licinio;MALE;4;7;26;171;0;0;0;0;0.36;0.21;0.0;0.28;0.15;0.0;0.0;0.0;0.0;0.18;0.08;0.07;0.62;1;2;0.06
800;ita000099;ita;flavio;unknown;Flavio;MALE;4;6;11;81;0;0;0;0;0.25;0.15;0.21;0.0;0.4;0.0;0.0;0.0;0.0;0.15;0.03;0.03;0.5;0;2;0.01
801;ita000099;ita;leto;unknown;Leto;MALE;3;6;16;129;0;0;0;0;0.0;0.0;0.16;0.07;0.78;0.0;0.0;0.0;0.0;0.15;0.05;0.05;0.5;0;3;0.03
802;ita000100;ita;coro;unknown;Coro;UNKNOWN;4;4;4;189;0;0;0;0;0.24;0.38;0.24;0.15;0.0;0.0;0.0;0.0;0.0;0.11;0.01;0.06;0.38;0;0;0.0
803;ita000100;ita;igonda;unknown;Igonda;FEMALE;3;8;44;269;0;0;0;0;0.44;0.0;0.0;0.44;0.12;0.0;0.0;0.0;0.0;0.23;0.09;0.09;0.62;0;2;0.03
804;ita000100;ita;leandro;unknown;Leandro;MALE;2;6;29;264;0;0;0;0;0.57;0.43;0.0;0.0;0.0;0.0;0.0;0.0;0.0;0.17;0.06;0.09;0.46;0;2;0.0
805;ita000100;ita;ermenegildo;unknown;Ermenegildo;MALE;3;12;84;352;0;0;0;0;0.34;0.0;0.15;0.52;0.0;0.0;0.0;0.0;0.0;0.34;0.18;0.12;0.54;1;3;0.01
806;ita000100;ita;recaredo;unknown;Recaredo;MALE;5;18;64;339;0;0;0;0;0.17;0.15;0.29;0.24;0.14;0.0;0.0;0.0;0.0;0.51;0.13;0.11;0.62;0;3;0.03
807;ita000100;ita;genserico;unknown;Genserico;MALE;3;11;79;446;0;0;0;0;0.0;0.41;0.24;0.34;0.0;0.0;0.0;0.0;0.0;0.31;0.17;0.15;0.54;1;4;0.01
808;ita000100;ita;leovigildo;unknown;Leovigildo;MALE;4;19;113;559;0;0;0;0;0.0;0.16;0.21;0.33;0.3;0.0;0.0;0.0;0.0;0.54;0.24;0.19;0.54;1;3;0.01
809;ita000100;ita;gundimaro;unknown;Gundimaro;MALE;3;11;48;331;0;0;0;0;0.0;0.06;0.65;0.0;0.29;0.0;0.0;0.0;0.0;0.31;0.1;0.11;0.46;1;0;0.01
810;ita000100;ita;messaggiero;unknown;Messaggiero;MALE;1;3;5;90;0;0;0;0;0.0;0.0;0.0;0.0;1.0;0.0;0.0;0.0;0.0;0.09;0.01;0.03;0.31;1;2;0.0
811;ita000102;ita;baccanti;unknown;Coro di baccanti;FEMALE;1;1;9;30;0;0;0;0;1.0;0.0;0.0;0.0;0.0;0.0;0.0;0.0;0.0;0.03;0.02;0.02;0.13;1;1;0.0
812;ita000102;ita;cantori;unknown;Coro di cantori;UNKNOWN;1;1;4;24;0;0;0;0;0.0;1.0;0.0;0.0;0.0;0.0;0.0;0.0;0.0;0.03;0.01;0.01;0.47;1;5;0.0
813;ita000102;ita;voci;unknown;Voci;UNKNOWN;1;1;2;2;0;0;0;0;0.0;1.0;0.0;0.0;0.0;0.0;0.0;0.0;0.0;0.03;0.0;0.0;0.47;0;0;0.0
814;ita000102;ita;coro;unknown;Coro;UNKNOWN;1;1;2;12;0;0;0;0;0.0;0.0;1.0;0.0;0.0;0.0;0.0;0.0;0.0;0.03;0.0;0.01;0.6;0;0;0.0
815;ita000102;ita;deidamia;unknown;Deidamia;FEMALE;3;14;82;282;0;0;0;0;0.45;0.19;0.36;0.0;0.0;0.0;0.0;0.0;0.0;0.4;0.17;0.17;1.0;0;4;0.14
816;ita000102;ita;achille;unknown;Achille;MALE;3;19;138;373;0;0;0;0;0.31;0.36;0.33;0.0;0.0;0.0;0.0;0.0;0.0;0.54;0.29;0.23;1.0;0;4;0.14
817;ita000102;ita;nearco;unknown;Nearco;MALE;3;10;39;124;0;0;0;0;0.54;0.37;0.09;0.0;0.0;0.0;0.0;0.0;0.0;0.29;0.08;0.08;0.27;1;2;0.0
818;ita000102;ita;ulisse;unknown;Ulisse;MALE;3;15;89;307;0;0;0;0;0.19;0.51;0.3;0.0;0.0;0.0;0.0;0.0;0.0;0.43;0.19;0.19;0.93;0;1;0.08
819;ita000102;ita;arcade;unknown;Arcade;MALE;3;7;38;70;0;0;0;0;0.21;0.47;0.31;0.0;0.0;0.0;0.0;0.0;0.0;0.2;0.08;0.04;0.47;0;0;0.0
820;ita000102;ita;licomede;unknown;Licomede;MALE;3;7;34;144;0;0;0;0;0.27;0.42;0.31;0.0;0.0;0.0;0.0;0.0;0.0;0.2;0.07;0.09;0.93;1;4;0.08
821;ita000102;ita;teagene;unknown;Teagene;MALE;3;5;22;68;0;0;0;0;0.44;0.21;0.35;0.0;0.0;0.0;0.0;0.0;0.0;0.14;0.05;0.04;0.47;0;2;0.0
822;ita000102;ita;gloria;unknown;La Gloria;UNKNOWN;1;1;3;19;0;0;0;0;0.0;0.0;1.0;0.0;0.0;0.0;0.0;0.0;0.0;0.03;0.01;0.01;0.6;0;0;0.0
823;ita000102;ita;tempo;unknown;Il Tempo;UNKNOWN;1;1;4;19;0;0;0;0;0.0;0.0;1.0;0.0;0.0;0.0;0.0;0.0;0.0;0.03;0.01;0.01;0.6;0;0;0.0
824;ita000102;ita;amore;unknown;Amore;UNKNOWN;1;1;3;29;0;0;0;0;0.0;0.0;1.0;0.0;0.0;0.0;0.0;0.0;0.0;0.03;0.01;0.02;0.6;0;0;0.0
825;ita000102;ita;gloria tempo amore;unknown;UNKNOWN;u;1;1;1;4;0;0;0;0;0.0;0.0;1.0;0.0;0.0;0.0;0.0;0.0;0.0;0.03;0.0;0.0;0.6;0;0;0.0
826;ita000102;ita;gloria tempo amore coro;unknown;UNKNOWN;u;1;1;1;4;0;0;0;0;0.0;0.0;1.0;0.0;0.0;0.0;0.0;0.0;0.0;0.03;0.0;0.0;0.6;0;0;0.0
827;ita000103;ita;soldati;unknown;Coro di soldati romani;MALE;1;1;2;16;0;0;0;0;1.0;0.0;0.0;0.0;0.0;0.0;0.0;0.0;0.0;0.03;0.0;0.01;0.57;0;4;0.0
828;ita000103;ita;aquilio;unknown;Aquilio;MALE;3;14;54;197;0;0;0;0;0.31;0.37;0.32;0.0;0.0;0.0;0.0;0.0;0.0;0.39;0.12;0.13;0.86;1;3;0.04
829;ita000103;ita;adriano;unknown;Adriano;MALE;3;13;106;371;0;0;0;0;0.28;0.31;0.42;0.0;0.0;0.0;0.0;0.0;0.0;0.36;0.23;0.24;1.0;1;2;0.09
830;ita000103;ita;farnaspe;unknown;Farnaspe;MALE;3;15;88;272;0;0;0;0;0.51;0.23;0.25;0.0;0.0;0.0;0.0;0.0;0.0;0.42;0.19;0.18;1.0;1;1;0.09
831;ita000103;ita;osroa;unknown;Osroa;MALE;3;12;53;199;0;0;0;0;0.35;0.3;0.35;0.0;0.0;0.0;0.0;0.0;0.0;0.33;0.11;0.13;0.71;1;0;0.01
832;ita000103;ita;emirena;unknown;Emirena;FEMALE;3;17;101;243;0;0;0;0;0.4;0.37;0.23;0.0;0.0;0.0;0.0;0.0;0.0;0.47;0.22;0.16;0.86;0;0;0.04
833;ita000103;ita;sabina;unknown;Sabina;FEMALE;3;10;58;199;0;0;0;0;0.2;0.5;0.3;0.0;0.0;0.0;0.0;0.0;0.0;0.28;0.13;0.13;0.71;1;3;0.01
834;ita000103;ita;emirena farnaspe sabina aquilio;unknown;UNKNOWN;u;1;1;1;4;0;0;0;0;0.0;0.0;1.0;0.0;0.0;0.0;0.0;0.0;0.0;0.03;0.0;0.0;0.57;0;0;0.0
835;ita000104;ita;coro;unknown;Coro de' baccanti;FEMALE;1;1;1;8;0;0;0;0;0.0;0.0;1.0;0.0;0.0;0.0;0.0;0.0;0.0;0.03;0.0;0.01;0.7;1;3;0.0
836;ita000104;ita;poro;unknown;Poro;MALE;3;20;121;316;0;0;0;0;0.45;0.31;0.24;0.0;0.0;0.0;0.0;0.0;0.0;0.5;0.26;0.22;1.0;1;3;0.13
837;ita000104;ita;gandarte;unknown;Gandarte;MALE;3;15;57;206;0;0;0;0;0.28;0.42;0.3;0.0;0.0;0.0;0.0;0.0;0.0;0.38;0.12;0.15;0.9;1;0;0.04
838;ita000104;ita;timagene;unknown;Timagene;MALE;3;14;52;155;0;0;0;0;0.41;0.26;0.34;0.0;0.0;0.0;0.0;0.0;0.0;0.35;0.11;0.11;0.5;2;2;0.0
839;ita000104;ita;alessandro;unknown;Alessandro;MALE;3;13;67;234;0;0;0;0;0.33;0.33;0.34;0.0;0.0;0.0;0.0;0.0;0.0;0.33;0.15;0.17;0.9;1;1;0.04
840;ita000104;ita;erissena;unknown;Erissena;FEMALE;3;16;58;151;0;0;0;0;0.35;0.3;0.35;0.0;0.0;0.0;0.0;0.0;0.0;0.4;0.13;0.11;0.5;0;0;0.0
841;ita000104;ita;cleofide;unknown;Cleofide;FEMALE;3;16;97;314;0;0;0;0;0.45;0.36;0.19;0.0;0.0;0.0;0.0;0.0;0.0;0.4;0.21;0.22;1.0;1;3;0.13
842;ita000104;ita;poro cleofide;unknown;UNKNOWN;u;1;1;2;4;0;0;0;0;1.0;0.0;0.0;0.0;0.0;0.0;0.0;0.0;0.0;0.03;0.0;0.0;0.2;0;0;0.0
843;ita000104;ita;cleofide gandarte;unknown;UNKNOWN;u;1;1;1;1;0;0;0;0;0.0;0.0;1.0;0.0;0.0;0.0;0.0;0.0;0.0;0.03;0.0;0.0;0.7;0;0;0.0
844;ita000104;ita;erissena timagene;unknown;UNKNOWN;u;1;1;1;1;0;0;0;0;0.0;0.0;1.0;0.0;0.0;0.0;0.0;0.0;0.0;0.03;0.0;0.0;0.7;0;0;0.0
845;ita000104;ita;poro cleofide erissena gandarte timagene;unknown;UNKNOWN;u;1;1;1;9;0;0;0;0;0.0;0.0;1.0;0.0;0.0;0.0;0.0;0.0;0.0;0.03;0.0;0.01;0.7;0;0;0.0
846;ita000105;ita;popolo;unknown;Popolo;UNKNOWN;1;1;3;3;0;0;0;0;0.0;0.0;1.0;0.0;0.0;0.0;0.0;0.0;0.0;0.03;0.01;0.0;0.18;0;0;0.0
847;ita000105;ita;coro;unknown;Coro di Romani;UNKNOWN;1;1;1;8;0;0;0;0;0.0;0.0;1.0;0.0;0.0;0.0;0.0;0.0;0.0;0.03;0.0;0.01;0.45;0;0;0.0
848;ita000105;ita;licinio;unknown;Licinio;MALE;3;9;44;141;0;0;0;0;0.29;0.52;0.18;0.0;0.0;0.0;0.0;0.0;0.0;0.27;0.1;0.09;0.91;1;2;0.18
849;ita000105;ita;attilia;unknown;Attilia;FEMALE;3;16;83;267;0;0;0;0;0.53;0.29;0.18;0.0;0.0;0.0;0.0;0.0;0.0;0.48;0.18;0.17;0.82;1;1;0.06
850;ita000105;ita;manlio;unknown;Manlio;MALE;3;6;53;175;0;0;0;0;0.47;0.23;0.3;0.0;0.0;0.0;0.0;0.0;0.0;0.18;0.12;0.11;0.55;0;3;0.04
851;ita000105;ita;barce;unknown;Barce;FEMALE;3;13;41;132;0;0;0;0;0.47;0.31;0.22;0.0;0.0;0.0;0.0;0.0;0.0;0.39;0.09;0.08;0.55;0;2;0.05
852;ita000105;ita;publio;unknown;Publio;MALE;3;11;63;205;0;0;0;0;0.4;0.38;0.22;0.0;0.0;0.0;0.0;0.0;0.0;0.33;0.14;0.13;0.73;2;2;0.03
853;ita000105;ita;amilcare;unknown;Amilcare;MALE;3;7;46;122;0;0;0;0;0.29;0.25;0.46;0.0;0.0;0.0;0.0;0.0;0.0;0.21;0.1;0.08;0.91;1;2;0.18
854;ita000105;ita;regolo;unknown;Attilio Regolo;MALE;3;15;119;529;0;0;0;0;0.17;0.41;0.42;0.0;0.0;0.0;0.0;0.0;0.0;0.45;0.26;0.33;0.64;1;1;0.01
855;ita000105;ita;regolo licinio;unknown;UNKNOWN;u;1;1;1;1;0;0;0;0;1.0;0.0;0.0;0.0;0.0;0.0;0.0;0.0;0.0;0.03;0.0;0.0;0.45;0;1;0.0
856;ita000105;ita;barce regolo;unknown;UNKNOWN;u;1;1;1;1;0;0;0;0;1.0;0.0;0.0;0.0;0.0;0.0;0.0;0.0;0.0;0.03;0.0;0.0;0.18;0;0;0.0
857;ita000105;ita;regolo barce;unknown;UNKNOWN;u;1;1;1;1;0;0;0;0;0.0;1.0;0.0;0.0;0.0;0.0;0.0;0.0;0.0;0.03;0.0;0.0;0.36;0;0;0.0
858;ita000106;ita;coro;unknown;Coro;UNKNOWN;2;2;7;20;0;0;0;0;0.7;0.0;0.3;0.0;0.0;0.0;0.0;0.0;0.0;0.04;0.01;0.01;0.62;1;2;0.0
859;ita000106;ita;cleonice;unknown;Cleonice;FEMALE;3;20;126;500;0;0;0;0;0.43;0.38;0.19;0.0;0.0;0.0;0.0;0.0;0.0;0.44;0.26;0.25;1.0;1;3;0.14
860;ita000106;ita;olinto;unknown;Olinto;MALE;3;20;79;309;0;0;0;0;0.48;0.26;0.26;0.0;0.0;0.0;0.0;0.0;0.0;0.44;0.17;0.16;0.75;1;2;0.01
861;ita000106;ita;barsene;unknown;Barsene;FEMALE;3;16;47;197;0;0;0;0;0.45;0.36;0.2;0.0;0.0;0.0;0.0;0.0;0.0;0.36;0.1;0.1;0.62;0;2;0.0
862;ita000106;ita;mitrane;unknown;Mitrane;MALE;3;15;45;149;0;0;0;0;0.36;0.48;0.16;0.0;0.0;0.0;0.0;0.0;0.0;0.33;0.09;0.07;0.88;2;3;0.03
863;ita000106;ita;fenicio;unknown;Fenicio;MALE;3;20;82;348;0;0;0;0;0.41;0.27;0.32;0.0;0.0;0.0;0.0;0.0;0.0;0.44;0.17;0.17;0.88;0;1;0.03
864;ita000106;ita;alceste;unknown;Alceste;MALE;3;17;88;428;0;0;0;0;0.27;0.32;0.42;0.0;0.0;0.0;0.0;0.0;0.0;0.38;0.18;0.21;1.0;0;0;0.14
865;ita000106;ita;cleonice alceste;unknown;UNKNOWN;u;1;1;1;1;0;0;0;0;0.0;1.0;0.0;0.0;0.0;0.0;0.0;0.0;0.0;0.02;0.0;0.0;0.25;0;0;0.0
866;ita000106;ita;alceste cleonice;unknown;UNKNOWN;u;1;1;2;4;0;0;0;0;0.0;0.0;1.0;0.0;0.0;0.0;0.0;0.0;0.0;0.02;0.0;0.0;0.5;0;0;0.0
867;ita000107;ita;coro;unknown;Coro;UNKNOWN;1;1;1;6;0;0;0;0;0.0;0.0;1.0;0.0;0.0;0.0;0.0;0.0;0.0;0.03;0.0;0.0;0.56;0;0;0.0
868;ita000107;ita;dircea;unknown;Dircea;FEMALE;3;15;92;251;0;0;0;0;0.49;0.37;0.14;0.0;0.0;0.0;0.0;0.0;0.0;0.42;0.17;0.14;1.0;1;2;0.2
869;ita000107;ita;matusio;unknown;Matusio;MALE;3;8;52;148;0;0;0;0;0.55;0.05;0.4;0.0;0.0;0.0;0.0;0.0;0.0;0.22;0.1;0.08;0.44;0;1;0.0
870;ita000107;ita;timante;unknown;Timante;MALE;3;23;192;619;0;0;0;0;0.29;0.34;0.37;0.0;0.0;0.0;0.0;0.0;0.0;0.64;0.36;0.34;1.0;1;3;0.2
871;ita000107;ita;demofoonte;unknown;Demofoonte;MALE;3;9;82;359;0;0;0;0;0.21;0.58;0.2;0.0;0.0;0.0;0.0;0.0;0.0;0.25;0.15;0.2;0.67;2;2;0.01
872;ita000107;ita;adrasto;unknown;Adrasto;MALE;2;5;16;39;0;0;0;0;0.38;0.0;0.62;0.0;0.0;0.0;0.0;0.0;0.0;0.14;0.03;0.02;0.67;1;1;0.04
873;ita000107;ita;creusa;unknown;Creusa;FEMALE;3;11;53;188;0;0;0;0;0.37;0.42;0.21;0.0;0.0;0.0;0.0;0.0;0.0;0.31;0.1;0.1;0.67;0;2;0.01
874;ita000107;ita;cherinto;unknown;Cherinto;MALE;3;8;42;175;0;0;0;0;0.51;0.08;0.41;0.0;0.0;0.0;0.0;0.0;0.0;0.22;0.08;0.1;0.56;1;0;0.0
875;ita000107;ita;timante matusio;unknown;UNKNOWN;u;1;1;2;2;0;0;0;0;1.0;0.0;0.0;0.0;0.0;0.0;0.0;0.0;0.0;0.03;0.0;0.0;0.44;0;0;0.0
876;ita000107;ita;timante dircea;unknown;UNKNOWN;u;1;1;2;7;0;0;0;0;0.0;1.0;0.0;0.0;0.0;0.0;0.0;0.0;0.0;0.03;0.0;0.0;0.22;0;0;0.0
877;ita000108;ita;enea;unknown;Enea;MALE;3;20;107;369;0;0;0;0;0.42;0.4;0.17;0.0;0.0;0.0;0.0;0.0;0.0;0.38;0.22;0.23;0.83;1;1;0.0
878;ita000108;ita;selene;unknown;Selene;FEMALE;3;20;65;176;0;0;0;0;0.29;0.37;0.34;0.0;0.0;0.0;0.0;0.0;0.0;0.38;0.14;0.11;0.83;0;1;0.0
879;ita000108;ita;osmida;unknown;Osmida;MALE;3;22;60;146;0;0;0;0;0.49;0.05;0.46;0.0;0.0;0.0;0.0;0.0;0.0;0.42;0.12;0.09;0.83;0;0;0.0
880;ita000108;ita;didone;unknown;Didone;FEMALE;3;25;117;469;0;0;0;0;0.31;0.38;0.31;0.0;0.0;0.0;0.0;0.0;0.0;0.48;0.24;0.3;0.83;1;2;0.0
881;ita000108;ita;araspe;unknown;Araspe;MALE;3;16;39;104;0;0;0;0;0.44;0.42;0.13;0.0;0.0;0.0;0.0;0.0;0.0;0.31;0.08;0.07;0.83;2;3;0.0
882;ita000108;ita;iarba;unknown;Iarba;MALE;3;16;91;270;0;0;0;0;0.56;0.24;0.2;0.0;0.0;0.0;0.0;0.0;0.0;0.31;0.19;0.17;0.83;2;2;0.0
883;ita000109;ita;coro;unknown;Coro;UNKNOWN;1;1;1;4;0;0;0;0;0.0;0.0;1.0;0.0;0.0;0.0;0.0;0.0;0.0;0.02;0.0;0.0;1.0;0;0;0.0
884;ita000109;ita;massimo;unknown;Massimo;MALE;3;27;99;387;0;0;0;0;0.39;0.41;0.2;0.0;0.0;0.0;0.0;0.0;0.0;0.61;0.19;0.19;1.0;1;3;0.0
885;ita000109;ita;valentiniano;unknown;Valentiniano III;MALE;3;24;145;511;0;0;0;0;0.28;0.37;0.35;0.0;0.0;0.0;0.0;0.0;0.0;0.55;0.28;0.26;1.0;2;1;0.0
886;ita000109;ita;varo;unknown;Varo;MALE;3;10;26;109;0;0;0;0;0.28;0.43;0.28;0.0;0.0;0.0;0.0;0.0;0.0;0.23;0.05;0.05;1.0;0;0;0.0
887;ita000109;ita;ezio;unknown;Ezio;MALE;3;12;89;377;0;0;0;0;0.46;0.29;0.25;0.0;0.0;0.0;0.0;0.0;0.0;0.27;0.17;0.19;1.0;1;2;0.0
888;ita000109;ita;fulvia;unknown;Fulvia;FEMALE;3;24;104;349;0;0;0;0;0.31;0.44;0.26;0.0;0.0;0.0;0.0;0.0;0.0;0.55;0.2;0.17;1.0;0;1;0.0
889;ita000109;ita;Onoria;unknown;Onoria;FEMALE;3;10;57;250;0;0;0;0;0.29;0.23;0.48;0.0;0.0;0.0;0.0;0.0;0.0;0.23;0.11;0.13;1.0;1;3;0.0
890;ita000109;ita;ezio varo;unknown;UNKNOWN;u;1;1;1;1;0;0;0;0;0.0;0.0;1.0;0.0;0.0;0.0;0.0;0.0;0.0;0.02;0.0;0.0;1.0;2;4;0.0
891;ita000110;ita;coro;unknown;Coro;UNKNOWN;1;1;1;4;0;0;0;0;0.0;0.0;1.0;0.0;0.0;0.0;0.0;0.0;0.0;0.04;0.0;0.0;0.6;0;0;0.0
892;ita000110;ita;aminta;unknown;Aminta;MALE;3;11;86;222;0;0;0;0;0.5;0.34;0.15;0.0;0.0;0.0;0.0;0.0;0.0;0.44;0.22;0.2;1.0;1;2;0.1
893;ita000110;ita;elisa;unknown;Elisa;FEMALE;3;10;80;234;0;0;0;0;0.41;0.3;0.29;0.0;0.0;0.0;0.0;0.0;0.0;0.4;0.2;0.21;1.0;1;1;0.1
894;ita000110;ita;agenore;unknown;Agenore;MALE;3;15;115;248;0;0;0;0;0.25;0.47;0.28;0.0;0.0;0.0;0.0;0.0;0.0;0.6;0.29;0.22;1.0;1;1;0.1
895;ita000110;ita;alessandro;unknown;Alessandro;MALE;3;7;57;208;0;0;0;0;0.24;0.52;0.24;0.0;0.0;0.0;0.0;0.0;0.0;0.28;0.14;0.18;0.7;1;0;0.02
896;ita000110;ita;tamiri;unknown;Tamiri;FEMALE;3;5;54;120;0;0;0;0;0.17;0.37;0.47;0.0;0.0;0.0;0.0;0.0;0.0;0.2;0.14;0.11;0.7;0;2;0.02
897;ita000110;ita;aminta elisa;unknown;UNKNOWN;u;2;2;2;3;0;0;0;0;0.67;0.0;0.33;0.0;0.0;0.0;0.0;0.0;0.0;0.08;0.01;0.0;0.6;0;0;0.0
898;ita000110;ita;tamiri elisa;unknown;UNKNOWN;u;1;1;1;1;0;0;0;0;0.0;1.0;0.0;0.0;0.0;0.0;0.0;0.0;0.0;0.04;0.0;0.0;0.6;0;0;0.0
899;ita000110;ita;aminta agenore;unknown;UNKNOWN;u;1;1;1;1;0;0;0;0;0.0;1.0;0.0;0.0;0.0;0.0;0.0;0.0;0.0;0.04;0.0;0.0;0.6;0;0;0.0
900;ita000110;ita;elisa tamiri aminta agenore;unknown;UNKNOWN;u;1;1;1;1;0;0;0;0;0.0;1.0;0.0;0.0;0.0;0.0;0.0;0.0;0.0;0.04;0.0;0.0;0.6;0;0;0.0
901;ita000110;ita;tamiri agenore;unknown;UNKNOWN;u;1;1;1;1;0;0;0;0;0.0;0.0;1.0;0.0;0.0;0.0;0.0;0.0;0.0;0.04;0.0;0.0;0.6;0;0;0.0
902;ita000111;ita;popolo;unknown;Popolo;UNKNOWN;1;1;1;1;0;0;0;0;0.0;0.0;1.0;0.0;0.0;0.0;0.0;0.0;0.0;0.03;0.0;0.0;0.2;0;0;0.0
903;ita000111;ita;elpinice;unknown;Elpinice;FEMALE;3;11;36;148;0;0;0;0;0.45;0.18;0.38;0.0;0.0;0.0;0.0;0.0;0.0;0.37;0.09;0.11;0.6;1;2;0.01
904;ita000111;ita;ipermestra;unknown;Ipermestra;FEMALE;3;14;117;358;0;0;0;0;0.32;0.32;0.37;0.0;0.0;0.0;0.0;0.0;0.0;0.47;0.3;0.27;0.9;0;3;0.21
905;ita000111;ita;danao;unknown;Danao;MALE;3;13;77;261;0;0;0;0;0.41;0.43;0.16;0.0;0.0;0.0;0.0;0.0;0.0;0.43;0.2;0.2;0.8;0;2;0.1
906;ita000111;ita;linceo;unknown;Linceo;MALE;3;11;94;275;0;0;0;0;0.4;0.39;0.21;0.0;0.0;0.0;0.0;0.0;0.0;0.37;0.24;0.21;0.6;1;1;0.05
907;ita000111;ita;plistene;unknown;Plistene;MALE;3;12;43;116;0;0;0;0;0.34;0.38;0.28;0.0;0.0;0.0;0.0;0.0;0.0;0.4;0.11;0.09;0.7;0;0;0.03
908;ita000111;ita;adrasto;unknown;Adrasto;MALE;3;5;22;97;0;0;0;0;0.39;0.48;0.12;0.0;0.0;0.0;0.0;0.0;0.0;0.17;0.06;0.07;0.5;2;2;0.0
909;ita000111;ita;linceo ipermestra;unknown;UNKNOWN;u;1;1;1;6;0;0;0;0;0.0;1.0;0.0;0.0;0.0;0.0;0.0;0.0;0.0;0.03;0.0;0.0;0.2;0;0;0.0
910;ita000111;ita;linceo plistene;unknown;UNKNOWN;u;1;1;1;1;0;0;0;0;0.0;0.0;1.0;0.0;0.0;0.0;0.0;0.0;0.0;0.03;0.0;0.0;0.4;1;3;0.0
911;ita000111;ita;adrasto elpinice ipermestra danao plistene linceo;unknown;UNKNOWN;u;1;1;1;6;0;0;0;0;0.0;0.0;1.0;0.0;0.0;0.0;0.0;0.0;0.0;0.03;0.0;0.0;0.5;0;0;0.0
912;ita000112;ita;coro;unknown;Coro;UNKNOWN;1;1;1;8;0;0;0;0;0.0;0.0;1.0;0.0;0.0;0.0;0.0;0.0;0.0;0.03;0.0;0.01;0.86;0;0;0.0
913;ita000112;ita;issipile;unknown;Issipile;FEMALE;3;21;127;349;0;0;0;0;0.38;0.37;0.25;0.0;0.0;0.0;0.0;0.0;0.0;0.57;0.29;0.24;1.0;1;1;0.06
914;ita000112;ita;rodope;unknown;Rodope;FEMALE;3;16;58;165;0;0;0;0;0.39;0.24;0.38;0.0;0.0;0.0;0.0;0.0;0.0;0.43;0.13;0.11;0.86;0;1;0.0
915;ita000112;ita;eurinome;unknown;Eurinome;FEMALE;3;14;58;202;0;0;0;0;0.44;0.41;0.15;0.0;0.0;0.0;0.0;0.0;0.0;0.38;0.13;0.14;1.0;2;1;0.06
916;ita000112;ita;toante;unknown;Toante;MALE;3;8;53;196;0;0;0;0;0.37;0.17;0.46;0.0;0.0;0.0;0.0;0.0;0.0;0.22;0.12;0.13;0.86;3;0;0.0
917;ita000112;ita;learco;unknown;Learco;MALE;3;17;78;295;0;0;0;0;0.26;0.25;0.48;0.0;0.0;0.0;0.0;0.0;0.0;0.46;0.18;0.2;0.86;0;1;0.0
918;ita000112;ita;giasone;unknown;Giasone;MALE;3;7;66;229;0;0;0;0;0.29;0.45;0.27;0.0;0.0;0.0;0.0;0.0;0.0;0.19;0.15;0.16;1.0;3;2;0.06
919;ita000112;ita;eurinome rodope;unknown;UNKNOWN;u;1;1;1;1;0;0;0;0;1.0;0.0;0.0;0.0;0.0;0.0;0.0;0.0;0.0;0.03;0.0;0.0;0.43;2;0;0.0
920;ita000113;ita;coro;unknown;Coro;UNKNOWN;1;1;1;4;0;0;0;0;0.0;0.0;1.0;0.0;0.0;0.0;0.0;0.0;0.0;0.04;0.0;0.0;0.83;0;0;0.0
921;ita000113;ita;lisinga;unknown;Lisinga;FEMALE;3;12;73;231;0;0;0;0;0.34;0.38;0.28;0.0;0.0;0.0;0.0;0.0;0.0;0.46;0.18;0.19;1.0;1;1;0.13
922;ita000113;ita;ulania;unknown;Ulania;FEMALE;3;12;85;219;0;0;0;0;0.39;0.32;0.29;0.0;0.0;0.0;0.0;0.0;0.0;0.46;0.21;0.18;0.83;0;1;0.0
923;ita000113;ita;siveno;unknown;Siveno;MALE;3;10;87;264;0;0;0;0;0.22;0.55;0.22;0.0;0.0;0.0;0.0;0.0;0.0;0.38;0.22;0.21;1.0;2;1;0.13
924;ita000113;ita;minteo;unknown;Mintéo;MALE;3;9;70;204;0;0;0;0;0.31;0.42;0.27;0.0;0.0;0.0;0.0;0.0;0.0;0.35;0.18;0.17;0.83;1;1;0.0
925;ita000113;ita;leango;unknown;Leango;MALE;3;10;82;254;0;0;0;0;0.2;0.26;0.54;0.0;0.0;0.0;0.0;0.0;0.0;0.38;0.21;0.21;0.83;1;1;0.0
926;ita000113;ita;lisinga siveno;unknown;UNKNOWN;u;1;1;1;2;0;0;0;0;0.0;1.0;0.0;0.0;0.0;0.0;0.0;0.0;0.0;0.04;0.0;0.0;0.33;0;0;0.0
927;ita000115;ita;coro;unknown;Coro;UNKNOWN;3;4;14;42;0;0;0;0;0.19;0.38;0.43;0.0;0.0;0.0;0.0;0.0;0.0;0.11;0.03;0.02;0.58;2;4;0.01
928;ita000115;ita;licida;unknown;Licida;MALE;3;18;104;321;0;0;0;0;0.47;0.37;0.17;0.0;0.0;0.0;0.0;0.0;0.0;0.51;0.19;0.18;0.75;1;1;0.02
929;ita000115;ita;aminta;unknown;Aminta;MALE;3;10;49;205;0;0;0;0;0.23;0.39;0.39;0.0;0.0;0.0;0.0;0.0;0.0;0.29;0.09;0.11;0.58;1;1;0.0
930;ita000115;ita;megacle;unknown;Megacle;MALE;3;15;116;329;0;0;0;0;0.38;0.42;0.2;0.0;0.0;0.0;0.0;0.0;0.0;0.43;0.21;0.18;0.83;1;3;0.06
931;ita000115;ita;argene;unknown;Argene;FEMALE;3;15;71;294;0;0;0;0;0.43;0.29;0.29;0.0;0.0;0.0;0.0;0.0;0.0;0.43;0.13;0.16;0.58;1;1;0.0
932;ita000115;ita;aristea;unknown;Aristea;FEMALE;3;15;111;278;0;0;0;0;0.42;0.41;0.17;0.0;0.0;0.0;0.0;0.0;0.0;0.43;0.2;0.15;0.75;0;3;0.04
933;ita000115;ita;clistene;unknown;Clistene;MALE;3;8;53;207;0;0;0;0;0.14;0.24;0.61;0.0;0.0;0.0;0.0;0.0;0.0;0.23;0.1;0.11;0.75;2;3;0.02
934;ita000115;ita;alcandro;unknown;Alcandro;MALE;3;10;34;98;0;0;0;0;0.03;0.31;0.66;0.0;0.0;0.0;0.0;0.0;0.0;0.29;0.06;0.05;0.83;1;2;0.06
935;ita000115;ita;aristea megacle;unknown;UNKNOWN;u;1;1;2;4;0;0;0;0;1.0;0.0;0.0;0.0;0.0;0.0;0.0;0.0;0.0;0.03;0.0;0.0;0.25;0;0;0.0
936;ita000115;ita;licida megacle;unknown;UNKNOWN;u;1;1;1;1;0;0;0;0;0.0;0.0;1.0;0.0;0.0;0.0;0.0;0.0;0.0;0.03;0.0;0.0;0.42;0;0;0.0
937;ita000115;ita;sacerdoti popolo;unknown;UNKNOWN;u;1;1;1;6;0;0;0;0;0.0;0.0;1.0;0.0;0.0;0.0;0.0;0.0;0.0;0.03;0.0;0.0;0.5;0;0;0.0
938;ita000116;ita;coro;unknown;Coro;UNKNOWN;2;2;6;26;0;0;0;0;0.77;0.0;0.23;0.0;0.0;0.0;0.0;0.0;0.0;0.06;0.01;0.02;0.78;0;1;0.0
939;ita000116;ita;amenofi;unknown;Amenofi;MALE;3;13;51;178;0;0;0;0;0.52;0.15;0.33;0.0;0.0;0.0;0.0;0.0;0.0;0.41;0.11;0.11;0.89;2;1;0.02
940;ita000116;ita;sammete;unknown;Sammete;MALE;3;13;105;293;0;0;0;0;0.4;0.34;0.25;0.0;0.0;0.0;0.0;0.0;0.0;0.41;0.23;0.19;1.0;0;0;0.07
941;ita000116;ita;nitteti;unknown;Nitteti;FEMALE;3;13;60;201;0;0;0;0;0.26;0.35;0.39;0.0;0.0;0.0;0.0;0.0;0.0;0.41;0.13;0.13;0.89;1;2;0.02
942;ita000116;ita;beroe;unknown;Beroe;FEMALE;3;16;135;426;0;0;0;0;0.3;0.48;0.22;0.0;0.0;0.0;0.0;0.0;0.0;0.5;0.29;0.28;1.0;0;3;0.07
943;ita000116;ita;bubaste;unknown;Bubaste;MALE;3;8;21;63;0;0;0;0;0.14;0.35;0.51;0.0;0.0;0.0;0.0;0.0;0.0;0.25;0.05;0.04;0.56;0;3;0.0
944;ita000116;ita;amasi;unknown;Amasi;MALE;3;11;82;337;0;0;0;0;0.31;0.27;0.42;0.0;0.0;0.0;0.0;0.0;0.0;0.34;0.18;0.22;1.0;1;2;0.07
945;ita000116;ita;amasi amenofi beroe sammete bubaste nitteti;unknown;UNKNOWN;u;2;2;2;5;0;0;0;0;0.8;0.0;0.2;0.0;0.0;0.0;0.0;0.0;0.0;0.06;0.0;0.0;0.78;0;1;0.0
946;ita000116;ita;sammete beroe;unknown;UNKNOWN;u;2;2;2;7;0;0;0;0;0.86;0.0;0.14;0.0;0.0;0.0;0.0;0.0;0.0;0.06;0.0;0.0;0.78;1;0;0.0
947;ita000116;ita;amasi beroe sammete;unknown;UNKNOWN;u;1;1;1;2;0;0;0;0;0.0;1.0;0.0;0.0;0.0;0.0;0.0;0.0;0.0;0.03;0.0;0.0;0.33;0;0;0.0
948;ita000117;ita;coro;unknown;Coro;UNKNOWN;2;3;11;48;0;0;0;0;0.58;0.0;0.42;0.0;0.0;0.0;0.0;0.0;0.0;0.11;0.03;0.04;0.57;1;1;0.01
949;ita000117;ita;romolo;unknown;Romolo;MALE;3;10;76;298;0;0;0;0;0.35;0.43;0.23;0.0;0.0;0.0;0.0;0.0;0.0;0.37;0.23;0.24;1.0;2;3;0.25
950;ita000117;ita;ersilia;unknown;Ersilia;FEMALE;3;15;97;330;0;0;0;0;0.36;0.43;0.21;0.0;0.0;0.0;0.0;0.0;0.0;0.56;0.3;0.27;0.86;1;2;0.15
951;ita000117;ita;ostilio;unknown;Ostilio;MALE;3;10;42;172;0;0;0;0;0.31;0.27;0.42;0.0;0.0;0.0;0.0;0.0;0.0;0.37;0.13;0.14;0.43;1;0;0.0
952;ita000117;ita;valeria;unknown;Valeria;FEMALE;3;11;30;134;0;0;0;0;0.31;0.23;0.46;0.0;0.0;0.0;0.0;0.0;0.0;0.41;0.09;0.11;0.71;0;1;0.07
953;ita000117;ita;acronte;unknown;Acronte;MALE;2;3;26;91;0;0;0;0;0.66;0.34;0.0;0.0;0.0;0.0;0.0;0.0;0.0;0.11;0.08;0.07;0.43;0;1;0.01
954;ita000117;ita;curzio;unknown;Curzio;MALE;3;6;41;156;0;0;0;0;0.43;0.24;0.33;0.0;0.0;0.0;0.0;0.0;0.0;0.22;0.13;0.13;0.57;0;0;0.03
955;ita000117;ita;ersilia romolo;unknown;UNKNOWN;u;1;1;1;5;0;0;0;0;1.0;0.0;0.0;0.0;0.0;0.0;0.0;0.0;0.0;0.04;0.0;0.0;0.29;0;0;0.0
956;ita000118;ita;coro;unknown;Coro;UNKNOWN;1;1;1;8;0;0;0;0;0.0;0.0;1.0;0.0;0.0;0.0;0.0;0.0;0.0;0.03;0.0;0.01;0.86;0;0;0.0
957;ita000118;ita;bradamante;unknown;Bradamante;FEMALE;3;12;98;369;0;0;0;0;0.42;0.35;0.23;0.0;0.0;0.0;0.0;0.0;0.0;0.41;0.26;0.25;1.0;1;2;0.02
958;ita000118;ita;clotilde;unknown;Clotilde;FEMALE;3;14;65;200;0;0;0;0;0.32;0.17;0.52;0.0;0.0;0.0;0.0;0.0;0.0;0.48;0.17;0.14;1.0;0;1;0.02
959;ita000118;ita;ottone;unknown;Ottone;MALE;3;8;49;163;0;0;0;0;0.39;0.19;0.42;0.0;0.0;0.0;0.0;0.0;0.0;0.28;0.13;0.11;0.71;1;3;0.0
960;ita000118;ita;ruggiero;unknown;Ruggiero;MALE;3;13;90;337;0;0;0;0;0.34;0.35;0.31;0.0;0.0;0.0;0.0;0.0;0.0;0.45;0.24;0.23;1.0;1;2;0.02
961;ita000118;ita;leone;unknown;Leone;MALE;3;8;51;224;0;0;0;0;0.17;0.46;0.37;0.0;0.0;0.0;0.0;0.0;0.0;0.28;0.13;0.15;1.0;1;0;0.02
962;ita000118;ita;carlo_magno;unknown;Carlo Magno;MALE;3;5;24;120;0;0;0;0;0.4;0.38;0.23;0.0;0.0;0.0;0.0;0.0;0.0;0.17;0.06;0.08;1.0;2;1;0.02
963;ita000118;ita;clotilde ottone bradamante carlo_magno leone ruggiero;unknown;UNKNOWN;u;1;1;1;1;0;0;0;0;0.0;0.0;1.0;0.0;0.0;0.0;0.0;0.0;0.0;0.03;0.0;0.0;0.86;1;0;0.0
964;ita000119;ita;coro;unknown;Coro;UNKNOWN;1;1;1;8;0;0;0;0;0.0;0.0;1.0;0.0;0.0;0.0;0.0;0.0;0.0;0.02;0.0;0.0;0.86;0;0;0.0
965;ita000119;ita;cosroe;unknown;Cosroe;MALE;3;20;116;394;0;0;0;0;0.33;0.41;0.26;0.0;0.0;0.0;0.0;0.0;0.0;0.42;0.2;0.22;1.0;1;3;0.02
966;ita000119;ita;medarse;unknown;Medarse;MALE;3;21;69;209;0;0;0;0;0.42;0.26;0.32;0.0;0.0;0.0;0.0;0.0;0.0;0.44;0.12;0.12;1.0;1;1;0.02
967;ita000119;ita;siroe;unknown;Siroe;MALE;3;24;119;331;0;0;0;0;0.47;0.38;0.15;0.0;0.0;0.0;0.0;0.0;0.0;0.5;0.21;0.19;1.0;0;0;0.02
968;ita000119;ita;emira;unknown;Emira;FEMALE;3;24;154;484;0;0;0;0;0.32;0.37;0.32;0.0;0.0;0.0;0.0;0.0;0.0;0.5;0.27;0.27;1.0;1;4;0.02
969;ita000119;ita;laodice;unknown;Laodice;FEMALE;3;16;76;221;0;0;0;0;0.53;0.3;0.17;0.0;0.0;0.0;0.0;0.0;0.0;0.33;0.13;0.12;1.0;0;1;0.02
970;ita000119;ita;arasse;unknown;Arasse;MALE;3;9;32;130;0;0;0;0;0.28;0.18;0.53;0.0;0.0;0.0;0.0;0.0;0.0;0.19;0.06;0.07;0.71;1;2;0.0
971;ita000119;ita;emira siroe;unknown;UNKNOWN;u;1;1;1;1;0;0;0;0;0.0;0.0;1.0;0.0;0.0;0.0;0.0;0.0;0.0;0.02;0.0;0.0;0.86;0;0;0.0
972;ita000120;ita;coro;unknown;Coro;UNKNOWN;1;1;1;4;0;0;0;0;0.0;0.0;1.0;0.0;0.0;0.0;0.0;0.0;0.0;0.03;0.0;0.0;0.88;0;0;0.0
973;ita000120;ita;temistocle;unknown;Temistocle;MALE;3;15;117;504;0;0;0;0;0.35;0.27;0.38;0.0;0.0;0.0;0.0;0.0;0.0;0.41;0.23;0.29;0.88;2;3;0.0
974;ita000120;ita;neocle;unknown;Neocle;MALE;3;9;46;137;0;0;0;0;0.51;0.24;0.25;0.0;0.0;0.0;0.0;0.0;0.0;0.24;0.09;0.08;0.88;1;2;0.0
975;ita000120;ita;aspasia;unknown;Aspasia;FEMALE;3;17;97;300;0;0;0;0;0.48;0.32;0.2;0.0;0.0;0.0;0.0;0.0;0.0;0.46;0.19;0.17;0.88;1;2;0.0
976;ita000120;ita;sebaste;unknown;Sebaste;MALE;3;15;45;143;0;0;0;0;0.43;0.17;0.4;0.0;0.0;0.0;0.0;0.0;0.0;0.41;0.09;0.08;0.88;1;1;0.0
977;ita000120;ita;rossane;unknown;Rossane;FEMALE;3;14;56;169;0;0;0;0;0.4;0.46;0.15;0.0;0.0;0.0;0.0;0.0;0.0;0.38;0.11;0.1;0.88;0;2;0.0
978;ita000120;ita;serse;unknown;Serse;MALE;3;13;100;366;0;0;0;0;0.24;0.5;0.26;0.0;0.0;0.0;0.0;0.0;0.0;0.35;0.2;0.21;1.0;2;1;0.25
979;ita000120;ita;lisimaco;unknown;Lisimaco;MALE;3;5;39;107;0;0;0;0;0.29;0.6;0.11;0.0;0.0;0.0;0.0;0.0;0.0;0.14;0.08;0.06;0.88;0;3;0.0
980;ita000120;ita;neocle aspasia;unknown;UNKNOWN;u;1;1;1;1;0;0;0;0;0.0;0.0;1.0;0.0;0.0;0.0;0.0;0.0;0.0;0.03;0.0;0.0;0.12;0;0;0.0
981;ita000121;ita;coro;unknown;Coro;UNKNOWN;1;1;1;6;0;0;0;0;0.0;0.0;1.0;0.0;0.0;0.0;0.0;0.0;0.0;0.03;0.0;0.0;0.57;0;0;0.0
982;ita000121;ita;zopiro;unknown;Zopiro;MALE;3;7;77;265;0;0;0;0;0.25;0.64;0.12;0.0;0.0;0.0;0.0;0.0;0.0;0.24;0.17;0.17;0.43;1;1;0.0
983;ita000121;ita;radamisto;unknown;Radamisto;MALE;3;8;78;245;0;0;0;0;0.36;0.31;0.33;0.0;0.0;0.0;0.0;0.0;0.0;0.28;0.17;0.15;0.71;2;0;0.03
984;ita000121;ita;zenobia;unknown;Zenobia;FEMALE;3;13;110;437;0;0;0;0;0.33;0.35;0.32;0.0;0.0;0.0;0.0;0.0;0.0;0.45;0.24;0.28;1.0;1;0;0.21
985;ita000121;ita;egle;unknown;Egle;FEMALE;3;9;51;182;0;0;0;0;0.21;0.29;0.5;0.0;0.0;0.0;0.0;0.0;0.0;0.31;0.11;0.11;0.71;0;1;0.03
986;ita000121;ita;tiridate;unknown;Tiridate;MALE;3;13;96;291;0;0;0;0;0.29;0.27;0.44;0.0;0.0;0.0;0.0;0.0;0.0;0.45;0.21;0.18;1.0;1;3;0.21
987;ita000121;ita;mitrane;unknown;Mitrane;MALE;3;8;39;122;0;0;0;0;0.32;0.22;0.46;0.0;0.0;0.0;0.0;0.0;0.0;0.28;0.09;0.08;0.43;2;0;0.0
988;ita000121;ita;zenobia tiridate;unknown;UNKNOWN;u;1;1;1;6;0;0;0;0;0.0;1.0;0.0;0.0;0.0;0.0;0.0;0.0;0.0;0.03;0.0;0.0;0.29;0;0;0.0
989;ita000124;ita;congiurati;unknown;Congiurati;UNKNOWN;1;1;2;4;0;0;0;0;0.0;0.0;1.0;0.0;0.0;0.0;0.0;0.0;0.0;0.03;0.01;0.0;0.2;0;1;0.0
990;ita000124;ita;emonte;unknown;Emonte;MALE;2;4;12;114;0;0;0;0;0.26;0.0;0.0;0.74;0.0;0.0;0.0;0.0;0.0;0.12;0.05;0.08;0.2;1;1;0.0
991;ita000124;ita;carone;unknown;Carone;MALE;5;22;74;396;0;0;0;0;0.33;0.12;0.41;0.02;0.12;0.0;0.0;0.0;0.0;0.65;0.28;0.26;1.0;0;3;0.26
992;ita000124;ita;pelopida;unknown;Pelopida;MALE;3;7;12;111;0;0;0;0;0.29;0.0;0.7;0.0;0.01;0.0;0.0;0.0;0.0;0.21;0.05;0.07;0.8;1;2;0.11
993;ita000124;ita;aspasia;unknown;Aspasia;FEMALE;4;10;34;181;0;0;0;0;0.27;0.0;0.3;0.17;0.25;0.0;0.0;0.0;0.0;0.29;0.13;0.12;0.8;1;4;0.05
994;ita000124;ita;ismene;unknown;Ismene;FEMALE;4;11;41;242;0;0;0;0;0.11;0.29;0.0;0.6;0.01;0.0;0.0;0.0;0.0;0.32;0.16;0.16;0.7;0;3;0.08
995;ita000124;ita;servo;unknown;Servo di Carone;MALE;2;3;3;7;0;0;0;0;0.29;0.0;0.71;0.0;0.0;0.0;0.0;0.0;0.0;0.09;0.01;0.0;0.5;0;3;0.01
996;ita000124;ita;leontida;unknown;Leontida;MALE;3;6;30;152;0;0;0;0;0.33;0.63;0.0;0.0;0.04;0.0;0.0;0.0;0.0;0.18;0.11;0.1;0.5;2;2;0.0
997;ita000124;ita;telefo;unknown;Telefo;MALE;2;3;16;68;0;0;0;0;0.0;0.0;0.12;0.88;0.0;0.0;0.0;0.0;0.0;0.09;0.06;0.05;0.5;0;1;0.0
998;ita000124;ita;polifonte;unknown;Polifonte;MALE;3;5;27;122;0;0;0;0;0.0;0.0;0.11;0.82;0.07;0.0;0.0;0.0;0.0;0.15;0.1;0.08;0.6;0;3;0.01
999;ita000124;ita;polinice;unknown;Polinice;MALE;2;3;13;95;0;0;0;0;0.0;0.0;0.16;0.0;0.84;0.0;0.0;0.0;0.0;0.09;0.05;0.06;0.4;2;0;0.0
1000;ita000128;ita;lepido;unknown;Lepido;MALE;5;12;99;102;0;0;0;0;0.25;0.32;0.23;0.12;0.09;0.0;0.0;0.0;0.0;0.29;0.07;0.07;0.82;2;3;0.0
1001;ita000128;ita;flavio;unknown;Flavio;MALE;4;10;114;114;0;0;0;0;0.46;0.24;0.0;0.25;0.05;0.0;0.0;0.0;0.0;0.24;0.08;0.08;0.82;1;2;0.0
1002;ita000128;ita;scaramuccia;unknown;Scaramuccia;MALE;5;25;335;356;0;0;0;0;0.04;0.28;0.08;0.42;0.17;0.0;0.0;0.0;0.0;0.61;0.23;0.24;0.82;1;1;0.0
1003;ita000128;ita;demetrio;unknown;Demetrio Aliprandi;MALE;5;14;163;170;0;0;0;0;0.23;0.01;0.11;0.44;0.21;0.0;0.0;0.0;0.0;0.34;0.11;0.11;0.82;1;2;0.0
1004;ita000128;ita;gervasio;unknown;Gervasio Grifone;MALE;5;10;100;102;0;0;0;0;0.13;0.22;0.06;0.31;0.28;0.0;0.0;0.0;0.0;0.24;0.07;0.07;0.82;1;3;0.0
1005;ita000128;ita;ruchetta;unknown;Ruchetta;FEMALE;5;14;157;158;0;0;0;0;0.47;0.1;0.25;0.08;0.1;0.0;0.0;0.0;0.0;0.34;0.11;0.1;0.82;1;4;0.0
1006;ita000128;ita;giulia;unknown;Giulia;FEMALE;4;9;76;77;0;0;0;0;0.43;0.01;0.0;0.34;0.22;0.0;0.0;0.0;0.0;0.22;0.05;0.05;0.82;0;3;0.0
1007;ita000128;ita;licinio;unknown;Licinio;MALE;3;5;63;63;0;0;0;0;0.0;0.46;0.25;0.0;0.29;0.0;0.0;0.0;0.0;0.12;0.04;0.04;0.82;2;4;0.0
1008;ita000128;ita;porzia;unknown;Porzia;FEMALE;4;9;137;138;0;0;0;0;0.0;0.38;0.22;0.33;0.07;0.0;0.0;0.0;0.0;0.22;0.09;0.09;0.82;2;4;0.0
1009;ita000128;ita;trapola;unknown;Trapola;MALE;4;14;135;143;0;0;0;0;0.0;0.5;0.31;0.08;0.12;0.0;0.0;0.0;0.0;0.34;0.09;0.09;0.82;2;6;0.0
1010;ita000131;ita;choro;unknown;Choro de Pastori;MALE;5;7;29;164;0;0;0;0;0.41;0.01;0.15;0.13;0.29;0.0;0.0;0.0;0.0;0.7;0.11;0.08;0.8;0;1;0.26
1011;ita000131;ita;dafne;unknown;Dafne;FEMALE;4;5;68;453;0;0;0;0;0.46;0.27;0.05;0.22;0.0;0.0;0.0;0.0;0.0;0.5;0.25;0.22;0.7;2;2;0.11
1012;ita000131;ita;silvia;unknown;Silvia;FEMALE;2;3;33;200;0;0;0;0;0.21;0.0;0.0;0.79;0.0;0.0;0.0;0.0;0.0;0.3;0.12;0.1;0.4;0;1;0.0
1013;ita000131;ita;aminta;unknown;Aminta;MALE;3;3;46;332;0;0;0;0;0.59;0.19;0.22;0.0;0.0;0.0;0.0;0.0;0.0;0.3;0.17;0.16;0.4;2;2;0.01
1014;ita000131;ita;tirsi;unknown;Tirsi;MALE;3;4;72;426;0;0;0;0;0.31;0.4;0.29;0.0;0.0;0.0;0.0;0.0;0.0;0.4;0.26;0.21;0.3;0;1;0.0
1015;ita000131;ita;satiro;unknown;Satiro;MALE;1;1;1;97;0;0;0;0;0.0;1.0;0.0;0.0;0.0;0.0;0.0;0.0;0.0;0.1;0.0;0.05;0.0;0;0;0.0
1016;ita000131;ita;nirina;unknown;Nirina;FEMALE;1;1;10;57;0;0;0;0;0.0;0.0;1.0;0.0;0.0;0.0;0.0;0.0;0.0;0.1;0.04;0.03;0.3;0;1;0.0
1017;ita000131;ita;nuntio;unknown;Nuntio;MALE;1;1;1;4;0;0;0;0;0.0;0.0;0.0;1.0;0.0;0.0;0.0;0.0;0.0;0.1;0.0;0.0;0.4;2;2;0.0
1018;ita000131;ita;ergasto;unknown;Ergasto;MALE;1;1;8;87;0;0;0;0;0.0;0.0;0.0;1.0;0.0;0.0;0.0;0.0;0.0;0.1;0.03;0.04;0.4;2;0;0.0
1019;ita000131;ita;elpino;unknown;Elpino;MALE;1;1;6;115;0;0;0;0;0.0;0.0;0.0;0.0;1.0;0.0;0.0;0.0;0.0;0.1;0.02;0.06;0.1;0;1;0.0
1020;ita000132;ita;coro;unknown;Choro;MALE;5;7;29;167;0;0;0;0;0.4;0.01;0.16;0.14;0.29;0.0;0.0;0.0;0.0;0.7;0.11;0.08;0.78;0;0;0.22
1021;ita000132;ita;dafne;unknown;Dafne;FEMALE;4;5;65;451;0;0;0;0;0.47;0.27;0.05;0.2;0.0;0.0;0.0;0.0;0.0;0.5;0.24;0.22;0.67;2;2;0.06
1022;ita000132;ita;silvia;unknown;Silvia;FEMALE;2;3;31;201;0;0;0;0;0.18;0.0;0.0;0.82;0.0;0.0;0.0;0.0;0.0;0.3;0.12;0.1;0.44;0;1;0.0
1023;ita000132;ita;aminta;unknown;Aminta;MALE;3;3;46;333;0;0;0;0;0.59;0.19;0.22;0.0;0.0;0.0;0.0;0.0;0.0;0.3;0.17;0.16;0.44;2;2;0.01
1024;ita000132;ita;tirsi;unknown;Tirsi;MALE;3;4;70;424;0;0;0;0;0.31;0.4;0.29;0.0;0.0;0.0;0.0;0.0;0.0;0.4;0.26;0.21;0.33;0;1;0.0
1025;ita000132;ita;satiro;unknown;Satiro;MALE;1;1;1;96;0;0;0;0;0.0;1.0;0.0;0.0;0.0;0.0;0.0;0.0;0.0;0.1;0.0;0.05;0.0;0;0;0.0
1026;ita000132;ita;nirina;unknown;Nirina;FEMALE;2;2;18;147;0;0;0;0;0.0;0.0;0.39;0.61;0.0;0.0;0.0;0.0;0.0;0.2;0.07;0.07;0.56;1;1;0.02
1027;ita000132;ita;nuntio;unknown;Nuntio;MALE;1;1;1;4;0;0;0;0;0.0;0.0;0.0;1.0;0.0;0.0;0.0;0.0;0.0;0.1;0.0;0.0;0.44;3;1;0.0
1028;ita000132;ita;elpino;unknown;Elpino;MALE;1;1;6;115;0;0;0;0;0.0;0.0;0.0;0.0;1.0;0.0;0.0;0.0;0.0;0.1;0.02;0.06;0.11;0;1;0.0
1029;ita000133;ita;coro;unknown;Coro De' Pastori;MALE;5;7;29;225;0;0;0;0;0.3;0.19;0.15;0.15;0.21;0.0;0.0;0.0;0.0;0.7;0.11;0.11;0.78;0;0;0.26
1030;ita000133;ita;dafne;unknown;Dafne;FEMALE;4;5;68;455;0;0;0;0;0.46;0.27;0.05;0.22;0.0;0.0;0.0;0.0;0.0;0.5;0.25;0.22;0.67;2;2;0.09
1031;ita000133;ita;silvia;unknown;Silvia;FEMALE;2;3;33;200;0;0;0;0;0.21;0.0;0.0;0.79;0.0;0.0;0.0;0.0;0.0;0.3;0.12;0.1;0.33;0;1;0.0
1032;ita000133;ita;aminta;unknown;Aminta;MALE;3;3;46;332;0;0;0;0;0.59;0.19;0.22;0.0;0.0;0.0;0.0;0.0;0.0;0.3;0.17;0.16;0.44;2;2;0.01
1033;ita000133;ita;tirsi;unknown;Tirsi;MALE;3;4;72;427;0;0;0;0;0.31;0.39;0.29;0.0;0.0;0.0;0.0;0.0;0.0;0.4;0.26;0.2;0.33;0;1;0.0
1034;ita000133;ita;satiro;unknown;Satiro;MALE;1;1;1;97;0;0;0;0;0.0;1.0;0.0;0.0;0.0;0.0;0.0;0.0;0.0;0.1;0.0;0.05;0.0;0;0;0.0
1035;ita000133;ita;nirina;unknown;Nirina;FEMALE;1;1;10;57;0;0;0;0;0.0;0.0;1.0;0.0;0.0;0.0;0.0;0.0;0.0;0.1;0.04;0.03;0.33;0;1;0.0
1036;ita000133;ita;nuntio;unknown;Nuntio (Ergasto);MALE;1;1;9;92;0;0;0;0;0.0;0.0;0.0;1.0;0.0;0.0;0.0;0.0;0.0;0.1;0.03;0.04;0.33;2;1;0.0
1037;ita000133;ita;elpino;unknown;Elpino;MALE;1;1;6;115;0;0;0;0;0.0;0.0;0.0;0.0;1.0;0.0;0.0;0.0;0.0;0.1;0.02;0.05;0.11;0;1;0.0
1038;ita000134;ita;coro;unknown;Coro;UNKNOWN;1;1;2;15;0;0;0;0;1.0;0.0;0.0;0.0;0.0;0.0;0.0;0.0;0.0;0.17;0.03;0.01;0.29;0;1;0.0
1039;ita000134;ita;alvida;unknown;Alvida;FEMALE;1;1;4;132;0;0;0;0;1.0;0.0;0.0;0.0;0.0;0.0;0.0;0.0;0.0;0.17;0.06;0.11;0.14;0;0;0.0
1040;ita000134;ita;nutrice;unknown;Nutrice;FEMALE;1;1;5;64;0;0;0;0;1.0;0.0;0.0;0.0;0.0;0.0;0.0;0.0;0.0;0.17;0.07;0.05;0.14;1;0;0.0
1041;ita000134;ita;consigliere;unknown;Consigliere;MALE;1;1;11;179;0;0;0;0;1.0;0.0;0.0;0.0;0.0;0.0;0.0;0.0;0.0;0.17;0.16;0.15;0.14;0;0;0.0
1042;ita000134;ita;galealto;unknown;Galealto;MALE;1;3;17;472;0;0;0;0;1.0;0.0;0.0;0.0;0.0;0.0;0.0;0.0;0.0;0.5;0.24;0.39;0.43;0;1;0.1
1043;ita000134;ita;straniero;unknown;Straniero;MALE;1;1;5;60;0;0;0;0;1.0;0.0;0.0;0.0;0.0;0.0;0.0;0.0;0.0;0.17;0.07;0.05;0.29;0;1;0.0
1044;ita000134;ita;filena;unknown;Filena;FEMALE;1;1;13;144;0;0;0;0;0.0;1.0;0.0;0.0;0.0;0.0;0.0;0.0;0.0;0.17;0.19;0.12;0.14;1;0;0.0
1045;ita000134;ita;rosmonda;unknown;Rosmonda;FEMALE;1;2;13;145;0;0;0;0;0.0;1.0;0.0;0.0;0.0;0.0;0.0;0.0;0.0;0.33;0.19;0.12;0.14;0;0;0.0
1046;ita000135;ita;leandro;unknown;Leandro;MALE;5;12;61;61;0;0;0;0;0.07;0.25;0.3;0.23;0.16;0.0;0.0;0.0;0.0;0.19;0.03;0.03;0.79;4;3;0.01
1047;ita000135;ita;cornelia;unknown;Cornelia;FEMALE;5;12;133;133;0;0;0;0;0.11;0.24;0.24;0.29;0.13;0.0;0.0;0.0;0.0;0.19;0.07;0.07;0.93;3;5;0.02
1048;ita000135;ita;ersilia;unknown;Ersilia;FEMALE;5;9;167;167;0;0;0;0;0.12;0.01;0.29;0.46;0.12;0.0;0.0;0.0;0.0;0.14;0.09;0.09;0.64;2;3;0.0
1049;ita000135;ita;camillo;unknown;Camillo;MALE;5;19;220;220;0;0;0;0;0.2;0.08;0.17;0.33;0.22;0.0;0.0;0.0;0.0;0.3;0.12;0.12;1.0;2;3;0.02
1050;ita000135;ita;lavinia;unknown;Lavinia;FEMALE;5;10;75;75;0;0;0;0;0.29;0.15;0.45;0.01;0.09;0.0;0.0;0.0;0.0;0.16;0.04;0.04;0.64;1;2;0.0
1051;ita000135;ita;flaminio;unknown;Flaminio;MALE;5;21;230;230;0;0;0;0;0.29;0.11;0.17;0.22;0.21;0.0;0.0;0.0;0.0;0.33;0.12;0.12;1.0;3;2;0.02
1052;ita000135;ita;pasquina;unknown;Pasquina;FEMALE;5;10;71;71;0;0;0;0;0.24;0.28;0.27;0.07;0.14;0.0;0.0;0.0;0.0;0.16;0.04;0.04;1.0;1;1;0.02
1053;ita000135;ita;magagna;unknown;Magagna;MALE;5;17;240;240;0;0;0;0;0.13;0.18;0.21;0.16;0.33;0.0;0.0;0.0;0.0;0.27;0.13;0.13;0.93;4;1;0.01
1054;ita000135;ita;franceschetto;unknown;Franceschetto;MALE;4;6;46;46;0;0;0;0;0.13;0.17;0.0;0.35;0.35;0.0;0.0;0.0;0.0;0.1;0.02;0.02;0.71;1;6;0.0
1055;ita000135;ita;gialaise;unknown;Gialaise;MALE;5;12;179;179;0;0;0;0;0.25;0.07;0.22;0.16;0.3;0.0;0.0;0.0;0.0;0.19;0.1;0.1;1.0;1;5;0.02
1056;ita000135;ita;alberto;unknown;Alberto;MALE;4;12;82;82;0;0;0;0;0.15;0.22;0.0;0.23;0.4;0.0;0.0;0.0;0.0;0.19;0.04;0.04;0.79;3;5;0.0
1057;ita000135;ita;manilio;unknown;Manilio;MALE;4;12;55;55;0;0;0;0;0.2;0.29;0.0;0.25;0.25;0.0;0.0;0.0;0.0;0.19;0.03;0.03;0.79;2;3;0.0
1058;ita000135;ita;bianchetta;unknown;Bianchetta;FEMALE;4;10;129;129;0;0;0;0;0.16;0.04;0.6;0.0;0.21;0.0;0.0;0.0;0.0;0.16;0.07;0.07;0.86;3;4;0.01
1059;ita000135;ita;alessandro;unknown;Alessandro;MALE;4;11;111;111;0;0;0;0;0.0;0.26;0.34;0.16;0.23;0.0;0.0;0.0;0.0;0.17;0.06;0.06;0.86;1;6;0.01
1060;ita000135;ita;leonora;unknown;Leonora;FEMALE;4;7;62;62;0;0;0;0;0.0;0.4;0.29;0.18;0.13;0.0;0.0;0.0;0.0;0.11;0.03;0.03;0.93;4;6;0.01
1061;ita000136;ita;coro;unknown;Coro;UNKNOWN;3;5;13;48;0;0;0;0;0.0;0.29;0.0;0.25;0.46;0.0;0.0;0.0;0.0;0.17;0.04;0.01;0.67;0;3;0.16
1062;ita000136;ita;nutrice;unknown;Nutrice;FEMALE;3;4;18;155;0;0;0;0;0.54;0.0;0.26;0.0;0.2;0.0;0.0;0.0;0.0;0.14;0.06;0.05;0.17;2;0;0.0
1063;ita000136;ita;alvida;unknown;Alvida;FEMALE;3;6;20;408;0;0;0;0;0.35;0.0;0.46;0.0;0.19;0.0;0.0;0.0;0.0;0.21;0.06;0.12;0.33;1;0;0.06
1064;ita000136;ita;regina;unknown;Regina Madre;FEMALE;4;9;29;324;0;0;0;0;0.02;0.6;0.06;0.0;0.32;0.0;0.0;0.0;0.0;0.31;0.09;0.1;0.67;1;3;0.27
1065;ita000136;ita;torrismondo;unknown;Torrismondo;MALE;4;11;87;811;0;0;0;0;0.53;0.18;0.05;0.24;0.0;0.0;0.0;0.0;0.0;0.38;0.27;0.24;0.75;1;3;0.32
1066;ita000136;ita;consigliero;unknown;Consigliero;MALE;3;3;18;350;0;0;0;0;0.48;0.0;0.19;0.32;0.0;0.0;0.0;0.0;0.0;0.1;0.06;0.1;0.17;0;1;0.0
1067;ita000136;ita;messaggero;unknown;Messaggiero;MALE;2;2;18;92;0;0;0;0;0.0;0.5;0.0;0.5;0.0;0.0;0.0;0.0;0.0;0.07;0.06;0.03;0.25;0;2;0.0
1068;ita000136;ita;rosmonda;unknown;Rosmonda;FEMALE;4;6;42;355;0;0;0;0;0.0;0.45;0.09;0.36;0.1;0.0;0.0;0.0;0.0;0.21;0.13;0.1;0.42;0;1;0.0
1069;ita000136;ita;germondo;unknown;Germondo, Re di Suezia;MALE;3;6;23;276;0;0;0;0;0.0;0.0;0.12;0.36;0.52;0.0;0.0;0.0;0.0;0.21;0.07;0.08;0.5;1;1;0.05
1070;ita000136;ita;cameriera;unknown;Cameriera;FEMALE;1;1;3;17;0;0;0;0;0.0;0.0;1.0;0.0;0.0;0.0;0.0;0.0;0.0;0.03;0.01;0.0;0.17;2;0;0.0
1071;ita000136;ita;indovino;unknown;Indovino;MALE;1;1;9;58;0;0;0;0;0.0;0.0;0.0;1.0;0.0;0.0;0.0;0.0;0.0;0.03;0.03;0.02;0.17;0;0;0.0
1072;ita000136;ita;frontone;unknown;Frontone;MALE;1;2;16;82;0;0;0;0;0.0;0.0;0.0;1.0;0.0;0.0;0.0;0.0;0.0;0.07;0.05;0.02;0.25;0;1;0.0
1073;ita000136;ita;cameriero;unknown;Cameriero;MALE;1;3;19;149;0;0;0;0;0.0;0.0;0.0;0.0;1.0;0.0;0.0;0.0;0.0;0.1;0.06;0.04;0.33;1;0;0.0
1074;ita000138;ita;coro;unknown;Coro di donne Cirtensi;FEMALE;5;13;72;480;0;0;0;0;0.35;0.16;0.13;0.18;0.19;0.0;0.0;0.0;0.0;0.87;0.22;0.23;1.0;1;1;0.53
1075;ita000138;ita;sofonisba;unknown;Sofonisba;FEMALE;2;5;54;420;0;0;0;0;0.77;0.0;0.0;0.0;0.23;0.0;0.0;0.0;0.0;0.33;0.16;0.2;0.5;1;1;0.05
1076;ita000138;ita;erminia;unknown;Erminia;FEMALE;2;3;38;161;0;0;0;0;0.27;0.0;0.0;0.0;0.73;0.0;0.0;0.0;0.0;0.2;0.11;0.08;0.3;1;0;0.0
1077;ita000138;ita;famiglio;unknown;Famiglio;MALE;2;2;13;77;0;0;0;0;0.58;0.0;0.0;0.42;0.0;0.0;0.0;0.0;0.0;0.13;0.04;0.04;0.2;2;0;0.0
1078;ita000138;ita;messo;unknown;Messo;MALE;2;2;28;148;0;0;0;0;0.25;0.75;0.0;0.0;0.0;0.0;0.0;0.0;0.0;0.13;0.08;0.07;0.3;2;1;0.01
1079;ita000138;ita;massinissa;unknown;Massinissa;MALE;4;5;46;302;0;0;0;0;0.24;0.31;0.23;0.0;0.23;0.0;0.0;0.0;0.0;0.33;0.14;0.14;0.6;1;1;0.07
1080;ita000138;ita;lelio;unknown;Lelio;MALE;1;4;45;140;0;0;0;0;0.0;1.0;0.0;0.0;0.0;0.0;0.0;0.0;0.0;0.27;0.14;0.07;0.4;1;0;0.02
1081;ita000138;ita;catone;unknown;Catone;MALE;2;2;10;60;0;0;0;0;0.0;0.83;0.17;0.0;0.0;0.0;0.0;0.0;0.0;0.13;0.03;0.03;0.5;1;3;0.03
1082;ita000138;ita;scipione;unknown;Scipione;MALE;1;2;13;147;0;0;0;0;0.0;0.0;1.0;0.0;0.0;0.0;0.0;0.0;0.0;0.13;0.04;0.07;0.4;1;3;0.01
1083;ita000138;ita;siface;unknown;Siface;MALE;1;1;3;29;0;0;0;0;0.0;0.0;1.0;0.0;0.0;0.0;0.0;0.0;0.0;0.07;0.01;0.01;0.3;1;0;0.0
1084;ita000138;ita;serva;unknown;Serva;FEMALE;1;1;11;138;0;0;0;0;0.0;0.0;0.0;1.0;0.0;0.0;0.0;0.0;0.0;0.07;0.03;0.07;0.1;1;0;0.0
