;play_id;corpus;character_id;genre;name;gender;acts;scenes;speech turns;lines;tokens;types;tok-types;prologue;act 1;act 2;act 3;act 4;act 5;act 6;act 7;act 8;act 9;scenes (rel);speech turns (rel);lines (rel);degree (rel);female edges;male edges;betweenness
0;ger000630;ger;robert;unknown;Robert;MALE;0;9;57;58;0;0;0;0;0.0;0.0;0.0;0.0;0.0;0.0;0.0;0.0;0.0;0.6;0.29;0.29;0.67;1;3;0.19
1;ger000630;ger;jeny;unknown;Jeny;FEMALE;0;9;25;25;0;0;0;0;0.0;0.0;0.0;0.0;0.0;0.0;0.0;0.0;0.0;0.6;0.13;0.12;0.6;0;2;0.06
2;ger000630;ger;breiden;unknown;Breiden;MALE;0;1;12;12;0;0;0;0;0.0;0.0;0.0;0.0;0.0;0.0;0.0;0.0;0.0;0.07;0.06;0.06;0.07;0;1;0.0
3;ger000630;ger;karl;unknown;Karl;MALE;0;1;7;7;0;0;0;0;0.0;0.0;0.0;0.0;0.0;0.0;0.0;0.0;0.0;0.07;0.04;0.03;0.2;0;0;0.0
4;ger000630;ger;betty;unknown;Betty;FEMALE;0;1;6;6;0;0;0;0;0.0;0.0;0.0;0.0;0.0;0.0;0.0;0.0;0.0;0.07;0.03;0.03;0.07;0;1;0.0
5;ger000630;ger;kepler;unknown;Kepler;MALE;0;3;12;12;0;0;0;0;0.0;0.0;0.0;0.0;0.0;0.0;0.0;0.0;0.0;0.2;0.06;0.06;0.53;1;2;0.13
6;ger000630;ger;john;unknown;John;MALE;0;1;12;12;0;0;0;0;0.0;0.0;0.0;0.0;0.0;0.0;0.0;0.0;0.0;0.07;0.06;0.06;0.2;0;2;0.0
7;ger000630;ger;william;unknown;William;MALE;0;2;13;13;0;0;0;0;0.0;0.0;0.0;0.0;0.0;0.0;0.0;0.0;0.0;0.13;0.07;0.06;0.2;0;1;0.0
8;ger000630;ger;georg;unknown;Georg;MALE;0;6;21;21;0;0;0;0;0.0;0.0;0.0;0.0;0.0;0.0;0.0;0.0;0.0;0.4;0.11;0.1;0.73;1;1;0.37
9;ger000630;ger;nollet;unknown;Graf Nollet;MALE;0;2;5;7;0;0;0;0;0.0;0.0;0.0;0.0;0.0;0.0;0.0;0.0;0.0;0.13;0.03;0.03;0.53;0;3;0.13
10;ger000630;ger;bedienter;unknown;Ein Bedienter;MALE;0;1;1;1;0;0;0;0;0.0;0.0;0.0;0.0;0.0;0.0;0.0;0.0;0.0;0.07;0.01;0.0;0.07;0;0;0.0
11;ger000630;ger;lieutenant;unknown;Lieutenant;MALE;0;1;8;8;0;0;0;0;0.0;0.0;0.0;0.0;0.0;0.0;0.0;0.0;0.0;0.07;0.04;0.04;0.2;1;2;0.0
12;ger000630;ger;klinton;unknown;General Klinton;MALE;0;1;11;11;0;0;0;0;0.0;0.0;0.0;0.0;0.0;0.0;0.0;0.0;0.0;0.07;0.06;0.05;0.47;1;3;0.0
13;ger000630;ger;robert jeny;unknown;UNKNOWN;u;0;2;2;2;0;0;0;0;0.0;0.0;0.0;0.0;0.0;0.0;0.0;0.0;0.0;0.13;0.01;0.01;0.53;0;3;0.03
14;ger000630;ger;william john;unknown;UNKNOWN;u;0;1;1;1;0;0;0;0;0.0;0.0;0.0;0.0;0.0;0.0;0.0;0.0;0.0;0.07;0.01;0.0;0.2;0;0;0.0
15;ger000630;ger;robert georg william john;unknown;UNKNOWN;u;0;1;1;1;0;0;0;0;0.0;0.0;0.0;0.0;0.0;0.0;0.0;0.0;0.0;0.07;0.01;0.0;0.47;0;1;0.0
16;ger000525;ger;oront;unknown;Oront;MALE;0;6;81;86;0;0;0;0;0.0;0.0;0.0;0.0;0.0;0.0;0.0;0.0;0.0;0.67;0.37;0.38;1.0;2;2;0.0
17;ger000525;ger;arist;unknown;Arist;MALE;0;8;70;70;0;0;0;0;0.0;0.0;0.0;0.0;0.0;0.0;0.0;0.0;0.0;0.89;0.32;0.31;1.0;2;0;0.0
18;ger000525;ger;cleant;unknown;Cleant;MALE;0;5;27;27;0;0;0;0;0.0;0.0;0.0;0.0;0.0;0.0;0.0;0.0;0.0;0.56;0.12;0.12;1.0;1;1;0.0
19;ger000525;ger;damon;unknown;Damon;MALE;0;3;34;34;0;0;0;0;0.0;0.0;0.0;0.0;0.0;0.0;0.0;0.0;0.0;0.33;0.15;0.15;1.0;2;3;0.0
20;ger000525;ger;sophia;unknown;Sophia;FEMALE;0;1;7;7;0;0;0;0;0.0;0.0;0.0;0.0;0.0;0.0;0.0;0.0;0.0;0.11;0.03;0.03;1.0;1;1;0.0
21;ger000525;ger;die_magd;unknown;Die Magd;FEMALE;0;1;1;1;0;0;0;0;0.0;0.0;0.0;0.0;0.0;0.0;0.0;0.0;0.0;0.11;0.0;0.0;1.0;0;0;0.0
22;ger000639;ger;stock;unknown;Herr Stock;MALE;0;11;45;45;0;0;0;0;0.0;0.0;0.0;0.0;0.0;0.0;0.0;0.0;0.0;0.52;0.18;0.17;0.7;2;0;0.03
23;ger000639;ger;dorimene;unknown;Dorimene;FEMALE;0;13;56;59;0;0;0;0;0.0;0.0;0.0;0.0;0.0;0.0;0.0;0.0;0.0;0.62;0.23;0.23;0.9;0;3;0.15
24;ger000639;ger;philippine;unknown;Philippine;FEMALE;0;3;6;6;0;0;0;0;0.0;0.0;0.0;0.0;0.0;0.0;0.0;0.0;0.0;0.14;0.02;0.02;0.6;3;3;0.04
25;ger000639;ger;von_weinreich;unknown;Herr von Weinreich;MALE;0;3;20;25;0;0;0;0;0.0;0.0;0.0;0.0;0.0;0.0;0.0;0.0;0.0;0.14;0.08;0.1;0.3;1;0;0.01
26;ger000639;ger;amalie;unknown;Amalie;FEMALE;0;10;42;44;0;0;0;0;0.0;0.0;0.0;0.0;0.0;0.0;0.0;0.0;0.0;0.48;0.17;0.17;1.0;2;3;0.25
27;ger000639;ger;charlotte;unknown;Charlotte;FEMALE;0;5;17;17;0;0;0;0;0.0;0.0;0.0;0.0;0.0;0.0;0.0;0.0;0.0;0.24;0.07;0.07;0.7;1;2;0.04
28;ger000639;ger;wartimer;unknown;Wartimer;MALE;0;2;6;6;0;0;0;0;0.0;0.0;0.0;0.0;0.0;0.0;0.0;0.0;0.0;0.1;0.02;0.02;0.3;2;0;0.0
29;ger000639;ger;christoph;unknown;Christoph;MALE;0;3;28;28;0;0;0;0;0.0;0.0;0.0;0.0;0.0;0.0;0.0;0.0;0.0;0.14;0.11;0.11;0.3;0;1;0.01
30;ger000639;ger;nulle;unknown;Herr Nulle;MALE;0;5;20;21;0;0;0;0;0.0;0.0;0.0;0.0;0.0;0.0;0.0;0.0;0.0;0.24;0.08;0.08;0.5;1;1;0.0
31;ger000639;ger;von_wertheim;unknown;Herr von Wertheim;MALE;0;2;7;7;0;0;0;0;0.0;0.0;0.0;0.0;0.0;0.0;0.0;0.0;0.0;0.1;0.03;0.03;0.5;2;2;0.01
32;ger000639;ger;gottlieb;unknown;Gottlieb;MALE;0;1;1;1;0;0;0;0;0.0;0.0;0.0;0.0;0.0;0.0;0.0;0.0;0.0;0.05;0.0;0.0;0.4;1;1;0.0
33;ger000642;ger;der_chor_der_kindlichen_liebe;unknown;Der Chor der kindlichen Liebe;UNKNOWN;0;1;3;7;0;0;0;0;0.0;0.0;0.0;0.0;0.0;0.0;0.0;0.0;0.0;1.0;0.06;0.03;1.0;0;2;0.0
34;ger000642;ger;der_chor_der_vaterlaendlichen_liebe;unknown;Der Chor der vaterländlichen Liebe;UNKNOWN;0;1;5;15;0;0;0;0;0.0;0.0;0.0;0.0;0.0;0.0;0.0;0.0;0.0;1.0;0.1;0.07;1.0;0;2;0.0
35;ger000642;ger;die_kindliche_liebe;unknown;Die kindliche Liebe;UNKNOWN;0;1;11;46;0;0;0;0;0.0;0.0;0.0;0.0;0.0;0.0;0.0;0.0;0.0;1.0;0.22;0.22;1.0;0;2;0.0
36;ger000642;ger;die_vaterlaendliche_liebe;unknown;Die vaterländliche Liebe;UNKNOWN;0;1;12;47;0;0;0;0;0.0;0.0;0.0;0.0;0.0;0.0;0.0;0.0;0.0;1.0;0.24;0.22;1.0;0;2;0.0
37;ger000642;ger;der_erste_saenger_aus_dem_vaterlaendlichen_liebes-chore;unknown;Der erste Sänger aus dem vaterländlichen Liebes-Chore;MALE;0;1;1;5;0;0;0;0;0.0;0.0;0.0;0.0;0.0;0.0;0.0;0.0;0.0;1.0;0.02;0.02;1.0;0;1;0.0
38;ger000642;ger;der_erste_saenger_aus_dem_kindlichen_liebes-chore;unknown;Der erste Sänger aus dem kindlichen Liebes-Chore;MALE;0;1;2;13;0;0;0;0;0.0;0.0;0.0;0.0;0.0;0.0;0.0;0.0;0.0;1.0;0.04;0.06;1.0;0;0;0.0
39;ger000642;ger;der_chor_der_kindlichen_liebe der_chor_der_vaterlaendlichen_liebe;unknown;UNKNOWN;u;0;1;8;32;0;0;0;0;0.0;0.0;0.0;0.0;0.0;0.0;0.0;0.0;0.0;1.0;0.16;0.15;1.0;0;2;0.0
40;ger000642;ger;die_kindliche_liebe die_vaterlaendliche_liebe;unknown;UNKNOWN;u;0;1;5;9;0;0;0;0;0.0;0.0;0.0;0.0;0.0;0.0;0.0;0.0;0.0;1.0;0.1;0.04;1.0;0;2;0.0
41;ger000642;ger;der_chor_der_vaterlaendlichen_liebe der_chor_der_kindlichen_liebe;unknown;UNKNOWN;u;0;1;2;8;0;0;0;0;0.0;0.0;0.0;0.0;0.0;0.0;0.0;0.0;0.0;1.0;0.04;0.04;1.0;0;0;0.0
42;ger000631;ger;rittmeister;unknown;Rittmeister;MALE;0;8;46;46;0;0;0;0;0.0;0.0;0.0;0.0;0.0;0.0;0.0;0.0;0.0;0.47;0.13;0.12;1.0;3;3;0.07
43;ger000631;ger;friedrich_friederich;unknown;Friedrich/Friederich;MALE;0;11;63;63;0;0;0;0;0.0;0.0;0.0;0.0;0.0;0.0;0.0;0.0;0.0;0.65;0.17;0.17;1.0;2;2;0.07
44;ger000631;ger;blasius;unknown;Doctor Blasius;MALE;0;4;33;33;0;0;0;0;0.0;0.0;0.0;0.0;0.0;0.0;0.0;0.0;0.0;0.24;0.09;0.09;0.8;3;4;0.02
45;ger000631;ger;hauptmann;unknown;Hauptmann;MALE;0;5;27;27;0;0;0;0;0.0;0.0;0.0;0.0;0.0;0.0;0.0;0.0;0.0;0.29;0.07;0.07;0.8;3;3;0.02
46;ger000631;ger;karlin;unknown;Karlin;FEMALE;0;6;62;62;0;0;0;0;0.0;0.0;0.0;0.0;0.0;0.0;0.0;0.0;0.0;0.35;0.17;0.17;0.7;1;2;0.01
47;ger000631;ger;madam_flick;unknown;Madam Flick;FEMALE;0;2;22;22;0;0;0;0;0.0;0.0;0.0;0.0;0.0;0.0;0.0;0.0;0.0;0.12;0.06;0.06;0.5;1;3;0.0
48;ger000631;ger;frau_valentin;unknown;Frau Valentin;FEMALE;0;8;47;47;0;0;0;0;0.0;0.0;0.0;0.0;0.0;0.0;0.0;0.0;0.0;0.47;0.13;0.13;0.9;2;0;0.03
49;ger000631;ger;sophie;unknown;Sophie;FEMALE;0;8;32;32;0;0;0;0;0.0;0.0;0.0;0.0;0.0;0.0;0.0;0.0;0.0;0.47;0.09;0.09;0.9;0;0;0.03
50;ger000631;ger;herr_valentin;unknown;Herr Valentin;MALE;0;4;27;27;0;0;0;0;0.0;0.0;0.0;0.0;0.0;0.0;0.0;0.0;0.0;0.24;0.07;0.07;0.8;2;2;0.02
51;ger000631;ger;wilhelm;unknown;Wilhelm;MALE;0;2;7;7;0;0;0;0;0.0;0.0;0.0;0.0;0.0;0.0;0.0;0.0;0.0;0.12;0.02;0.02;0.6;2;3;0.0
52;ger000631;ger;ein_soldat;unknown;Ein Soldat;MALE;0;1;1;1;0;0;0;0;0.0;0.0;0.0;0.0;0.0;0.0;0.0;0.0;0.0;0.06;0.0;0.0;0.6;2;0;0.0
53;ger000698;ger;das_menschlich_geschlecht;unknown;Das menschlich Geschlecht;UNKNOWN;0;1;1;18;0;0;0;0;0.0;0.0;0.0;0.0;0.0;0.0;0.0;0.0;0.0;1.0;0.01;0.01;0.97;1;16;0.0
54;ger000698;ger;drei_teufel;unknown;Drei Teufel;MALE;0;1;1;4;0;0;0;0;0.0;0.0;0.0;0.0;0.0;0.0;0.0;0.0;0.0;1.0;0.01;0.0;0.97;0;7;0.0
55;ger000698;ger;zwei_engel;unknown;Zwei Engel;UNKNOWN;0;1;4;34;0;0;0;0;0.0;0.0;0.0;0.0;0.0;0.0;0.0;0.0;0.0;1.0;0.03;0.02;0.97;0;1;0.0
56;ger000698;ger;die_seelen;unknown;Die Seelen;UNKNOWN;0;1;5;40;0;0;0;0;0.0;0.0;0.0;0.0;0.0;0.0;0.0;0.0;0.0;1.0;0.04;0.02;0.97;0;1;0.0
57;ger000698;ger;die_andern_seelen;unknown;Die andern Seelen;UNKNOWN;0;1;1;12;0;0;0;0;0.0;0.0;0.0;0.0;0.0;0.0;0.0;0.0;0.0;1.0;0.01;0.01;0.97;0;1;0.0
58;ger000698;ger;die_dritten_seelen;unknown;Die dritten Seelen;UNKNOWN;0;1;1;12;0;0;0;0;0.0;0.0;0.0;0.0;0.0;0.0;0.0;0.0;0.0;1.0;0.01;0.01;0.97;0;1;0.0
59;ger000698;ger;die_vierdten_seelen;unknown;Die vierdten Seelen;UNKNOWN;0;1;1;8;0;0;0;0;0.0;0.0;0.0;0.0;0.0;0.0;0.0;0.0;0.0;1.0;0.01;0.0;0.97;0;1;0.0
60;ger000698;ger;fuenf_seelen;unknown;Fünf Seelen;UNKNOWN;0;1;1;16;0;0;0;0;0.0;0.0;0.0;0.0;0.0;0.0;0.0;0.0;0.0;1.0;0.01;0.01;0.97;0;1;0.0
61;ger000698;ger;ain_schar_engel;unknown;Ain Schar Engel;UNKNOWN;0;1;1;12;0;0;0;0;0.0;0.0;0.0;0.0;0.0;0.0;0.0;0.0;0.0;1.0;0.01;0.01;0.97;0;1;0.0
62;ger000698;ger;der_erst_precursor;unknown;Der erst Precursor;MALE;0;1;1;66;0;0;0;0;0.0;0.0;0.0;0.0;0.0;0.0;0.0;0.0;0.0;1.0;0.01;0.04;0.97;1;18;0.0
63;ger000698;ger;gott_vater;unknown;Gott Vater;MALE;0;1;7;114;0;0;0;0;0.0;0.0;0.0;0.0;0.0;0.0;0.0;0.0;0.0;1.0;0.05;0.06;0.97;1;17;0.0
64;ger000698;ger;der_satanas_der_teufel;unknown;Der Satanas/Der Teufel;MALE;0;1;5;78;0;0;0;0;0.0;0.0;0.0;0.0;0.0;0.0;0.0;0.0;0.0;1.0;0.04;0.04;0.97;1;16;0.0
65;ger000698;ger;maria;unknown;Maria;FEMALE;0;1;3;42;0;0;0;0;0.0;0.0;0.0;0.0;0.0;0.0;0.0;0.0;0.0;1.0;0.02;0.02;0.97;0;16;0.0
66;ger000698;ger;christus;unknown;Christus;MALE;0;1;2;20;0;0;0;0;0.0;0.0;0.0;0.0;0.0;0.0;0.0;0.0;0.0;1.0;0.01;0.01;0.97;0;15;0.0
67;ger000698;ger;der_ander_precursor;unknown;Der ander Precursor;MALE;0;1;1;22;0;0;0;0;0.0;0.0;0.0;0.0;0.0;0.0;0.0;0.0;0.0;1.0;0.01;0.01;0.97;0;14;0.0
68;ger000698;ger;der_kaufmann;unknown;Der Kaufmann;MALE;0;1;16;107;0;0;0;0;0.0;0.0;0.0;0.0;0.0;0.0;0.0;0.0;0.0;1.0;0.11;0.06;0.97;0;13;0.0
69;ger000698;ger;der_doctor_theologiae;unknown;Der Doctor Theologiae;MALE;0;1;16;410;0;0;0;0;0.0;0.0;0.0;0.0;0.0;0.0;0.0;0.0;0.0;1.0;0.11;0.22;0.97;0;12;0.0
70;ger000698;ger;ein_junger_gesell;unknown;Ein junger Gesell;MALE;0;1;7;41;0;0;0;0;0.0;0.0;0.0;0.0;0.0;0.0;0.0;0.0;0.0;1.0;0.05;0.02;0.97;0;11;0.0
71;ger000698;ger;der_tod;unknown;Der Tod;UNKNOWN;0;1;6;92;0;0;0;0;0.0;0.0;0.0;0.0;0.0;0.0;0.0;0.0;0.0;1.0;0.04;0.05;0.97;0;11;0.0
72;ger000698;ger;der_erst_bruder;unknown;Der erst Bruder;MALE;0;1;3;84;0;0;0;0;0.0;0.0;0.0;0.0;0.0;0.0;0.0;0.0;0.0;1.0;0.02;0.05;0.97;0;9;0.0
73;ger000698;ger;der_erst_sterbend_mensch;unknown;Der erst sterbend Mensch;MALE;0;1;3;38;0;0;0;0;0.0;0.0;0.0;0.0;0.0;0.0;0.0;0.0;0.0;1.0;0.02;0.02;0.97;0;8;0.0
74;ger000698;ger;ein_engel;unknown;Ein Engel;UNKNOWN;0;1;3;12;0;0;0;0;0.0;0.0;0.0;0.0;0.0;0.0;0.0;0.0;0.0;1.0;0.02;0.01;0.97;0;7;0.0
75;ger000698;ger;der_ander_bruder;unknown;Der ander Bruder;MALE;0;1;4;86;0;0;0;0;0.0;0.0;0.0;0.0;0.0;0.0;0.0;0.0;0.0;1.0;0.03;0.05;0.97;0;6;0.0
76;ger000698;ger;der_ander_sterbend_mensch;unknown;Der ander sterbend Mensch;MALE;0;1;6;56;0;0;0;0;0.0;0.0;0.0;0.0;0.0;0.0;0.0;0.0;0.0;1.0;0.04;0.03;0.97;0;5;0.0
77;ger000698;ger;der_ander_teufel;unknown;Der ander Teufel;MALE;0;1;7;76;0;0;0;0;0.0;0.0;0.0;0.0;0.0;0.0;0.0;0.0;0.0;1.0;0.05;0.04;0.97;0;4;0.0
78;ger000698;ger;der_dritt_sterbend;unknown;Der dritt Sterbend;MALE;0;1;15;106;0;0;0;0;0.0;0.0;0.0;0.0;0.0;0.0;0.0;0.0;0.0;1.0;0.11;0.06;0.97;0;3;0.0
79;ger000698;ger;der_dritt_bruder;unknown;Der dritt Bruder;MALE;0;1;14;107;0;0;0;0;0.0;0.0;0.0;0.0;0.0;0.0;0.0;0.0;0.0;1.0;0.1;0.06;0.97;0;2;0.0
80;ger000698;ger;der_dritt_teufel;unknown;Der dritt Teufel;MALE;0;1;2;29;0;0;0;0;0.0;0.0;0.0;0.0;0.0;0.0;0.0;0.0;0.0;1.0;0.01;0.02;0.97;0;1;0.0
81;ger000698;ger;der_dritt_precursor;unknown;Der dritt Precursor;MALE;0;1;2;66;0;0;0;0;0.0;0.0;0.0;0.0;0.0;0.0;0.0;0.0;0.0;1.0;0.01;0.04;0.97;0;10;0.0
82;ger000698;ger;die_erst_seel_im_fegfeur;unknown;Die erst Seel im Fegfeur;UNKNOWN;0;1;1;14;0;0;0;0;0.0;0.0;0.0;0.0;0.0;0.0;0.0;0.0;0.0;1.0;0.01;0.01;0.97;0;1;0.0
83;ger000698;ger;der_letzt_precursor;unknown;Der letzt Precursor;MALE;0;1;1;26;0;0;0;0;0.0;0.0;0.0;0.0;0.0;0.0;0.0;0.0;0.0;1.0;0.01;0.01;0.97;0;0;0.0
84;ger000624;ger;paris;unknown;Paris;MALE;0;5;8;50;0;0;0;0;0.0;0.0;0.0;0.0;0.0;0.0;0.0;0.0;0.0;0.83;0.24;0.21;0.89;0;1;0.47
85;ger000624;ger;agelaus;unknown;Agelaus;MALE;0;1;3;26;0;0;0;0;0.0;0.0;0.0;0.0;0.0;0.0;0.0;0.0;0.0;0.17;0.09;0.11;0.11;0;0;0.0
86;ger000624;ger;mercurius;unknown;Mercurius;MALE;0;2;4;29;0;0;0;0;0.0;0.0;0.0;0.0;0.0;0.0;0.0;0.0;0.0;0.33;0.12;0.12;0.11;0;1;0.0
87;ger000624;ger;juno;unknown;Juno;FEMALE;0;1;2;18;0;0;0;0;0.0;0.0;0.0;0.0;0.0;0.0;0.0;0.0;0.0;0.17;0.06;0.08;0.56;2;1;0.0
88;ger000624;ger;pallas;unknown;Pallas;FEMALE;0;1;2;19;0;0;0;0;0.0;0.0;0.0;0.0;0.0;0.0;0.0;0.0;0.0;0.17;0.06;0.08;0.56;1;1;0.0
89;ger000624;ger;venus;unknown;Venus;FEMALE;0;3;8;59;0;0;0;0;0.0;0.0;0.0;0.0;0.0;0.0;0.0;0.0;0.0;0.5;0.24;0.25;0.78;0;1;0.28
90;ger000624;ger;juno pallas;unknown;UNKNOWN;u;0;1;3;7;0;0;0;0;0.0;0.0;0.0;0.0;0.0;0.0;0.0;0.0;0.0;0.17;0.09;0.03;0.56;0;0;0.0
91;ger000624;ger;venus juno pallas;unknown;UNKNOWN;u;0;1;1;1;0;0;0;0;0.0;0.0;0.0;0.0;0.0;0.0;0.0;0.0;0.0;0.17;0.03;0.0;0.56;0;0;0.0
92;ger000624;ger;venus paris;unknown;UNKNOWN;u;0;1;2;10;0;0;0;0;0.0;0.0;0.0;0.0;0.0;0.0;0.0;0.0;0.0;0.17;0.06;0.04;0.22;0;0;0.0
93;ger000624;ger;venus juno pallas mercurius paris agelaus;unknown;UNKNOWN;u;0;1;1;9;0;0;0;0;0.0;0.0;0.0;0.0;0.0;0.0;0.0;0.0;0.0;0.17;0.03;0.04;0.11;0;0;0.0
94;ger000588;ger;waker;unknown;Waker;MALE;5;15;39;36;0;0;0;0;0.14;0.22;0.08;0.17;0.39;0.0;0.0;0.0;0.0;0.6;0.21;0.18;0.7;1;6;0.52
95;ger000588;ger;bellmann;unknown;Bellmann;MALE;3;5;17;17;0;0;0;0;0.47;0.18;0.35;0.0;0.0;0.0;0.0;0.0;0.0;0.2;0.09;0.09;0.25;0;3;0.0
96;ger000588;ger;suessling;unknown;Süßling;MALE;3;3;9;9;0;0;0;0;0.67;0.11;0.22;0.0;0.0;0.0;0.0;0.0;0.0;0.12;0.05;0.05;0.25;0;1;0.03
97;ger000588;ger;list;unknown;List;MALE;3;3;7;7;0;0;0;0;0.71;0.14;0.14;0.0;0.0;0.0;0.0;0.0;0.0;0.12;0.04;0.04;0.25;0;1;0.0
98;ger000588;ger;rambold;unknown;Rambold;MALE;4;11;49;57;0;0;0;0;0.18;0.23;0.4;0.0;0.19;0.0;0.0;0.0;0.0;0.44;0.26;0.29;0.55;1;7;0.28
99;ger000588;ger;puf;unknown;Puf;MALE;2;2;8;11;0;0;0;0;0.36;0.0;0.64;0.0;0.0;0.0;0.0;0.0;0.0;0.08;0.04;0.06;0.1;0;1;0.0
100;ger000588;ger;prorector;unknown;Prorector;MALE;1;1;6;6;0;0;0;0;0.0;1.0;0.0;0.0;0.0;0.0;0.0;0.0;0.0;0.04;0.03;0.03;0.05;0;1;0.0
101;ger000588;ger;waescherin;unknown;Wäscherin;FEMALE;1;1;3;3;0;0;0;0;0.0;1.0;0.0;0.0;0.0;0.0;0.0;0.0;0.0;0.04;0.02;0.02;0.1;0;2;0.0
102;ger000588;ger;peruquier;unknown;Peruquier;MALE;1;1;2;2;0;0;0;0;0.0;1.0;0.0;0.0;0.0;0.0;0.0;0.0;0.0;0.04;0.01;0.01;0.1;0;0;0.0
103;ger000588;ger;jude;unknown;Ein Jude;MALE;1;1;4;4;0;0;0;0;0.0;1.0;0.0;0.0;0.0;0.0;0.0;0.0;0.0;0.04;0.02;0.02;0.1;0;1;0.0
104;ger000588;ger;velten;unknown;Velten;MALE;1;3;9;9;0;0;0;0;0.0;0.0;1.0;0.0;0.0;0.0;0.0;0.0;0.0;0.12;0.05;0.05;0.3;1;1;0.03
105;ger000588;ger;christine;unknown;Christine;FEMALE;1;1;6;6;0;0;0;0;0.0;0.0;1.0;0.0;0.0;0.0;0.0;0.0;0.0;0.04;0.03;0.03;0.15;0;0;0.0
106;ger000588;ger;waker_vater;unknown;Waker (Vater);MALE;1;2;4;4;0;0;0;0;0.0;0.0;0.0;1.0;0.0;0.0;0.0;0.0;0.0;0.08;0.02;0.02;0.1;1;1;0.0
107;ger000588;ger;frau_wakern;unknown;Frau Wakern;FEMALE;1;1;2;2;0;0;0;0;0.0;0.0;0.0;1.0;0.0;0.0;0.0;0.0;0.0;0.04;0.01;0.01;0.1;0;1;0.0
108;ger000588;ger;goerge;unknown;Görge;MALE;1;1;3;3;0;0;0;0;0.0;0.0;0.0;1.0;0.0;0.0;0.0;0.0;0.0;0.04;0.02;0.02;0.05;0;1;0.0
109;ger000588;ger;michel;unknown;Michel;MALE;1;1;3;3;0;0;0;0;0.0;0.0;0.0;1.0;0.0;0.0;0.0;0.0;0.0;0.04;0.02;0.02;0.05;0;0;0.0
110;ger000588;ger;werber;unknown;Werber;MALE;1;2;9;9;0;0;0;0;0.0;0.0;0.0;0.0;1.0;0.0;0.0;0.0;0.0;0.08;0.05;0.05;0.1;0;1;0.0
111;ger000588;ger;hauptmann;unknown;Hauptmann;MALE;1;1;3;3;0;0;0;0;0.0;0.0;0.0;0.0;1.0;0.0;0.0;0.0;0.0;0.04;0.02;0.02;0.1;0;1;0.0
112;ger000588;ger;unterofficier;unknown;Unterofficier;MALE;1;1;5;5;0;0;0;0;0.0;0.0;0.0;0.0;1.0;0.0;0.0;0.0;0.0;0.04;0.03;0.03;0.05;0;1;0.0
113;ger000588;ger;waker list;unknown;UNKNOWN;u;1;1;1;1;0;0;0;0;0.0;0.0;1.0;0.0;0.0;0.0;0.0;0.0;0.0;0.04;0.01;0.01;0.1;0;0;0.0
114;ger000682;ger;doctor_pantalogus;unknown;Der Doctor Pantalogus;MALE;0;9;52;52;0;0;0;0;0.0;0.0;0.0;0.0;0.0;0.0;0.0;0.0;0.0;0.43;0.2;0.19;1.0;2;2;0.03
115;ger000682;ger;mirto;unknown;Mirto;FEMALE;0;3;30;30;0;0;0;0;0.0;0.0;0.0;0.0;0.0;0.0;0.0;0.0;0.0;0.14;0.12;0.11;1.0;2;2;0.03
116;ger000682;ger;celio;unknown;Celio;MALE;0;9;43;43;0;0;0;0;0.0;0.0;0.0;0.0;0.0;0.0;0.0;0.0;0.0;0.43;0.17;0.16;1.0;1;1;0.03
117;ger000682;ger;pasquin;unknown;Pasquin;MALE;0;13;66;66;0;0;0;0;0.0;0.0;0.0;0.0;0.0;0.0;0.0;0.0;0.0;0.62;0.25;0.24;1.0;2;0;0.03
118;ger000682;ger;lucinde;unknown;Lucinde;FEMALE;0;6;31;31;0;0;0;0;0.0;0.0;0.0;0.0;0.0;0.0;0.0;0.0;0.0;0.29;0.12;0.11;0.83;1;1;0.0
119;ger000682;ger;urgantia;unknown;Urgantia;FEMALE;0;8;37;48;0;0;0;0;0.0;0.0;0.0;0.0;0.0;0.0;0.0;0.0;0.0;0.38;0.14;0.18;0.83;0;1;0.0
120;ger000663;ger;sternfreund;unknown;Herr Sternfreund;MALE;0;10;57;57;0;0;0;0;0.0;0.0;0.0;0.0;0.0;0.0;0.0;0.0;0.0;0.77;0.33;0.32;1.0;1;1;0.31
121;ger000663;ger;mamsell_steel;unknown;Mamsell Steel;FEMALE;0;3;9;9;0;0;0;0;0.0;0.0;0.0;0.0;0.0;0.0;0.0;0.0;0.0;0.23;0.05;0.05;0.57;0;2;0.0
122;ger000663;ger;kehlhammer;unknown;Herr Kehlhammer;MALE;0;6;19;19;0;0;0;0;0.0;0.0;0.0;0.0;0.0;0.0;0.0;0.0;0.0;0.46;0.11;0.11;0.86;1;0;0.02
123;ger000663;ger;klesch;unknown;Herr Klesch;MALE;0;5;19;19;0;0;0;0;0.0;0.0;0.0;0.0;0.0;0.0;0.0;0.0;0.0;0.38;0.11;0.11;0.86;1;2;0.02
124;ger000663;ger;pilster;unknown;Herr Pilster;MALE;0;7;35;37;0;0;0;0;0.0;0.0;0.0;0.0;0.0;0.0;0.0;0.0;0.0;0.54;0.2;0.21;0.86;0;4;0.02
125;ger000663;ger;mamsell_frisch;unknown;Mamsell Frisch;FEMALE;0;2;11;11;0;0;0;0;0.0;0.0;0.0;0.0;0.0;0.0;0.0;0.0;0.0;0.15;0.06;0.06;0.71;0;3;0.0
126;ger000663;ger;von_flieh;unknown;Herr von Flieh;MALE;0;5;23;23;0;0;0;0;0.0;0.0;0.0;0.0;0.0;0.0;0.0;0.0;0.0;0.38;0.13;0.13;0.71;1;3;0.0
127;ger000663;ger;der_schatten;unknown;Der Schatten;MALE;0;1;2;2;0;0;0;0;0.0;0.0;0.0;0.0;0.0;0.0;0.0;0.0;0.0;0.08;0.01;0.01;0.14;0;1;0.0
128;ger000640;ger;der_aeltere_delmas;unknown;Der ältere Delmas;MALE;0;9;27;27;0;0;0;0;0.0;0.0;0.0;0.0;0.0;0.0;0.0;0.0;0.0;1.0;0.31;0.31;1.0;1;1;0.0
129;ger000640;ger;die_hofmeisterin;unknown;Die Hofmeisterin;FEMALE;0;4;9;9;0;0;0;0;0.0;0.0;0.0;0.0;0.0;0.0;0.0;0.0;0.0;0.44;0.1;0.1;1.0;0;1;0.0
130;ger000640;ger;der_juengere_delmas;unknown;Der jüngere Delmas;MALE;0;7;22;22;0;0;0;0;0.0;0.0;0.0;0.0;0.0;0.0;0.0;0.0;0.0;0.78;0.26;0.25;1.0;0;0;0.0
131;ger000640;ger;herr_delmas;unknown;Herr Delmas;MALE;0;5;28;28;0;0;0;0;0.0;0.0;0.0;0.0;0.0;0.0;0.0;0.0;0.0;0.56;0.33;0.32;1.0;1;2;0.0
132;ger000657;ger;geront;unknown;Geront;MALE;0;4;34;34;0;0;0;0;0.0;0.0;0.0;0.0;0.0;0.0;0.0;0.0;0.0;0.5;0.29;0.28;1.0;2;3;0.0
133;ger000657;ger;dorinde;unknown;Dorinde;FEMALE;0;6;33;33;0;0;0;0;0.0;0.0;0.0;0.0;0.0;0.0;0.0;0.0;0.0;0.75;0.28;0.28;1.0;2;3;0.0
134;ger000657;ger;lisette;unknown;Lisette;FEMALE;0;5;20;20;0;0;0;0;0.0;0.0;0.0;0.0;0.0;0.0;0.0;0.0;0.0;0.62;0.17;0.17;1.0;0;3;0.0
135;ger000657;ger;murgon;unknown;Murgon;MALE;0;5;19;19;0;0;0;0;0.0;0.0;0.0;0.0;0.0;0.0;0.0;0.0;0.0;0.62;0.16;0.16;1.0;1;1;0.0
136;ger000657;ger;leander;unknown;Leander;MALE;0;2;6;6;0;0;0;0;0.0;0.0;0.0;0.0;0.0;0.0;0.0;0.0;0.0;0.25;0.05;0.05;1.0;2;2;0.0
137;ger000657;ger;ilse_agnes;unknown;Ilse Agnes;FEMALE;0;2;4;4;0;0;0;0;0.0;0.0;0.0;0.0;0.0;0.0;0.0;0.0;0.0;0.25;0.03;0.03;1.0;1;1;0.0
138;ger000657;ger;notarius;unknown;Notarius;MALE;0;2;2;2;0;0;0;0;0.0;0.0;0.0;0.0;0.0;0.0;0.0;0.0;0.0;0.25;0.02;0.02;1.0;0;0;0.0
139;ger000661;ger;frau_steffen;unknown;Frau Steffen;FEMALE;0;15;79;202;0;0;0;0;0.0;0.0;0.0;0.0;0.0;0.0;0.0;0.0;0.0;0.94;0.42;0.44;1.0;1;2;0.17
140;ger000661;ger;herr_steffen;unknown;Herr Steffen;MALE;0;3;35;75;0;0;0;0;0.0;0.0;0.0;0.0;0.0;0.0;0.0;0.0;0.0;0.19;0.19;0.17;0.75;1;0;0.0
141;ger000661;ger;cathrine;unknown;Cathrine;FEMALE;0;10;35;77;0;0;0;0;0.0;0.0;0.0;0.0;0.0;0.0;0.0;0.0;0.0;0.62;0.19;0.17;1.0;0;0;0.17
142;ger000661;ger;herr_liebegern;unknown;Herr Liebegern;MALE;0;5;22;69;0;0;0;0;0.0;0.0;0.0;0.0;0.0;0.0;0.0;0.0;0.0;0.31;0.12;0.15;0.75;1;1;0.0
143;ger000661;ger;herr_gismund;unknown;Herr Gismund;MALE;0;3;16;29;0;0;0;0;0.0;0.0;0.0;0.0;0.0;0.0;0.0;0.0;0.0;0.19;0.09;0.06;0.5;2;0;0.0
144;ger000634;ger;emilie;unknown;Emilie;FEMALE;0;16;118;118;0;0;0;0;0.0;0.0;0.0;0.0;0.0;0.0;0.0;0.0;0.0;0.8;0.33;0.32;1.0;1;2;0.06
145;ger000634;ger;lisette;unknown;Lisette;FEMALE;0;2;23;34;0;0;0;0;0.0;0.0;0.0;0.0;0.0;0.0;0.0;0.0;0.0;0.1;0.06;0.09;0.71;1;2;0.0
146;ger000634;ger;mariane;unknown;Mariane;FEMALE;0;10;49;49;0;0;0;0;0.0;0.0;0.0;0.0;0.0;0.0;0.0;0.0;0.0;0.5;0.14;0.13;1.0;1;0;0.06
147;ger000634;ger;valer;unknown;Valer;MALE;0;12;87;88;0;0;0;0;0.0;0.0;0.0;0.0;0.0;0.0;0.0;0.0;0.0;0.6;0.25;0.24;1.0;1;1;0.06
148;ger000634;ger;leander;unknown;Leander;MALE;0;6;26;26;0;0;0;0;0.0;0.0;0.0;0.0;0.0;0.0;0.0;0.0;0.0;0.3;0.07;0.07;1.0;1;0;0.06
149;ger000634;ger;theodor;unknown;Theodor;MALE;0;6;50;50;0;0;0;0;0.0;0.0;0.0;0.0;0.0;0.0;0.0;0.0;0.0;0.3;0.14;0.14;0.57;2;2;0.0
150;ger000634;ger;valer leander mariane;unknown;UNKNOWN;u;0;1;1;1;0;0;0;0;0.0;0.0;0.0;0.0;0.0;0.0;0.0;0.0;0.0;0.05;0.0;0.0;0.57;0;0;0.0
151;ger000634;ger;UNKNOWN;unknown;UNKNOWN;u;0;1;1;1;0;0;0;0;0.0;0.0;0.0;0.0;0.0;0.0;0.0;0.0;0.0;0.05;0.0;0.0;0.71;0;0;0.0
152;ger000193;ger;chor_1-16;unknown;Chor (I/16);UNKNOWN;1;1;4;18;0;0;0;0;1.0;0.0;0.0;0.0;0.0;0.0;0.0;0.0;0.0;0.02;0.01;0.02;0.34;2;3;0.0
153;ger000193;ger;chor_2-11;unknown;Chor (II/11);UNKNOWN;1;1;1;5;0;0;0;0;0.0;1.0;0.0;0.0;0.0;0.0;0.0;0.0;0.0;0.02;0.0;0.0;0.17;0;0;0.0
154;ger000193;ger;chor_3-16;unknown;Chor (III/16);UNKNOWN;1;1;2;6;0;0;0;0;0.0;0.0;1.0;0.0;0.0;0.0;0.0;0.0;0.0;0.02;0.0;0.01;0.03;0;0;0.0
155;ger000193;ger;chor_3-23;unknown;Chor (III/23);UNKNOWN;1;1;1;1;0;0;0;0;0.0;0.0;1.0;0.0;0.0;0.0;0.0;0.0;0.0;0.02;0.0;0.0;0.24;0;0;0.0
156;ger000193;ger;volpino;unknown;Volpino;MALE;3;25;141;188;0;0;0;0;0.48;0.28;0.24;0.0;0.0;0.0;0.0;0.0;0.0;0.5;0.19;0.17;0.76;4;3;0.16
157;ger000193;ger;lisel;unknown;Lisel;FEMALE;3;15;84;104;0;0;0;0;0.34;0.44;0.22;0.0;0.0;0.0;0.0;0.0;0.0;0.3;0.11;0.1;0.48;2;2;0.06
158;ger000193;ger;johann;unknown;Johann;MALE;2;13;55;79;0;0;0;0;0.52;0.0;0.48;0.0;0.0;0.0;0.0;0.0;0.0;0.26;0.07;0.07;0.41;3;1;0.02
159;ger000193;ger;fraenzl;unknown;Fränzl;FEMALE;2;8;28;54;0;0;0;0;0.43;0.0;0.57;0.0;0.0;0.0;0.0;0.0;0.0;0.16;0.04;0.05;0.31;2;1;0.01
160;ger000193;ger;frau_von_habicht;unknown;Frau von Habicht;FEMALE;2;20;122;139;0;0;0;0;0.37;0.0;0.63;0.0;0.0;0.0;0.0;0.0;0.0;0.4;0.16;0.13;0.76;4;4;0.13
161;ger000193;ger;fraeule;unknown;Fräule;FEMALE;2;17;64;96;0;0;0;0;0.48;0.0;0.52;0.0;0.0;0.0;0.0;0.0;0.0;0.34;0.08;0.09;0.48;0;1;0.02
162;ger000193;ger;herr_von_baer;unknown;Herr von Bär;MALE;3;21;99;143;0;0;0;0;0.36;0.46;0.18;0.0;0.0;0.0;0.0;0.0;0.0;0.42;0.13;0.13;0.86;5;6;0.22
163;ger000193;ger;herr_von_wolf;unknown;Herr von Wolf;MALE;3;21;96;129;0;0;0;0;0.36;0.51;0.12;0.0;0.0;0.0;0.0;0.0;0.0;0.42;0.13;0.12;0.59;4;2;0.07
164;ger000193;ger;chloe;unknown;Chloe;FEMALE;1;1;3;7;0;0;0;0;1.0;0.0;0.0;0.0;0.0;0.0;0.0;0.0;0.0;0.02;0.0;0.01;0.34;1;3;0.0
165;ger000193;ger;daphne;unknown;Daphne;FEMALE;1;1;3;6;0;0;0;0;1.0;0.0;0.0;0.0;0.0;0.0;0.0;0.0;0.0;0.02;0.0;0.01;0.34;0;3;0.0
166;ger000193;ger;ganymedes;unknown;Ganymedes;MALE;1;1;7;18;0;0;0;0;1.0;0.0;0.0;0.0;0.0;0.0;0.0;0.0;0.0;0.02;0.01;0.02;0.34;0;2;0.0
167;ger000193;ger;tirus;unknown;Tirus;MALE;1;1;1;1;0;0;0;0;1.0;0.0;0.0;0.0;0.0;0.0;0.0;0.0;0.0;0.02;0.0;0.0;0.34;0;1;0.0
168;ger000193;ger;dardos;unknown;Dardos;MALE;1;1;1;1;0;0;0;0;1.0;0.0;0.0;0.0;0.0;0.0;0.0;0.0;0.0;0.02;0.0;0.0;0.34;0;0;0.0
169;ger000193;ger;jakob;unknown;Jakob;MALE;1;1;1;1;0;0;0;0;0.0;1.0;0.0;0.0;0.0;0.0;0.0;0.0;0.0;0.02;0.0;0.0;0.07;0;2;0.0
170;ger000193;ger;peter;unknown;Peter;MALE;1;1;1;1;0;0;0;0;0.0;1.0;0.0;0.0;0.0;0.0;0.0;0.0;0.0;0.02;0.0;0.0;0.17;1;2;0.0
171;ger000193;ger;tomaso;unknown;Tomaso;MALE;1;6;22;36;0;0;0;0;0.0;0.0;1.0;0.0;0.0;0.0;0.0;0.0;0.0;0.12;0.03;0.03;0.45;3;4;0.08
172;ger000193;ger;volpino lisel;unknown;UNKNOWN;u;1;1;1;2;0;0;0;0;1.0;0.0;0.0;0.0;0.0;0.0;0.0;0.0;0.0;0.02;0.0;0.0;0.07;0;0;0.0
173;ger000193;ger;herr_von_wolf herr_von_baer;unknown;UNKNOWN;u;2;4;8;17;0;0;0;0;0.24;0.76;0.0;0.0;0.0;0.0;0.0;0.0;0.0;0.08;0.01;0.02;0.31;2;0;0.01
174;ger000193;ger;frau_von_habicht fraeule;unknown;UNKNOWN;u;2;2;5;9;0;0;0;0;0.11;0.0;0.89;0.0;0.0;0.0;0.0;0.0;0.0;0.04;0.01;0.01;0.31;0;2;0.0
175;ger000193;ger;chloe daphne;unknown;UNKNOWN;u;1;1;3;5;0;0;0;0;1.0;0.0;0.0;0.0;0.0;0.0;0.0;0.0;0.0;0.02;0.0;0.0;0.34;0;0;0.0
176;ger000193;ger;tirus dardos;unknown;UNKNOWN;u;1;1;1;2;0;0;0;0;1.0;0.0;0.0;0.0;0.0;0.0;0.0;0.0;0.0;0.02;0.0;0.0;0.34;0;0;0.0
177;ger000193;ger;herr_von_wolf herr_von_baer lisel;unknown;UNKNOWN;u;1;1;1;1;0;0;0;0;0.0;1.0;0.0;0.0;0.0;0.0;0.0;0.0;0.0;0.02;0.0;0.0;0.17;0;0;0.0
178;ger000193;ger;fraenzl johann;unknown;UNKNOWN;u;1;1;2;8;0;0;0;0;0.0;0.0;1.0;0.0;0.0;0.0;0.0;0.0;0.0;0.02;0.0;0.01;0.14;0;0;0.0
179;ger000193;ger;johann lisel;unknown;UNKNOWN;u;1;1;1;1;0;0;0;0;0.0;0.0;1.0;0.0;0.0;0.0;0.0;0.0;0.0;0.02;0.0;0.0;0.1;0;0;0.0
180;ger000193;ger;herr_von_baer herr_von_wolf;unknown;UNKNOWN;u;1;1;1;2;0;0;0;0;0.0;0.0;1.0;0.0;0.0;0.0;0.0;0.0;0.0;0.02;0.0;0.0;0.24;0;0;0.0
181;ger000193;ger;herr_von_wolf herr_von_baer tomaso;unknown;UNKNOWN;u;1;1;1;2;0;0;0;0;0.0;0.0;1.0;0.0;0.0;0.0;0.0;0.0;0.0;0.02;0.0;0.0;0.24;0;0;0.0
182;ger000211;ger;der_verwalter;unknown;Der Verwalter;MALE;2;6;53;53;0;0;0;0;0.66;0.34;0.0;0.0;0.0;0.0;0.0;0.0;0.0;0.21;0.07;0.07;0.7;2;3;0.0
183;ger000211;ger;lisette;unknown;Lisette;FEMALE;2;13;83;83;0;0;0;0;0.48;0.52;0.0;0.0;0.0;0.0;0.0;0.0;0.0;0.46;0.11;0.11;0.7;1;1;0.0
184;ger000211;ger;die_baroninn;unknown;Die Baroninn;FEMALE;2;13;145;145;0;0;0;0;0.81;0.19;0.0;0.0;0.0;0.0;0.0;0.0;0.0;0.46;0.2;0.2;1.0;2;4;0.21
185;ger000211;ger;der_hauptmann;unknown;Der Hauptmann;MALE;2;11;57;57;0;0;0;0;0.56;0.44;0.0;0.0;0.0;0.0;0.0;0.0;0.0;0.39;0.08;0.08;0.9;2;2;0.01
186;ger000211;ger;leonore;unknown;Leonore;FEMALE;2;9;37;37;0;0;0;0;0.89;0.11;0.0;0.0;0.0;0.0;0.0;0.0;0.0;0.32;0.05;0.05;0.9;0;2;0.01
187;ger000211;ger;der_bediente;unknown;Der Bediente;MALE;1;1;2;2;0;0;0;0;1.0;0.0;0.0;0.0;0.0;0.0;0.0;0.0;0.0;0.04;0.0;0.0;0.1;1;0;0.0
188;ger000211;ger;baron;unknown;Baron;MALE;2;8;91;91;0;0;0;0;0.51;0.49;0.0;0.0;0.0;0.0;0.0;0.0;0.0;0.29;0.13;0.12;0.9;3;3;0.01
189;ger000211;ger;major;unknown;Major;MALE;2;7;56;56;0;0;0;0;0.21;0.79;0.0;0.0;0.0;0.0;0.0;0.0;0.0;0.25;0.08;0.08;0.7;1;2;0.0
190;ger000211;ger;blumenkranz;unknown;Blumenkranz;MALE;2;6;83;83;0;0;0;0;0.52;0.48;0.0;0.0;0.0;0.0;0.0;0.0;0.0;0.21;0.11;0.11;0.8;1;4;0.01
191;ger000211;ger;reitbahn;unknown;Reitbahn;MALE;2;9;87;87;0;0;0;0;0.28;0.72;0.0;0.0;0.0;0.0;0.0;0.0;0.0;0.32;0.12;0.12;0.9;3;5;0.01
192;ger000211;ger;notarius;unknown;Notarius;MALE;1;7;31;31;0;0;0;0;0.0;1.0;0.0;0.0;0.0;0.0;0.0;0.0;0.0;0.25;0.04;0.04;0.8;0;0;0.01
193;ger000282;ger;alle_1-5;unknown;Alle (I/5);UNKNOWN;1;1;1;1;0;0;0;0;1.0;0.0;0.0;0.0;0.0;0.0;0.0;0.0;0.0;0.03;0.0;0.0;0.26;0;0;0.0
194;ger000282;ger;ein_paar_vom_volke_2-2;unknown;Ein paar vom Volke (II/2);UNKNOWN;1;1;1;1;0;0;0;0;0.0;1.0;0.0;0.0;0.0;0.0;0.0;0.0;0.0;0.03;0.0;0.0;0.13;0;0;0.0
195;ger000282;ger;das_volk_2-3;unknown;Das Volk (II/3);UNKNOWN;1;1;1;1;0;0;0;0;0.0;1.0;0.0;0.0;0.0;0.0;0.0;0.0;0.0;0.03;0.0;0.0;0.09;0;2;0.0
196;ger000282;ger;alle_2-5;unknown;Alle (II/5);UNKNOWN;1;1;2;2;0;0;0;0;0.0;1.0;0.0;0.0;0.0;0.0;0.0;0.0;0.0;0.03;0.0;0.0;0.35;1;0;0.0
197;ger000282;ger;das_volk_2-5;unknown;Das Volk (II/5);UNKNOWN;1;1;1;1;0;0;0;0;0.0;1.0;0.0;0.0;0.0;0.0;0.0;0.0;0.0;0.03;0.0;0.0;0.35;0;0;0.0
198;ger000282;ger;einige_vom_volk_3-3;unknown;Einige vom Volk (III/3);UNKNOWN;1;1;1;1;0;0;0;0;0.0;0.0;1.0;0.0;0.0;0.0;0.0;0.0;0.0;0.03;0.0;0.0;0.22;0;0;0.0
199;ger000282;ger;alle_3-3;unknown;Alle (III/3);UNKNOWN;1;1;1;1;0;0;0;0;0.0;0.0;1.0;0.0;0.0;0.0;0.0;0.0;0.0;0.03;0.0;0.0;0.22;0;0;0.0
200;ger000282;ger;die_zeugen;unknown;Die Zeugen;UNKNOWN;1;1;1;1;0;0;0;0;0.0;0.0;0.0;1.0;0.0;0.0;0.0;0.0;0.0;0.03;0.0;0.0;0.17;1;1;0.0
201;ger000282;ger;marcus;unknown;Marcus;MALE;2;6;40;193;0;0;0;0;0.63;0.37;0.0;0.0;0.0;0.0;0.0;0.0;0.0;0.21;0.08;0.09;0.48;2;2;0.01
202;ger000282;ger;lucius;unknown;Lucius;MALE;4;7;24;114;0;0;0;0;0.15;0.37;0.1;0.39;0.0;0.0;0.0;0.0;0.0;0.24;0.05;0.05;0.57;2;5;0.07
203;ger000282;ger;virginia;unknown;Virginia;FEMALE;4;14;56;226;0;0;0;0;0.26;0.04;0.43;0.27;0.0;0.0;0.0;0.0;0.0;0.48;0.11;0.1;0.78;1;1;0.11
204;ger000282;ger;albina;unknown;Albina;FEMALE;1;3;5;11;0;0;0;0;1.0;0.0;0.0;0.0;0.0;0.0;0.0;0.0;0.0;0.1;0.01;0.0;0.26;0;1;0.0
205;ger000282;ger;quintus;unknown;Quintus;MALE;3;9;22;41;0;0;0;0;0.07;0.39;0.54;0.0;0.0;0.0;0.0;0.0;0.0;0.31;0.04;0.02;0.61;2;2;0.05
206;ger000282;ger;ruffus;unknown;Ruffus;MALE;4;12;45;128;0;0;0;0;0.31;0.17;0.38;0.14;0.0;0.0;0.0;0.0;0.0;0.41;0.09;0.06;0.83;1;1;0.14
207;ger000282;ger;numitorius;unknown;Numitorius;MALE;3;8;23;103;0;0;0;0;0.56;0.32;0.0;0.12;0.0;0.0;0.0;0.0;0.0;0.28;0.05;0.05;0.57;2;2;0.03
208;ger000282;ger;icilius;unknown;Icilius;MALE;4;11;83;473;0;0;0;0;0.19;0.16;0.47;0.17;0.0;0.0;0.0;0.0;0.0;0.38;0.16;0.21;0.74;2;6;0.08
209;ger000282;ger;appius;unknown;Appius;MALE;3;8;87;438;0;0;0;0;0.0;0.47;0.32;0.21;0.0;0.0;0.0;0.0;0.0;0.28;0.17;0.19;0.65;2;7;0.08
210;ger000282;ger;virginius;unknown;Virginius;MALE;2;11;79;378;0;0;0;0;0.0;0.0;0.67;0.33;0.0;0.0;0.0;0.0;0.0;0.38;0.16;0.17;0.52;1;3;0.03
211;ger000282;ger;valerius;unknown;Valerius;MALE;1;5;22;103;0;0;0;0;0.0;0.0;0.0;1.0;0.0;0.0;0.0;0.0;0.0;0.17;0.04;0.05;0.43;0;3;0.01
212;ger000282;ger;laelia;unknown;Lälia;FEMALE;1;1;6;27;0;0;0;0;0.0;0.0;0.0;1.0;0.0;0.0;0.0;0.0;0.0;0.03;0.01;0.01;0.26;0;3;0.0
213;ger000282;ger;albina icilius quintus;unknown;UNKNOWN;u;1;1;1;1;0;0;0;0;0.0;0.0;1.0;0.0;0.0;0.0;0.0;0.0;0.0;0.03;0.0;0.0;0.17;1;1;0.0
214;ger000282;ger;virginius numitorius;unknown;UNKNOWN;u;1;1;1;1;0;0;0;0;0.0;0.0;0.0;1.0;0.0;0.0;0.0;0.0;0.0;0.03;0.0;0.0;0.22;0;2;0.0
215;ger000282;ger;quintus das_volk_4-6;unknown;UNKNOWN;u;1;1;1;1;0;0;0;0;0.0;0.0;0.0;1.0;0.0;0.0;0.0;0.0;0.0;0.03;0.0;0.0;0.26;0;0;0.0
216;ger000696;ger;fridbert;unknown;Fridbert;MALE;0;1;14;121;0;0;0;0;0.0;0.0;0.0;0.0;0.0;0.0;0.0;0.0;0.0;1.0;0.26;0.24;1.0;2;1;0.0
217;ger000696;ger;eva;unknown;Eva;FEMALE;0;1;19;182;0;0;0;0;0.0;0.0;0.0;0.0;0.0;0.0;0.0;0.0;0.0;1.0;0.35;0.35;1.0;1;1;0.0
218;ger000696;ger;elssbeth;unknown;Elßbeth;FEMALE;0;1;18;186;0;0;0;0;0.0;0.0;0.0;0.0;0.0;0.0;0.0;0.0;0.0;1.0;0.33;0.36;1.0;0;1;0.0
219;ger000696;ger;emerich;unknown;Emerich;MALE;0;1;3;25;0;0;0;0;0.0;0.0;0.0;0.0;0.0;0.0;0.0;0.0;0.0;1.0;0.06;0.05;1.0;0;0;0.0
220;ger000632;ger;arno;unknown;Arno;MALE;2;11;72;72;0;0;0;0;0.42;0.58;0.0;0.0;0.0;0.0;0.0;0.0;0.0;0.5;0.21;0.21;1.0;0;2;0.1
221;ger000632;ger;hartmann;unknown;Hartmann;MALE;2;8;33;32;0;0;0;0;0.75;0.25;0.0;0.0;0.0;0.0;0.0;0.0;0.0;0.36;0.1;0.09;0.62;0;1;0.0
222;ger000632;ger;oberst;unknown;Kraun;MALE;2;5;28;28;0;0;0;0;0.5;0.5;0.0;0.0;0.0;0.0;0.0;0.0;0.0;0.23;0.08;0.08;0.88;0;5;0.03
223;ger000632;ger;schrink;unknown;Graf Schrink;MALE;2;9;61;61;0;0;0;0;0.41;0.59;0.0;0.0;0.0;0.0;0.0;0.0;0.0;0.41;0.18;0.17;1.0;0;4;0.1
224;ger000632;ger;major;unknown;Graf Zerbki (Major);MALE;2;7;36;36;0;0;0;0;0.64;0.36;0.0;0.0;0.0;0.0;0.0;0.0;0.0;0.32;0.11;0.1;0.88;0;5;0.05
225;ger000632;ger;zerbki;unknown;Graf Zerbki (Unterlieutenant);MALE;1;2;13;13;0;0;0;0;0.0;1.0;0.0;0.0;0.0;0.0;0.0;0.0;0.0;0.09;0.04;0.04;0.38;0;1;0.0
226;ger000632;ger;feldwebel;unknown;Ein Feldwebel;MALE;1;3;16;16;0;0;0;0;0.0;1.0;0.0;0.0;0.0;0.0;0.0;0.0;0.0;0.14;0.05;0.05;0.5;0;1;0.0
227;ger000632;ger;gefangener;unknown;Ein Gefangener kayserlicher Hauptmann;MALE;1;5;40;40;0;0;0;0;0.0;1.0;0.0;0.0;0.0;0.0;0.0;0.0;0.0;0.23;0.12;0.11;0.88;0;3;0.03
228;ger000632;ger;koenig;unknown;Friedrich II.;MALE;1;4;39;43;0;0;0;0;0.0;1.0;0.0;0.0;0.0;0.0;0.0;0.0;0.0;0.18;0.12;0.12;0.62;0;5;0.0
229;ger000643;ger;frau_klipper;unknown;Frau Klipper;FEMALE;3;14;130;130;0;0;0;0;0.48;0.14;0.38;0.0;0.0;0.0;0.0;0.0;0.0;0.67;0.34;0.34;1.0;1;2;0.11
230;ger000643;ger;klipper;unknown;Klipper;MALE;3;10;72;72;0;0;0;0;0.06;0.47;0.47;0.0;0.0;0.0;0.0;0.0;0.0;0.48;0.19;0.19;1.0;1;2;0.11
231;ger000643;ger;therese;unknown;Therese;FEMALE;3;10;56;56;0;0;0;0;0.52;0.09;0.39;0.0;0.0;0.0;0.0;0.0;0.0;0.48;0.15;0.15;0.62;0;1;0.01
232;ger000643;ger;margreth;unknown;Margreth;FEMALE;2;2;31;31;0;0;0;0;0.81;0.19;0.0;0.0;0.0;0.0;0.0;0.0;0.0;0.1;0.08;0.08;0.38;1;2;0.0
233;ger000643;ger;herr_von_affling;unknown;Herr von Affling;MALE;3;9;41;41;0;0;0;0;0.56;0.07;0.37;0.0;0.0;0.0;0.0;0.0;0.0;0.43;0.11;0.11;0.75;2;1;0.02
234;ger000643;ger;monsieur_leger;unknown;Monsieur Leger;MALE;2;4;18;18;0;0;0;0;0.0;0.72;0.28;0.0;0.0;0.0;0.0;0.0;0.0;0.19;0.05;0.05;0.5;1;1;0.0
235;ger000643;ger;zoller;unknown;Zoller;MALE;2;7;32;32;0;0;0;0;0.0;0.5;0.5;0.0;0.0;0.0;0.0;0.0;0.0;0.33;0.08;0.08;1.0;2;3;0.11
236;ger000643;ger;bediente;unknown;Bediente;MALE;1;1;2;2;0;0;0;0;0.0;0.0;1.0;0.0;0.0;0.0;0.0;0.0;0.0;0.05;0.01;0.01;0.62;0;1;0.0
237;ger000643;ger;frau_klipper therese;unknown;UNKNOWN;u;1;1;1;1;0;0;0;0;0.0;0.0;1.0;0.0;0.0;0.0;0.0;0.0;0.0;0.05;0.0;0.0;0.62;0;1;0.0
238;ger000629;ger;von_bernau;unknown;von Bernau;MALE;0;12;93;93;0;0;0;0;0.0;0.0;0.0;0.0;0.0;0.0;0.0;0.0;0.0;0.71;0.34;0.34;1.0;0;2;0.07
239;ger000629;ger;werner;unknown;Werner;MALE;0;8;53;53;0;0;0;0;0.0;0.0;0.0;0.0;0.0;0.0;0.0;0.0;0.0;0.47;0.19;0.19;0.8;0;1;0.0
240;ger000629;ger;frank;unknown;Frank;MALE;0;10;58;58;0;0;0;0;0.0;0.0;0.0;0.0;0.0;0.0;0.0;0.0;0.0;0.59;0.21;0.21;1.0;0;1;0.07
241;ger000629;ger;wilhelmine;unknown;Wilhelmine;FEMALE;0;6;41;41;0;0;0;0;0.0;0.0;0.0;0.0;0.0;0.0;0.0;0.0;0.0;0.35;0.15;0.15;1.0;0;4;0.07
242;ger000629;ger;tunder;unknown;Tunder;MALE;0;3;24;26;0;0;0;0;0.0;0.0;0.0;0.0;0.0;0.0;0.0;0.0;0.0;0.18;0.09;0.09;0.6;1;2;0.0
243;ger000629;ger;der_gerichtsdiener;unknown;Der Gerichtsdiener;MALE;0;2;3;3;0;0;0;0;0.0;0.0;0.0;0.0;0.0;0.0;0.0;0.0;0.0;0.12;0.01;0.01;0.8;0;2;0.0
244;ger000618;ger;glimour;unknown;Glimour;MALE;0;11;87;85;0;0;0;0;0.0;0.0;0.0;0.0;0.0;0.0;0.0;0.0;0.0;0.92;0.35;0.34;1.0;2;1;0.12
245;ger000618;ger;stephan;unknown;Stephan;MALE;0;6;20;19;0;0;0;0;0.0;0.0;0.0;0.0;0.0;0.0;0.0;0.0;0.0;0.5;0.08;0.08;0.6;1;0;0.0
246;ger000618;ger;rose;unknown;Rose;FEMALE;0;4;22;22;0;0;0;0;0.0;0.0;0.0;0.0;0.0;0.0;0.0;0.0;0.0;0.33;0.09;0.09;0.8;0;0;0.03
247;ger000618;ger;kranberg;unknown;Baron Kranberg;MALE;0;3;31;31;0;0;0;0;0.0;0.0;0.0;0.0;0.0;0.0;0.0;0.0;0.0;0.25;0.12;0.13;0.8;1;1;0.03
248;ger000618;ger;ebrecht;unknown;Ebrecht;MALE;0;7;55;55;0;0;0;0;0.0;0.0;0.0;0.0;0.0;0.0;0.0;0.0;0.0;0.58;0.22;0.22;1.0;2;3;0.12
249;ger000618;ger;graefinn;unknown;Gräfinn Herrbach;FEMALE;0;2;33;33;0;0;0;0;0.0;0.0;0.0;0.0;0.0;0.0;0.0;0.0;0.0;0.17;0.13;0.13;0.6;0;1;0.0
250;ger000449;ger;claudia;unknown;Claudia;FEMALE;0;2;15;15;0;0;0;0;0.0;0.0;0.0;0.0;0.0;0.0;0.0;0.0;0.0;0.4;0.21;0.19;0.4;1;0;0.3
251;ger000449;ger;laura;unknown;Laura;FEMALE;0;1;5;5;0;0;0;0;0.0;0.0;0.0;0.0;0.0;0.0;0.0;0.0;0.0;0.2;0.07;0.06;0.2;0;0;0.0
252;ger000449;ger;odoardo;unknown;Odoardo;MALE;0;4;28;29;0;0;0;0;0.0;0.0;0.0;0.0;0.0;0.0;0.0;0.0;0.0;0.8;0.39;0.36;0.6;1;0;0.4
253;ger000449;ger;appiani;unknown;Appiani;MALE;0;2;16;16;0;0;0;0;0.0;0.0;0.0;0.0;0.0;0.0;0.0;0.0;0.0;0.4;0.22;0.2;0.4;0;1;0.0
254;ger000449;ger;der_prinz;unknown;Der Prinz;MALE;0;1;7;7;0;0;0;0;0.0;0.0;0.0;0.0;0.0;0.0;0.0;0.0;0.0;0.2;0.1;0.09;0.4;0;2;0.0
255;ger000617;ger;polytimet;unknown;Polytimet;MALE;0;4;10;10;0;0;0;0;0.0;0.0;0.0;0.0;0.0;0.0;0.0;0.0;0.0;0.57;0.18;0.13;0.6;0;1;0.0
256;ger000617;ger;aristodem;unknown;Aristodem;MALE;0;4;9;9;0;0;0;0;0.0;0.0;0.0;0.0;0.0;0.0;0.0;0.0;0.0;0.57;0.16;0.12;0.8;0;2;0.1
257;ger000617;ger;polemon;unknown;Polemon;MALE;0;5;25;25;0;0;0;0;0.0;0.0;0.0;0.0;0.0;0.0;0.0;0.0;0.0;0.71;0.45;0.33;1.0;0;3;0.5
258;ger000617;ger;parmenio;unknown;Parmenio;MALE;0;1;8;8;0;0;0;0;0.0;0.0;0.0;0.0;0.0;0.0;0.0;0.0;0.0;0.14;0.14;0.11;0.2;0;1;0.0
259;ger000617;ger;heerold;unknown;Heerold;MALE;0;1;2;2;0;0;0;0;0.0;0.0;0.0;0.0;0.0;0.0;0.0;0.0;0.0;0.14;0.04;0.03;0.4;0;1;0.0
260;ger000617;ger;strato;unknown;Strato;MALE;0;1;2;2;0;0;0;0;0.0;0.0;0.0;0.0;0.0;0.0;0.0;0.0;0.0;0.14;0.04;0.03;0.6;0;1;0.0
261;ger000683;ger;john;unknown;John;MALE;0;14;72;72;0;0;0;0;0.0;0.0;0.0;0.0;0.0;0.0;0.0;0.0;0.0;0.64;0.25;0.24;1.0;0;1;0.0
262;ger000683;ger;burton;unknown;Sir Burton;MALE;0;10;61;60;0;0;0;0;0.0;0.0;0.0;0.0;0.0;0.0;0.0;0.0;0.0;0.45;0.21;0.2;1.0;2;1;0.0
263;ger000683;ger;mifflin;unknown;Mifflin;MALE;0;9;54;54;0;0;0;0;0.0;0.0;0.0;0.0;0.0;0.0;0.0;0.0;0.0;0.41;0.18;0.18;1.0;1;1;0.0
264;ger000683;ger;clara;unknown;Clara;FEMALE;0;3;31;31;0;0;0;0;0.0;0.0;0.0;0.0;0.0;0.0;0.0;0.0;0.0;0.14;0.11;0.11;1.0;2;1;0.0
265;ger000683;ger;jenny;unknown;Jenny;FEMALE;0;6;34;33;0;0;0;0;0.0;0.0;0.0;0.0;0.0;0.0;0.0;0.0;0.0;0.27;0.12;0.11;1.0;1;3;0.0
266;ger000683;ger;betty;unknown;Betty;FEMALE;0;8;41;41;0;0;0;0;0.0;0.0;0.0;0.0;0.0;0.0;0.0;0.0;0.0;0.36;0.14;0.14;1.0;0;2;0.0
267;ger000662;ger;la_sourdiere;unknown;La Sourdiere;MALE;0;7;27;27;0;0;0;0;0.0;0.0;0.0;0.0;0.0;0.0;0.0;0.0;0.0;0.39;0.11;0.1;0.77;0;6;0.08
268;ger000662;ger;coronis;unknown;Coronis;MALE;0;7;25;25;0;0;0;0;0.0;0.0;0.0;0.0;0.0;0.0;0.0;0.0;0.0;0.39;0.1;0.09;0.85;0;6;0.11
269;ger000662;ger;carondas;unknown;Carondas;MALE;0;2;8;29;0;0;0;0;0.0;0.0;0.0;0.0;0.0;0.0;0.0;0.0;0.0;0.11;0.03;0.11;0.46;0;3;0.0
270;ger000662;ger;der_erste_damenspieler;unknown;Der erste Damenspieler;MALE;0;2;3;3;0;0;0;0;0.0;0.0;0.0;0.0;0.0;0.0;0.0;0.0;0.0;0.11;0.01;0.01;0.46;0;1;0.0
271;ger000662;ger;der_zweyte_damenspieler;unknown;Der zweyte Damenspieler;MALE;0;2;3;3;0;0;0;0;0.0;0.0;0.0;0.0;0.0;0.0;0.0;0.0;0.0;0.11;0.01;0.01;0.46;0;0;0.0
272;ger000662;ger;der_ritter;unknown;Der Ritter;MALE;0;8;25;25;0;0;0;0;0.0;0.0;0.0;0.0;0.0;0.0;0.0;0.0;0.0;0.44;0.1;0.09;0.85;0;5;0.11
273;ger000662;ger;der_abt;unknown;Der Abt;MALE;0;4;13;13;0;0;0;0;0.0;0.0;0.0;0.0;0.0;0.0;0.0;0.0;0.0;0.22;0.05;0.05;0.77;1;4;0.07
274;ger000662;ger;dorant;unknown;Dorant;MALE;0;7;27;27;0;0;0;0;0.0;0.0;0.0;0.0;0.0;0.0;0.0;0.0;0.0;0.39;0.11;0.1;0.62;2;1;0.09
275;ger000662;ger;la_flesche;unknown;La Flesche;MALE;0;5;29;32;0;0;0;0;0.0;0.0;0.0;0.0;0.0;0.0;0.0;0.0;0.0;0.28;0.12;0.12;0.54;1;6;0.0
276;ger000662;ger;herr_jobelin;unknown;Herr Jobelin;MALE;0;8;34;34;0;0;0;0;0.0;0.0;0.0;0.0;0.0;0.0;0.0;0.0;0.0;0.44;0.14;0.13;0.69;0;3;0.13
277;ger000662;ger;louischen;unknown;Louischen;FEMALE;0;3;18;18;0;0;0;0;0.0;0.0;0.0;0.0;0.0;0.0;0.0;0.0;0.0;0.17;0.07;0.07;0.23;0;1;0.0
278;ger000662;ger;frau_jerome;unknown;Frau Jerome;FEMALE;0;6;28;28;0;0;0;0;0.0;0.0;0.0;0.0;0.0;0.0;0.0;0.0;0.0;0.33;0.12;0.1;0.62;1;4;0.04
279;ger000662;ger;louischen dorant der_ritter coronis;unknown;UNKNOWN;u;0;1;1;1;0;0;0;0;0.0;0.0;0.0;0.0;0.0;0.0;0.0;0.0;0.0;0.06;0.0;0.0;0.15;0;1;0.0
280;ger000662;ger;der_ritter coronis;unknown;UNKNOWN;u;0;1;1;1;0;0;0;0;0.0;0.0;0.0;0.0;0.0;0.0;0.0;0.0;0.0;0.06;0.0;0.0;0.23;0;3;0.0
281;ger000347;ger;susanna;unknown;Susanna;FEMALE;3;8;44;45;0;0;0;0;0.51;0.22;0.27;0.0;0.0;0.0;0.0;0.0;0.0;0.3;0.08;0.08;0.78;3;1;0.0
282;ger000347;ger;agneta;unknown;Agneta;FEMALE;3;17;118;118;0;0;0;0;0.13;0.48;0.39;0.0;0.0;0.0;0.0;0.0;0.0;0.63;0.21;0.21;0.78;2;1;0.0
283;ger000347;ger;sittenreich;unknown;Sittenreich;MALE;3;15;81;83;0;0;0;0;0.35;0.48;0.17;0.0;0.0;0.0;0.0;0.0;0.0;0.56;0.14;0.15;0.78;4;0;0.0
284;ger000347;ger;grobian;unknown;Grobian;MALE;3;14;132;133;0;0;0;0;0.29;0.24;0.47;0.0;0.0;0.0;0.0;0.0;0.0;0.52;0.23;0.23;0.78;3;2;0.0
285;ger000347;ger;ehrenwehrt;unknown;Ehrenwehrt;MALE;3;7;55;55;0;0;0;0;0.24;0.47;0.29;0.0;0.0;0.0;0.0;0.0;0.0;0.26;0.1;0.1;0.78;4;2;0.0
286;ger000347;ger;carolina;unknown;Carolina;FEMALE;3;8;41;41;0;0;0;0;0.07;0.61;0.32;0.0;0.0;0.0;0.0;0.0;0.0;0.3;0.07;0.07;0.78;0;1;0.0
287;ger000347;ger;charlotte;unknown;Charlotte;FEMALE;3;5;32;32;0;0;0;0;0.72;0.22;0.06;0.0;0.0;0.0;0.0;0.0;0.0;0.19;0.06;0.06;0.78;1;0;0.0
288;ger000347;ger;gutherz;unknown;Gutherz;MALE;2;7;59;59;0;0;0;0;0.0;0.42;0.58;0.0;0.0;0.0;0.0;0.0;0.0;0.26;0.1;0.1;0.78;2;2;0.0
289;ger000347;ger;agneta susanna zwo_maegde;unknown;UNKNOWN;u;1;1;1;3;0;0;0;0;1.0;0.0;0.0;0.0;0.0;0.0;0.0;0.0;0.0;0.04;0.0;0.01;0.0;0;0;0.0
290;ger000048;ger;theseus;unknown;Theseus;MALE;0;1;5;56;0;0;0;0;0.0;0.0;0.0;0.0;0.0;0.0;0.0;0.0;0.0;0.5;0.28;0.3;0.5;1;0;0.0
291;ger000048;ger;ariadne;unknown;Ariadne;FEMALE;0;2;9;112;0;0;0;0;0.0;0.0;0.0;0.0;0.0;0.0;0.0;0.0;0.0;1.0;0.5;0.59;1.0;1;0;1.0
292;ger000048;ger;die_stimme_der_oreade;unknown;Die Stimme der Oreade;FEMALE;0;1;4;16;0;0;0;0;0.0;0.0;0.0;0.0;0.0;0.0;0.0;0.0;0.0;0.5;0.22;0.08;0.5;0;0;0.0
293;ger000610;ger;hans;unknown;Hans von Zanow;MALE;5;36;292;294;0;0;0;0;0.32;0.26;0.07;0.19;0.15;0.0;0.0;0.0;0.0;0.67;0.28;0.28;1.0;3;5;0.24
294;ger000610;ger;wilhelmine;unknown;Wilhelmine;FEMALE;4;12;53;53;0;0;0;0;0.43;0.04;0.32;0.0;0.21;0.0;0.0;0.0;0.0;0.22;0.05;0.05;0.62;1;4;0.04
295;ger000610;ger;fritz_fritze;unknown;Fritz/Fritze;MALE;4;7;35;35;0;0;0;0;0.29;0.0;0.54;0.14;0.03;0.0;0.0;0.0;0.0;0.13;0.03;0.03;0.5;2;2;0.01
296;ger000610;ger;guerge;unknown;Gürge;MALE;3;9;40;40;0;0;0;0;0.4;0.0;0.0;0.12;0.47;0.0;0.0;0.0;0.0;0.17;0.04;0.04;0.5;2;2;0.02
297;ger000610;ger;lieschen;unknown;Lieschen;FEMALE;5;24;152;152;0;0;0;0;0.14;0.05;0.22;0.24;0.34;0.0;0.0;0.0;0.0;0.44;0.15;0.14;1.0;2;5;0.24
298;ger000610;ger;wutzkofius;unknown;Wutzkofius;MALE;2;4;37;38;0;0;0;0;0.11;0.0;0.89;0.0;0.0;0.0;0.0;0.0;0.0;0.07;0.04;0.04;0.31;0;0;0.0
299;ger000610;ger;frau_muellern;unknown;Frau Müllern;FEMALE;3;12;82;82;0;0;0;0;0.44;0.4;0.0;0.16;0.0;0.0;0.0;0.0;0.0;0.22;0.08;0.08;0.56;2;3;0.03
300;ger000610;ger;renner;unknown;Renner;MALE;2;6;33;33;0;0;0;0;0.55;0.0;0.0;0.45;0.0;0.0;0.0;0.0;0.0;0.11;0.03;0.03;0.31;2;1;0.01
301;ger000610;ger;graefin;unknown;Gräfin von Saalheim;FEMALE;3;8;124;124;0;0;0;0;0.0;0.35;0.0;0.52;0.13;0.0;0.0;0.0;0.0;0.15;0.12;0.12;0.44;0;3;0.01
302;ger000610;ger;chevalier;unknown;Chevalier de la Meau;MALE;3;4;44;44;0;0;0;0;0.0;0.39;0.39;0.23;0.0;0.0;0.0;0.0;0.0;0.07;0.04;0.04;0.31;2;1;0.0
303;ger000610;ger;graf;unknown;Graf von Erlenstein;MALE;3;7;61;61;0;0;0;0;0.0;0.21;0.0;0.33;0.46;0.0;0.0;0.0;0.0;0.13;0.06;0.06;0.5;2;3;0.01
304;ger000610;ger;baron;unknown;Baron Link;MALE;2;7;35;34;0;0;0;0;0.0;0.79;0.0;0.21;0.0;0.0;0.0;0.0;0.0;0.13;0.03;0.03;0.38;2;3;0.0
305;ger000610;ger;jude;unknown;Jude;MALE;1;2;7;7;0;0;0;0;0.0;0.0;0.0;1.0;0.0;0.0;0.0;0.0;0.0;0.04;0.01;0.01;0.25;0;2;0.0
306;ger000610;ger;soldat;unknown;Soldat;MALE;1;1;4;4;0;0;0;0;0.0;0.0;0.0;1.0;0.0;0.0;0.0;0.0;0.0;0.02;0.0;0.0;0.25;1;3;0.0
307;ger000610;ger;koerner;unknown;Körner;MALE;1;3;6;6;0;0;0;0;0.0;0.0;0.0;0.0;1.0;0.0;0.0;0.0;0.0;0.06;0.01;0.01;0.19;0;0;0.0
308;ger000610;ger;johann;unknown;Johann;MALE;1;5;34;36;0;0;0;0;0.0;0.0;0.0;0.0;1.0;0.0;0.0;0.0;0.0;0.09;0.03;0.03;0.38;0;3;0.0
309;ger000177;ger;chor;unknown;Chor;UNKNOWN;0;2;6;24;0;0;0;0;0.0;0.0;0.0;0.0;0.0;0.0;0.0;0.0;0.0;0.18;0.09;0.1;0.75;2;0;0.54
310;ger000177;ger;zwo_stimmen;unknown;Zwo Stimmen;UNKNOWN;0;1;1;6;0;0;0;0;0.0;0.0;0.0;0.0;0.0;0.0;0.0;0.0;0.0;0.09;0.01;0.02;0.38;0;0;0.0
311;ger000177;ger;zwo_nereiden;unknown;Zwo Nereiden;FEMALE;0;1;1;4;0;0;0;0;0.0;0.0;0.0;0.0;0.0;0.0;0.0;0.0;0.0;0.09;0.01;0.02;0.38;0;0;0.0
312;ger000177;ger;zwei_tritonen;unknown;Zwei Tritonen;UNKNOWN;0;1;1;4;0;0;0;0;0.0;0.0;0.0;0.0;0.0;0.0;0.0;0.0;0.0;0.09;0.01;0.02;0.38;0;0;0.0
313;ger000177;ger;ino;unknown;Ino;FEMALE;0;6;21;86;0;0;0;0;0.0;0.0;0.0;0.0;0.0;0.0;0.0;0.0;0.0;0.55;0.31;0.36;0.5;0;1;0.43
314;ger000177;ger;athamas;unknown;Athamas;MALE;0;7;26;81;0;0;0;0;0.0;0.0;0.0;0.0;0.0;0.0;0.0;0.0;0.0;0.64;0.38;0.34;0.25;0;0;0.25
315;ger000177;ger;juno;unknown;Juno;FEMALE;0;1;9;18;0;0;0;0;0.0;0.0;0.0;0.0;0.0;0.0;0.0;0.0;0.0;0.09;0.13;0.07;0.12;0;1;0.0
316;ger000177;ger;eine_stimme_9;unknown;Eine Stimme (9. Szene);UNKNOWN;0;1;2;8;0;0;0;0;0.0;0.0;0.0;0.0;0.0;0.0;0.0;0.0;0.0;0.09;0.03;0.03;0.38;1;0;0.0
317;ger000177;ger;eine_stimme_11;unknown;Eine Stimme (11. Szene);UNKNOWN;0;1;1;6;0;0;0;0;0.0;0.0;0.0;0.0;0.0;0.0;0.0;0.0;0.0;0.09;0.01;0.02;0.38;1;0;0.0
318;ger000472;ger;brutus;unknown;Brutus;MALE;5;24;68;765;0;0;0;0;0.16;0.29;0.2;0.13;0.21;0.0;0.0;0.0;0.0;0.71;0.4;0.41;1.0;0;1;0.28
319;ger000472;ger;messala;unknown;Messala;MALE;5;11;20;167;0;0;0;0;0.21;0.09;0.24;0.37;0.09;0.0;0.0;0.0;0.0;0.32;0.12;0.09;0.67;0;2;0.06
320;ger000472;ger;marcius;unknown;Marcius;MALE;4;10;30;349;0;0;0;0;0.12;0.01;0.31;0.0;0.55;0.0;0.0;0.0;0.0;0.29;0.18;0.19;0.83;0;1;0.16
321;ger000472;ger;publius;unknown;Publius;MALE;4;10;24;416;0;0;0;0;0.35;0.35;0.16;0.14;0.0;0.0;0.0;0.0;0.0;0.29;0.14;0.22;0.5;0;3;0.0
322;ger000472;ger;servilius;unknown;Servilius;MALE;3;5;18;101;0;0;0;0;0.0;0.6;0.0;0.3;0.1;0.0;0.0;0.0;0.0;0.15;0.11;0.05;0.5;0;1;0.02
323;ger000472;ger;der_tribun;unknown;Der Tribun;MALE;1;3;5;63;0;0;0;0;0.0;0.0;0.0;1.0;0.0;0.0;0.0;0.0;0.0;0.09;0.03;0.03;0.5;0;3;0.02
324;ger000472;ger;anton;unknown;Anton;MALE;1;1;3;12;0;0;0;0;0.0;0.0;0.0;0.0;1.0;0.0;0.0;0.0;0.0;0.03;0.02;0.01;0.33;0;2;0.0
325;ger000283;ger;henley;unknown;Henley;MALE;5;14;79;79;0;0;0;0;0.27;0.14;0.29;0.27;0.04;0.0;0.0;0.0;0.0;0.44;0.24;0.24;0.6;0;2;0.4
326;ger000283;ger;widston;unknown;Widston;MALE;2;4;19;19;0;0;0;0;0.58;0.0;0.0;0.42;0.0;0.0;0.0;0.0;0.0;0.12;0.06;0.06;0.2;0;0;0.0
327;ger000283;ger;klerdon;unknown;Klerdon;MALE;5;22;132;132;0;0;0;0;0.11;0.18;0.36;0.14;0.21;0.0;0.0;0.0;0.0;0.69;0.4;0.4;0.8;1;3;0.5
328;ger000283;ger;truworth;unknown;Truworth;MALE;2;2;13;13;0;0;0;0;0.38;0.0;0.0;0.0;0.62;0.0;0.0;0.0;0.0;0.06;0.04;0.04;0.2;0;0;0.0
329;ger000283;ger;granville;unknown;Granville;MALE;3;9;54;54;0;0;0;0;0.0;0.48;0.37;0.15;0.0;0.0;0.0;0.0;0.0;0.28;0.17;0.17;0.6;1;0;0.1
330;ger000283;ger;amalia;unknown;Amalia;FEMALE;3;4;29;29;0;0;0;0;0.0;0.21;0.28;0.0;0.52;0.0;0.0;0.0;0.0;0.12;0.09;0.09;0.4;0;0;0.0
331;ger000339;ger;chor;unknown;Chor (Janitscharen);MALE;1;1;2;8;0;0;0;0;1.0;0.0;0.0;0.0;0.0;0.0;0.0;0.0;0.0;0.05;0.0;0.01;0.05;0;1;0.0
332;ger000339;ger;wache;unknown;Wache;MALE;1;1;13;13;0;0;0;0;0.0;0.0;1.0;0.0;0.0;0.0;0.0;0.0;0.0;0.05;0.03;0.02;0.53;0;2;0.0
333;ger000339;ger;belmonte;unknown;Belmonte;MALE;3;13;76;109;0;0;0;0;0.43;0.08;0.49;0.0;0.0;0.0;0.0;0.0;0.0;0.59;0.18;0.16;0.74;2;0;0.05
334;ger000339;ger;osmin;unknown;Osmin;MALE;3;7;89;138;0;0;0;0;0.35;0.22;0.43;0.0;0.0;0.0;0.0;0.0;0.0;0.32;0.21;0.2;0.74;1;4;0.07
335;ger000339;ger;pedrillo;unknown;Pedrillo;MALE;3;15;93;164;0;0;0;0;0.18;0.29;0.53;0.0;0.0;0.0;0.0;0.0;0.0;0.68;0.22;0.24;0.84;1;4;0.19
336;ger000339;ger;eine_oder_zwo_stimmen;unknown;Eine oder zwo Stimmen;MALE;1;1;1;8;0;0;0;0;1.0;0.0;0.0;0.0;0.0;0.0;0.0;0.0;0.0;0.05;0.0;0.01;0.05;0;0;0.0
337;ger000339;ger;selim;unknown;Selim;MALE;2;3;30;30;0;0;0;0;0.4;0.0;0.6;0.0;0.0;0.0;0.0;0.0;0.0;0.14;0.07;0.04;0.37;2;3;0.0
338;ger000339;ger;constanze;unknown;Constanze;FEMALE;3;5;37;74;0;0;0;0;0.26;0.41;0.34;0.0;0.0;0.0;0.0;0.0;0.0;0.23;0.09;0.11;0.47;0;0;0.04
339;ger000339;ger;blonde;unknown;Blonde;FEMALE;2;6;40;58;0;0;0;0;0.0;0.88;0.12;0.0;0.0;0.0;0.0;0.0;0.0;0.27;0.09;0.09;0.74;1;4;0.08
340;ger000339;ger;klaas;unknown;Klaas;MALE;1;1;3;3;0;0;0;0;0.0;0.0;1.0;0.0;0.0;0.0;0.0;0.0;0.0;0.05;0.01;0.0;0.05;0;0;0.0
341;ger000339;ger;einer_von_der_wache;unknown;Einer von der Wache;MALE;1;1;1;3;0;0;0;0;0.0;0.0;1.0;0.0;0.0;0.0;0.0;0.0;0.0;0.05;0.0;0.0;0.53;0;1;0.0
342;ger000339;ger;belmonte pedrillo;unknown;UNKNOWN;u;1;1;5;6;0;0;0;0;1.0;0.0;0.0;0.0;0.0;0.0;0.0;0.0;0.0;0.05;0.01;0.01;0.16;0;0;0.0
343;ger000339;ger;constanze blonde;unknown;UNKNOWN;u;1;1;3;12;0;0;0;0;0.0;1.0;0.0;0.0;0.0;0.0;0.0;0.0;0.0;0.05;0.01;0.02;0.11;0;0;0.0
344;ger000339;ger;pedrillo osmin;unknown;UNKNOWN;u;1;1;2;7;0;0;0;0;0.0;1.0;0.0;0.0;0.0;0.0;0.0;0.0;0.0;0.05;0.0;0.01;0.11;0;0;0.0
345;ger000339;ger;pedrillo belmonte constanze blonde;unknown;UNKNOWN;u;1;1;1;4;0;0;0;0;0.0;1.0;0.0;0.0;0.0;0.0;0.0;0.0;0.0;0.05;0.0;0.01;0.21;0;0;0.0
346;ger000339;ger;pedrillo blonde;unknown;UNKNOWN;u;1;1;3;4;0;0;0;0;0.0;0.0;1.0;0.0;0.0;0.0;0.0;0.0;0.0;0.05;0.01;0.01;0.53;0;3;0.0
347;ger000339;ger;belmonte constanze;unknown;UNKNOWN;u;1;1;2;2;0;0;0;0;0.0;0.0;1.0;0.0;0.0;0.0;0.0;0.0;0.0;0.05;0.0;0.0;0.53;0;0;0.0
348;ger000339;ger;osmin wache;unknown;UNKNOWN;u;1;1;13;14;0;0;0;0;0.0;0.0;1.0;0.0;0.0;0.0;0.0;0.0;0.0;0.05;0.03;0.02;0.53;0;0;0.0
349;ger000339;ger;belmonte constanze pedrillo blonde;unknown;UNKNOWN;u;1;2;10;16;0;0;0;0;0.0;0.0;1.0;0.0;0.0;0.0;0.0;0.0;0.0;0.09;0.02;0.02;0.63;0;0;0.01
350;ger000339;ger;constanze belmonte;unknown;UNKNOWN;u;1;2;6;8;0;0;0;0;0.0;0.0;1.0;0.0;0.0;0.0;0.0;0.0;0.0;0.09;0.01;0.01;0.63;0;0;0.01
351;ger000483;ger;bella;unknown;Bella;FEMALE;0;7;20;20;0;0;0;0;0.0;0.0;0.0;0.0;0.0;0.0;0.0;0.0;0.0;0.5;0.24;0.23;0.45;1;1;0.44
352;ger000483;ger;messaline;unknown;Messaline;FEMALE;0;4;17;17;0;0;0;0;0.0;0.0;0.0;0.0;0.0;0.0;0.0;0.0;0.0;0.29;0.2;0.19;0.55;0;3;0.44
353;ger000483;ger;biribinker;unknown;Biribinker;MALE;0;7;18;18;0;0;0;0;0.0;0.0;0.0;0.0;0.0;0.0;0.0;0.0;0.0;0.5;0.21;0.2;0.36;1;0;0.16
354;ger000483;ger;der_soldat_4;unknown;Der Soldat (Vierte Scene);MALE;0;1;1;1;0;0;0;0;0.0;0.0;0.0;0.0;0.0;0.0;0.0;0.0;0.0;0.07;0.01;0.01;0.09;0;1;0.0
355;ger000483;ger;fitzaldo;unknown;Fitzaldo;MALE;0;1;4;4;0;0;0;0;0.0;0.0;0.0;0.0;0.0;0.0;0.0;0.0;0.0;0.07;0.05;0.05;0.36;0;2;0.0
356;ger000483;ger;hyacinth;unknown;Hyacinth;MALE;0;1;4;4;0;0;0;0;0.0;0.0;0.0;0.0;0.0;0.0;0.0;0.0;0.0;0.07;0.05;0.05;0.36;0;1;0.0
357;ger000483;ger;baham;unknown;Baham;MALE;0;1;2;2;0;0;0;0;0.0;0.0;0.0;0.0;0.0;0.0;0.0;0.0;0.0;0.07;0.02;0.02;0.36;0;0;0.0
358;ger000483;ger;der_soldat_7;unknown;Der Soldat (Siebente Scene);MALE;0;1;1;1;0;0;0;0;0.0;0.0;0.0;0.0;0.0;0.0;0.0;0.0;0.0;0.07;0.01;0.01;0.0;0;0;0.0
359;ger000483;ger;cantareth;unknown;Cantareth;MALE;0;2;5;5;0;0;0;0;0.0;0.0;0.0;0.0;0.0;0.0;0.0;0.0;0.0;0.14;0.06;0.06;0.18;1;0;0.0
360;ger000483;ger;erster_soldat;unknown;Erster Soldat;MALE;0;1;5;5;0;0;0;0;0.0;0.0;0.0;0.0;0.0;0.0;0.0;0.0;0.0;0.07;0.06;0.06;0.27;1;2;0.0
361;ger000483;ger;zweyter_soldat;unknown;Zweyter Soldat;MALE;0;1;7;7;0;0;0;0;0.0;0.0;0.0;0.0;0.0;0.0;0.0;0.0;0.0;0.07;0.08;0.08;0.27;1;1;0.0
362;ger000483;ger;fitzaldo baham hyacinth;unknown;UNKNOWN;u;0;1;1;1;0;0;0;0;0.0;0.0;0.0;0.0;0.0;0.0;0.0;0.0;0.0;0.07;0.01;0.01;0.36;0;1;0.0
363;ger000659;ger;chor;unknown;Chor der Grazien, Nymphen und Genies;UNKNOWN;0;1;4;16;0;0;0;0;0.0;0.0;0.0;0.0;0.0;0.0;0.0;0.0;0.0;1.0;0.08;0.06;1.0;2;1;0.0
364;ger000659;ger;rhea;unknown;Rhea;FEMALE;0;1;22;103;0;0;0;0;0.0;0.0;0.0;0.0;0.0;0.0;0.0;0.0;0.0;1.0;0.42;0.41;1.0;2;2;0.0
365;ger000659;ger;julus;unknown;Julus;MALE;0;1;22;108;0;0;0;0;0.0;0.0;0.0;0.0;0.0;0.0;0.0;0.0;0.0;1.0;0.42;0.43;1.0;2;1;0.0
366;ger000659;ger;eine_stimme;unknown;Eine Stimme;UNKNOWN;0;1;2;12;0;0;0;0;0.0;0.0;0.0;0.0;0.0;0.0;0.0;0.0;0.0;1.0;0.04;0.05;1.0;2;1;0.0
367;ger000659;ger;eine_grazie;unknown;Eine Grazie;FEMALE;0;1;1;4;0;0;0;0;0.0;0.0;0.0;0.0;0.0;0.0;0.0;0.0;0.0;1.0;0.02;0.02;1.0;1;1;0.0
368;ger000659;ger;eine_nymphe;unknown;Eine Nymphe;FEMALE;0;1;1;4;0;0;0;0;0.0;0.0;0.0;0.0;0.0;0.0;0.0;0.0;0.0;1.0;0.02;0.02;1.0;0;1;0.0
369;ger000659;ger;ein_genie;unknown;Ein Genie;MALE;0;1;1;4;0;0;0;0;0.0;0.0;0.0;0.0;0.0;0.0;0.0;0.0;0.0;1.0;0.02;0.02;1.0;0;0;0.0
370;ger000501;ger;elisinde;unknown;Elisinde;FEMALE;5;21;67;464;0;0;0;0;0.31;0.24;0.02;0.23;0.2;0.0;0.0;0.0;0.0;0.55;0.23;0.25;0.89;1;2;0.17
371;ger000501;ger;philaide;unknown;Philaide;FEMALE;5;14;42;201;0;0;0;0;0.19;0.26;0.15;0.27;0.12;0.0;0.0;0.0;0.0;0.37;0.15;0.11;0.67;0;2;0.01
372;ger000501;ger;codrus;unknown;Codrus;MALE;5;22;53;437;0;0;0;0;0.27;0.09;0.36;0.09;0.18;0.0;0.0;0.0;0.0;0.58;0.18;0.23;0.89;2;3;0.18
373;ger000501;ger;nileus;unknown;Nileus;MALE;3;7;15;50;0;0;0;0;0.44;0.16;0.4;0.0;0.0;0.0;0.0;0.0;0.0;0.18;0.05;0.03;0.56;1;4;0.05
374;ger000501;ger;ein_soldat;unknown;Ein Soldat;MALE;1;1;1;2;0;0;0;0;1.0;0.0;0.0;0.0;0.0;0.0;0.0;0.0;0.0;0.03;0.0;0.0;0.22;0;0;0.0
375;ger000501;ger;medon;unknown;Medon;MALE;4;13;60;438;0;0;0;0;0.2;0.26;0.0;0.31;0.24;0.0;0.0;0.0;0.0;0.34;0.21;0.23;0.67;0;2;0.06
376;ger000501;ger;eine_wache;unknown;Eine Wache;MALE;1;1;1;1;0;0;0;0;1.0;0.0;0.0;0.0;0.0;0.0;0.0;0.0;0.0;0.03;0.0;0.0;0.22;0;0;0.0
377;ger000501;ger;artander;unknown;Artander;MALE;3;15;44;234;0;0;0;0;0.0;0.0;0.32;0.18;0.5;0.0;0.0;0.0;0.0;0.39;0.15;0.12;0.78;1;2;0.04
378;ger000501;ger;cleanth;unknown;Cleanth;MALE;2;2;2;22;0;0;0;0;0.0;0.0;0.23;0.0;0.77;0.0;0.0;0.0;0.0;0.05;0.01;0.01;0.56;2;0;0.01
379;ger000501;ger;licas;unknown;Licas;MALE;2;3;4;25;0;0;0;0;0.0;0.0;0.0;0.2;0.8;0.0;0.0;0.0;0.0;0.08;0.01;0.01;0.56;2;3;0.0
380;ger000068;ger;orgon;unknown;Herr Orgon;MALE;5;15;97;102;0;0;0;0;0.29;0.11;0.14;0.17;0.29;0.0;0.0;0.0;0.0;0.43;0.14;0.14;1.0;2;4;0.0
381;ger000068;ger;philipp;unknown;Philipp;MALE;5;18;131;133;0;0;0;0;0.37;0.15;0.32;0.13;0.04;0.0;0.0;0.0;0.0;0.51;0.19;0.18;1.0;0;0;0.0
382;ger000068;ger;lisette;unknown;Lisette;FEMALE;5;15;88;89;0;0;0;0;0.15;0.47;0.11;0.15;0.12;0.0;0.0;0.0;0.0;0.43;0.13;0.12;1.0;0;1;0.0
383;ger000068;ger;timant;unknown;Timant;MALE;5;18;143;165;0;0;0;0;0.24;0.23;0.33;0.09;0.1;0.0;0.0;0.0;0.0;0.51;0.2;0.22;1.0;2;2;0.0
384;ger000068;ger;damon;unknown;Damon;MALE;5;14;92;96;0;0;0;0;0.17;0.2;0.03;0.34;0.26;0.0;0.0;0.0;0.0;0.4;0.13;0.13;1.0;1;1;0.0
385;ger000068;ger;geronte;unknown;Herr Geronte;MALE;4;12;68;79;0;0;0;0;0.08;0.0;0.24;0.3;0.38;0.0;0.0;0.0;0.0;0.34;0.1;0.11;1.0;2;3;0.0
386;ger000068;ger;climene;unknown;Climene;FEMALE;4;14;79;85;0;0;0;0;0.0;0.29;0.13;0.31;0.27;0.0;0.0;0.0;0.0;0.4;0.11;0.11;1.0;1;2;0.0
387;ger000656;ger;gaertnerinn;unknown;Gärtnerinn;FEMALE;0;5;39;38;0;0;0;0;0.0;0.0;0.0;0.0;0.0;0.0;0.0;0.0;0.0;0.28;0.15;0.14;0.6;1;1;0.0
388;ger000656;ger;bianka;unknown;Bianka da Minani;FEMALE;0;10;59;59;0;0;0;0;0.0;0.0;0.0;0.0;0.0;0.0;0.0;0.0;0.0;0.56;0.22;0.22;1.0;2;2;0.07
389;ger000656;ger;sassino;unknown;Ritter Sassino;MALE;0;5;26;26;0;0;0;0;0.0;0.0;0.0;0.0;0.0;0.0;0.0;0.0;0.0;0.28;0.1;0.1;1.0;3;0;0.07
390;ger000656;ger;marchese;unknown;Marchese Carlo Ponza;MALE;0;11;58;57;0;0;0;0;0.0;0.0;0.0;0.0;0.0;0.0;0.0;0.0;0.0;0.61;0.22;0.21;1.0;0;1;0.07
391;ger000656;ger;gianetta;unknown;Gianetta;FEMALE;0;6;43;43;0;0;0;0;0.0;0.0;0.0;0.0;0.0;0.0;0.0;0.0;0.0;0.33;0.16;0.16;0.8;0;1;0.0
392;ger000656;ger;claudia;unknown;Gräfinn Claudia Batti;FEMALE;0;7;38;38;0;0;0;0;0.0;0.0;0.0;0.0;0.0;0.0;0.0;0.0;0.0;0.39;0.14;0.14;0.8;1;1;0.0
393;ger000678;ger;fuerst;unknown;Fürst;MALE;0;13;124;141;0;0;0;0;0.0;0.0;0.0;0.0;0.0;0.0;0.0;0.0;0.0;0.76;0.41;0.44;1.0;1;2;0.41
394;ger000678;ger;edelknabe;unknown;Edelknabe;MALE;0;10;78;78;0;0;0;0;0.0;0.0;0.0;0.0;0.0;0.0;0.0;0.0;0.0;0.59;0.26;0.24;0.67;1;1;0.02
395;ger000678;ger;hauptmann;unknown;Hauptmann;MALE;0;3;22;22;0;0;0;0;0.0;0.0;0.0;0.0;0.0;0.0;0.0;0.0;0.0;0.18;0.07;0.07;0.67;0;1;0.02
396;ger000678;ger;frau_von_detmund;unknown;Frau von Detmund;FEMALE;0;7;50;50;0;0;0;0;0.0;0.0;0.0;0.0;0.0;0.0;0.0;0.0;0.0;0.41;0.17;0.16;0.83;0;1;0.08
397;ger000678;ger;faehndrich;unknown;Fähndrich von Detmund;MALE;0;1;7;7;0;0;0;0;0.0;0.0;0.0;0.0;0.0;0.0;0.0;0.0;0.0;0.06;0.02;0.02;0.5;1;1;0.0
398;ger000678;ger;kammerdiener;unknown;Kammerdiener;MALE;0;1;1;1;0;0;0;0;0.0;0.0;0.0;0.0;0.0;0.0;0.0;0.0;0.0;0.06;0.0;0.0;0.17;0;1;0.0
399;ger000678;ger;direktor;unknown;Direktor;MALE;0;1;17;17;0;0;0;0;0.0;0.0;0.0;0.0;0.0;0.0;0.0;0.0;0.0;0.06;0.06;0.05;0.5;1;2;0.0
400;ger000262;ger;madame_welldorf;unknown;Madame Welldorf;FEMALE;5;24;154;154;0;0;0;0;0.43;0.18;0.13;0.24;0.03;0.0;0.0;0.0;0.0;0.65;0.24;0.24;0.91;1;3;0.24
401;ger000262;ger;sophie;unknown;Sophie;FEMALE;2;2;10;10;0;0;0;0;0.9;0.0;0.0;0.1;0.0;0.0;0.0;0.0;0.0;0.05;0.02;0.02;0.18;0;0;0.0
402;ger000262;ger;luise;unknown;Luise;FEMALE;5;20;140;140;0;0;0;0;0.32;0.2;0.2;0.16;0.11;0.0;0.0;0.0;0.0;0.54;0.21;0.21;0.91;1;3;0.19
403;ger000262;ger;eduard;unknown;Eduard;MALE;5;18;132;132;0;0;0;0;0.18;0.23;0.25;0.24;0.1;0.0;0.0;0.0;0.0;0.49;0.2;0.2;0.82;0;2;0.12
404;ger000262;ger;der_arzt;unknown;Der Arzt;MALE;3;3;11;11;0;0;0;0;0.55;0.0;0.0;0.09;0.36;0.0;0.0;0.0;0.0;0.08;0.02;0.02;0.36;2;0;0.02
405;ger000262;ger;von_brink;unknown;von Brink;MALE;3;12;119;119;0;0;0;0;0.0;0.48;0.0;0.1;0.42;0.0;0.0;0.0;0.0;0.32;0.18;0.18;0.55;1;2;0.02
406;ger000262;ger;welldorf;unknown;Welldorf;MALE;2;2;34;34;0;0;0;0;0.0;0.0;0.88;0.12;0.0;0.0;0.0;0.0;0.0;0.05;0.05;0.05;0.45;2;1;0.0
407;ger000262;ger;der_bediente;unknown;Der Bediente;MALE;1;1;2;2;0;0;0;0;0.0;0.0;1.0;0.0;0.0;0.0;0.0;0.0;0.0;0.03;0.0;0.0;0.18;1;1;0.0
408;ger000262;ger;der_oberst;unknown;Der Oberst;MALE;2;7;44;44;0;0;0;0;0.0;0.0;0.0;0.39;0.61;0.0;0.0;0.0;0.0;0.19;0.07;0.07;0.55;1;2;0.0
409;ger000262;ger;sergeant;unknown;Sergeant;MALE;1;1;3;3;0;0;0;0;0.0;0.0;0.0;1.0;0.0;0.0;0.0;0.0;0.0;0.03;0.0;0.0;0.36;2;2;0.0
410;ger000262;ger;wache;unknown;Wache;MALE;1;1;1;1;0;0;0;0;0.0;0.0;0.0;1.0;0.0;0.0;0.0;0.0;0.0;0.03;0.0;0.0;0.36;1;0;0.0
411;ger000262;ger;madame_welldorf luise;unknown;UNKNOWN;u;2;2;2;2;0;0;0;0;0.0;0.5;0.0;0.5;0.0;0.0;0.0;0.0;0.0;0.05;0.0;0.0;0.55;0;0;0.0
412;ger000658;ger;melinde;unknown;Melinde;FEMALE;0;7;29;30;0;0;0;0;0.0;0.0;0.0;0.0;0.0;0.0;0.0;0.0;0.0;0.7;0.25;0.25;1.0;1;3;0.2
413;ger000658;ger;ramirus;unknown;Ramirus;MALE;0;6;30;30;0;0;0;0;0.0;0.0;0.0;0.0;0.0;0.0;0.0;0.0;0.0;0.6;0.26;0.25;0.67;0;1;0.0
414;ger000658;ger;alcmeon;unknown;Alcmeon;MALE;0;6;28;28;0;0;0;0;0.0;0.0;0.0;0.0;0.0;0.0;0.0;0.0;0.0;0.6;0.24;0.24;1.0;0;2;0.2
415;ger000658;ger;sohn;unknown;Sohn;MALE;0;2;6;6;0;0;0;0;0.0;0.0;0.0;0.0;0.0;0.0;0.0;0.0;0.0;0.2;0.05;0.05;0.5;1;1;0.0
416;ger000658;ger;tochter;unknown;Tochter;FEMALE;0;2;5;5;0;0;0;0;0.0;0.0;0.0;0.0;0.0;0.0;0.0;0.0;0.0;0.2;0.04;0.04;0.5;0;1;0.0
417;ger000658;ger;polydor;unknown;Polydor;MALE;0;1;12;12;0;0;0;0;0.0;0.0;0.0;0.0;0.0;0.0;0.0;0.0;0.0;0.1;0.1;0.1;0.67;1;3;0.0
418;ger000658;ger;philind;unknown;Philind;MALE;0;1;5;5;0;0;0;0;0.0;0.0;0.0;0.0;0.0;0.0;0.0;0.0;0.0;0.1;0.04;0.04;0.67;1;0;0.0
419;ger000124;ger;lorchen;unknown;Lorchen;FEMALE;3;15;118;118;0;0;0;0;0.34;0.31;0.35;0.0;0.0;0.0;0.0;0.0;0.0;0.6;0.29;0.29;1.0;2;2;0.0
420;ger000124;ger;ferdinand;unknown;Ferdinand;MALE;3;14;83;83;0;0;0;0;0.67;0.11;0.22;0.0;0.0;0.0;0.0;0.0;0.0;0.56;0.2;0.2;1.0;0;0;0.0
421;ger000124;ger;frau_richardin;unknown;Frau Richardin;FEMALE;3;12;81;81;0;0;0;0;0.28;0.22;0.49;0.0;0.0;0.0;0.0;0.0;0.0;0.48;0.2;0.2;1.0;1;1;0.0
422;ger000124;ger;simon;unknown;Simon;MALE;3;9;74;74;0;0;0;0;0.3;0.55;0.15;0.0;0.0;0.0;0.0;0.0;0.0;0.36;0.18;0.18;1.0;1;1;0.0
423;ger000124;ger;christianchen;unknown;Christianchen;FEMALE;2;7;58;58;0;0;0;0;0.0;0.5;0.5;0.0;0.0;0.0;0.0;0.0;0.0;0.28;0.14;0.14;1.0;0;2;0.0
424;ger000326;ger;lottchen;unknown;Lottchen;FEMALE;3;29;140;140;0;0;0;0;0.35;0.23;0.42;0.0;0.0;0.0;0.0;0.0;0.0;0.55;0.23;0.23;1.0;0;4;0.06
425;ger000326;ger;cleon;unknown;Cleon;MALE;3;12;82;82;0;0;0;0;0.34;0.61;0.05;0.0;0.0;0.0;0.0;0.0;0.0;0.23;0.13;0.13;0.86;1;2;0.0
426;ger000326;ger;siegmund;unknown;Siegmund;MALE;3;21;66;66;0;0;0;0;0.2;0.41;0.39;0.0;0.0;0.0;0.0;0.0;0.0;0.4;0.11;0.11;1.0;0;2;0.06
427;ger000326;ger;damis;unknown;Damis;MALE;3;15;79;79;0;0;0;0;0.16;0.44;0.39;0.0;0.0;0.0;0.0;0.0;0.0;0.28;0.13;0.13;0.86;0;2;0.0
428;ger000326;ger;julchen;unknown;Julchen;FEMALE;3;26;161;161;0;0;0;0;0.19;0.53;0.29;0.0;0.0;0.0;0.0;0.0;0.0;0.49;0.26;0.26;0.86;1;3;0.0
429;ger000326;ger;der_magister;unknown;Der Magister;MALE;3;7;38;39;0;0;0;0;0.41;0.33;0.26;0.0;0.0;0.0;0.0;0.0;0.0;0.13;0.06;0.06;0.86;0;2;0.0
430;ger000326;ger;simon;unknown;Simon;MALE;2;11;47;47;0;0;0;0;0.0;0.19;0.81;0.0;0.0;0.0;0.0;0.0;0.0;0.21;0.08;0.08;1.0;2;2;0.06
431;ger000326;ger;der_bediente;unknown;Der Bediente;MALE;1;1;1;1;0;0;0;0;0.0;0.0;1.0;0.0;0.0;0.0;0.0;0.0;0.0;0.02;0.0;0.0;0.43;1;2;0.0
432;ger000189;ger;karl;unknown;Karl;MALE;6;23;201;201;0;0;0;0;0.22;0.22;0.0;0.16;0.16;0.12;0.11;0.0;0.0;0.57;0.21;0.21;0.76;2;10;0.18
433;ger000189;ger;dromer;unknown;Dromer;MALE;5;20;107;107;0;0;0;0;0.31;0.31;0.0;0.0;0.12;0.09;0.17;0.0;0.0;0.5;0.11;0.11;0.62;0;6;0.09
434;ger000189;ger;bedienter_1-1-1;unknown;Bedienter (I/1/1);MALE;2;2;2;2;0;0;0;0;0.5;0.5;0.0;0.0;0.0;0.0;0.0;0.0;0.0;0.05;0.0;0.0;0.1;0;0;0.0
435;ger000189;ger;sophie;unknown;Sophie;FEMALE;6;20;170;170;0;0;0;0;0.31;0.31;0.0;0.06;0.21;0.04;0.08;0.0;0.0;0.5;0.18;0.18;0.62;2;5;0.08
436;ger000189;ger;fritz;unknown;Fritz;MALE;4;4;15;15;0;0;0;0;0.07;0.07;0.0;0.6;0.0;0.0;0.27;0.0;0.0;0.1;0.02;0.02;0.33;0;0;0.0
437;ger000189;ger;monheim;unknown;Graf Monheim;MALE;5;12;81;81;0;0;0;0;0.21;0.21;0.0;0.19;0.15;0.0;0.25;0.0;0.0;0.3;0.08;0.08;0.57;3;7;0.03
438;ger000189;ger;ferdinand;unknown;Ferdinand;MALE;4;10;55;55;0;0;0;0;0.36;0.36;0.0;0.11;0.0;0.0;0.16;0.0;0.0;0.25;0.06;0.06;0.52;1;6;0.07
439;ger000189;ger;ein_bedienter_1-1-4;unknown;Ein Bedienter (I/1/4);MALE;2;2;2;2;0;0;0;0;0.5;0.5;0.0;0.0;0.0;0.0;0.0;0.0;0.0;0.05;0.0;0.0;0.1;0;0;0.0
440;ger000189;ger;amaldi;unknown;Gräfin Amaldi;FEMALE;5;8;63;63;0;0;0;0;0.16;0.16;0.0;0.46;0.0;0.16;0.06;0.0;0.0;0.2;0.07;0.07;0.52;3;6;0.06
441;ger000189;ger;ein_bedienter_1-1-6;unknown;Ein Bedienter (I/1/6);MALE;2;2;2;2;0;0;0;0;0.5;0.5;0.0;0.0;0.0;0.0;0.0;0.0;0.0;0.05;0.0;0.0;0.14;0;0;0.0
442;ger000189;ger;adjutant;unknown;Adjutant;MALE;3;3;10;10;0;0;0;0;0.2;0.2;0.0;0.0;0.0;0.0;0.6;0.0;0.0;0.07;0.01;0.01;0.19;0;0;0.0
443;ger000189;ger;ein_bedienter_1-1-8;unknown;Ein Bedienter (I/1/8);MALE;2;2;2;2;0;0;0;0;0.5;0.5;0.0;0.0;0.0;0.0;0.0;0.0;0.0;0.05;0.0;0.0;0.24;0;0;0.0
444;ger000189;ger;maler;unknown;Maler;MALE;4;12;82;82;0;0;0;0;0.11;0.0;0.11;0.0;0.0;0.73;0.05;0.0;0.0;0.3;0.09;0.09;0.43;3;1;0.01
445;ger000189;ger;lottchen;unknown;Lottchen;FEMALE;4;13;78;77;0;0;0;0;0.18;0.0;0.18;0.0;0.0;0.58;0.05;0.0;0.0;0.33;0.08;0.08;0.48;1;2;0.05
446;ger000189;ger;anne;unknown;Anne;FEMALE;3;6;27;27;0;0;0;0;0.33;0.0;0.33;0.0;0.0;0.33;0.0;0.0;0.0;0.15;0.03;0.03;0.19;1;2;0.0
447;ger000189;ger;hausvater;unknown;Hausvater;MALE;4;20;244;245;0;0;0;0;0.0;0.0;0.0;0.22;0.24;0.26;0.28;0.0;0.0;0.5;0.26;0.25;0.76;4;9;0.27
448;ger000189;ger;ein_bedienter_2-1;unknown;Ein Bedienter (II/1);MALE;1;1;1;1;0;0;0;0;0.0;0.0;0.0;1.0;0.0;0.0;0.0;0.0;0.0;0.03;0.0;0.0;0.29;0;1;0.0
449;ger000189;ger;ein_bedienter_2-2;unknown;Ein Bedienter (II/2);MALE;1;1;1;1;0;0;0;0;0.0;0.0;0.0;1.0;0.0;0.0;0.0;0.0;0.0;0.03;0.0;0.0;0.1;0;0;0.0
450;ger000189;ger;der_bauer;unknown;Der Bauer;MALE;1;2;19;19;0;0;0;0;0.0;0.0;0.0;1.0;0.0;0.0;0.0;0.0;0.0;0.05;0.02;0.02;0.1;0;2;0.0
451;ger000189;ger;amtmann;unknown;Amtmann;MALE;1;1;6;6;0;0;0;0;0.0;0.0;0.0;1.0;0.0;0.0;0.0;0.0;0.0;0.03;0.01;0.01;0.1;0;0;0.0
452;ger000189;ger;kammerjungfer;unknown;Kammerjungfer;FEMALE;2;2;4;4;0;0;0;0;0.0;0.0;0.0;0.75;0.0;0.25;0.0;0.0;0.0;0.05;0.0;0.0;0.29;0;0;0.0
453;ger000189;ger;die_bediente;unknown;Die Bediente;FEMALE;1;1;1;1;0;0;0;0;0.0;0.0;0.0;0.0;0.0;1.0;0.0;0.0;0.0;0.03;0.0;0.0;0.1;2;0;0.0
454;ger000294;ger;chloe;unknown;Chloe;FEMALE;2;3;17;17;0;0;0;0;0.29;0.0;0.71;0.0;0.0;0.0;0.0;0.0;0.0;0.16;0.06;0.05;0.29;0;2;0.03
455;ger000294;ger;lamon;unknown;Lamon;MALE;2;2;7;7;0;0;0;0;0.71;0.29;0.0;0.0;0.0;0.0;0.0;0.0;0.0;0.11;0.02;0.02;0.29;0;1;0.04
456;ger000294;ger;evander;unknown;Evander;MALE;3;14;88;114;0;0;0;0;0.39;0.45;0.16;0.0;0.0;0.0;0.0;0.0;0.0;0.74;0.29;0.33;0.71;1;5;0.58
457;ger000294;ger;alcimna;unknown;Alcimna;FEMALE;2;8;67;82;0;0;0;0;0.52;0.0;0.48;0.0;0.0;0.0;0.0;0.0;0.0;0.42;0.22;0.23;0.57;1;2;0.36
458;ger000294;ger;milon;unknown;Milon;MALE;1;2;18;18;0;0;0;0;1.0;0.0;0.0;0.0;0.0;0.0;0.0;0.0;0.0;0.11;0.06;0.05;0.14;1;1;0.0
459;ger000294;ger;pyrhus;unknown;Pyrhus;MALE;2;6;32;32;0;0;0;0;0.0;0.5;0.5;0.0;0.0;0.0;0.0;0.0;0.0;0.32;0.1;0.09;0.36;0;2;0.04
460;ger000294;ger;arates;unknown;Arates;MALE;2;5;18;18;0;0;0;0;0.0;0.33;0.67;0.0;0.0;0.0;0.0;0.0;0.0;0.26;0.06;0.05;0.36;2;1;0.06
461;ger000294;ger;bedienter_des_pyrhus;unknown;Bedienter des Pyrhus;MALE;1;1;1;1;0;0;0;0;0.0;1.0;0.0;0.0;0.0;0.0;0.0;0.0;0.0;0.05;0.0;0.0;0.21;0;3;0.0
462;ger000294;ger;junger_herr;unknown;Junger Herr;MALE;1;1;15;15;0;0;0;0;0.0;1.0;0.0;0.0;0.0;0.0;0.0;0.0;0.0;0.05;0.05;0.04;0.07;0;0;0.0
463;ger000294;ger;officier;unknown;Officier;MALE;1;1;11;11;0;0;0;0;0.0;1.0;0.0;0.0;0.0;0.0;0.0;0.0;0.0;0.05;0.04;0.03;0.07;0;0;0.0
464;ger000294;ger;der_andre;unknown;Der Andre;MALE;1;1;3;3;0;0;0;0;0.0;1.0;0.0;0.0;0.0;0.0;0.0;0.0;0.0;0.05;0.01;0.01;0.07;0;0;0.0
465;ger000294;ger;gelehrter;unknown;Gelehrter;MALE;1;1;7;7;0;0;0;0;0.0;1.0;0.0;0.0;0.0;0.0;0.0;0.0;0.0;0.05;0.02;0.02;0.07;0;1;0.0
466;ger000294;ger;bedienter_des_arates;unknown;Bedienter des Arates;MALE;1;2;2;2;0;0;0;0;0.0;0.0;1.0;0.0;0.0;0.0;0.0;0.0;0.0;0.11;0.01;0.01;0.21;0;0;0.0
467;ger000294;ger;erste_aufwaerterin;unknown;Erste Aufwærterin;FEMALE;1;1;10;10;0;0;0;0;0.0;0.0;1.0;0.0;0.0;0.0;0.0;0.0;0.0;0.05;0.03;0.03;0.14;2;0;0.0
468;ger000294;ger;zweyte_aufwaerterin;unknown;Zweyte Aufwærterin;FEMALE;1;1;11;11;0;0;0;0;0.0;0.0;1.0;0.0;0.0;0.0;0.0;0.0;0.0;0.05;0.04;0.03;0.14;1;0;0.0
469;ger000616;ger;philotas;unknown;Philotas;MALE;0;8;44;341;0;0;0;0;0.0;0.0;0.0;0.0;0.0;0.0;0.0;0.0;0.0;1.0;0.46;0.62;1.0;0;1;0.67
470;ger000616;ger;strato;unknown;Strato;MALE;0;3;20;69;0;0;0;0;0.0;0.0;0.0;0.0;0.0;0.0;0.0;0.0;0.0;0.38;0.21;0.12;0.67;0;1;0.0
471;ger000616;ger;aridaeus;unknown;Aridäus;MALE;0;3;22;107;0;0;0;0;0.0;0.0;0.0;0.0;0.0;0.0;0.0;0.0;0.0;0.38;0.23;0.19;0.67;0;2;0.0
472;ger000616;ger;parmenio;unknown;Parmenio;MALE;0;1;10;34;0;0;0;0;0.0;0.0;0.0;0.0;0.0;0.0;0.0;0.0;0.0;0.12;0.1;0.06;0.33;0;0;0.0
473;ger000719;ger;sara;unknown;Sara;FEMALE;0;5;41;41;0;0;0;0;0.0;0.0;0.0;0.0;0.0;0.0;0.0;0.0;0.0;0.83;0.39;0.36;1.0;1;1;0.2
474;ger000719;ger;karolina;unknown;Karolina;FEMALE;0;3;14;14;0;0;0;0;0.0;0.0;0.0;0.0;0.0;0.0;0.0;0.0;0.0;0.5;0.13;0.12;0.6;0;0;0.0
475;ger000719;ger;bell;unknown;Anna Bell;FEMALE;0;5;35;35;0;0;0;0;0.0;0.0;0.0;0.0;0.0;0.0;0.0;0.0;0.0;0.83;0.34;0.31;1.0;2;2;0.2
476;ger000719;ger;eduard;unknown;Eduard;MALE;0;2;4;4;0;0;0;0;0.0;0.0;0.0;0.0;0.0;0.0;0.0;0.0;0.0;0.33;0.04;0.04;0.6;1;0;0.0
477;ger000719;ger;daramby;unknown;Lord Daramby;MALE;0;1;6;13;0;0;0;0;0.0;0.0;0.0;0.0;0.0;0.0;0.0;0.0;0.0;0.17;0.06;0.11;0.6;2;1;0.0
478;ger000719;ger;simpson;unknown;Simpson;MALE;0;1;4;4;0;0;0;0;0.0;0.0;0.0;0.0;0.0;0.0;0.0;0.0;0.0;0.17;0.04;0.04;0.6;1;0;0.0
479;ger000536;ger;marktschreier;unknown;Marktschreier;MALE;0;1;11;115;0;0;0;0;0.0;0.0;0.0;0.0;0.0;0.0;0.0;0.0;0.0;1.0;0.06;0.18;1.0;7;21;0.0
480;ger000536;ger;doktor;unknown;Doktor;MALE;0;1;16;26;0;0;0;0;0.0;0.0;0.0;0.0;0.0;0.0;0.0;0.0;0.0;1.0;0.09;0.04;1.0;7;20;0.0
481;ger000536;ger;bedienter;unknown;Bedienter;MALE;0;1;1;4;0;0;0;0;0.0;0.0;0.0;0.0;0.0;0.0;0.0;0.0;0.0;1.0;0.01;0.01;1.0;7;19;0.0
482;ger000536;ger;tiroler;unknown;Tiroler;MALE;0;1;1;6;0;0;0;0;0.0;0.0;0.0;0.0;0.0;0.0;0.0;0.0;0.0;1.0;0.01;0.01;1.0;7;18;0.0
483;ger000536;ger;bauer;unknown;Bauer;MALE;0;1;1;7;0;0;0;0;0.0;0.0;0.0;0.0;0.0;0.0;0.0;0.0;0.0;1.0;0.01;0.01;1.0;7;17;0.0
484;ger000536;ger;nuernberger;unknown;Nürnberger;MALE;0;1;1;13;0;0;0;0;0.0;0.0;0.0;0.0;0.0;0.0;0.0;0.0;0.0;1.0;0.01;0.02;1.0;7;16;0.0
485;ger000536;ger;fraeulein;unknown;Fräulein;FEMALE;0;1;4;4;0;0;0;0;0.0;0.0;0.0;0.0;0.0;0.0;0.0;0.0;0.0;1.0;0.02;0.01;1.0;6;16;0.0
486;ger000536;ger;tirolerin;unknown;Tirolerin;FEMALE;0;1;3;13;0;0;0;0;0.0;0.0;0.0;0.0;0.0;0.0;0.0;0.0;0.0;1.0;0.02;0.02;1.0;5;16;0.0
487;ger000536;ger;wagenschmiermann;unknown;Wagenschmiermann;MALE;0;1;1;6;0;0;0;0;0.0;0.0;0.0;0.0;0.0;0.0;0.0;0.0;0.0;1.0;0.01;0.01;1.0;5;15;0.0
488;ger000536;ger;gouvernante;unknown;Gouvernante;FEMALE;0;1;3;5;0;0;0;0;0.0;0.0;0.0;0.0;0.0;0.0;0.0;0.0;0.0;1.0;0.02;0.01;1.0;4;15;0.0
489;ger000536;ger;pfefferkuchenmaedchen;unknown;Pfefferkuchenmädchen;FEMALE;0;1;1;6;0;0;0;0;0.0;0.0;0.0;0.0;0.0;0.0;0.0;0.0;0.0;1.0;0.01;0.01;1.0;3;15;0.0
490;ger000536;ger;pfarrer;unknown;Pfarrer;MALE;0;1;1;1;0;0;0;0;0.0;0.0;0.0;0.0;0.0;0.0;0.0;0.0;0.0;1.0;0.01;0.0;1.0;3;14;0.0
491;ger000536;ger;zigeunerhauptmann;unknown;Zigeunerhauptmann;MALE;0;1;7;20;0;0;0;0;0.0;0.0;0.0;0.0;0.0;0.0;0.0;0.0;0.0;1.0;0.04;0.03;1.0;3;13;0.0
492;ger000536;ger;zigeunerbursch;unknown;Zigeunerbursch;MALE;0;1;5;6;0;0;0;0;0.0;0.0;0.0;0.0;0.0;0.0;0.0;0.0;0.0;1.0;0.03;0.01;1.0;3;12;0.0
493;ger000536;ger;amtmaennin;unknown;Amtmännin;FEMALE;0;1;1;2;0;0;0;0;0.0;0.0;0.0;0.0;0.0;0.0;0.0;0.0;0.0;1.0;0.01;0.0;1.0;2;12;0.0
494;ger000536;ger;baenkelsaenger;unknown;Bänkelsänger;MALE;0;1;1;7;0;0;0;0;0.0;0.0;0.0;0.0;0.0;0.0;0.0;0.0;0.0;1.0;0.01;0.01;1.0;2;11;0.0
495;ger000536;ger;amtmann;unknown;Amtmann;MALE;0;1;6;10;0;0;0;0;0.0;0.0;0.0;0.0;0.0;0.0;0.0;0.0;0.0;1.0;0.03;0.02;1.0;2;10;0.0
496;ger000536;ger;marmotte;unknown;Marmotte;MALE;0;1;2;25;0;0;0;0;0.0;0.0;0.0;0.0;0.0;0.0;0.0;0.0;0.0;1.0;0.01;0.04;1.0;2;9;0.0
497;ger000536;ger;zitherspielbub;unknown;Zitherspielbub;MALE;0;1;1;2;0;0;0;0;0.0;0.0;0.0;0.0;0.0;0.0;0.0;0.0;0.0;1.0;0.01;0.0;1.0;2;8;0.0
498;ger000536;ger;lichtputzer;unknown;Lichtputzer;MALE;0;1;1;2;0;0;0;0;0.0;0.0;0.0;0.0;0.0;0.0;0.0;0.0;0.0;1.0;0.01;0.0;1.0;2;7;0.0
499;ger000536;ger;schweinemetzger;unknown;Schweinemetzger;MALE;0;1;1;1;0;0;0;0;0.0;0.0;0.0;0.0;0.0;0.0;0.0;0.0;0.0;1.0;0.01;0.0;1.0;2;6;0.0
500;ger000536;ger;ochsenhaendler;unknown;Ochsenhändler;MALE;0;1;1;4;0;0;0;0;0.0;0.0;0.0;0.0;0.0;0.0;0.0;0.0;0.0;1.0;0.01;0.01;1.0;2;5;0.0
501;ger000536;ger;hanswurst;unknown;Hanswurst;MALE;0;1;5;16;0;0;0;0;0.0;0.0;0.0;0.0;0.0;0.0;0.0;0.0;0.0;1.0;0.03;0.02;1.0;2;4;0.0
502;ger000536;ger;haman;unknown;Haman;MALE;0;1;29;117;0;0;0;0;0.0;0.0;0.0;0.0;0.0;0.0;0.0;0.0;0.0;1.0;0.16;0.18;1.0;2;3;0.0
503;ger000536;ger;ahasverus;unknown;Ahasverus;MALE;0;1;29;59;0;0;0;0;0.0;0.0;0.0;0.0;0.0;0.0;0.0;0.0;0.0;1.0;0.16;0.09;1.0;2;2;0.0
504;ger000536;ger;milchmaedchen;unknown;Milchmädchen;FEMALE;0;1;4;13;0;0;0;0;0.0;0.0;0.0;0.0;0.0;0.0;0.0;0.0;0.0;1.0;0.02;0.02;1.0;1;2;0.0
505;ger000536;ger;mardochai;unknown;Mardochai;MALE;0;1;17;64;0;0;0;0;0.0;0.0;0.0;0.0;0.0;0.0;0.0;0.0;0.0;1.0;0.1;0.1;1.0;1;1;0.0
506;ger000536;ger;esther;unknown;Esther;FEMALE;0;1;16;28;0;0;0;0;0.0;0.0;0.0;0.0;0.0;0.0;0.0;0.0;0.0;1.0;0.09;0.04;1.0;0;1;0.0
507;ger000536;ger;schattenspielmann;unknown;Schattenspielmann;MALE;0;1;4;55;0;0;0;0;0.0;0.0;0.0;0.0;0.0;0.0;0.0;0.0;0.0;1.0;0.02;0.09;1.0;0;0;0.0
508;ger000536;ger;zigeunerhauptmann zigeunerbursch;unknown;UNKNOWN;u;0;1;3;4;0;0;0;0;0.0;0.0;0.0;0.0;0.0;0.0;0.0;0.0;0.0;1.0;0.02;0.01;1.0;1;2;0.0
509;ger000106;ger;goerge;unknown;Görge;MALE;0;9;99;99;0;0;0;0;0.0;0.0;0.0;0.0;0.0;0.0;0.0;0.0;0.0;0.64;0.11;0.11;1.0;1;2;0.03
510;ger000106;ger;roese;unknown;Röse;FEMALE;0;8;102;102;0;0;0;0;0.0;0.0;0.0;0.0;0.0;0.0;0.0;0.0;0.0;0.57;0.11;0.11;1.0;0;1;0.03
511;ger000106;ger;edelmann;unknown;Edelmann;MALE;0;4;59;59;0;0;0;0;0.0;0.0;0.0;0.0;0.0;0.0;0.0;0.0;0.0;0.29;0.06;0.06;0.83;1;3;0.0
512;ger000106;ger;maerten;unknown;Märten;MALE;0;12;343;343;0;0;0;0;0.0;0.0;0.0;0.0;0.0;0.0;0.0;0.0;0.0;0.86;0.37;0.37;1.0;1;3;0.03
513;ger000106;ger;schnaps;unknown;Schnaps;MALE;0;5;286;286;0;0;0;0;0.0;0.0;0.0;0.0;0.0;0.0;0.0;0.0;0.0;0.36;0.31;0.31;0.83;1;1;0.0
514;ger000106;ger;richter;unknown;Richter;MALE;0;3;33;34;0;0;0;0;0.0;0.0;0.0;0.0;0.0;0.0;0.0;0.0;0.0;0.21;0.04;0.04;1.0;1;4;0.03
515;ger000106;ger;ein_bauer;unknown;Ein Bauer;MALE;0;1;1;1;0;0;0;0;0.0;0.0;0.0;0.0;0.0;0.0;0.0;0.0;0.0;0.07;0.0;0.0;0.67;0;0;0.0
516;ger000198;ger;bediente;unknown;Bediente;MALE;1;1;1;1;0;0;0;0;1.0;0.0;0.0;0.0;0.0;0.0;0.0;0.0;0.0;0.03;0.0;0.0;0.18;1;2;0.0
517;ger000198;ger;die_frauen;unknown;Die Frauen;FEMALE;1;2;9;9;0;0;0;0;1.0;0.0;0.0;0.0;0.0;0.0;0.0;0.0;0.0;0.05;0.01;0.01;0.29;2;2;0.01
518;ger000198;ger;die_maenner;unknown;Die Männer;MALE;1;1;3;3;0;0;0;0;1.0;0.0;0.0;0.0;0.0;0.0;0.0;0.0;0.0;0.03;0.0;0.0;0.21;3;2;0.0
519;ger000198;ger;chor_der_kinder;unknown;Chor der Kinder;UNKNOWN;1;1;1;4;0;0;0;0;0.0;0.0;1.0;0.0;0.0;0.0;0.0;0.0;0.0;0.03;0.0;0.0;0.09;0;1;0.0
520;ger000198;ger;chor_der_juenglinge;unknown;Chor der Jünglinge;MALE;1;1;1;4;0;0;0;0;0.0;0.0;1.0;0.0;0.0;0.0;0.0;0.0;0.0;0.03;0.0;0.0;0.09;0;0;0.0
521;ger000198;ger;chor_von_innen;unknown;Chor von innen;UNKNOWN;1;1;1;4;0;0;0;0;0.0;0.0;1.0;0.0;0.0;0.0;0.0;0.0;0.0;0.03;0.0;0.0;0.09;0;0;0.0
522;ger000198;ger;zwei_schweizer_5-3;unknown;Zwei Schweizer (V/3);MALE;1;1;1;1;0;0;0;0;0.0;0.0;0.0;0.0;1.0;0.0;0.0;0.0;0.0;0.03;0.0;0.0;0.09;0;1;0.0
523;ger000198;ger;die_schweizer;unknown;Die Schweizer;MALE;1;1;2;2;0;0;0;0;0.0;0.0;0.0;0.0;1.0;0.0;0.0;0.0;0.0;0.03;0.0;0.0;0.26;0;0;0.0
524;ger000198;ger;die_marquise;unknown;Die Marquise;FEMALE;5;14;144;145;0;0;0;0;0.14;0.59;0.07;0.1;0.11;0.0;0.0;0.0;0.0;0.38;0.16;0.16;0.56;3;9;0.05
525;ger000198;ger;domherr;unknown;Der Domherr;MALE;3;13;110;111;0;0;0;0;0.25;0.0;0.53;0.0;0.22;0.0;0.0;0.0;0.0;0.35;0.12;0.12;0.68;4;11;0.2
526;ger000198;ger;ein_bedienter_1-1a;unknown;Ein Bedienter (I/1);MALE;1;1;1;1;0;0;0;0;1.0;0.0;0.0;0.0;0.0;0.0;0.0;0.0;0.0;0.03;0.0;0.0;0.18;1;3;0.0
527;ger000198;ger;bedienter_1-1b;unknown;Bedienter (I/1);MALE;1;1;1;1;0;0;0;0;1.0;0.0;0.0;0.0;0.0;0.0;0.0;0.0;0.0;0.03;0.0;0.0;0.18;1;1;0.0
528;ger000198;ger;der_ritter;unknown;Der Ritter;MALE;5;13;111;111;0;0;0;0;0.1;0.17;0.52;0.12;0.09;0.0;0.0;0.0;0.0;0.35;0.12;0.12;0.68;1;5;0.17
529;ger000198;ger;der_graf;unknown;Der Graf;MALE;4;14;162;164;0;0;0;0;0.29;0.13;0.47;0.0;0.12;0.0;0.0;0.0;0.0;0.38;0.18;0.18;0.62;5;10;0.15
530;ger000198;ger;erstes_maedchen;unknown;Erstes Mädchen;FEMALE;1;1;2;2;0;0;0;0;1.0;0.0;0.0;0.0;0.0;0.0;0.0;0.0;0.0;0.03;0.0;0.0;0.21;1;1;0.0
531;ger000198;ger;zweites_maedchen;unknown;Zweites Mädchen;FEMALE;1;1;2;2;0;0;0;0;1.0;0.0;0.0;0.0;0.0;0.0;0.0;0.0;0.0;0.03;0.0;0.0;0.21;0;1;0.0
532;ger000198;ger;erster_schueler;unknown;Erster Schüler;MALE;1;1;3;3;0;0;0;0;1.0;0.0;0.0;0.0;0.0;0.0;0.0;0.0;0.0;0.03;0.0;0.0;0.09;0;1;0.0
533;ger000198;ger;zweiter_schueler;unknown;Zweiter Schüler;MALE;1;1;2;2;0;0;0;0;1.0;0.0;0.0;0.0;0.0;0.0;0.0;0.0;0.0;0.03;0.0;0.0;0.09;0;0;0.0
534;ger000198;ger;saint_jean;unknown;Saint Jean;MALE;2;2;7;7;0;0;0;0;0.86;0.0;0.14;0.0;0.0;0.0;0.0;0.0;0.0;0.05;0.01;0.01;0.09;0;3;0.0
535;ger000198;ger;der_marquis;unknown;Der Marquis;MALE;4;10;97;97;0;0;0;0;0.0;0.64;0.05;0.23;0.08;0.0;0.0;0.0;0.0;0.27;0.11;0.11;0.38;0;5;0.02
536;ger000198;ger;la_fleur;unknown;La Fleur;MALE;2;2;17;17;0;0;0;0;0.0;0.71;0.0;0.0;0.29;0.0;0.0;0.0;0.0;0.05;0.02;0.02;0.06;0;1;0.0
537;ger000198;ger;jaeck;unknown;Jäck;MALE;3;6;19;19;0;0;0;0;0.0;0.16;0.26;0.58;0.0;0.0;0.0;0.0;0.0;0.16;0.02;0.02;0.21;0;2;0.01
538;ger000198;ger;nichte;unknown;Die Nichte;FEMALE;4;16;131;136;0;0;0;0;0.0;0.25;0.13;0.49;0.13;0.0;0.0;0.0;0.0;0.43;0.15;0.15;0.35;2;5;0.05
539;ger000198;ger;bedienter_3-2;unknown;Bedienter (III/2);MALE;1;1;1;1;0;0;0;0;0.0;0.0;1.0;0.0;0.0;0.0;0.0;0.0;0.0;0.03;0.0;0.0;0.06;0;2;0.0
540;ger000198;ger;juwelier;unknown;Juwelier;MALE;1;1;5;5;0;0;0;0;0.0;0.0;1.0;0.0;0.0;0.0;0.0;0.0;0.0;0.03;0.01;0.01;0.06;0;0;0.0
541;ger000198;ger;bedienter_3-3;unknown;Bedienter (III/3);MALE;1;1;2;2;0;0;0;0;0.0;0.0;1.0;0.0;0.0;0.0;0.0;0.0;0.0;0.03;0.0;0.0;0.06;0;1;0.0
542;ger000198;ger;ein_bedienter_3-7;unknown;Ein Bedienter (III/7);MALE;1;1;1;1;0;0;0;0;0.0;0.0;1.0;0.0;0.0;0.0;0.0;0.0;0.0;0.03;0.0;0.0;0.03;0;0;0.0
543;ger000198;ger;ein_maedchen;unknown;Ein Mädchen;FEMALE;1;1;1;1;0;0;0;0;0.0;0.0;0.0;1.0;0.0;0.0;0.0;0.0;0.0;0.03;0.0;0.0;0.03;0;0;0.0
544;ger000198;ger;oberst;unknown;Oberst;MALE;1;4;43;43;0;0;0;0;0.0;0.0;0.0;0.0;1.0;0.0;0.0;0.0;0.0;0.11;0.05;0.05;0.35;0;5;0.03
545;ger000198;ger;ein_schweizer_5-3;unknown;Ein Schweizer (V/3);MALE;1;1;3;3;0;0;0;0;0.0;0.0;0.0;0.0;1.0;0.0;0.0;0.0;0.0;0.03;0.0;0.0;0.09;0;2;0.0
546;ger000198;ger;schweizer_5-7;unknown;Schweizer (V/7);MALE;1;1;2;2;0;0;0;0;0.0;0.0;0.0;0.0;1.0;0.0;0.0;0.0;0.0;0.03;0.0;0.0;0.15;1;3;0.0
547;ger000198;ger;ein_schweizer_5-8;unknown;Ein Schweizer (V/8);MALE;1;1;1;1;0;0;0;0;0.0;0.0;0.0;0.0;1.0;0.0;0.0;0.0;0.0;0.03;0.0;0.0;0.26;1;2;0.0
548;ger000198;ger;chor_der_kinder chor_der_juenglinge;unknown;UNKNOWN;u;1;1;1;4;0;0;0;0;0.0;0.0;1.0;0.0;0.0;0.0;0.0;0.0;0.0;0.03;0.0;0.0;0.09;0;0;0.0
549;ger000198;ger;domherr der_ritter die_marquise der_marquis nichte;unknown;UNKNOWN;u;1;1;3;3;0;0;0;0;0.0;0.0;1.0;0.0;0.0;0.0;0.0;0.0;0.0;0.03;0.0;0.0;0.18;0;1;0.0
550;ger000198;ger;nichte domherr der_marquis die_marquise der_graf;unknown;UNKNOWN;u;1;1;1;1;0;0;0;0;0.0;0.0;0.0;0.0;1.0;0.0;0.0;0.0;0.0;0.03;0.0;0.0;0.26;2;6;0.0
551;ger000224;ger;lamon;unknown;Lamon;MALE;0;3;20;41;0;0;0;0;0.0;0.0;0.0;0.0;0.0;0.0;0.0;0.0;0.0;0.33;0.08;0.06;0.67;2;0;0.0
552;ger000224;ger;egle;unknown;Egle;FEMALE;0;7;88;303;0;0;0;0;0.0;0.0;0.0;0.0;0.0;0.0;0.0;0.0;0.0;0.78;0.33;0.46;1.0;1;0;0.17
553;ger000224;ger;amine;unknown;Amine;FEMALE;0;8;86;186;0;0;0;0;0.0;0.0;0.0;0.0;0.0;0.0;0.0;0.0;0.0;0.89;0.33;0.28;1.0;0;1;0.17
554;ger000224;ger;eridon;unknown;Eridon;MALE;0;4;69;132;0;0;0;0;0.0;0.0;0.0;0.0;0.0;0.0;0.0;0.0;0.0;0.44;0.26;0.2;0.67;1;0;0.0
555;ger000178;ger;soeller;unknown;Söller;MALE;0;9;97;223;0;0;0;0;0.0;0.0;0.0;0.0;0.0;0.0;0.0;0.0;0.0;0.6;0.23;0.25;1.0;1;0;0.0
556;ger000178;ger;der_wirt;unknown;Der Wirt;MALE;0;6;99;216;0;0;0;0;0.0;0.0;0.0;0.0;0.0;0.0;0.0;0.0;0.0;0.4;0.23;0.24;1.0;1;2;0.0
557;ger000178;ger;sophie;unknown;Sophie;FEMALE;0;5;100;170;0;0;0;0;0.0;0.0;0.0;0.0;0.0;0.0;0.0;0.0;0.0;0.33;0.23;0.19;1.0;0;0;0.0
558;ger000178;ger;alcest;unknown;Alcest;MALE;0;7;129;279;0;0;0;0;0.0;0.0;0.0;0.0;0.0;0.0;0.0;0.0;0.0;0.47;0.3;0.31;1.0;1;1;0.0
559;ger000178;ger;der_wirt sophie;unknown;UNKNOWN;u;0;1;1;1;0;0;0;0;0.0;0.0;0.0;0.0;0.0;0.0;0.0;0.0;0.0;0.07;0.0;0.0;1.0;0;0;0.0
560;ger000442;ger;alle_1-1;unknown;Alle (I/1);UNKNOWN;1;1;7;7;0;0;0;0;1.0;0.0;0.0;0.0;0.0;0.0;0.0;0.0;0.0;0.08;0.01;0.01;0.13;0;1;0.0
561;ger000442;ger;einige_andere_mehrere_das_volk_andere;unknown;Einige Andere/Mehrere/Das Volk/Andere (II/1);UNKNOWN;1;1;10;10;0;0;0;0;0.0;1.0;0.0;0.0;0.0;0.0;0.0;0.0;0.0;0.08;0.01;0.01;0.53;0;11;0.0
562;ger000442;ger;soest;unknown;Soest;MALE;4;4;45;45;0;0;0;0;0.49;0.33;0.0;0.16;0.02;0.0;0.0;0.0;0.0;0.31;0.06;0.05;0.7;0;16;0.1
563;ger000442;ger;jetter;unknown;Jetter;MALE;4;4;69;69;0;0;0;0;0.32;0.25;0.0;0.39;0.04;0.0;0.0;0.0;0.0;0.31;0.08;0.08;0.7;0;15;0.1
564;ger000442;ger;buyck;unknown;Buyck;MALE;1;1;16;16;0;0;0;0;1.0;0.0;0.0;0.0;0.0;0.0;0.0;0.0;0.0;0.08;0.02;0.02;0.13;0;1;0.0
565;ger000442;ger;ruysum;unknown;Ruysum;MALE;1;1;11;11;0;0;0;0;1.0;0.0;0.0;0.0;0.0;0.0;0.0;0.0;0.0;0.08;0.01;0.01;0.13;0;0;0.0
566;ger000442;ger;regentin;unknown;Regentin;FEMALE;2;2;38;38;0;0;0;0;0.55;0.0;0.45;0.0;0.0;0.0;0.0;0.0;0.0;0.15;0.05;0.04;0.03;0;1;0.0
567;ger000442;ger;machiavell;unknown;Machiavell;MALE;2;2;35;35;0;0;0;0;0.57;0.0;0.43;0.0;0.0;0.0;0.0;0.0;0.0;0.15;0.04;0.04;0.03;0;0;0.0
568;ger000442;ger;klare_klaerchen;unknown;Klare/Klärchen;FEMALE;3;4;87;114;0;0;0;0;0.39;0.0;0.37;0.0;0.25;0.0;0.0;0.0;0.0;0.31;0.11;0.13;0.2;1;5;0.01
569;ger000442;ger;brackenburg;unknown;Brackenburg;MALE;2;3;31;31;0;0;0;0;0.29;0.0;0.0;0.0;0.71;0.0;0.0;0.0;0.0;0.23;0.04;0.04;0.17;1;3;0.0
570;ger000442;ger;mutter;unknown;Mutter;FEMALE;2;2;28;28;0;0;0;0;0.68;0.0;0.32;0.0;0.0;0.0;0.0;0.0;0.0;0.15;0.03;0.03;0.1;0;1;0.0
571;ger000442;ger;zimmermeister;unknown;Zimmermeister;MALE;3;3;41;41;0;0;0;0;0.0;0.39;0.0;0.54;0.07;0.0;0.0;0.0;0.0;0.23;0.05;0.05;0.6;0;15;0.02
572;ger000442;ger;seifensieder;unknown;Seifensieder;MALE;1;1;6;6;0;0;0;0;0.0;1.0;0.0;0.0;0.0;0.0;0.0;0.0;0.0;0.08;0.01;0.01;0.53;0;12;0.0
573;ger000442;ger;vansen;unknown;Vansen;MALE;2;2;40;40;0;0;0;0;0.0;0.47;0.0;0.53;0.0;0.0;0.0;0.0;0.0;0.15;0.05;0.05;0.53;0;11;0.0
574;ger000442;ger;ein_buerger_a;unknown;Ein Bürger;MALE;1;1;1;1;0;0;0;0;0.0;1.0;0.0;0.0;0.0;0.0;0.0;0.0;0.0;0.08;0.0;0.0;0.53;0;10;0.0
575;ger000442;ger;anderer_buerger_a;unknown;Anderer Bürger;MALE;1;1;1;1;0;0;0;0;0.0;1.0;0.0;0.0;0.0;0.0;0.0;0.0;0.0;0.08;0.0;0.0;0.53;0;9;0.0
576;ger000442;ger;ein_buerger_b;unknown;Ein Bürger;MALE;1;1;1;1;0;0;0;0;0.0;1.0;0.0;0.0;0.0;0.0;0.0;0.0;0.0;0.08;0.0;0.0;0.53;0;8;0.0
577;ger000442;ger;ein_anderer_b;unknown;Ein Anderer;MALE;1;1;1;1;0;0;0;0;0.0;1.0;0.0;0.0;0.0;0.0;0.0;0.0;0.0;0.08;0.0;0.0;0.53;0;7;0.0
578;ger000442;ger;ein_buerger_c;unknown;Ein Bürger;MALE;1;1;1;1;0;0;0;0;0.0;1.0;0.0;0.0;0.0;0.0;0.0;0.0;0.0;0.08;0.0;0.0;0.53;0;6;0.0
579;ger000442;ger;ein_anderer_c;unknown;Ein Anderer;MALE;1;1;1;1;0;0;0;0;0.0;1.0;0.0;0.0;0.0;0.0;0.0;0.0;0.0;0.08;0.0;0.0;0.53;0;5;0.0
580;ger000442;ger;ein_anderer_d;unknown;Ein Anderer;MALE;1;1;1;1;0;0;0;0;0.0;1.0;0.0;0.0;0.0;0.0;0.0;0.0;0.0;0.08;0.0;0.0;0.53;0;4;0.0
581;ger000442;ger;buerger_d;unknown;Bürger;MALE;1;1;1;1;0;0;0;0;0.0;1.0;0.0;0.0;0.0;0.0;0.0;0.0;0.0;0.08;0.0;0.0;0.53;0;3;0.0
582;ger000442;ger;ein_anderer_e;unknown;Ein Anderer;MALE;1;1;1;1;0;0;0;0;0.0;1.0;0.0;0.0;0.0;0.0;0.0;0.0;0.0;0.08;0.0;0.0;0.53;0;2;0.0
583;ger000442;ger;ein_anderer_f;unknown;Ein Anderer;MALE;1;1;1;1;0;0;0;0;0.0;1.0;0.0;0.0;0.0;0.0;0.0;0.0;0.0;0.08;0.0;0.0;0.53;0;1;0.0
584;ger000442;ger;egmont;unknown;Egmont;MALE;4;6;159;166;0;0;0;0;0.0;0.45;0.18;0.15;0.22;0.0;0.0;0.0;0.0;0.46;0.19;0.2;0.8;0;1;0.36
585;ger000442;ger;sekretaer;unknown;Sekretär;MALE;1;1;28;28;0;0;0;0;0.0;1.0;0.0;0.0;0.0;0.0;0.0;0.0;0.0;0.08;0.03;0.03;0.07;0;2;0.0
586;ger000442;ger;oranien;unknown;Oranien;MALE;1;1;37;37;0;0;0;0;0.0;1.0;0.0;0.0;0.0;0.0;0.0;0.0;0.0;0.08;0.05;0.04;0.07;0;0;0.0
587;ger000442;ger;silva;unknown;Silva;MALE;2;2;24;24;0;0;0;0;0.0;0.0;0.0;0.79;0.21;0.0;0.0;0.0;0.0;0.15;0.03;0.03;0.13;0;4;0.0
588;ger000442;ger;gomez;unknown;Gomez;MALE;1;1;12;12;0;0;0;0;0.0;0.0;0.0;1.0;0.0;0.0;0.0;0.0;0.0;0.08;0.01;0.01;0.13;0;3;0.0
589;ger000442;ger;ferdinand;unknown;Ferdinand;MALE;2;2;36;36;0;0;0;0;0.0;0.0;0.0;0.42;0.58;0.0;0.0;0.0;0.0;0.15;0.04;0.04;0.13;0;2;0.0
590;ger000442;ger;alba;unknown;Alba;MALE;1;1;46;46;0;0;0;0;0.0;0.0;0.0;1.0;0.0;0.0;0.0;0.0;0.0;0.08;0.06;0.05;0.13;0;1;0.0
591;ger000383;ger;olimpia;unknown;Olimpia;FEMALE;0;1;19;29;0;0;0;0;0.0;0.0;0.0;0.0;0.0;0.0;0.0;0.0;0.0;1.0;0.11;0.06;1.0;1;2;0.0
592;ger000383;ger;elmire;unknown;Elmire;FEMALE;0;1;51;166;0;0;0;0;0.0;0.0;0.0;0.0;0.0;0.0;0.0;0.0;0.0;1.0;0.29;0.37;1.0;0;2;0.0
593;ger000383;ger;bernardo;unknown;Bernardo;MALE;0;1;66;131;0;0;0;0;0.0;0.0;0.0;0.0;0.0;0.0;0.0;0.0;0.0;1.0;0.37;0.29;1.0;0;1;0.0
594;ger000383;ger;erwin;unknown;Erwin;MALE;0;1;41;116;0;0;0;0;0.0;0.0;0.0;0.0;0.0;0.0;0.0;0.0;0.0;1.0;0.23;0.26;1.0;0;0;0.0
595;ger000539;ger;chor;unknown;Chor;UNKNOWN;0;1;4;9;0;0;0;0;0.0;0.0;0.0;0.0;0.0;0.0;0.0;0.0;0.0;0.05;0.01;0.01;0.12;0;0;0.0
596;ger000539;ger;faust;unknown;Faust;MALE;0;14;137;505;0;0;0;0;0.0;0.0;0.0;0.0;0.0;0.0;0.0;0.0;0.0;0.7;0.28;0.3;0.75;2;1;0.4
597;ger000539;ger;geist;unknown;Geist;UNKNOWN;0;1;5;27;0;0;0;0;0.0;0.0;0.0;0.0;0.0;0.0;0.0;0.0;0.0;0.05;0.01;0.02;0.12;0;1;0.0
598;ger000539;ger;wagner;unknown;Wagner;MALE;0;1;7;27;0;0;0;0;0.0;0.0;0.0;0.0;0.0;0.0;0.0;0.0;0.0;0.05;0.01;0.02;0.12;0;0;0.0
599;ger000539;ger;student;unknown;Student;MALE;0;1;17;60;0;0;0;0;0.0;0.0;0.0;0.0;0.0;0.0;0.0;0.0;0.0;0.05;0.03;0.04;0.06;0;1;0.0
600;ger000539;ger;mephistopheles;unknown;Mephistopheles;MALE;0;15;111;452;0;0;0;0;0.0;0.0;0.0;0.0;0.0;0.0;0.0;0.0;0.0;0.75;0.23;0.27;0.69;0;1;0.3
601;ger000539;ger;frosch;unknown;Frosch;MALE;0;1;21;46;0;0;0;0;0.0;0.0;0.0;0.0;0.0;0.0;0.0;0.0;0.0;0.05;0.04;0.03;0.44;0;5;0.0
602;ger000539;ger;brander;unknown;Brander;MALE;0;1;13;14;0;0;0;0;0.0;0.0;0.0;0.0;0.0;0.0;0.0;0.0;0.0;0.05;0.03;0.01;0.44;0;4;0.0
603;ger000539;ger;siebel;unknown;Siebel;MALE;0;1;20;20;0;0;0;0;0.0;0.0;0.0;0.0;0.0;0.0;0.0;0.0;0.0;0.05;0.04;0.01;0.44;0;3;0.0
604;ger000539;ger;alten;unknown;Alten;MALE;0;1;8;8;0;0;0;0;0.0;0.0;0.0;0.0;0.0;0.0;0.0;0.0;0.0;0.05;0.02;0.0;0.44;0;2;0.0
605;ger000539;ger;margarethe-gretchen;unknown;Margarethe/Gretchen;FEMALE;0;11;88;349;0;0;0;0;0.0;0.0;0.0;0.0;0.0;0.0;0.0;0.0;0.0;0.55;0.18;0.2;0.38;0;1;0.34
606;ger000539;ger;marthe;unknown;Marthe;FEMALE;0;3;36;82;0;0;0;0;0.0;0.0;0.0;0.0;0.0;0.0;0.0;0.0;0.0;0.15;0.07;0.05;0.19;1;1;0.0
607;ger000539;ger;lieschen;unknown;Lieschen;FEMALE;0;1;7;31;0;0;0;0;0.0;0.0;0.0;0.0;0.0;0.0;0.0;0.0;0.0;0.05;0.01;0.02;0.06;1;0;0.0
608;ger000539;ger;boeser_geist;unknown;Böser Geist;UNKNOWN;0;1;4;37;0;0;0;0;0.0;0.0;0.0;0.0;0.0;0.0;0.0;0.0;0.0;0.05;0.01;0.02;0.12;1;0;0.0
609;ger000539;ger;valentin;unknown;Valentin;MALE;0;1;1;26;0;0;0;0;0.0;0.0;0.0;0.0;0.0;0.0;0.0;0.0;0.0;0.05;0.0;0.02;0.12;0;2;0.0
610;ger000539;ger;brander siebel alten;unknown;UNKNOWN;u;0;1;3;3;0;0;0;0;0.0;0.0;0.0;0.0;0.0;0.0;0.0;0.0;0.0;0.05;0.01;0.0;0.44;0;2;0.0
611;ger000539;ger;frosch brander siebel alten;unknown;UNKNOWN;u;0;1;5;7;0;0;0;0;0.0;0.0;0.0;0.0;0.0;0.0;0.0;0.0;0.0;0.05;0.01;0.0;0.44;0;0;0.0
612;ger000409;ger;merkurius;unknown;Merkurius;MALE;0;1;18;18;0;0;0;0;0.0;0.0;0.0;0.0;0.0;0.0;0.0;0.0;0.0;1.0;0.13;0.13;1.0;2;7;0.0
613;ger000409;ger;charon;unknown;Charon;MALE;0;1;5;5;0;0;0;0;0.0;0.0;0.0;0.0;0.0;0.0;0.0;0.0;0.0;1.0;0.04;0.04;1.0;2;6;0.0
614;ger000409;ger;euripides;unknown;Euripides;MALE;0;1;21;21;0;0;0;0;0.0;0.0;0.0;0.0;0.0;0.0;0.0;0.0;0.0;1.0;0.15;0.15;1.0;2;5;0.0
615;ger000409;ger;literator;unknown;Literator;MALE;0;1;5;5;0;0;0;0;0.0;0.0;0.0;0.0;0.0;0.0;0.0;0.0;0.0;1.0;0.04;0.04;1.0;2;4;0.0
616;ger000409;ger;alceste;unknown;Alceste;FEMALE;0;1;18;18;0;0;0;0;0.0;0.0;0.0;0.0;0.0;0.0;0.0;0.0;0.0;1.0;0.13;0.13;1.0;1;4;0.0
617;ger000409;ger;admet;unknown;Admet;MALE;0;1;13;13;0;0;0;0;0.0;0.0;0.0;0.0;0.0;0.0;0.0;0.0;0.0;1.0;0.09;0.09;1.0;1;3;0.0
618;ger000409;ger;wieland;unknown;Wieland;MALE;0;1;36;36;0;0;0;0;0.0;0.0;0.0;0.0;0.0;0.0;0.0;0.0;0.0;1.0;0.26;0.26;1.0;1;2;0.0
619;ger000409;ger;das_maedchen;unknown;Das Mädchen;FEMALE;0;1;5;5;0;0;0;0;0.0;0.0;0.0;0.0;0.0;0.0;0.0;0.0;0.0;1.0;0.04;0.04;1.0;0;2;0.0
620;ger000409;ger;herkules;unknown;Herkules;MALE;0;1;19;19;0;0;0;0;0.0;0.0;0.0;0.0;0.0;0.0;0.0;0.0;0.0;1.0;0.13;0.13;1.0;0;1;0.0
621;ger000409;ger;pluto;unknown;Pluto;MALE;0;1;1;1;0;0;0;0;0.0;0.0;0.0;0.0;0.0;0.0;0.0;0.0;0.0;1.0;0.01;0.01;1.0;0;0;0.0
622;ger000123;ger;sievers;unknown;Sievers;MALE;1;1;16;16;0;0;0;0;1.0;0.0;0.0;0.0;0.0;0.0;0.0;0.0;0.0;0.02;0.01;0.01;0.07;0;6;0.0
623;ger000123;ger;wirt;unknown;Wirt;MALE;1;1;2;2;0;0;0;0;1.0;0.0;0.0;0.0;0.0;0.0;0.0;0.0;0.0;0.02;0.0;0.0;0.07;0;5;0.0
624;ger000123;ger;metzler;unknown;Metzler;MALE;2;4;33;33;0;0;0;0;0.36;0.0;0.0;0.0;0.64;0.0;0.0;0.0;0.0;0.07;0.02;0.02;0.23;0;6;0.17
625;ger000123;ger;erster_reiter_bamberg;unknown;Erster Bamberger Reiter;MALE;1;1;1;1;0;0;0;0;1.0;0.0;0.0;0.0;0.0;0.0;0.0;0.0;0.0;0.02;0.0;0.0;0.07;0;3;0.0
626;ger000123;ger;zweiter_reiter_bamberg;unknown;Zweiter Bamberger Reiter;MALE;1;1;2;2;0;0;0;0;1.0;0.0;0.0;0.0;0.0;0.0;0.0;0.0;0.0;0.02;0.0;0.0;0.07;0;2;0.0
627;ger000123;ger;erster_reiter_berlichingen;unknown;Erster Berlichingscher Reiter;MALE;1;1;5;5;0;0;0;0;1.0;0.0;0.0;0.0;0.0;0.0;0.0;0.0;0.0;0.02;0.0;0.0;0.07;0;1;0.0
628;ger000123;ger;zweiter_reiter_berlichingen;unknown;Zweiter Berlichingscher Reiter;MALE;1;1;3;3;0;0;0;0;1.0;0.0;0.0;0.0;0.0;0.0;0.0;0.0;0.0;0.02;0.0;0.0;0.07;0;0;0.0
629;ger000123;ger;goetz;unknown;Götz;MALE;5;30;295;295;0;0;0;0;0.27;0.1;0.33;0.19;0.11;0.0;0.0;0.0;0.0;0.55;0.21;0.2;0.58;1;20;0.56
630;ger000123;ger;georg;unknown;Georg;MALE;4;12;57;76;0;0;0;0;0.24;0.16;0.54;0.07;0.0;0.0;0.0;0.0;0.0;0.22;0.04;0.05;0.21;0;5;0.01
631;ger000123;ger;martin;unknown;Martin;MALE;1;1;28;29;0;0;0;0;1.0;0.0;0.0;0.0;0.0;0.0;0.0;0.0;0.0;0.02;0.02;0.02;0.02;0;0;0.0
632;ger000123;ger;karl;unknown;Karl;MALE;1;1;35;34;0;0;0;0;1.0;0.0;0.0;0.0;0.0;0.0;0.0;0.0;0.0;0.02;0.02;0.02;0.06;2;3;0.0
633;ger000123;ger;maria;unknown;Maria;FEMALE;3;7;66;66;0;0;0;0;0.48;0.0;0.17;0.0;0.35;0.0;0.0;0.0;0.0;0.13;0.05;0.04;0.12;1;8;0.01
634;ger000123;ger;elisabeth;unknown;Elisabeth;FEMALE;4;11;65;65;0;0;0;0;0.32;0.0;0.11;0.17;0.4;0.0;0.0;0.0;0.0;0.2;0.05;0.04;0.19;0;10;0.02
635;ger000123;ger;reiter;unknown;Reiter;MALE;1;1;9;11;0;0;0;0;1.0;0.0;0.0;0.0;0.0;0.0;0.0;0.0;0.0;0.02;0.01;0.01;0.06;0;2;0.0
636;ger000123;ger;weislingen;unknown;Weislingen;MALE;5;11;139;140;0;0;0;0;0.35;0.34;0.04;0.09;0.18;0.0;0.0;0.0;0.0;0.2;0.1;0.09;0.25;0;3;0.19
637;ger000123;ger;bischof;unknown;Bischof;MALE;2;3;35;35;0;0;0;0;0.46;0.54;0.0;0.0;0.0;0.0;0.0;0.0;0.0;0.05;0.02;0.02;0.09;0;6;0.07
638;ger000123;ger;olearius;unknown;Olearius;MALE;1;1;26;26;0;0;0;0;1.0;0.0;0.0;0.0;0.0;0.0;0.0;0.0;0.0;0.02;0.02;0.02;0.05;0;3;0.0
639;ger000123;ger;abt;unknown;Abt;MALE;1;1;17;17;0;0;0;0;1.0;0.0;0.0;0.0;0.0;0.0;0.0;0.0;0.0;0.02;0.01;0.01;0.05;0;2;0.0
640;ger000123;ger;liebetraut;unknown;Liebetraut;MALE;2;3;37;56;0;0;0;0;0.34;0.66;0.0;0.0;0.0;0.0;0.0;0.0;0.0;0.05;0.03;0.04;0.07;1;1;0.01
641;ger000123;ger;ein_bedienter;unknown;Ein Bedienter;MALE;1;1;1;1;0;0;0;0;1.0;0.0;0.0;0.0;0.0;0.0;0.0;0.0;0.0;0.02;0.0;0.0;0.05;0;0;0.0
642;ger000123;ger;franz;unknown;Franz;MALE;5;9;62;61;0;0;0;0;0.28;0.13;0.11;0.2;0.28;0.0;0.0;0.0;0.0;0.16;0.04;0.04;0.11;0;1;0.04
643;ger000123;ger;adelheid;unknown;Adelheid;FEMALE;4;7;107;107;0;0;0;0;0.0;0.57;0.07;0.23;0.12;0.0;0.0;0.0;0.0;0.13;0.07;0.07;0.09;2;4;0.02
644;ger000123;ger;selbitz;unknown;Selbitz;MALE;2;8;42;42;0;0;0;0;0.0;0.45;0.55;0.0;0.0;0.0;0.0;0.0;0.0;0.15;0.03;0.03;0.12;0;5;0.01
645;ger000123;ger;kammerfraeulein;unknown;Kammerfräulein;FEMALE;1;2;9;9;0;0;0;0;0.0;1.0;0.0;0.0;0.0;0.0;0.0;0.0;0.0;0.04;0.01;0.01;0.05;0;3;0.0
646;ger000123;ger;brautvater;unknown;Brautvater;MALE;1;1;13;13;0;0;0;0;0.0;1.0;0.0;0.0;0.0;0.0;0.0;0.0;0.0;0.02;0.01;0.01;0.06;0;4;0.0
647;ger000123;ger;braeutigam;unknown;Bräutigam;MALE;1;1;7;7;0;0;0;0;0.0;1.0;0.0;0.0;0.0;0.0;0.0;0.0;0.0;0.02;0.0;0.0;0.06;0;3;0.0
648;ger000123;ger;bauer_bauernhochzeit;unknown;Bauer (Bauernhochzeit);MALE;1;1;1;1;0;0;0;0;0.0;1.0;0.0;0.0;0.0;0.0;0.0;0.0;0.0;0.02;0.0;0.0;0.06;0;0;0.0
649;ger000123;ger;erster_kaufmann;unknown;Erster Kaufmann;MALE;1;1;7;7;0;0;0;0;0.0;0.0;1.0;0.0;0.0;0.0;0.0;0.0;0.0;0.02;0.0;0.0;0.05;0;3;0.0
650;ger000123;ger;zweiter_kaufmann;unknown;Zweiter Kaufmann;MALE;1;1;3;3;0;0;0;0;0.0;0.0;1.0;0.0;0.0;0.0;0.0;0.0;0.0;0.02;0.0;0.0;0.05;0;2;0.0
651;ger000123;ger;kaiser;unknown;Kaiser;MALE;1;1;9;9;0;0;0;0;0.0;0.0;1.0;0.0;0.0;0.0;0.0;0.0;0.0;0.02;0.01;0.01;0.05;0;1;0.0
652;ger000123;ger;sickingen;unknown;Sickingen;MALE;2;5;31;31;0;0;0;0;0.0;0.0;0.77;0.23;0.0;0.0;0.0;0.0;0.0;0.09;0.02;0.02;0.06;0;3;0.0
653;ger000123;ger;hauptmann;unknown;Hauptmann;MALE;2;7;17;17;0;0;0;0;0.0;0.0;0.94;0.06;0.0;0.0;0.0;0.0;0.0;0.13;0.01;0.01;0.19;0;8;0.14
654;ger000123;ger;erster_offizier;unknown;Erster Offizier;MALE;1;1;2;2;0;0;0;0;0.0;0.0;1.0;0.0;0.0;0.0;0.0;0.0;0.0;0.02;0.0;0.0;0.02;0;1;0.0
655;ger000123;ger;zweiter_offizier;unknown;Zweiter Offizier;MALE;1;1;4;4;0;0;0;0;0.0;0.0;1.0;0.0;0.0;0.0;0.0;0.0;0.0;0.02;0.0;0.0;0.02;0;0;0.0
656;ger000123;ger;lerse;unknown;Lerse;MALE;3;10;45;45;0;0;0;0;0.0;0.0;0.56;0.07;0.38;0.0;0.0;0.0;0.0;0.18;0.03;0.03;0.16;0;0;0.04
657;ger000123;ger;erster_reichsknecht;unknown;Erster Reichsknecht;MALE;1;1;10;10;0;0;0;0;0.0;0.0;1.0;0.0;0.0;0.0;0.0;0.0;0.0;0.02;0.01;0.01;0.04;0;3;0.0
658;ger000123;ger;zweiter_reichsknecht;unknown;Zweiter Reichsknecht;MALE;1;1;7;7;0;0;0;0;0.0;0.0;1.0;0.0;0.0;0.0;0.0;0.0;0.0;0.02;0.0;0.0;0.04;0;2;0.0
659;ger000123;ger;erster_ritter;unknown;Erster Ritter;MALE;1;1;1;1;0;0;0;0;0.0;0.0;1.0;0.0;0.0;0.0;0.0;0.0;0.0;0.02;0.0;0.0;0.02;0;2;0.0
660;ger000123;ger;zweiter_ritter;unknown;(Zweiter) Ritter;MALE;1;1;2;2;0;0;0;0;0.0;0.0;1.0;0.0;0.0;0.0;0.0;0.0;0.0;0.02;0.0;0.0;0.02;0;0;0.0
661;ger000123;ger;dritter_ritter;unknown;(Dritter) Ritter;MALE;1;1;3;3;0;0;0;0;0.0;0.0;1.0;0.0;0.0;0.0;0.0;0.0;0.0;0.02;0.0;0.0;0.01;0;0;0.0
662;ger000123;ger;vierter_ritter;unknown;(Vierter) Ritter;MALE;1;1;2;2;0;0;0;0;0.0;0.0;1.0;0.0;0.0;0.0;0.0;0.0;0.0;0.02;0.0;0.0;0.04;0;2;0.0
663;ger000123;ger;erster_knecht;unknown;Erster Knecht;MALE;1;2;19;19;0;0;0;0;0.0;0.0;1.0;0.0;0.0;0.0;0.0;0.0;0.0;0.04;0.01;0.01;0.06;0;4;0.0
664;ger000123;ger;zweiter_knecht;unknown;Zweiter Knecht;MALE;1;2;4;4;0;0;0;0;0.0;0.0;1.0;0.0;0.0;0.0;0.0;0.0;0.0;0.04;0.0;0.0;0.06;0;3;0.0
665;ger000123;ger;fuenfter_ritter;unknown;(Fünfter) Ritter;MALE;1;1;1;1;0;0;0;0;0.0;0.0;1.0;0.0;0.0;0.0;0.0;0.0;0.0;0.02;0.0;0.0;0.01;0;0;0.0
666;ger000123;ger;knecht_jagsthausen;unknown;Knecht;MALE;1;1;4;4;0;0;0;0;0.0;0.0;1.0;0.0;0.0;0.0;0.0;0.0;0.0;0.02;0.0;0.0;0.06;0;0;0.0
667;ger000123;ger;knecht_belagerung_kueche;unknown;Knecht;MALE;1;1;3;3;0;0;0;0;0.0;0.0;1.0;0.0;0.0;0.0;0.0;0.0;0.0;0.02;0.0;0.0;0.02;0;0;0.0
668;ger000123;ger;gerichtsdiener;unknown;Gerichtsdiener;MALE;1;2;4;4;0;0;0;0;0.0;0.0;0.0;1.0;0.0;0.0;0.0;0.0;0.0;0.04;0.0;0.0;0.09;0;3;0.0
669;ger000123;ger;ratsherr;unknown;Ratsherr;MALE;1;1;5;5;0;0;0;0;0.0;0.0;0.0;1.0;0.0;0.0;0.0;0.0;0.0;0.02;0.0;0.0;0.07;0;6;0.0
670;ger000123;ger;erster_rat;unknown;Erster Rat;MALE;1;1;29;29;0;0;0;0;0.0;0.0;0.0;1.0;0.0;0.0;0.0;0.0;0.0;0.02;0.02;0.02;0.07;0;5;0.0
671;ger000123;ger;schreiber;unknown;Schreiber;MALE;1;1;2;2;0;0;0;0;0.0;0.0;0.0;1.0;0.0;0.0;0.0;0.0;0.0;0.02;0.0;0.0;0.07;0;2;0.0
672;ger000123;ger;wache;unknown;Wache;MALE;1;1;1;1;0;0;0;0;0.0;0.0;0.0;1.0;0.0;0.0;0.0;0.0;0.0;0.02;0.0;0.0;0.07;0;1;0.0
673;ger000123;ger;alter;unknown;Alter;MALE;1;1;2;2;0;0;0;0;0.0;0.0;0.0;0.0;1.0;0.0;0.0;0.0;0.0;0.02;0.0;0.0;0.06;2;3;0.0
674;ger000123;ger;weib;unknown;Weib;FEMALE;1;1;2;2;0;0;0;0;0.0;0.0;0.0;0.0;1.0;0.0;0.0;0.0;0.0;0.02;0.0;0.0;0.06;1;3;0.0
675;ger000123;ger;mutter;unknown;Mutter;FEMALE;1;1;1;1;0;0;0;0;0.0;0.0;0.0;0.0;1.0;0.0;0.0;0.0;0.0;0.02;0.0;0.0;0.06;0;3;0.0
676;ger000123;ger;link;unknown;Link;MALE;1;3;21;21;0;0;0;0;0.0;0.0;0.0;0.0;1.0;0.0;0.0;0.0;0.0;0.05;0.01;0.01;0.16;0;3;0.04
677;ger000123;ger;bauer_bauernkrieg;unknown;Bauer (Bauernkrieg);MALE;1;1;1;1;0;0;0;0;0.0;0.0;0.0;0.0;1.0;0.0;0.0;0.0;0.0;0.02;0.0;0.0;0.06;0;0;0.0
678;ger000123;ger;max_stumpf;unknown;Max Stumpf;MALE;1;1;5;5;0;0;0;0;0.0;0.0;0.0;0.0;1.0;0.0;0.0;0.0;0.0;0.02;0.0;0.0;0.06;0;5;0.0
679;ger000123;ger;kohl;unknown;Kohl;MALE;1;2;11;11;0;0;0;0;0.0;0.0;0.0;0.0;1.0;0.0;0.0;0.0;0.0;0.04;0.01;0.01;0.11;0;5;0.0
680;ger000123;ger;wild;unknown;Wild;MALE;1;1;4;4;0;0;0;0;0.0;0.0;0.0;0.0;1.0;0.0;0.0;0.0;0.0;0.02;0.0;0.0;0.06;0;2;0.0
681;ger000123;ger;bote;unknown;Bote;MALE;1;1;2;2;0;0;0;0;0.0;0.0;0.0;0.0;1.0;0.0;0.0;0.0;0.0;0.02;0.0;0.0;0.02;0;1;0.0
682;ger000123;ger;unbekannter;unknown;Ein Unbekannter;MALE;1;1;2;2;0;0;0;0;0.0;0.0;0.0;0.0;1.0;0.0;0.0;0.0;0.0;0.02;0.0;0.0;0.09;0;6;0.0
683;ger000123;ger;erster_bauer;unknown;Erster Bauer;MALE;1;1;1;1;0;0;0;0;0.0;0.0;0.0;0.0;1.0;0.0;0.0;0.0;0.0;0.02;0.0;0.0;0.09;0;5;0.0
684;ger000123;ger;zweiter_bauer;unknown;Zweiter Bauer;MALE;1;1;1;1;0;0;0;0;0.0;0.0;0.0;0.0;1.0;0.0;0.0;0.0;0.0;0.02;0.0;0.0;0.09;0;4;0.0
685;ger000123;ger;zigeunermutter;unknown;Zigeunermutter;FEMALE;1;1;7;7;0;0;0;0;0.0;0.0;0.0;0.0;1.0;0.0;0.0;0.0;0.0;0.02;0.0;0.0;0.11;1;8;0.0
686;ger000123;ger;knab;unknown;Knab;MALE;1;1;2;2;0;0;0;0;0.0;0.0;0.0;0.0;1.0;0.0;0.0;0.0;0.0;0.02;0.0;0.0;0.11;1;7;0.0
687;ger000123;ger;zweite_zigeunerin;unknown;Zweite Zigeunerin;FEMALE;1;1;2;2;0;0;0;0;0.0;0.0;0.0;0.0;1.0;0.0;0.0;0.0;0.0;0.02;0.0;0.0;0.11;0;7;0.0
688;ger000123;ger;zigeunerhauptmann;unknown;Zigeunerhauptmann;MALE;1;2;13;13;0;0;0;0;0.0;0.0;0.0;0.0;1.0;0.0;0.0;0.0;0.0;0.04;0.01;0.01;0.14;1;7;0.0
689;ger000123;ger;erster_zigeuner;unknown;Erster Zigeuner;MALE;1;1;1;1;0;0;0;0;0.0;0.0;0.0;0.0;1.0;0.0;0.0;0.0;0.0;0.02;0.0;0.0;0.11;0;5;0.0
690;ger000123;ger;zweiter_zigeuner;unknown;Zweiter Zigeuner;MALE;1;1;1;1;0;0;0;0;0.0;0.0;0.0;0.0;1.0;0.0;0.0;0.0;0.0;0.02;0.0;0.0;0.11;0;4;0.0
691;ger000123;ger;dritter_zigeuner;unknown;Dritter Zigeuner;MALE;1;1;1;1;0;0;0;0;0.0;0.0;0.0;0.0;1.0;0.0;0.0;0.0;0.0;0.02;0.0;0.0;0.11;0;3;0.0
692;ger000123;ger;wolf;unknown;Wolf;MALE;1;2;3;3;0;0;0;0;0.0;0.0;0.0;0.0;1.0;0.0;0.0;0.0;0.0;0.04;0.0;0.0;0.14;0;2;0.0
693;ger000123;ger;sticks;unknown;Sticks;MALE;1;1;1;1;0;0;0;0;0.0;0.0;0.0;0.0;1.0;0.0;0.0;0.0;0.0;0.02;0.0;0.0;0.11;0;1;0.0
694;ger000123;ger;schricks;unknown;Schricks;MALE;1;1;1;1;0;0;0;0;0.0;0.0;0.0;0.0;1.0;0.0;0.0;0.0;0.0;0.02;0.0;0.0;0.05;1;1;0.0
695;ger000123;ger;zigeunerin;unknown;Zigeunerin;FEMALE;1;1;3;3;0;0;0;0;0.0;0.0;0.0;0.0;1.0;0.0;0.0;0.0;0.0;0.02;0.0;0.0;0.05;0;1;0.0
696;ger000123;ger;aeltester;unknown;Ältester;MALE;1;1;9;9;0;0;0;0;0.0;0.0;0.0;0.0;1.0;0.0;0.0;0.0;0.0;0.02;0.01;0.01;0.04;0;3;0.0
697;ger000123;ger;richter_des_heimlichen_gerichts;unknown;Die Richter des heimlichen Gerichts;MALE;1;1;2;2;0;0;0;0;0.0;0.0;0.0;0.0;1.0;0.0;0.0;0.0;0.0;0.02;0.0;0.0;0.04;0;2;0.0
698;ger000123;ger;rufer;unknown;Rufer;MALE;1;1;1;1;0;0;0;0;0.0;0.0;0.0;0.0;1.0;0.0;0.0;0.0;0.0;0.02;0.0;0.0;0.04;0;1;0.0
699;ger000123;ger;klaeger;unknown;Kläger;MALE;1;1;5;5;0;0;0;0;0.0;0.0;0.0;0.0;1.0;0.0;0.0;0.0;0.0;0.02;0.0;0.0;0.04;0;0;0.0
700;ger000123;ger;erster_kaufmann zweiter_kaufmann;unknown;UNKNOWN;u;1;1;1;1;0;0;0;0;0.0;0.0;1.0;0.0;0.0;0.0;0.0;0.0;0.0;0.02;0.0;0.0;0.05;0;0;0.0
701;ger000123;ger;elisabeth georg knechte_bei_tische;unknown;UNKNOWN;u;1;1;1;1;0;0;0;0;0.0;0.0;1.0;0.0;0.0;0.0;0.0;0.0;0.0;0.02;0.0;0.0;0.06;0;2;0.0
702;ger000123;ger;elisabeth knechte_bei_tische;unknown;UNKNOWN;u;1;1;1;1;0;0;0;0;0.0;0.0;1.0;0.0;0.0;0.0;0.0;0.0;0.0;0.02;0.0;0.0;0.06;0;1;0.0
703;ger000001;ger;iphigenie;unknown;Iphigenie;FEMALE;5;15;134;992;0;0;0;0;0.33;0.02;0.17;0.24;0.24;0.0;0.0;0.0;0.0;0.75;0.43;0.45;1.0;0;3;0.0
704;ger000001;ger;arkas;unknown;Arkas;MALE;3;4;36;177;0;0;0;0;0.63;0.0;0.0;0.28;0.08;0.0;0.0;0.0;0.0;0.2;0.12;0.08;1.0;1;2;0.0
705;ger000001;ger;thoas;unknown;Thoas;MALE;2;7;46;218;0;0;0;0;0.58;0.0;0.0;0.0;0.42;0.0;0.0;0.0;0.0;0.35;0.15;0.1;1.0;0;0;0.0
706;ger000001;ger;orest;unknown;Orest;MALE;3;7;49;454;0;0;0;0;0.0;0.26;0.58;0.0;0.16;0.0;0.0;0.0;0.0;0.35;0.16;0.21;1.0;0;2;0.0
707;ger000001;ger;pylades;unknown;Pylades;MALE;4;5;46;361;0;0;0;0;0.0;0.64;0.04;0.31;0.01;0.0;0.0;0.0;0.0;0.25;0.15;0.16;1.0;0;2;0.0
708;ger000356;ger;die_parzen;unknown;Die Parzen;FEMALE;0;1;4;4;0;0;0;0;0.0;0.0;0.0;0.0;0.0;0.0;0.0;0.0;0.0;1.0;0.44;0.44;1.0;0;0;0.0
709;ger000356;ger;proserpina;unknown;Proserpina;FEMALE;0;1;5;5;0;0;0;0;0.0;0.0;0.0;0.0;0.0;0.0;0.0;0.0;0.0;1.0;0.56;0.56;1.0;1;0;0.0
710;ger000082;ger;prinzessin;unknown;Prinzessin;FEMALE;4;8;76;556;0;0;0;0;0.25;0.29;0.36;0.0;0.1;0.0;0.0;0.0;0.0;0.33;0.18;0.16;1.0;1;1;0.0
711;ger000082;ger;leonore;unknown;Leonore;FEMALE;4;10;84;511;0;0;0;0;0.37;0.0;0.43;0.19;0.0;0.0;0.0;0.0;0.0;0.42;0.2;0.15;1.0;0;0;0.0
712;ger000082;ger;alfons;unknown;Alfons;MALE;3;8;49;345;0;0;0;0;0.51;0.16;0.0;0.0;0.32;0.0;0.0;0.0;0.0;0.33;0.12;0.1;1.0;2;1;0.0
713;ger000082;ger;tasso;unknown;Tasso;MALE;4;15;123;1485;0;0;0;0;0.09;0.37;0.0;0.32;0.23;0.0;0.0;0.0;0.0;0.62;0.29;0.43;1.0;2;1;0.0
714;ger000082;ger;antonio;unknown;Antonio;MALE;5;8;89;579;0;0;0;0;0.19;0.25;0.21;0.13;0.22;0.0;0.0;0.0;0.0;0.33;0.21;0.17;1.0;1;1;0.0
715;ger000009;ger;die_bauern;unknown;Die Bauern;MALE;2;3;5;5;0;0;0;0;0.2;0.8;0.0;0.0;0.0;0.0;0.0;0.0;0.0;0.12;0.01;0.01;0.63;1;4;0.03
716;ger000009;ger;soldaten;unknown;Soldaten;MALE;1;1;1;1;0;0;0;0;0.0;1.0;0.0;0.0;0.0;0.0;0.0;0.0;0.0;0.04;0.0;0.0;0.33;0;0;0.0
717;ger000009;ger;tobis;unknown;Tobis;MALE;2;7;41;41;0;0;0;0;0.29;0.71;0.0;0.0;0.0;0.0;0.0;0.0;0.0;0.28;0.06;0.05;0.89;1;11;0.11
718;ger000009;ger;jeremis;unknown;Jeremis;MALE;2;6;19;19;0;0;0;0;0.53;0.47;0.0;0.0;0.0;0.0;0.0;0.0;0.0;0.24;0.03;0.02;0.78;1;8;0.07
719;ger000009;ger;michel;unknown;Michel;MALE;2;2;4;4;0;0;0;0;0.5;0.5;0.0;0.0;0.0;0.0;0.0;0.0;0.0;0.08;0.01;0.0;0.52;0;3;0.02
720;ger000009;ger;jobst;unknown;Jobst;MALE;2;2;9;9;0;0;0;0;0.89;0.11;0.0;0.0;0.0;0.0;0.0;0.0;0.0;0.08;0.01;0.01;0.52;0;5;0.02
721;ger000009;ger;greif;unknown;Greif;MALE;2;9;34;34;0;0;0;0;0.38;0.62;0.0;0.0;0.0;0.0;0.0;0.0;0.0;0.36;0.05;0.04;0.81;1;2;0.09
722;ger000009;ger;der_lieutenant;unknown;Der Lieutenant;MALE;2;8;75;75;0;0;0;0;0.93;0.07;0.0;0.0;0.0;0.0;0.0;0.0;0.0;0.32;0.11;0.09;0.48;2;7;0.01
723;ger000009;ger;der_obriste;unknown;Der Obriste;MALE;2;6;62;84;0;0;0;0;0.67;0.33;0.0;0.0;0.0;0.0;0.0;0.0;0.0;0.24;0.09;0.1;0.52;1;5;0.01
724;ger000009;ger;lene;unknown;Lene;FEMALE;2;3;20;42;0;0;0;0;0.64;0.36;0.0;0.0;0.0;0.0;0.0;0.0;0.0;0.12;0.03;0.05;0.19;0;4;0.0
725;ger000009;ger;nathan;unknown;Nathan;MALE;2;2;10;10;0;0;0;0;0.2;0.8;0.0;0.0;0.0;0.0;0.0;0.0;0.0;0.08;0.02;0.01;0.41;0;4;0.0
726;ger000009;ger;baerbchen;unknown;Bärbchen;FEMALE;2;9;90;151;0;0;0;0;0.71;0.29;0.0;0.0;0.0;0.0;0.0;0.0;0.0;0.36;0.14;0.18;0.59;0;5;0.08
727;ger000009;ger;suschen;unknown;Suschen;FEMALE;1;1;12;20;0;0;0;0;1.0;0.0;0.0;0.0;0.0;0.0;0.0;0.0;0.0;0.04;0.02;0.02;0.04;1;0;0.0
728;ger000009;ger;lukas;unknown;Lukas;MALE;2;9;85;105;0;0;0;0;0.17;0.83;0.0;0.0;0.0;0.0;0.0;0.0;0.0;0.36;0.13;0.12;0.81;1;10;0.09
729;ger000009;ger;fikfak;unknown;Fikfak;MALE;2;11;141;182;0;0;0;0;0.29;0.71;0.0;0.0;0.0;0.0;0.0;0.0;0.0;0.44;0.21;0.21;0.81;0;3;0.09
730;ger000009;ger;eve;unknown;Eve;FEMALE;1;4;14;19;0;0;0;0;0.0;1.0;0.0;0.0;0.0;0.0;0.0;0.0;0.0;0.16;0.02;0.02;0.56;1;8;0.01
731;ger000009;ger;der_aeltere_bauer;unknown;Der ältere Bauer;MALE;1;1;5;5;0;0;0;0;0.0;1.0;0.0;0.0;0.0;0.0;0.0;0.0;0.0;0.04;0.01;0.01;0.33;1;5;0.0
732;ger000009;ger;paul;unknown;Paul;MALE;1;5;17;17;0;0;0;0;0.0;1.0;0.0;0.0;0.0;0.0;0.0;0.0;0.0;0.2;0.03;0.02;0.41;0;1;0.0
733;ger000009;ger;tobis jeremis michel jobst;unknown;UNKNOWN;u;1;1;1;8;0;0;0;0;1.0;0.0;0.0;0.0;0.0;0.0;0.0;0.0;0.0;0.04;0.0;0.01;0.3;0;5;0.0
734;ger000009;ger;tobis jeremis michel;unknown;UNKNOWN;u;1;1;2;2;0;0;0;0;1.0;0.0;0.0;0.0;0.0;0.0;0.0;0.0;0.0;0.04;0.0;0.0;0.3;0;2;0.0
735;ger000009;ger;jeremis michel jobst;unknown;UNKNOWN;u;1;1;2;2;0;0;0;0;1.0;0.0;0.0;0.0;0.0;0.0;0.0;0.0;0.0;0.04;0.0;0.0;0.3;0;2;0.0
736;ger000009;ger;tobis michel jobst;unknown;UNKNOWN;u;1;1;2;2;0;0;0;0;1.0;0.0;0.0;0.0;0.0;0.0;0.0;0.0;0.0;0.04;0.0;0.0;0.3;0;1;0.0
737;ger000009;ger;tobis jeremis jobst michel;unknown;UNKNOWN;u;1;1;1;1;0;0;0;0;0.0;1.0;0.0;0.0;0.0;0.0;0.0;0.0;0.0;0.04;0.0;0.0;0.33;0;3;0.0
738;ger000009;ger;jeremis jobst;unknown;UNKNOWN;u;1;1;2;2;0;0;0;0;0.0;1.0;0.0;0.0;0.0;0.0;0.0;0.0;0.0;0.04;0.0;0.0;0.33;0;2;0.0
739;ger000009;ger;fikfak lene lukas;unknown;UNKNOWN;u;1;1;1;2;0;0;0;0;0.0;1.0;0.0;0.0;0.0;0.0;0.0;0.0;0.0;0.04;0.0;0.0;0.11;0;0;0.0
740;ger000009;ger;eve baerbchen;unknown;UNKNOWN;u;1;1;1;1;0;0;0;0;0.0;1.0;0.0;0.0;0.0;0.0;0.0;0.0;0.0;0.04;0.0;0.0;0.33;0;1;0.0
741;ger000009;ger;baerbchen lukas;unknown;UNKNOWN;u;1;1;1;1;0;0;0;0;0.0;1.0;0.0;0.0;0.0;0.0;0.0;0.0;0.0;0.04;0.0;0.0;0.41;2;4;0.0
742;ger000009;ger;tobis baerbchen lukas jeremis paul eve greif;unknown;UNKNOWN;u;1;1;1;5;0;0;0;0;0.0;1.0;0.0;0.0;0.0;0.0;0.0;0.0;0.0;0.04;0.0;0.01;0.41;0;0;0.0
743;ger000620;ger;benedikt;unknown;Benedikt;MALE;4;16;83;83;0;0;0;0;0.35;0.14;0.05;0.0;0.46;0.0;0.0;0.0;0.0;0.21;0.04;0.04;0.35;1;2;0.01
744;ger000620;ger;justine;unknown;Justine;FEMALE;5;53;453;451;0;0;0;0;0.29;0.24;0.1;0.18;0.19;0.0;0.0;0.0;0.0;0.7;0.24;0.24;0.85;0;2;0.22
745;ger000620;ger;sternberg;unknown;Sternberg;MALE;5;19;201;197;0;0;0;0;0.59;0.18;0.07;0.14;0.02;0.0;0.0;0.0;0.0;0.25;0.1;0.1;0.55;2;2;0.04
746;ger000620;ger;gerhard;unknown;Gerhard;MALE;5;38;477;473;0;0;0;0;0.29;0.21;0.23;0.16;0.1;0.0;0.0;0.0;0.0;0.5;0.25;0.25;0.8;2;2;0.2
747;ger000620;ger;madam_anker;unknown;Madam Anker;FEMALE;3;4;59;59;0;0;0;0;0.73;0.0;0.22;0.0;0.05;0.0;0.0;0.0;0.0;0.05;0.03;0.03;0.4;3;2;0.02
748;ger000620;ger;therese;unknown;Therese;FEMALE;4;10;96;93;0;0;0;0;0.78;0.0;0.04;0.16;0.01;0.0;0.0;0.0;0.0;0.13;0.05;0.05;0.45;2;1;0.02
749;ger000620;ger;pistorius;unknown;Pistorius;MALE;2;3;101;101;0;0;0;0;0.0;0.84;0.0;0.0;0.16;0.0;0.0;0.0;0.0;0.04;0.05;0.05;0.3;1;1;0.0
750;ger000620;ger;weinhold;unknown;Weinhold;MALE;3;22;196;196;0;0;0;0;0.0;0.0;0.42;0.15;0.43;0.0;0.0;0.0;0.0;0.29;0.1;0.1;0.6;2;3;0.06
751;ger000620;ger;wittwe_ungewitter;unknown;Wittwe Ungewitter;FEMALE;3;23;202;200;0;0;0;0;0.0;0.0;0.43;0.18;0.39;0.0;0.0;0.0;0.0;0.3;0.11;0.1;0.75;1;1;0.14
752;ger000620;ger;bieder;unknown;Bieder;MALE;1;4;27;27;0;0;0;0;0.0;0.0;0.0;0.0;1.0;0.0;0.0;0.0;0.0;0.05;0.01;0.01;0.2;1;1;0.0
753;ger000620;ger;sternberg gerhard;unknown;UNKNOWN;u;1;1;1;1;0;0;0;0;1.0;0.0;0.0;0.0;0.0;0.0;0.0;0.0;0.0;0.01;0.0;0.0;0.15;0;0;0.0
754;ger000620;ger;justine gerhard;unknown;UNKNOWN;u;1;1;1;1;0;0;0;0;1.0;0.0;0.0;0.0;0.0;0.0;0.0;0.0;0.0;0.01;0.0;0.0;0.2;0;0;0.0
755;ger000620;ger;justine therese;unknown;UNKNOWN;u;1;1;1;1;0;0;0;0;1.0;0.0;0.0;0.0;0.0;0.0;0.0;0.0;0.0;0.01;0.0;0.0;0.2;0;0;0.0
756;ger000620;ger;madam_anker therese;unknown;UNKNOWN;u;1;1;2;2;0;0;0;0;0.0;0.0;1.0;0.0;0.0;0.0;0.0;0.0;0.0;0.01;0.0;0.0;0.3;0;1;0.0
757;ger000620;ger;madam_anker therese sternberg;unknown;UNKNOWN;u;1;1;1;1;0;0;0;0;0.0;0.0;1.0;0.0;0.0;0.0;0.0;0.0;0.0;0.01;0.0;0.0;0.3;0;0;0.0
758;ger000620;ger;wittwe_ungewitter weinhold;unknown;UNKNOWN;u;2;4;4;4;0;0;0;0;0.0;0.0;0.0;0.25;0.75;0.0;0.0;0.0;0.0;0.05;0.0;0.0;0.3;1;0;0.0
759;ger000620;ger;weinhold justine;unknown;UNKNOWN;u;1;1;1;1;0;0;0;0;0.0;0.0;0.0;0.0;1.0;0.0;0.0;0.0;0.0;0.01;0.0;0.0;0.2;0;0;0.0
760;ger000620;ger;benedikt wittwe_ungewitter;unknown;UNKNOWN;u;1;1;1;1;0;0;0;0;0.0;0.0;0.0;0.0;1.0;0.0;0.0;0.0;0.0;0.01;0.0;0.0;0.2;0;0;0.0
761;ger000620;ger;justine wittwe_ungewitter;unknown;UNKNOWN;u;1;1;2;2;0;0;0;0;0.0;0.0;0.0;0.0;1.0;0.0;0.0;0.0;0.0;0.01;0.0;0.0;0.25;2;1;0.0
762;ger000620;ger;wittwe_ungewitter justine;unknown;UNKNOWN;u;1;1;5;5;0;0;0;0;0.0;0.0;0.0;0.0;1.0;0.0;0.0;0.0;0.0;0.01;0.0;0.0;0.25;0;0;0.0
763;ger000620;ger;justine sternberg therese bieder;unknown;UNKNOWN;u;1;1;1;1;0;0;0;0;0.0;0.0;0.0;0.0;1.0;0.0;0.0;0.0;0.0;0.01;0.0;0.0;0.1;0;0;0.0
764;ger000061;ger;geisterchor;unknown;Geisterchor;MALE;2;3;3;15;0;0;0;0;0.4;0.0;0.6;0.0;0.0;0.0;0.0;0.0;0.0;0.11;0.0;0.01;0.22;0;1;0.0
765;ger000061;ger;chor_der_schiffer;unknown;Chor der Schiffer;MALE;2;2;3;23;0;0;0;0;0.74;0.0;0.26;0.0;0.0;0.0;0.0;0.0;0.0;0.07;0.0;0.02;0.22;0;0;0.0
766;ger000061;ger;chor;unknown;Chor (auf dem Theater);UNKNOWN;1;2;6;16;0;0;0;0;0.0;0.0;1.0;0.0;0.0;0.0;0.0;0.0;0.0;0.07;0.01;0.01;0.35;0;1;0.01
767;ger000061;ger;matrosen;unknown;Matrosen;MALE;1;2;3;12;0;0;0;0;0.0;0.0;1.0;0.0;0.0;0.0;0.0;0.0;0.0;0.07;0.0;0.01;0.43;0;1;0.02
768;ger000061;ger;miranda;unknown;Miranda;FEMALE;3;9;64;155;0;0;0;0;0.52;0.34;0.14;0.0;0.0;0.0;0.0;0.0;0.0;0.32;0.1;0.11;0.57;0;7;0.03
769;ger000061;ger;prospero;unknown;Prospero;MALE;3;14;129;299;0;0;0;0;0.27;0.47;0.26;0.0;0.0;0.0;0.0;0.0;0.0;0.5;0.2;0.21;0.83;0;5;0.17
770;ger000061;ger;ariel;unknown;Ariel;UNKNOWN;3;12;45;116;0;0;0;0;0.21;0.28;0.51;0.0;0.0;0.0;0.0;0.0;0.0;0.43;0.07;0.08;0.74;0;4;0.1
771;ger000061;ger;caliban;unknown;Caliban;MALE;3;7;92;237;0;0;0;0;0.23;0.62;0.14;0.0;0.0;0.0;0.0;0.0;0.0;0.25;0.14;0.16;0.61;1;5;0.04
772;ger000061;ger;fernando;unknown;Fernando;MALE;2;9;62;154;0;0;0;0;0.0;0.72;0.28;0.0;0.0;0.0;0.0;0.0;0.0;0.32;0.1;0.11;0.39;0;1;0.04
773;ger000061;ger;fabio;unknown;Fabio;MALE;2;6;55;132;0;0;0;0;0.0;0.61;0.39;0.0;0.0;0.0;0.0;0.0;0.0;0.21;0.08;0.09;0.83;0;4;0.17
774;ger000061;ger;oronzio;unknown;Oronzio;MALE;2;6;66;76;0;0;0;0;0.0;0.93;0.07;0.0;0.0;0.0;0.0;0.0;0.0;0.21;0.1;0.05;0.43;0;2;0.02
775;ger000061;ger;stefano;unknown;Stefano;MALE;2;5;50;56;0;0;0;0;0.0;0.93;0.07;0.0;0.0;0.0;0.0;0.0;0.0;0.18;0.08;0.04;0.43;0;1;0.02
776;ger000061;ger;ruperto;unknown;Ruperto;MALE;1;1;3;3;0;0;0;0;0.0;0.0;1.0;0.0;0.0;0.0;0.0;0.0;0.0;0.04;0.0;0.0;0.3;0;2;0.0
777;ger000061;ger;prospero fernando;unknown;UNKNOWN;u;1;1;1;1;0;0;0;0;0.0;1.0;0.0;0.0;0.0;0.0;0.0;0.0;0.0;0.04;0.0;0.0;0.09;0;0;0.0
778;ger000061;ger;oronzio fabio;unknown;UNKNOWN;u;1;1;4;4;0;0;0;0;0.0;1.0;0.0;0.0;0.0;0.0;0.0;0.0;0.0;0.04;0.01;0.0;0.22;0;0;0.0
779;ger000061;ger;oronzio stefano;unknown;UNKNOWN;u;2;6;33;53;0;0;0;0;0.0;0.58;0.42;0.0;0.0;0.0;0.0;0.0;0.0;0.21;0.05;0.04;0.74;0;2;0.09
780;ger000061;ger;fabio oronzio stefano;unknown;UNKNOWN;u;1;1;1;2;0;0;0;0;0.0;1.0;0.0;0.0;0.0;0.0;0.0;0.0;0.0;0.04;0.0;0.0;0.22;0;0;0.0
781;ger000061;ger;caliban oronzio stefano;unknown;UNKNOWN;u;2;3;6;13;0;0;0;0;0.0;0.46;0.54;0.0;0.0;0.0;0.0;0.0;0.0;0.11;0.01;0.01;0.35;0;1;0.0
782;ger000061;ger;stefano oronzio;unknown;UNKNOWN;u;1;1;1;2;0;0;0;0;0.0;1.0;0.0;0.0;0.0;0.0;0.0;0.0;0.0;0.04;0.0;0.0;0.3;0;0;0.0
783;ger000061;ger;miranda fernando;unknown;UNKNOWN;u;2;3;14;46;0;0;0;0;0.0;0.78;0.22;0.0;0.0;0.0;0.0;0.0;0.0;0.11;0.02;0.03;0.39;0;1;0.0
784;ger000061;ger;fernando miranda;unknown;UNKNOWN;u;2;2;3;13;0;0;0;0;0.0;0.46;0.54;0.0;0.0;0.0;0.0;0.0;0.0;0.07;0.0;0.01;0.48;0;2;0.01
785;ger000061;ger;fernando fabio;unknown;UNKNOWN;u;1;1;2;2;0;0;0;0;0.0;0.0;1.0;0.0;0.0;0.0;0.0;0.0;0.0;0.04;0.0;0.0;0.09;0;0;0.0
786;ger000061;ger;prospero fernando miranda fabio;unknown;UNKNOWN;u;1;1;1;3;0;0;0;0;0.0;0.0;1.0;0.0;0.0;0.0;0.0;0.0;0.0;0.04;0.0;0.0;0.26;0;3;0.0
787;ger000061;ger;miranda fernando prospero;unknown;UNKNOWN;u;1;1;1;2;0;0;0;0;0.0;0.0;1.0;0.0;0.0;0.0;0.0;0.0;0.0;0.04;0.0;0.0;0.17;0;1;0.0
788;ger000246;ger;medea;unknown;Medea;FEMALE;0;5;21;21;0;0;0;0;0.0;0.0;0.0;0.0;0.0;0.0;0.0;0.0;0.0;1.0;0.49;0.49;1.0;0;1;0.4
789;ger000246;ger;hofmeisterin;unknown;Hofmeisterin;FEMALE;0;1;4;4;0;0;0;0;0.0;0.0;0.0;0.0;0.0;0.0;0.0;0.0;0.0;0.2;0.09;0.09;0.8;1;2;0.0
790;ger000246;ger;der_juengere;unknown;Der Jüngere;MALE;0;1;5;5;0;0;0;0;0.0;0.0;0.0;0.0;0.0;0.0;0.0;0.0;0.0;0.2;0.12;0.12;0.8;1;1;0.0
791;ger000246;ger;der_aeltere;unknown;Der Ältere;MALE;0;1;3;3;0;0;0;0;0.0;0.0;0.0;0.0;0.0;0.0;0.0;0.0;0.0;0.2;0.07;0.07;0.8;0;0;0.0
792;ger000246;ger;jason;unknown;Jason;MALE;0;1;9;9;0;0;0;0;0.0;0.0;0.0;0.0;0.0;0.0;0.0;0.0;0.0;0.2;0.21;0.21;0.2;1;0;0.0
793;ger000246;ger;der_juengere der_aeltere;unknown;UNKNOWN;u;0;1;1;1;0;0;0;0;0.0;0.0;0.0;0.0;0.0;0.0;0.0;0.0;0.0;0.2;0.02;0.02;0.8;0;1;0.0
794;ger000252;ger;doris;unknown;Doris;FEMALE;5;15;42;124;0;0;0;0;0.19;0.19;0.27;0.11;0.23;0.0;0.0;0.0;0.0;0.41;0.08;0.07;1.0;0;3;0.05
795;ger000252;ger;menalkas;unknown;Menalkas;MALE;5;15;55;187;0;0;0;0;0.31;0.09;0.24;0.26;0.11;0.0;0.0;0.0;0.0;0.41;0.11;0.11;1.0;1;3;0.05
796;ger000252;ger;nisus;unknown;Nisus;MALE;5;23;91;273;0;0;0;0;0.43;0.21;0.08;0.14;0.14;0.0;0.0;0.0;0.0;0.62;0.18;0.15;0.89;0;1;0.02
797;ger000252;ger;atalanta;unknown;Atalanta;FEMALE;5;19;67;277;0;0;0;0;0.13;0.12;0.21;0.22;0.31;0.0;0.0;0.0;0.0;0.51;0.14;0.16;1.0;2;3;0.05
798;ger000252;ger;corydon;unknown;Corydon;MALE;5;11;40;169;0;0;0;0;0.19;0.22;0.04;0.49;0.05;0.0;0.0;0.0;0.0;0.3;0.08;0.1;0.78;2;3;0.0
799;ger000252;ger;damon;unknown;Damon;MALE;5;21;103;329;0;0;0;0;0.16;0.42;0.15;0.12;0.16;0.0;0.0;0.0;0.0;0.57;0.21;0.19;0.78;0;2;0.0
800;ger000252;ger;amaryllis;unknown;Amaryllis;FEMALE;5;9;45;102;0;0;0;0;0.17;0.32;0.27;0.17;0.07;0.0;0.0;0.0;0.0;0.24;0.09;0.06;0.78;1;3;0.0
801;ger000252;ger;myrtillus;unknown;Myrtillus;MALE;3;13;46;209;0;0;0;0;0.0;0.0;0.43;0.24;0.33;0.0;0.0;0.0;0.0;0.35;0.09;0.12;1.0;3;1;0.05
802;ger000252;ger;damoetas;unknown;Damötas;MALE;1;1;5;82;0;0;0;0;0.0;0.0;0.0;0.0;1.0;0.0;0.0;0.0;0.0;0.03;0.01;0.05;0.44;2;2;0.0
803;ger000252;ger;corydon amaryllis;unknown;UNKNOWN;u;1;1;1;1;0;0;0;0;0.0;0.0;0.0;0.0;1.0;0.0;0.0;0.0;0.0;0.03;0.0;0.0;0.56;0;1;0.0
804;ger000244;ger;arsene_porcia;unknown;Arsene/Porcia;FEMALE;5;13;48;321;0;0;0;0;0.32;0.17;0.14;0.29;0.08;0.0;0.0;0.0;0.0;0.42;0.18;0.18;0.78;1;2;0.14
805;ger000244;ger;phoenice;unknown;Phönice;FEMALE;2;3;9;34;0;0;0;0;0.44;0.0;0.0;0.0;0.56;0.0;0.0;0.0;0.0;0.1;0.03;0.02;0.22;0;0;0.0
806;ger000244;ger;cato;unknown;Cato;MALE;5;15;75;615;0;0;0;0;0.23;0.09;0.18;0.33;0.17;0.0;0.0;0.0;0.0;0.48;0.27;0.35;0.89;1;4;0.21
807;ger000244;ger;phokas;unknown;Phokas;MALE;4;8;16;85;0;0;0;0;0.53;0.11;0.0;0.04;0.33;0.0;0.0;0.0;0.0;0.26;0.06;0.05;0.67;2;3;0.1
808;ger000244;ger;artabanus;unknown;Artabanus;MALE;3;4;9;40;0;0;0;0;0.55;0.0;0.0;0.12;0.33;0.0;0.0;0.0;0.0;0.13;0.03;0.02;0.33;0;1;0.0
809;ger000244;ger;pharnaces;unknown;Pharnaces;MALE;3;7;28;190;0;0;0;0;0.48;0.41;0.12;0.0;0.0;0.0;0.0;0.0;0.0;0.23;0.1;0.11;0.56;1;2;0.05
810;ger000244;ger;felix;unknown;Felix;MALE;2;3;10;37;0;0;0;0;0.38;0.62;0.0;0.0;0.0;0.0;0.0;0.0;0.0;0.1;0.04;0.02;0.22;0;1;0.0
811;ger000244;ger;domitius;unknown;Domitius;MALE;3;5;17;77;0;0;0;0;0.0;0.52;0.18;0.3;0.0;0.0;0.0;0.0;0.0;0.16;0.06;0.04;0.56;0;2;0.01
812;ger000244;ger;porcius;unknown;Porcius;MALE;3;10;29;105;0;0;0;0;0.0;0.28;0.0;0.26;0.47;0.0;0.0;0.0;0.0;0.32;0.11;0.06;0.78;1;2;0.07
813;ger000244;ger;caesar;unknown;Cäsar;MALE;2;6;32;209;0;0;0;0;0.0;0.0;0.83;0.17;0.0;0.0;0.0;0.0;0.0;0.19;0.12;0.12;0.56;0;2;0.01
814;ger000220;ger;fraeulein_amalie;unknown;Fräulein Amalie;FEMALE;5;24;295;291;0;0;0;0;0.24;0.09;0.25;0.22;0.21;0.0;0.0;0.0;0.0;0.62;0.26;0.26;0.91;1;1;0.13
815;ger000220;ger;fraeulein_karoline;unknown;Fräulein Karoline;FEMALE;4;14;171;171;0;0;0;0;0.37;0.13;0.45;0.0;0.05;0.0;0.0;0.0;0.0;0.36;0.15;0.15;0.73;0;2;0.0
816;ger000220;ger;dr_hippokras;unknown;Dr. Hippokras;MALE;5;11;102;102;0;0;0;0;0.36;0.06;0.2;0.33;0.05;0.0;0.0;0.0;0.0;0.28;0.09;0.09;0.82;3;2;0.04
817;ger000220;ger;frau_von_tiefenborn;unknown;Frau von Tiefenborn;FEMALE;5;17;158;156;0;0;0;0;0.24;0.27;0.25;0.08;0.16;0.0;0.0;0.0;0.0;0.44;0.14;0.14;0.82;2;5;0.18
818;ger000220;ger;heinrich;unknown;Heinrich;MALE;2;3;4;4;0;0;0;0;0.25;0.75;0.0;0.0;0.0;0.0;0.0;0.0;0.0;0.08;0.0;0.0;0.09;1;0;0.0
819;ger000220;ger;herr_von_kaltenbrunn;unknown;Herr von Kaltenbrunn;MALE;4;14;135;134;0;0;0;0;0.0;0.25;0.25;0.33;0.17;0.0;0.0;0.0;0.0;0.36;0.12;0.12;0.82;1;1;0.04
820;ger000220;ger;herr_von_kreuzweg;unknown;Herr von Kreuzweg;MALE;2;9;47;47;0;0;0;0;0.0;0.34;0.0;0.0;0.66;0.0;0.0;0.0;0.0;0.23;0.04;0.04;0.73;1;2;0.0
821;ger000220;ger;landrat_von_ziegendorf;unknown;Landrat von Ziegendorf;MALE;3;10;76;76;0;0;0;0;0.0;0.49;0.07;0.0;0.45;0.0;0.0;0.0;0.0;0.26;0.07;0.07;0.82;2;3;0.07
822;ger000220;ger;kammerherr_von_ziegendorf;unknown;Kammerherr von Ziegendorf;MALE;1;3;58;58;0;0;0;0;0.0;0.0;0.0;1.0;0.0;0.0;0.0;0.0;0.0;0.08;0.05;0.05;0.27;0;1;0.0
823;ger000220;ger;herr_von_wagehals;unknown;Herr von Wagehals;MALE;2;3;42;42;0;0;0;0;0.0;0.0;0.0;0.88;0.12;0.0;0.0;0.0;0.0;0.08;0.04;0.04;0.73;2;3;0.0
824;ger000220;ger;ein_diener;unknown;Ein Diener;MALE;1;1;2;2;0;0;0;0;0.0;0.0;0.0;0.0;1.0;0.0;0.0;0.0;0.0;0.03;0.0;0.0;0.18;1;1;0.0
825;ger000220;ger;notarius;unknown;Notarius;MALE;1;1;28;28;0;0;0;0;0.0;0.0;0.0;0.0;1.0;0.0;0.0;0.0;0.0;0.03;0.03;0.03;0.73;2;5;0.0
826;ger000395;ger;herr_reinhart;unknown;Herr Reinhart;MALE;0;1;32;32;0;0;0;0;0.0;0.0;0.0;0.0;0.0;0.0;0.0;0.0;0.0;0.11;0.09;0.09;0.14;1;0;0.0
827;ger000395;ger;jungfer_lottchen;unknown;Jungfer Lottchen;FEMALE;0;7;80;80;0;0;0;0;0.0;0.0;0.0;0.0;0.0;0.0;0.0;0.0;0.0;0.78;0.22;0.21;0.86;0;1;0.32
828;ger000395;ger;der_junge_reinhart;unknown;Der junge Reinhart;MALE;0;7;79;79;0;0;0;0;0.0;0.0;0.0;0.0;0.0;0.0;0.0;0.0;0.0;0.78;0.21;0.21;0.86;0;2;0.08
829;ger000395;ger;herr_vielwitz;unknown;Herr Vielwitz;MALE;0;7;79;79;0;0;0;0;0.0;0.0;0.0;0.0;0.0;0.0;0.0;0.0;0.0;0.78;0.21;0.21;0.86;1;1;0.08
830;ger000395;ger;paul;unknown;Paul;MALE;0;1;1;1;0;0;0;0;0.0;0.0;0.0;0.0;0.0;0.0;0.0;0.0;0.0;0.11;0.0;0.0;0.43;1;2;0.0
831;ger000395;ger;herr_sinnreich;unknown;Herr Sinnreich;MALE;0;3;52;55;0;0;0;0;0.0;0.0;0.0;0.0;0.0;0.0;0.0;0.0;0.0;0.33;0.14;0.15;0.71;1;2;0.02
832;ger000395;ger;herr_jambus;unknown;Herr Jambus;MALE;0;3;44;44;0;0;0;0;0.0;0.0;0.0;0.0;0.0;0.0;0.0;0.0;0.0;0.33;0.12;0.12;0.71;1;1;0.02
833;ger000395;ger;herr_vielwitz herr_jambus herr_sinnreich;unknown;UNKNOWN;u;0;1;2;2;0;0;0;0;0.0;0.0;0.0;0.0;0.0;0.0;0.0;0.0;0.0;0.11;0.01;0.01;0.57;0;0;0.0
834;ger000462;ger;jungfer_luischen;unknown;Jungfer Luischen;FEMALE;4;13;120;120;0;0;0;0;0.31;0.5;0.07;0.0;0.12;0.0;0.0;0.0;0.0;0.33;0.12;0.11;0.56;1;4;0.02
835;ger000462;ger;cathrine;unknown;Cathrine;FEMALE;4;15;125;125;0;0;0;0;0.3;0.51;0.08;0.0;0.11;0.0;0.0;0.0;0.0;0.38;0.12;0.12;0.62;2;2;0.06
836;ger000462;ger;frau_glaubeleichtin;unknown;Frau Glaubeleichtin;FEMALE;5;23;230;242;0;0;0;0;0.23;0.1;0.12;0.4;0.14;0.0;0.0;0.0;0.0;0.57;0.23;0.23;1.0;6;5;0.39
837;ger000462;ger;jungfer_dorchen;unknown;Jungfer Dorchen;FEMALE;3;5;37;37;0;0;0;0;0.35;0.0;0.62;0.0;0.03;0.0;0.0;0.0;0.0;0.12;0.04;0.03;0.31;1;0;0.0
838;ger000462;ger;herr_wackermann;unknown;Herr Wackermann;MALE;4;10;124;146;0;0;0;0;0.25;0.0;0.05;0.23;0.47;0.0;0.0;0.0;0.0;0.25;0.12;0.14;0.62;4;4;0.05
839;ger000462;ger;herr_liebmann;unknown;Herr Liebmann;MALE;3;5;45;45;0;0;0;0;0.0;0.47;0.51;0.0;0.02;0.0;0.0;0.0;0.0;0.12;0.04;0.04;0.38;1;0;0.0
840;ger000462;ger;herr_scheinfromm;unknown;Herr Scheinfromm;MALE;4;13;141;141;0;0;0;0;0.0;0.39;0.08;0.23;0.3;0.0;0.0;0.0;0.0;0.33;0.14;0.13;0.69;4;2;0.1
841;ger000462;ger;frau_bettelsackin;unknown;Frau Bettelsackin;FEMALE;1;3;18;32;0;0;0;0;0.0;0.0;1.0;0.0;0.0;0.0;0.0;0.0;0.0;0.07;0.02;0.03;0.12;0;0;0.0
842;ger000462;ger;herr_von_muckersdorff;unknown;Herr von Muckersdorff;MALE;2;4;22;22;0;0;0;0;0.0;0.0;0.73;0.0;0.27;0.0;0.0;0.0;0.0;0.1;0.02;0.02;0.38;3;1;0.0
843;ger000462;ger;frau_zanckenheimin;unknown;Frau Zanckenheimin;FEMALE;1;6;50;50;0;0;0;0;0.0;0.0;0.0;1.0;0.0;0.0;0.0;0.0;0.0;0.15;0.05;0.05;0.44;1;0;0.02
844;ger000462;ger;frau_seuffzerin;unknown;Frau Seuffzerin;FEMALE;1;6;51;51;0;0;0;0;0.0;0.0;0.0;1.0;0.0;0.0;0.0;0.0;0.0;0.15;0.05;0.05;0.44;0;0;0.02
845;ger000462;ger;der_diener;unknown;Der Diener;MALE;1;1;2;2;0;0;0;0;0.0;0.0;0.0;1.0;0.0;0.0;0.0;0.0;0.0;0.03;0.0;0.0;0.12;1;1;0.0
846;ger000462;ger;frau_ehrlichen;unknown;Frau Ehrlichen;FEMALE;1;1;7;7;0;0;0;0;0.0;0.0;0.0;1.0;0.0;0.0;0.0;0.0;0.0;0.03;0.01;0.01;0.25;3;1;0.0
847;ger000462;ger;jacob;unknown;Jacob;MALE;1;1;5;5;0;0;0;0;0.0;0.0;0.0;1.0;0.0;0.0;0.0;0.0;0.0;0.03;0.0;0.0;0.19;2;0;0.0
848;ger000462;ger;herr_glaubeleicht;unknown;Herr Glaubeleicht;MALE;1;3;9;9;0;0;0;0;0.0;0.0;0.0;0.0;1.0;0.0;0.0;0.0;0.0;0.07;0.01;0.01;0.38;2;2;0.0
849;ger000462;ger;der_advocat;unknown;Der Advocat;MALE;1;2;15;15;0;0;0;0;0.0;0.0;0.0;0.0;1.0;0.0;0.0;0.0;0.0;0.05;0.01;0.01;0.38;0;0;0.0
850;ger000462;ger;frau_glaubeleichtin frau_zanckenheimin frau_seuffzerin;unknown;UNKNOWN;u;1;1;1;1;0;0;0;0;0.0;0.0;0.0;1.0;0.0;0.0;0.0;0.0;0.0;0.03;0.0;0.0;0.25;0;0;0.0
851;ger000625;ger;wilhelm;unknown;Wilhelm;MALE;0;15;129;128;0;0;0;0;0.0;0.0;0.0;0.0;0.0;0.0;0.0;0.0;0.0;1.0;0.43;0.42;1.0;0;2;0.38
852;ger000625;ger;sehkraft;unknown;Sehkraft;MALE;0;8;63;64;0;0;0;0;0.0;0.0;0.0;0.0;0.0;0.0;0.0;0.0;0.0;0.53;0.21;0.21;0.86;0;1;0.1
853;ger000625;ger;wilhelmine;unknown;Wilhelmine;FEMALE;0;5;33;33;0;0;0;0;0.0;0.0;0.0;0.0;0.0;0.0;0.0;0.0;0.0;0.33;0.11;0.11;0.71;0;2;0.0
854;ger000625;ger;blenkfeld;unknown;Blenkfeld;MALE;0;2;40;40;0;0;0;0;0.0;0.0;0.0;0.0;0.0;0.0;0.0;0.0;0.0;0.13;0.13;0.13;0.71;1;2;0.0
855;ger000625;ger;ein_bedienter;unknown;Ein Bedienter;MALE;0;2;3;2;0;0;0;0;0.0;0.0;0.0;0.0;0.0;0.0;0.0;0.0;0.0;0.13;0.01;0.01;0.29;0;0;0.0
856;ger000625;ger;millwiz;unknown;Millwiz;MALE;0;1;28;28;0;0;0;0;0.0;0.0;0.0;0.0;0.0;0.0;0.0;0.0;0.0;0.07;0.09;0.09;0.14;0;1;0.0
857;ger000625;ger;blenkfeld wilhelmine;unknown;UNKNOWN;u;0;1;1;1;0;0;0;0;0.0;0.0;0.0;0.0;0.0;0.0;0.0;0.0;0.0;0.07;0.0;0.0;0.71;0;0;0.0
858;ger000628;ger;gioconda;unknown;Gioconda;FEMALE;3;16;92;92;0;0;0;0;0.28;0.5;0.22;0.0;0.0;0.0;0.0;0.0;0.0;0.52;0.28;0.28;0.62;1;0;0.09
859;ger000628;ger;laurette;unknown;Laurette;FEMALE;2;4;14;11;0;0;0;0;0.55;0.45;0.0;0.0;0.0;0.0;0.0;0.0;0.0;0.13;0.04;0.03;0.25;0;1;0.0
860;ger000628;ger;cotaldi;unknown;Cotaldi;MALE;3;12;83;81;0;0;0;0;0.27;0.4;0.33;0.0;0.0;0.0;0.0;0.0;0.0;0.39;0.25;0.25;0.75;2;1;0.21
861;ger000628;ger;antonio;unknown;Antonio;MALE;3;8;42;39;0;0;0;0;0.28;0.33;0.38;0.0;0.0;0.0;0.0;0.0;0.0;0.26;0.13;0.12;0.5;2;1;0.0
862;ger000628;ger;gianetta;unknown;Gianetta;FEMALE;3;10;41;40;0;0;0;0;0.42;0.35;0.23;0.0;0.0;0.0;0.0;0.0;0.0;0.32;0.12;0.12;0.75;1;0;0.43
863;ger000628;ger;montano;unknown;Montano;MALE;3;9;47;47;0;0;0;0;0.21;0.64;0.15;0.0;0.0;0.0;0.0;0.0;0.0;0.29;0.14;0.14;0.62;2;1;0.09
864;ger000628;ger;pietro;unknown;Pietro;MALE;3;3;7;6;0;0;0;0;0.5;0.33;0.17;0.0;0.0;0.0;0.0;0.0;0.0;0.1;0.02;0.02;0.25;0;2;0.0
865;ger000628;ger;arzt;unknown;Arzt;MALE;1;1;3;3;0;0;0;0;0.0;0.0;1.0;0.0;0.0;0.0;0.0;0.0;0.0;0.03;0.01;0.01;0.25;1;0;0.0
866;ger000628;ger;montano antonio;unknown;UNKNOWN;u;1;1;1;1;0;0;0;0;0.0;0.0;1.0;0.0;0.0;0.0;0.0;0.0;0.0;0.03;0.0;0.0;0.25;0;0;0.0
867;ger000655;ger;kasper;unknown;Kasper;MALE;1;2;10;10;0;0;0;0;1.0;0.0;0.0;0.0;0.0;0.0;0.0;0.0;0.0;0.18;0.04;0.03;0.6;0;6;0.01
868;ger000655;ger;klaus;unknown;Klaus;MALE;1;2;15;15;0;0;0;0;1.0;0.0;0.0;0.0;0.0;0.0;0.0;0.0;0.0;0.18;0.05;0.05;0.6;0;5;0.01
869;ger000655;ger;guerge;unknown;Gürge;MALE;1;1;12;12;0;0;0;0;1.0;0.0;0.0;0.0;0.0;0.0;0.0;0.0;0.0;0.09;0.04;0.04;0.53;0;4;0.0
870;ger000655;ger;michel;unknown;Michel;MALE;1;2;9;9;0;0;0;0;1.0;0.0;0.0;0.0;0.0;0.0;0.0;0.0;0.0;0.18;0.03;0.03;0.6;0;3;0.01
871;ger000655;ger;hans;unknown;Hans;MALE;1;1;4;4;0;0;0;0;1.0;0.0;0.0;0.0;0.0;0.0;0.0;0.0;0.0;0.09;0.01;0.01;0.53;0;2;0.0
872;ger000655;ger;steffen;unknown;Steffen;MALE;1;1;2;2;0;0;0;0;1.0;0.0;0.0;0.0;0.0;0.0;0.0;0.0;0.0;0.09;0.01;0.01;0.53;0;1;0.0
873;ger000655;ger;wirth;unknown;Wirth;MALE;1;2;8;8;0;0;0;0;1.0;0.0;0.0;0.0;0.0;0.0;0.0;0.0;0.0;0.18;0.03;0.03;0.6;0;0;0.01
874;ger000655;ger;willner;unknown;Willner;MALE;1;1;8;8;0;0;0;0;1.0;0.0;0.0;0.0;0.0;0.0;0.0;0.0;0.0;0.09;0.03;0.03;0.27;0;4;0.0
875;ger000655;ger;henriette;unknown;Henriette;FEMALE;1;1;11;11;0;0;0;0;1.0;0.0;0.0;0.0;0.0;0.0;0.0;0.0;0.0;0.09;0.04;0.04;0.07;1;0;0.0
876;ger000655;ger;louise;unknown;Louise;FEMALE;1;3;46;65;0;0;0;0;1.0;0.0;0.0;0.0;0.0;0.0;0.0;0.0;0.0;0.27;0.17;0.22;0.2;0;1;0.03
877;ger000655;ger;peter;unknown;Peter;MALE;1;1;3;3;0;0;0;0;1.0;0.0;0.0;0.0;0.0;0.0;0.0;0.0;0.0;0.09;0.01;0.01;0.07;1;0;0.0
878;ger000655;ger;jakob;unknown;Jakob;MALE;1;1;32;31;0;0;0;0;1.0;0.0;0.0;0.0;0.0;0.0;0.0;0.0;0.0;0.09;0.12;0.1;0.07;0;0;0.0
879;ger000655;ger;klaus kasper michel;unknown;UNKNOWN;u;1;1;4;4;0;0;0;0;1.0;0.0;0.0;0.0;0.0;0.0;0.0;0.0;0.0;0.09;0.01;0.01;0.53;0;4;0.0
880;ger000655;ger;guerge klaus kasper;unknown;UNKNOWN;u;1;1;1;1;0;0;0;0;1.0;0.0;0.0;0.0;0.0;0.0;0.0;0.0;0.0;0.09;0.0;0.0;0.53;0;1;0.0
881;ger000546;ger;trabanten;unknown;Trabanten;MALE;3;4;20;35;0;0;0;0;0.26;0.09;0.66;0.0;0.0;0.0;0.0;0.0;0.0;0.17;0.03;0.01;0.16;0;3;0.01
882;ger000546;ger;reyen_der_hoeflinge;unknown;Reyen der Höflinge;MALE;3;3;3;125;0;0;0;0;0.37;0.45;0.18;0.0;0.0;0.0;0.0;0.0;0.0;0.13;0.0;0.04;0.18;0;0;0.0
883;ger000546;ger;richter;unknown;Richter;MALE;1;1;1;1;0;0;0;0;0.0;1.0;0.0;0.0;0.0;0.0;0.0;0.0;0.0;0.04;0.0;0.0;0.26;0;0;0.0
884;ger000546;ger;reyen_der_spielleute_und_saenger;unknown;Reyen der Spielleute und Sänger;MALE;1;1;1;32;0;0;0;0;0.0;0.0;1.0;0.0;0.0;0.0;0.0;0.0;0.0;0.04;0.0;0.01;0.05;0;0;0.0
885;ger000546;ger;jungfrauen;unknown;Jungfrauen;FEMALE;1;1;2;16;0;0;0;0;0.0;0.0;0.0;1.0;0.0;0.0;0.0;0.0;0.0;0.04;0.0;0.01;0.24;0;1;0.0
886;ger000546;ger;priester;unknown;Priester;MALE;2;2;18;68;0;0;0;0;0.0;0.0;0.0;0.24;0.76;0.0;0.0;0.0;0.0;0.09;0.03;0.02;0.34;0;1;0.05
887;ger000546;ger;michael;unknown;Michael;MALE;4;8;126;535;0;0;0;0;0.35;0.37;0.18;0.0;0.1;0.0;0.0;0.0;0.0;0.35;0.17;0.19;0.58;1;17;0.47
888;ger000546;ger;crambe;unknown;Crambe;MALE;2;3;37;81;0;0;0;0;0.16;0.0;0.0;0.84;0.0;0.0;0.0;0.0;0.0;0.13;0.05;0.03;0.29;1;8;0.09
889;ger000546;ger;erster_verschworener;unknown;Erster Verschworener;MALE;3;5;28;102;0;0;0;0;0.25;0.0;0.0;0.45;0.29;0.0;0.0;0.0;0.0;0.22;0.04;0.04;0.34;2;6;0.12
890;ger000546;ger;zweiter_verschworener;unknown;Zweiter Verschworener;MALE;3;5;29;134;0;0;0;0;0.36;0.0;0.0;0.49;0.16;0.0;0.0;0.0;0.0;0.22;0.04;0.05;0.32;2;5;0.1
891;ger000546;ger;leo;unknown;Leo;MALE;3;11;95;461;0;0;0;0;0.13;0.51;0.36;0.0;0.0;0.0;0.0;0.0;0.0;0.48;0.13;0.17;0.53;0;17;0.18
892;ger000546;ger;exabolius;unknown;Exabolius;MALE;2;5;55;196;0;0;0;0;0.84;0.0;0.16;0.0;0.0;0.0;0.0;0.0;0.0;0.22;0.08;0.07;0.13;0;2;0.0
893;ger000546;ger;nicander;unknown;Nicander;MALE;2;4;34;83;0;0;0;0;0.54;0.0;0.46;0.0;0.0;0.0;0.0;0.0;0.0;0.17;0.05;0.03;0.13;0;3;0.0
894;ger000546;ger;erster_richter;unknown;Erster Richter;MALE;1;3;17;61;0;0;0;0;0.0;1.0;0.0;0.0;0.0;0.0;0.0;0.0;0.0;0.13;0.02;0.02;0.32;0;10;0.0
895;ger000546;ger;zweiter_richter;unknown;Zweiter Richter;MALE;1;3;9;29;0;0;0;0;0.0;1.0;0.0;0.0;0.0;0.0;0.0;0.0;0.0;0.13;0.01;0.01;0.32;0;9;0.0
896;ger000546;ger;dritter_richter;unknown;Dritter Richter;MALE;1;3;9;28;0;0;0;0;0.0;1.0;0.0;0.0;0.0;0.0;0.0;0.0;0.0;0.13;0.01;0.01;0.32;0;8;0.0
897;ger000546;ger;vierter_richter;unknown;Vierter Richter;MALE;1;3;10;14;0;0;0;0;0.0;1.0;0.0;0.0;0.0;0.0;0.0;0.0;0.0;0.13;0.01;0.01;0.32;0;7;0.0
898;ger000546;ger;fuenfter_richter;unknown;Fünfter Richter;MALE;1;2;6;7;0;0;0;0;0.0;1.0;0.0;0.0;0.0;0.0;0.0;0.0;0.0;0.09;0.01;0.0;0.32;0;6;0.0
899;ger000546;ger;sechster_richter;unknown;Sechster Richter;MALE;1;2;5;10;0;0;0;0;0.0;1.0;0.0;0.0;0.0;0.0;0.0;0.0;0.0;0.09;0.01;0.0;0.32;0;5;0.0
900;ger000546;ger;siebenter_richter;unknown;Siebenter Richter;MALE;1;3;5;9;0;0;0;0;0.0;1.0;0.0;0.0;0.0;0.0;0.0;0.0;0.0;0.13;0.01;0.0;0.32;0;4;0.0
901;ger000546;ger;achter_richter;unknown;Achter Richter;MALE;1;2;4;7;0;0;0;0;0.0;1.0;0.0;0.0;0.0;0.0;0.0;0.0;0.0;0.09;0.01;0.0;0.32;0;3;0.0
902;ger000546;ger;neunter_richter;unknown;Neunter Richter;MALE;1;2;4;12;0;0;0;0;0.0;1.0;0.0;0.0;0.0;0.0;0.0;0.0;0.0;0.09;0.01;0.0;0.32;0;2;0.0
903;ger000546;ger;zehnter_richter;unknown;Zehnter Richter;MALE;1;1;1;1;0;0;0;0;0.0;1.0;0.0;0.0;0.0;0.0;0.0;0.0;0.0;0.04;0.0;0.0;0.29;0;0;0.0
904;ger000546;ger;theodosia;unknown;Theodosia;FEMALE;2;4;90;317;0;0;0;0;0.0;0.16;0.0;0.0;0.84;0.0;0.0;0.0;0.0;0.17;0.12;0.11;0.24;1;4;0.14
905;ger000546;ger;papias;unknown;Papias;MALE;1;2;30;35;0;0;0;0;0.0;0.0;1.0;0.0;0.0;0.0;0.0;0.0;0.0;0.09;0.04;0.01;0.13;0;4;0.01
906;ger000546;ger;tarasii_geist;unknown;Tarasii Geist;MALE;1;1;1;27;0;0;0;0;0.0;0.0;1.0;0.0;0.0;0.0;0.0;0.0;0.0;0.04;0.0;0.01;0.05;0;2;0.0
907;ger000546;ger;waechter;unknown;Wächter;MALE;1;1;10;14;0;0;0;0;0.0;0.0;1.0;0.0;0.0;0.0;0.0;0.0;0.0;0.04;0.01;0.01;0.08;0;1;0.0
908;ger000546;ger;dritter_verschworener;unknown;Dritter Verschworener;MALE;1;4;19;47;0;0;0;0;0.0;0.0;0.0;1.0;0.0;0.0;0.0;0.0;0.0;0.17;0.03;0.02;0.32;1;3;0.1
909;ger000546;ger;jamblichius;unknown;Jamblichius;MALE;1;1;10;125;0;0;0;0;0.0;0.0;0.0;1.0;0.0;0.0;0.0;0.0;0.0;0.04;0.01;0.04;0.05;0;2;0.0
910;ger000546;ger;der_geist;unknown;Der Geist;MALE;1;1;1;4;0;0;0;0;0.0;0.0;0.0;1.0;0.0;0.0;0.0;0.0;0.0;0.04;0.0;0.0;0.05;0;0;0.0
911;ger000546;ger;vierter_verschworener;unknown;Vierter Verschworener;MALE;1;2;11;21;0;0;0;0;0.0;0.0;0.0;1.0;0.0;0.0;0.0;0.0;0.0;0.09;0.02;0.01;0.26;1;7;0.0
912;ger000546;ger;diener;unknown;Diener;MALE;1;1;5;6;0;0;0;0;0.0;0.0;0.0;1.0;0.0;0.0;0.0;0.0;0.0;0.04;0.01;0.0;0.16;0;2;0.0
913;ger000546;ger;sechster_verschworener;unknown;Sechster Verschworener;MALE;1;2;3;7;0;0;0;0;0.0;0.0;0.0;1.0;0.0;0.0;0.0;0.0;0.0;0.09;0.0;0.0;0.26;1;3;0.0
914;ger000546;ger;fuenfter_verschworener;unknown;Fünfter Verschworener;MALE;1;1;4;24;0;0;0;0;0.0;0.0;0.0;1.0;0.0;0.0;0.0;0.0;0.0;0.04;0.01;0.01;0.24;1;1;0.0
915;ger000546;ger;phronesis;unknown;Phronesis;FEMALE;1;1;9;14;0;0;0;0;0.0;0.0;0.0;0.0;1.0;0.0;0.0;0.0;0.0;0.04;0.01;0.01;0.11;0;3;0.0
916;ger000546;ger;oberster_priester;unknown;Oberster Priester;MALE;1;1;2;2;0;0;0;0;0.0;0.0;0.0;0.0;1.0;0.0;0.0;0.0;0.0;0.04;0.0;0.0;0.11;0;2;0.0
917;ger000546;ger;bothe;unknown;Bothe;MALE;1;1;3;56;0;0;0;0;0.0;0.0;0.0;0.0;1.0;0.0;0.0;0.0;0.0;0.04;0.0;0.02;0.11;0;0;0.0
918;ger000546;ger;priester jungfrauen;unknown;UNKNOWN;u;1;1;2;12;0;0;0;0;0.0;0.0;0.0;1.0;0.0;0.0;0.0;0.0;0.0;0.04;0.0;0.0;0.24;0;0;0.0
919;ger000546;ger;erster_verschworener zweiter_verschworener dritter_verschworener vierter_verschworener fuenfter_verschworener sechster_verschworener;unknown;UNKNOWN;u;1;1;1;1;0;0;0;0;0.0;0.0;0.0;0.0;1.0;0.0;0.0;0.0;0.0;0.04;0.0;0.0;0.08;0;0;0.0
920;ger000552;ger;flavia;unknown;Flavia;FEMALE;1;2;34;50;0;0;0;0;1.0;0.0;0.0;0.0;0.0;0.0;0.0;0.0;0.0;1.0;0.04;0.03;0.15;0;2;0.0
921;ger000552;ger;fabricius;unknown;Fabricius;MALE;1;2;43;55;0;0;0;0;1.0;0.0;0.0;0.0;0.0;0.0;0.0;0.0;0.0;1.0;0.05;0.04;0.15;0;2;0.0
922;ger000552;ger;sulpicius;unknown;Sulpicius;MALE;1;1;31;67;0;0;0;0;1.0;0.0;0.0;0.0;0.0;0.0;0.0;0.0;0.0;0.5;0.04;0.05;0.15;1;1;0.0
923;ger000552;ger;levin;unknown;Levin;MALE;1;1;13;29;0;0;0;0;1.0;0.0;0.0;0.0;0.0;0.0;0.0;0.0;0.0;0.5;0.02;0.02;0.15;0;0;0.0
924;ger000005;ger;valere;unknown;Valere;MALE;3;11;94;94;0;0;0;0;0.47;0.28;0.26;0.0;0.0;0.0;0.0;0.0;0.0;0.26;0.16;0.16;0.89;2;2;0.0
925;ger000005;ger;hanswurst;unknown;Hanswurst;MALE;3;20;116;116;0;0;0;0;0.28;0.47;0.26;0.0;0.0;0.0;0.0;0.0;0.0;0.47;0.19;0.19;1.0;1;0;0.06
926;ger000005;ger;hausmeister;unknown;Hausmeister;MALE;3;12;55;55;0;0;0;0;0.36;0.29;0.35;0.0;0.0;0.0;0.0;0.0;0.0;0.28;0.09;0.09;1.0;2;3;0.06
927;ger000005;ger;friseur;unknown;Friseur;MALE;3;9;28;28;0;0;0;0;0.5;0.32;0.18;0.0;0.0;0.0;0.0;0.0;0.0;0.21;0.05;0.05;0.89;0;3;0.0
928;ger000005;ger;lisette;unknown;Lisette;FEMALE;3;10;69;69;0;0;0;0;0.14;0.49;0.36;0.0;0.0;0.0;0.0;0.0;0.0;0.23;0.12;0.12;0.89;1;3;0.0
929;ger000005;ger;henriette;unknown;Henriette;FEMALE;3;12;51;51;0;0;0;0;0.22;0.35;0.43;0.0;0.0;0.0;0.0;0.0;0.0;0.28;0.09;0.09;0.89;0;2;0.0
930;ger000005;ger;hasenkopf;unknown;Herr von Hasenkopf;MALE;3;14;113;113;0;0;0;0;0.28;0.2;0.51;0.0;0.0;0.0;0.0;0.0;0.0;0.33;0.19;0.19;1.0;0;4;0.06
931;ger000005;ger;heinzenfeld;unknown;Heinzenfeld;MALE;3;8;30;30;0;0;0;0;0.37;0.23;0.4;0.0;0.0;0.0;0.0;0.0;0.0;0.19;0.05;0.05;0.89;2;4;0.0
932;ger000005;ger;alcantor;unknown;Alcantor;MALE;3;11;40;40;0;0;0;0;0.5;0.15;0.35;0.0;0.0;0.0;0.0;0.0;0.0;0.26;0.07;0.07;0.89;2;5;0.0
933;ger000005;ger;hasenkopf hausmeister;unknown;UNKNOWN;u;1;1;1;1;0;0;0;0;0.0;0.0;1.0;0.0;0.0;0.0;0.0;0.0;0.0;0.02;0.0;0.0;0.33;0;0;0.0
934;ger000681;ger;sultel;unknown;Sultel;MALE;1;2;14;52;0;0;0;0;1.0;0.0;0.0;0.0;0.0;0.0;0.0;0.0;0.0;0.67;0.07;0.1;1.0;0;3;0.01
935;ger000681;ger;stixel;unknown;Stixel;MALE;1;2;14;55;0;0;0;0;1.0;0.0;0.0;0.0;0.0;0.0;0.0;0.0;0.0;0.67;0.07;0.11;1.0;0;1;0.01
936;ger000681;ger;fidel;unknown;Fidel;MALE;1;2;6;39;0;0;0;0;1.0;0.0;0.0;0.0;0.0;0.0;0.0;0.0;0.0;0.67;0.03;0.08;1.0;0;4;0.01
937;ger000681;ger;melack;unknown;Melack;MALE;1;2;7;72;0;0;0;0;1.0;0.0;0.0;0.0;0.0;0.0;0.0;0.0;0.0;0.67;0.04;0.14;1.0;0;2;0.01
938;ger000681;ger;melambus;unknown;Melambus;MALE;1;2;7;39;0;0;0;0;1.0;0.0;0.0;0.0;0.0;0.0;0.0;0.0;0.0;0.67;0.04;0.08;1.0;0;0;0.01
939;ger000681;ger;impressario;unknown;Impressario;MALE;1;2;76;171;0;0;0;0;1.0;0.0;0.0;0.0;0.0;0.0;0.0;0.0;0.0;0.67;0.4;0.34;1.0;0;6;0.01
940;ger000681;ger;buergermeister;unknown;Bürgermeister;MALE;1;2;55;55;0;0;0;0;1.0;0.0;0.0;0.0;0.0;0.0;0.0;0.0;0.0;0.67;0.29;0.11;0.86;0;5;0.0
941;ger000681;ger;sultel stixel fidel melack melambus;unknown;UNKNOWN;u;1;1;10;21;0;0;0;0;1.0;0.0;0.0;0.0;0.0;0.0;0.0;0.0;0.0;0.33;0.05;0.04;0.86;0;6;0.0
942;ger000002;ger;leander;unknown;Leander;MALE;3;9;62;75;0;0;0;0;0.67;0.07;0.27;0.0;0.0;0.0;0.0;0.0;0.0;0.23;0.1;0.09;0.62;0;4;0.0
943;ger000002;ger;hanswurst;unknown;Hanswurst;MALE;3;17;129;180;0;0;0;0;0.37;0.38;0.25;0.0;0.0;0.0;0.0;0.0;0.0;0.42;0.21;0.22;0.85;1;1;0.03
944;ger000002;ger;odoardo;unknown;Odoardo;MALE;3;21;150;156;0;0;0;0;0.33;0.44;0.23;0.0;0.0;0.0;0.0;0.0;0.0;0.53;0.25;0.19;1.0;2;3;0.11
945;ger000002;ger;riepel;unknown;Riepel;MALE;3;11;49;65;0;0;0;0;0.12;0.54;0.34;0.0;0.0;0.0;0.0;0.0;0.0;0.28;0.08;0.08;1.0;3;2;0.11
946;ger000002;ger;angela;unknown;Angela;FEMALE;3;14;55;69;0;0;0;0;0.19;0.35;0.46;0.0;0.0;0.0;0.0;0.0;0.0;0.35;0.09;0.08;0.62;2;1;0.0
947;ger000002;ger;colombina;unknown;Colombina;FEMALE;3;12;48;55;0;0;0;0;0.25;0.33;0.42;0.0;0.0;0.0;0.0;0.0;0.0;0.3;0.08;0.07;0.62;1;2;0.0
948;ger000002;ger;anselmo;unknown;Anselmo;MALE;3;12;50;51;0;0;0;0;0.18;0.67;0.16;0.0;0.0;0.0;0.0;0.0;0.0;0.3;0.08;0.06;1.0;2;2;0.11
949;ger000002;ger;maegera;unknown;Mägera;FEMALE;3;8;44;160;0;0;0;0;0.41;0.06;0.53;0.0;0.0;0.0;0.0;0.0;0.0;0.2;0.07;0.19;0.62;0;4;0.0
950;ger000002;ger;richter;unknown;Richter;MALE;1;2;5;5;0;0;0;0;0.0;0.0;1.0;0.0;0.0;0.0;0.0;0.0;0.0;0.05;0.01;0.01;0.31;0;3;0.0
951;ger000002;ger;schullmeister;unknown;Schullmeister;MALE;1;2;5;5;0;0;0;0;0.0;0.0;1.0;0.0;0.0;0.0;0.0;0.0;0.0;0.05;0.01;0.01;0.31;0;2;0.0
952;ger000002;ger;maegera angela colombina leander;unknown;UNKNOWN;u;1;1;3;6;0;0;0;0;0.0;1.0;0.0;0.0;0.0;0.0;0.0;0.0;0.0;0.03;0.0;0.01;0.54;0;0;0.0
953;ger000002;ger;odoardo anselmo riepel;unknown;UNKNOWN;u;2;2;2;2;0;0;0;0;0.0;0.5;0.5;0.0;0.0;0.0;0.0;0.0;0.0;0.05;0.0;0.0;0.85;0;0;0.03
954;ger000002;ger;anselmo odoardo riepel;unknown;UNKNOWN;u;1;1;1;1;0;0;0;0;0.0;1.0;0.0;0.0;0.0;0.0;0.0;0.0;0.0;0.03;0.0;0.0;0.54;0;0;0.0
955;ger000002;ger;hanswurst maegera angela colombina leander;unknown;UNKNOWN;u;1;1;1;4;0;0;0;0;0.0;1.0;0.0;0.0;0.0;0.0;0.0;0.0;0.0;0.03;0.0;0.0;0.54;0;0;0.0
956;ger000684;ger;die_ritter;unknown;Die Ritter;MALE;1;2;3;3;0;0;0;0;0.0;0.0;0.0;1.0;0.0;0.0;0.0;0.0;0.0;0.03;0.0;0.0;0.26;0;2;0.0
957;ger000684;ger;die_richter;unknown;Die Richter;MALE;1;3;5;5;0;0;0;0;0.0;0.0;0.0;1.0;0.0;0.0;0.0;0.0;0.0;0.05;0.01;0.01;0.26;0;2;0.0
958;ger000684;ger;alle;unknown;Alle (IV/8–10);MALE;1;2;7;7;0;0;0;0;0.0;0.0;0.0;1.0;0.0;0.0;0.0;0.0;0.0;0.03;0.01;0.01;0.26;1;4;0.0
959;ger000684;ger;ludwig;unknown;Ludwig;MALE;4;28;241;246;0;0;0;0;0.28;0.4;0.24;0.0;0.08;0.0;0.0;0.0;0.0;0.48;0.27;0.28;0.7;1;5;0.18
960;ger000684;ger;reinhard;unknown;Reinhard;MALE;3;10;81;81;0;0;0;0;0.65;0.0;0.32;0.0;0.02;0.0;0.0;0.0;0.0;0.17;0.09;0.09;0.43;1;3;0.05
961;ger000684;ger;pfaffe;unknown;Pfaffe;MALE;2;4;12;16;0;0;0;0;0.44;0.56;0.0;0.0;0.0;0.0;0.0;0.0;0.0;0.07;0.01;0.02;0.22;0;4;0.0
962;ger000684;ger;gerhard;unknown;Gerhard;MALE;4;15;92;90;0;0;0;0;0.34;0.28;0.36;0.0;0.02;0.0;0.0;0.0;0.0;0.26;0.1;0.1;0.57;1;3;0.1
963;ger000684;ger;abt;unknown;Abt;MALE;2;7;30;28;0;0;0;0;0.0;0.86;0.0;0.14;0.0;0.0;0.0;0.0;0.0;0.12;0.03;0.03;0.3;1;3;0.0
964;ger000684;ger;friedrich;unknown;Friedrich;MALE;3;24;158;152;0;0;0;0;0.0;0.49;0.0;0.43;0.07;0.0;0.0;0.0;0.0;0.41;0.18;0.17;0.7;1;8;0.15
965;ger000684;ger;adelheid;unknown;Adelheid;FEMALE;3;14;84;82;0;0;0;0;0.0;0.63;0.0;0.37;0.0;0.0;0.0;0.0;0.0;0.24;0.09;0.09;0.61;0;3;0.1
966;ger000684;ger;konrad;unknown;Konrad;MALE;3;9;45;44;0;0;0;0;0.0;0.14;0.0;0.34;0.52;0.0;0.0;0.0;0.0;0.16;0.05;0.05;0.78;1;8;0.25
967;ger000684;ger;kerkermeister;unknown;Kerkermeister;MALE;2;5;9;5;0;0;0;0;0.0;0.8;0.0;0.2;0.0;0.0;0.0;0.0;0.0;0.09;0.01;0.01;0.22;1;3;0.0
968;ger000684;ger;erster_waechter;unknown;Erster Wächter;MALE;1;6;34;34;0;0;0;0;0.0;0.0;1.0;0.0;0.0;0.0;0.0;0.0;0.0;0.1;0.04;0.04;0.26;0;2;0.0
969;ger000684;ger;zweiter_waechter;unknown;Zweiter Wächter;MALE;1;5;26;25;0;0;0;0;0.0;0.0;1.0;0.0;0.0;0.0;0.0;0.0;0.0;0.09;0.03;0.03;0.26;0;1;0.0
970;ger000684;ger;wilhelm;unknown;Wilhelm;MALE;2;3;12;11;0;0;0;0;0.0;0.0;0.73;0.0;0.27;0.0;0.0;0.0;0.0;0.05;0.01;0.01;0.22;0;1;0.0
971;ger000684;ger;erster_richter;unknown;Erster Richter;MALE;1;4;13;11;0;0;0;0;0.0;0.0;0.0;1.0;0.0;0.0;0.0;0.0;0.0;0.07;0.01;0.01;0.3;1;2;0.0
972;ger000684;ger;heerold;unknown;Heerold;MALE;2;4;11;9;0;0;0;0;0.0;0.0;0.0;0.89;0.11;0.0;0.0;0.0;0.0;0.07;0.01;0.01;0.22;0;2;0.0
973;ger000684;ger;sasso;unknown;Sasso;MALE;1;3;21;21;0;0;0;0;0.0;0.0;0.0;0.0;1.0;0.0;0.0;0.0;0.0;0.05;0.02;0.02;0.04;0;0;0.0
974;ger000705;ger;karlchen;unknown;Karlchen;MALE;3;10;29;28;0;0;0;0;0.71;0.25;0.04;0.0;0.0;0.0;0.0;0.0;0.0;0.17;0.04;0.04;0.57;2;2;0.01
975;ger000705;ger;kaspar;unknown;Kaspar Puff;MALE;3;24;141;136;0;0;0;0;0.57;0.29;0.15;0.0;0.0;0.0;0.0;0.0;0.0;0.4;0.18;0.18;0.86;1;3;0.13
976;ger000705;ger;brandheim;unknown;Gräfin Brandheim;FEMALE;3;8;38;37;0;0;0;0;0.35;0.35;0.3;0.0;0.0;0.0;0.0;0.0;0.0;0.13;0.05;0.05;0.5;1;2;0.01
977;ger000705;ger;karl;unknown;Karl;MALE;3;32;150;150;0;0;0;0;0.29;0.38;0.33;0.0;0.0;0.0;0.0;0.0;0.0;0.53;0.2;0.2;0.79;1;3;0.05
978;ger000705;ger;kluger;unknown;Kluger;MALE;2;10;69;69;0;0;0;0;0.75;0.0;0.25;0.0;0.0;0.0;0.0;0.0;0.0;0.17;0.09;0.09;0.5;0;3;0.01
979;ger000705;ger;susanna;unknown;Susanna;FEMALE;3;10;66;66;0;0;0;0;0.35;0.55;0.11;0.0;0.0;0.0;0.0;0.0;0.0;0.17;0.09;0.09;0.57;1;5;0.02
980;ger000705;ger;bolla;unknown;Graf Bolla;MALE;3;12;58;58;0;0;0;0;0.26;0.36;0.38;0.0;0.0;0.0;0.0;0.0;0.0;0.2;0.08;0.08;0.71;2;3;0.04
981;ger000705;ger;wilhelm;unknown;Wilhelm;MALE;3;16;92;92;0;0;0;0;0.28;0.35;0.37;0.0;0.0;0.0;0.0;0.0;0.0;0.27;0.12;0.12;0.86;1;5;0.18
982;ger000705;ger;walter;unknown;Baron Walter;MALE;3;9;41;41;0;0;0;0;0.07;0.61;0.32;0.0;0.0;0.0;0.0;0.0;0.0;0.15;0.05;0.05;0.64;1;2;0.07
983;ger000705;ger;antonia;unknown;Antonia;FEMALE;3;16;66;66;0;0;0;0;0.38;0.48;0.14;0.0;0.0;0.0;0.0;0.0;0.0;0.27;0.09;0.09;0.71;0;2;0.04
984;ger000705;ger;korporal;unknown;Korporal;MALE;1;3;12;11;0;0;0;0;1.0;0.0;0.0;0.0;0.0;0.0;0.0;0.0;0.0;0.05;0.02;0.01;0.21;1;2;0.0
985;ger000705;ger;erster_bandit;unknown;Erster Bandit;MALE;1;1;1;1;0;0;0;0;0.0;0.0;1.0;0.0;0.0;0.0;0.0;0.0;0.0;0.02;0.0;0.0;0.14;0;0;0.0
986;ger000705;ger;karl antonia;unknown;UNKNOWN;u;1;1;1;1;0;0;0;0;0.0;1.0;0.0;0.0;0.0;0.0;0.0;0.0;0.0;0.02;0.0;0.0;0.36;0;0;0.0
987;ger000705;ger;wilhelm walter;unknown;UNKNOWN;u;1;1;1;1;0;0;0;0;0.0;0.0;1.0;0.0;0.0;0.0;0.0;0.0;0.0;0.02;0.0;0.0;0.21;0;0;0.0
988;ger000705;ger;antonia karl;unknown;UNKNOWN;u;1;1;1;1;0;0;0;0;0.0;0.0;1.0;0.0;0.0;0.0;0.0;0.0;0.0;0.02;0.0;0.0;0.36;0;0;0.0
989;ger000111;ger;fuerchterlicher_chor_geister-chor;unknown;Fürchterlicher Chor/Geister-Chor (II/15);UNKNOWN;1;1;3;11;0;0;0;0;0.0;1.0;0.0;0.0;0.0;0.0;0.0;0.0;0.0;0.02;0.0;0.01;0.09;0;0;0.0
990;ger000111;ger;geister_mit_pritschen_chor;unknown;Geister mit Pritschen (Chor, III/9);UNKNOWN;1;1;1;5;0;0;0;0;0.0;0.0;1.0;0.0;0.0;0.0;0.0;0.0;0.0;0.02;0.0;0.01;0.05;0;0;0.0
991;ger000111;ger;knechte_des_ritter_boodsheim;unknown;Knechte des Ritter Boodsheim;MALE;1;1;1;1;0;0;0;0;0.0;0.0;1.0;0.0;0.0;0.0;0.0;0.0;0.0;0.02;0.0;0.0;0.18;0;2;0.0
992;ger000111;ger;eine_dumpfe_majestaetische_harmonie;unknown;Eine dumpfe, majestätische Harmonie;UNKNOWN;1;1;2;8;0;0;0;0;0.0;0.0;1.0;0.0;0.0;0.0;0.0;0.0;0.0;0.02;0.0;0.01;0.18;0;2;0.0
993;ger000111;ger;alle_publikum_des_kampfes;unknown;Alle (Publikum des Kampfes, III/17);UNKNOWN;1;1;2;2;0;0;0;0;0.0;0.0;1.0;0.0;0.0;0.0;0.0;0.0;0.0;0.02;0.0;0.0;0.18;0;0;0.0
994;ger000111;ger;geister-chor;unknown;Geister-Chor;UNKNOWN;1;1;2;7;0;0;0;0;0.0;0.0;0.0;1.0;0.0;0.0;0.0;0.0;0.0;0.02;0.0;0.01;0.11;1;0;0.0
995;ger000111;ger;sphaeren-chor;unknown;Sphären-Chor;UNKNOWN;1;1;1;4;0;0;0;0;0.0;0.0;0.0;1.0;0.0;0.0;0.0;0.0;0.0;0.02;0.0;0.0;0.11;0;0;0.0
996;ger000111;ger;schluss-chor;unknown;Schluß-Chor;UNKNOWN;1;1;1;8;0;0;0;0;0.0;0.0;0.0;1.0;0.0;0.0;0.0;0.0;0.0;0.02;0.0;0.01;0.11;0;0;0.0
997;ger000111;ger;frowald;unknown;Frowald;MALE;4;8;17;52;0;0;0;0;0.58;0.04;0.02;0.37;0.0;0.0;0.0;0.0;0.0;0.14;0.03;0.05;0.32;0;8;0.04
998;ger000111;ger;fust;unknown;Fust von Kleeberg;MALE;3;7;17;17;0;0;0;0;0.29;0.29;0.41;0.0;0.0;0.0;0.0;0.0;0.0;0.12;0.03;0.02;0.3;0;9;0.03
999;ger000111;ger;guenther;unknown;Günther von Schwarzenau;MALE;4;25;135;135;0;0;0;0;0.32;0.26;0.15;0.27;0.0;0.0;0.0;0.0;0.0;0.43;0.2;0.14;0.7;0;11;0.37
1000;ger000111;ger;kaesperle;unknown;Käsperle;MALE;4;23;136;162;0;0;0;0;0.19;0.27;0.28;0.27;0.0;0.0;0.0;0.0;0.0;0.4;0.2;0.16;0.43;0;4;0.1
1001;ger000111;ger;hans;unknown;Hans;MALE;4;10;40;64;0;0;0;0;0.31;0.28;0.23;0.17;0.0;0.0;0.0;0.0;0.0;0.17;0.06;0.06;0.32;1;3;0.1
1002;ger000111;ger;bodo;unknown;Bodo;MALE;3;6;7;7;0;0;0;0;0.29;0.43;0.29;0.0;0.0;0.0;0.0;0.0;0.0;0.1;0.01;0.01;0.3;0;3;0.03
1003;ger000111;ger;wallberg;unknown;Wallberg;MALE;2;4;7;7;0;0;0;0;0.29;0.71;0.0;0.0;0.0;0.0;0.0;0.0;0.0;0.07;0.01;0.01;0.2;0;1;0.0
1004;ger000111;ger;eckard;unknown;Eckard;MALE;4;6;12;12;0;0;0;0;0.33;0.17;0.08;0.42;0.0;0.0;0.0;0.0;0.0;0.1;0.02;0.01;0.23;0;0;0.01
1005;ger000111;ger;rudolph;unknown;Rudolph;MALE;1;1;1;1;0;0;0;0;1.0;0.0;0.0;0.0;0.0;0.0;0.0;0.0;0.0;0.02;0.0;0.0;0.14;0;6;0.0
1006;ger000111;ger;veit;unknown;Veit;MALE;4;10;32;90;0;0;0;0;0.07;0.27;0.4;0.27;0.0;0.0;0.0;0.0;0.0;0.17;0.05;0.09;0.32;1;3;0.05
1007;ger000111;ger;marie;unknown;Marie (als Geist unter verschiedenen Gestalten);FEMALE;4;11;53;53;0;0;0;0;0.17;0.23;0.4;0.21;0.0;0.0;0.0;0.0;0.0;0.19;0.08;0.05;0.5;0;8;0.15
1008;ger000111;ger;jeriel;unknown;Jeriel;UNKNOWN;4;12;46;102;0;0;0;0;0.25;0.3;0.2;0.25;0.0;0.0;0.0;0.0;0.0;0.21;0.07;0.1;0.32;2;1;0.08
1009;ger000111;ger;maertchen;unknown;Märtchen;FEMALE;3;5;16;40;0;0;0;0;0.28;0.0;0.47;0.25;0.0;0.0;0.0;0.0;0.0;0.09;0.02;0.04;0.16;0;1;0.01
1010;ger000111;ger;ritter_hanns;unknown;Ritter Hanns;MALE;4;11;42;42;0;0;0;0;0.14;0.31;0.26;0.29;0.0;0.0;0.0;0.0;0.0;0.19;0.06;0.04;0.34;0;1;0.06
1011;ger000111;ger;bertha;unknown;Bertha;FEMALE;1;3;7;7;0;0;0;0;1.0;0.0;0.0;0.0;0.0;0.0;0.0;0.0;0.0;0.05;0.01;0.01;0.07;1;1;0.0
1012;ger000111;ger;mathilde;unknown;Mathilde;FEMALE;3;7;28;28;0;0;0;0;0.57;0.25;0.0;0.18;0.0;0.0;0.0;0.0;0.0;0.12;0.04;0.03;0.16;0;3;0.05
1013;ger000111;ger;otto_von_loebenstein;unknown;Otto von Löbenstein;MALE;3;7;19;19;0;0;0;0;0.37;0.26;0.37;0.0;0.0;0.0;0.0;0.0;0.0;0.12;0.03;0.02;0.34;1;4;0.06
1014;ger000111;ger;eine_stimme_2-8;unknown;Eine Stimme (II/8);UNKNOWN;1;1;1;4;0;0;0;0;0.0;1.0;0.0;0.0;0.0;0.0;0.0;0.0;0.0;0.02;0.0;0.0;0.02;0;0;0.0
1015;ger000111;ger;burgvogt_berthold;unknown;Burgvogt/Berthold;MALE;2;4;7;7;0;0;0;0;0.0;0.43;0.0;0.57;0.0;0.0;0.0;0.0;0.0;0.07;0.01;0.01;0.09;0;1;0.0
1016;ger000111;ger;stimme_geist_2-14;unknown;Eine fürchterliche Stimme/Ein häßlicher Geist (II/14);UNKNOWN;1;1;4;4;0;0;0;0;0.0;1.0;0.0;0.0;0.0;0.0;0.0;0.0;0.0;0.02;0.01;0.0;0.05;0;0;0.0
1017;ger000111;ger;erster_knappe;unknown;Erster Knappe;MALE;1;2;5;5;0;0;0;0;0.0;0.0;1.0;0.0;0.0;0.0;0.0;0.0;0.0;0.03;0.01;0.01;0.11;0;3;0.0
1018;ger000111;ger;zweiter_knappe;unknown;Zweiter Knappe;MALE;1;1;2;2;0;0;0;0;0.0;0.0;1.0;0.0;0.0;0.0;0.0;0.0;0.0;0.02;0.0;0.0;0.09;0;2;0.0
1019;ger000111;ger;dritter_knappe;unknown;Dritter Knappe;MALE;1;1;1;1;0;0;0;0;0.0;0.0;1.0;0.0;0.0;0.0;0.0;0.0;0.0;0.02;0.0;0.0;0.09;0;1;0.0
1020;ger000111;ger;ritter_boodsheim;unknown;Ritter Boodsheim;MALE;1;2;6;6;0;0;0;0;0.0;0.0;1.0;0.0;0.0;0.0;0.0;0.0;0.0;0.03;0.01;0.01;0.2;1;5;0.01
1021;ger000111;ger;knecht;unknown;Knecht;MALE;1;1;1;1;0;0;0;0;0.0;0.0;1.0;0.0;0.0;0.0;0.0;0.0;0.0;0.02;0.0;0.0;0.05;0;0;0.0
1022;ger000111;ger;ein_schwarzer_geist;unknown;Ein schwarzer Geist;UNKNOWN;1;1;1;1;0;0;0;0;0.0;0.0;0.0;1.0;0.0;0.0;0.0;0.0;0.0;0.02;0.0;0.0;0.05;0;0;0.0
1023;ger000111;ger;kilian;unknown;Kilian von Drachenfels;MALE;1;2;11;11;0;0;0;0;0.0;0.0;0.0;1.0;0.0;0.0;0.0;0.0;0.0;0.03;0.02;0.01;0.11;1;1;0.0
1024;ger000111;ger;veit frowald;unknown;UNKNOWN;u;1;1;1;24;0;0;0;0;1.0;0.0;0.0;0.0;0.0;0.0;0.0;0.0;0.0;0.02;0.0;0.02;0.09;0;0;0.0
1025;ger000111;ger;hans maertchen;unknown;UNKNOWN;u;1;1;1;4;0;0;0;0;1.0;0.0;0.0;0.0;0.0;0.0;0.0;0.0;0.0;0.02;0.0;0.0;0.05;0;0;0.0
1026;ger000111;ger;wallberg bodo eckard;unknown;UNKNOWN;u;1;1;1;1;0;0;0;0;0.0;1.0;0.0;0.0;0.0;0.0;0.0;0.0;0.0;0.02;0.0;0.0;0.11;0;0;0.0
1027;ger000111;ger;veit frowald hans;unknown;UNKNOWN;u;1;1;1;16;0;0;0;0;0.0;1.0;0.0;0.0;0.0;0.0;0.0;0.0;0.0;0.02;0.0;0.02;0.07;0;0;0.0
1028;ger000111;ger;ritter_hanns otto_von_loebenstein burgvogt_berthold;unknown;UNKNOWN;u;1;1;1;1;0;0;0;0;0.0;1.0;0.0;0.0;0.0;0.0;0.0;0.0;0.0;0.02;0.0;0.0;0.07;0;0;0.0
1029;ger000111;ger;fust bodo wallberg eckard;unknown;UNKNOWN;u;1;1;1;1;0;0;0;0;0.0;0.0;1.0;0.0;0.0;0.0;0.0;0.0;0.0;0.02;0.0;0.0;0.05;0;1;0.0
1030;ger000111;ger;bodo wallberg eckard;unknown;UNKNOWN;u;1;2;4;4;0;0;0;0;0.0;0.0;1.0;0.0;0.0;0.0;0.0;0.0;0.0;0.03;0.01;0.0;0.11;0;2;0.0
1031;ger000111;ger;hans maertchen jeriel veit frowald;unknown;UNKNOWN;u;1;1;1;8;0;0;0;0;0.0;0.0;1.0;0.0;0.0;0.0;0.0;0.0;0.0;0.02;0.0;0.01;0.11;0;0;0.0
1032;ger000111;ger;guenther otto_von_loebenstein;unknown;UNKNOWN;u;1;1;1;1;0;0;0;0;0.0;0.0;1.0;0.0;0.0;0.0;0.0;0.0;0.0;0.02;0.0;0.0;0.18;0;0;0.0
1033;ger000111;ger;maertchen hans;unknown;UNKNOWN;u;1;1;1;7;0;0;0;0;0.0;0.0;0.0;1.0;0.0;0.0;0.0;0.0;0.0;0.02;0.0;0.01;0.05;0;0;0.0
1034;ger000553;ger;schnapps;unknown;Schnapps;MALE;0;5;61;61;0;0;0;0;0.0;0.0;0.0;0.0;0.0;0.0;0.0;0.0;0.0;0.56;0.18;0.17;1.0;0;0;0.0
1035;ger000553;ger;maerten;unknown;Märten;MALE;0;6;104;104;0;0;0;0;0.0;0.0;0.0;0.0;0.0;0.0;0.0;0.0;0.0;0.67;0.3;0.3;1.0;0;2;0.0
1036;ger000553;ger;roese;unknown;Röse;FEMALE;0;6;105;105;0;0;0;0;0.0;0.0;0.0;0.0;0.0;0.0;0.0;0.0;0.0;0.67;0.3;0.3;1.0;0;3;0.0
1037;ger000553;ger;guerge;unknown;Gürge;MALE;0;4;78;78;0;0;0;0;0.0;0.0;0.0;0.0;0.0;0.0;0.0;0.0;0.0;0.44;0.22;0.22;1.0;0;1;0.0
1038;ger000482;ger;guerge;unknown;Gürge;MALE;0;7;72;72;0;0;0;0;0.0;0.0;0.0;0.0;0.0;0.0;0.0;0.0;0.0;0.64;0.38;0.36;1.0;1;0;0.0
1039;ger000482;ger;schnapps;unknown;Schnapps;MALE;0;8;67;67;0;0;0;0;0.0;0.0;0.0;0.0;0.0;0.0;0.0;0.0;0.0;0.73;0.35;0.34;1.0;0;1;0.0
1040;ger000482;ger;roesgen;unknown;Rösgen;FEMALE;0;6;53;53;0;0;0;0;0.0;0.0;0.0;0.0;0.0;0.0;0.0;0.0;0.0;0.55;0.28;0.27;1.0;0;1;0.0
1041;ger000359;ger;orbil;unknown;Orbil;MALE;0;10;127;127;0;0;0;0;0.0;0.0;0.0;0.0;0.0;0.0;0.0;0.0;0.0;0.56;0.31;0.31;1.0;1;3;0.19
1042;ger000359;ger;wilhelmine;unknown;Wilhelmine;FEMALE;0;6;56;56;0;0;0;0;0.0;0.0;0.0;0.0;0.0;0.0;0.0;0.0;0.0;0.33;0.14;0.14;0.75;0;3;0.02
1043;ger000359;ger;lisette;unknown;Lisette;FEMALE;0;10;93;92;0;0;0;0;0.0;0.0;0.0;0.0;0.0;0.0;0.0;0.0;0.0;0.56;0.23;0.22;0.75;1;1;0.07
1044;ger000359;ger;johann;unknown;Johann;MALE;0;8;45;45;0;0;0;0;0.0;0.0;0.0;0.0;0.0;0.0;0.0;0.0;0.0;0.44;0.11;0.11;0.88;0;0;0.05
1045;ger000359;ger;valer;unknown;Valer;MALE;0;7;51;51;0;0;0;0;0.0;0.0;0.0;0.0;0.0;0.0;0.0;0.0;0.0;0.39;0.12;0.12;0.88;2;1;0.05
1046;ger000359;ger;der_magister;unknown;Der Magister;MALE;0;3;35;35;0;0;0;0;0.0;0.0;0.0;0.0;0.0;0.0;0.0;0.0;0.0;0.17;0.09;0.09;0.75;1;2;0.02
1047;ger000359;ger;lisette orbil;unknown;UNKNOWN;u;0;1;1;1;0;0;0;0;0.0;0.0;0.0;0.0;0.0;0.0;0.0;0.0;0.0;0.06;0.0;0.0;0.25;0;0;0.0
1048;ger000359;ger;valer wilhelmine;unknown;UNKNOWN;u;0;1;1;1;0;0;0;0;0.0;0.0;0.0;0.0;0.0;0.0;0.0;0.0;0.0;0.06;0.0;0.0;0.5;0;1;0.0
1049;ger000359;ger;der_magister orbil;unknown;UNKNOWN;u;0;1;1;1;0;0;0;0;0.0;0.0;0.0;0.0;0.0;0.0;0.0;0.0;0.0;0.06;0.0;0.0;0.5;0;0;0.0
1050;ger000627;ger;karl;unknown;Graf Karl;MALE;0;7;16;16;0;0;0;0;0.0;0.0;0.0;0.0;0.0;0.0;0.0;0.0;0.0;0.7;0.22;0.21;1.0;2;2;0.18
1051;ger000627;ger;fritz;unknown;Graf Fritz;MALE;0;6;23;22;0;0;0;0;0.0;0.0;0.0;0.0;0.0;0.0;0.0;0.0;0.0;0.6;0.31;0.29;1.0;3;1;0.18
1052;ger000627;ger;jakob;unknown;Jakob;MALE;0;3;4;4;0;0;0;0;0.0;0.0;0.0;0.0;0.0;0.0;0.0;0.0;0.0;0.3;0.05;0.05;0.2;0;2;0.0
1053;ger000627;ger;albert;unknown;Albert;MALE;0;3;7;7;0;0;0;0;0.0;0.0;0.0;0.0;0.0;0.0;0.0;0.0;0.0;0.3;0.09;0.09;0.6;0;2;0.0
1054;ger000627;ger;hofmeister;unknown;Hofmeister;MALE;0;2;5;5;0;0;0;0;0.0;0.0;0.0;0.0;0.0;0.0;0.0;0.0;0.0;0.2;0.07;0.07;0.5;0;3;0.0
1055;ger000627;ger;hanne;unknown;Hanne;FEMALE;0;2;3;3;0;0;0;0;0.0;0.0;0.0;0.0;0.0;0.0;0.0;0.0;0.0;0.2;0.04;0.04;0.6;2;2;0.0
1056;ger000627;ger;jobs;unknown;Jobs;MALE;0;3;6;6;0;0;0;0;0.0;0.0;0.0;0.0;0.0;0.0;0.0;0.0;0.0;0.3;0.08;0.08;0.9;2;1;0.09
1057;ger000627;ger;lotte;unknown;Lotte;FEMALE;0;2;4;4;0;0;0;0;0.0;0.0;0.0;0.0;0.0;0.0;0.0;0.0;0.0;0.2;0.05;0.05;0.6;1;1;0.0
1058;ger000627;ger;jobsens_weib;unknown;Jobsens Weib;FEMALE;0;2;4;4;0;0;0;0;0.0;0.0;0.0;0.0;0.0;0.0;0.0;0.0;0.0;0.2;0.05;0.05;0.6;0;2;0.0
1059;ger000627;ger;karl fritz;unknown;UNKNOWN;u;0;1;1;1;0;0;0;0;0.0;0.0;0.0;0.0;0.0;0.0;0.0;0.0;0.0;0.1;0.01;0.01;0.5;0;0;0.0
1060;ger000627;ger;jobs jobsens_weib albert lotte hanne;unknown;UNKNOWN;u;0;1;1;1;0;0;0;0;0.0;0.0;0.0;0.0;0.0;0.0;0.0;0.0;0.0;0.1;0.01;0.01;0.5;0;0;0.0
1061;ger000303;ger;jakob;unknown;Jakob;MALE;4;12;53;42;0;0;0;0;0.48;0.17;0.21;0.14;0.0;0.0;0.0;0.0;0.0;0.18;0.03;0.03;0.3;1;3;0.01
1062;ger000303;ger;hofrath;unknown;Hofrath;MALE;4;15;102;99;0;0;0;0;0.37;0.29;0.0;0.11;0.22;0.0;0.0;0.0;0.0;0.23;0.06;0.07;0.61;1;2;0.02
1063;ger000303;ger;frau_von_wallenfeld;unknown;Frau von Wallenfeld;FEMALE;5;26;177;166;0;0;0;0;0.41;0.17;0.21;0.19;0.02;0.0;0.0;0.0;0.0;0.39;0.11;0.11;0.57;0;2;0.01
1064;ger000303;ger;sekretaer;unknown;Sekretär;MALE;4;18;168;156;0;0;0;0;0.08;0.25;0.0;0.58;0.09;0.0;0.0;0.0;0.0;0.27;0.1;0.1;0.74;0;5;0.16
1065;ger000303;ger;karl;unknown;Karl;MALE;4;8;27;27;0;0;0;0;0.52;0.15;0.0;0.22;0.11;0.0;0.0;0.0;0.0;0.12;0.02;0.02;0.48;1;5;0.01
1066;ger000303;ger;herr_von_wallenfeld;unknown;Herr von Wallenfeld;MALE;5;28;341;322;0;0;0;0;0.2;0.15;0.35;0.19;0.11;0.0;0.0;0.0;0.0;0.42;0.21;0.21;0.83;1;14;0.14
1067;ger000303;ger;herr_von_posert;unknown;Herr von Posert;MALE;3;11;170;167;0;0;0;0;0.34;0.0;0.34;0.0;0.32;0.0;0.0;0.0;0.0;0.17;0.11;0.11;0.52;1;8;0.02
1068;ger000303;ger;geheimerath;unknown;Geheimerath;MALE;3;16;165;162;0;0;0;0;0.0;0.37;0.0;0.38;0.25;0.0;0.0;0.0;0.0;0.24;0.1;0.11;0.87;1;10;0.19
1069;ger000303;ger;kammerdiener;unknown;Kammerdiener;MALE;2;9;19;9;0;0;0;0;0.0;0.11;0.0;0.0;0.89;0.0;0.0;0.0;0.0;0.14;0.01;0.01;0.43;0;2;0.02
1070;ger000303;ger;rektor;unknown;Rektor;MALE;3;6;47;46;0;0;0;0;0.0;0.48;0.0;0.35;0.17;0.0;0.0;0.0;0.0;0.09;0.03;0.03;0.3;0;1;0.01
1071;ger000303;ger;lieutenant;unknown;Lieutenant;MALE;4;10;110;105;0;0;0;0;0.0;0.16;0.17;0.52;0.14;0.0;0.0;0.0;0.0;0.15;0.07;0.07;0.43;1;4;0.03
1072;ger000303;ger;bedienter_4-2;unknown;Bedienter (IV/2);MALE;1;1;2;2;0;0;0;0;0.0;0.0;0.0;1.0;0.0;0.0;0.0;0.0;0.0;0.02;0.0;0.0;0.09;0;2;0.0
1073;ger000303;ger;bedienter_4-6;unknown;Bedienter (IV/6);MALE;1;1;1;1;0;0;0;0;0.0;0.0;0.0;1.0;0.0;0.0;0.0;0.0;0.0;0.02;0.0;0.0;0.13;0;3;0.0
1074;ger000303;ger;adjutant;unknown;Adjutant;MALE;2;15;49;41;0;0;0;0;0.0;0.0;0.0;0.2;0.8;0.0;0.0;0.0;0.0;0.23;0.03;0.03;0.57;1;4;0.01
1075;ger000303;ger;general;unknown;General;MALE;1;15;147;141;0;0;0;0;0.0;0.0;0.0;0.0;1.0;0.0;0.0;0.0;0.0;0.23;0.09;0.09;0.61;1;7;0.02
1076;ger000303;ger;major_stern;unknown;Major Stern;MALE;1;3;19;19;0;0;0;0;0.0;0.0;0.0;0.0;1.0;0.0;0.0;0.0;0.0;0.05;0.01;0.01;0.48;0;1;0.0
1077;ger000303;ger;herr_von_wallenfeld frau_von_wallenfeld;unknown;UNKNOWN;u;1;1;1;1;0;0;0;0;0.0;0.0;0.0;0.0;1.0;0.0;0.0;0.0;0.0;0.02;0.0;0.0;0.3;0;1;0.0
1078;ger000156;ger;die_bauern;unknown;Die Bauern;UNKNOWN;1;2;6;6;0;0;0;0;0.0;0.0;1.0;0.0;0.0;0.0;0.0;0.0;0.0;0.03;0.0;0.0;0.24;0;3;0.0
1079;ger000156;ger;matthes;unknown;Matthes;MALE;2;6;64;61;0;0;0;0;0.69;0.0;0.31;0.0;0.0;0.0;0.0;0.0;0.0;0.09;0.04;0.04;0.4;1;5;0.13
1080;ger000156;ger;rudolph;unknown;Rudolph;MALE;5;12;44;43;0;0;0;0;0.58;0.07;0.14;0.14;0.07;0.0;0.0;0.0;0.0;0.17;0.03;0.03;0.68;0;0;0.06
1081;ger000156;ger;anton;unknown;Anton;MALE;4;12;142;144;0;0;0;0;0.36;0.4;0.2;0.0;0.04;0.0;0.0;0.0;0.0;0.17;0.09;0.09;0.6;3;5;0.11
1082;ger000156;ger;oberfoersterin;unknown;Oberförsterin;FEMALE;5;32;267;266;0;0;0;0;0.35;0.31;0.08;0.14;0.12;0.0;0.0;0.0;0.0;0.46;0.17;0.17;0.76;1;4;0.12
1083;ger000156;ger;oberfoerster;unknown;Oberförster;MALE;5;43;372;369;0;0;0;0;0.28;0.18;0.11;0.26;0.16;0.0;0.0;0.0;0.0;0.61;0.23;0.23;0.72;4;4;0.08
1084;ger000156;ger;schulz;unknown;Schulz;MALE;3;16;53;52;0;0;0;0;0.25;0.0;0.0;0.42;0.33;0.0;0.0;0.0;0.0;0.23;0.03;0.03;0.68;3;3;0.04
1085;ger000156;ger;friedrike;unknown;Friedrike;FEMALE;4;17;123;123;0;0;0;0;0.43;0.36;0.0;0.16;0.05;0.0;0.0;0.0;0.0;0.24;0.08;0.08;0.72;1;2;0.07
1086;ger000156;ger;ein_bursche;unknown;Ein Bursche;MALE;1;1;1;1;0;0;0;0;1.0;0.0;0.0;0.0;0.0;0.0;0.0;0.0;0.0;0.01;0.0;0.0;0.08;0;0;0.0
1087;ger000156;ger;kordelchen;unknown;Kordelchen;FEMALE;3;7;65;64;0;0;0;0;0.0;0.73;0.02;0.25;0.0;0.0;0.0;0.0;0.0;0.1;0.04;0.04;0.32;1;1;0.0
1088;ger000156;ger;pastor;unknown;Pastor;MALE;4;25;161;158;0;0;0;0;0.0;0.46;0.06;0.15;0.34;0.0;0.0;0.0;0.0;0.36;0.1;0.1;0.68;2;4;0.04
1089;ger000156;ger;wirtin;unknown;Wirtin;FEMALE;2;7;64;63;0;0;0;0;0.0;0.0;0.95;0.05;0.0;0.0;0.0;0.0;0.0;0.1;0.04;0.04;0.44;3;4;0.13
1090;ger000156;ger;baerbel;unknown;Bärbel;FEMALE;1;3;12;11;0;0;0;0;0.0;0.0;1.0;0.0;0.0;0.0;0.0;0.0;0.0;0.04;0.01;0.01;0.08;0;0;0.0
1091;ger000156;ger;gerichtsschreiber;unknown;Gerichtsschreiber;MALE;1;6;60;60;0;0;0;0;0.0;0.0;1.0;0.0;0.0;0.0;0.0;0.0;0.0;0.09;0.04;0.04;0.32;2;1;0.03
1092;ger000156;ger;romann;unknown;Romann;MALE;1;2;15;15;0;0;0;0;0.0;0.0;1.0;0.0;0.0;0.0;0.0;0.0;0.0;0.03;0.01;0.01;0.2;0;3;0.0
1093;ger000156;ger;kappe;unknown;Kappe;MALE;1;2;14;14;0;0;0;0;0.0;0.0;1.0;0.0;0.0;0.0;0.0;0.0;0.0;0.03;0.01;0.01;0.2;0;2;0.0
1094;ger000156;ger;der_alte_bauer;unknown;Der alte Bauer;MALE;1;3;8;8;0;0;0;0;0.0;0.0;1.0;0.0;0.0;0.0;0.0;0.0;0.0;0.04;0.01;0.01;0.28;0;0;0.02
1095;ger000156;ger;amtmann;unknown;Amtmann;MALE;3;14;112;110;0;0;0;0;0.0;0.0;0.23;0.43;0.35;0.0;0.0;0.0;0.0;0.2;0.07;0.07;0.44;3;3;0.0
1096;ger000156;ger;schulz pastor oberfoersterin;unknown;UNKNOWN;u;1;1;1;1;0;0;0;0;0.0;0.0;0.0;1.0;0.0;0.0;0.0;0.0;0.0;0.01;0.0;0.0;0.4;0;1;0.0
1097;ger000156;ger;oberfoerster schulz oberfoersterin;unknown;UNKNOWN;u;1;1;1;1;0;0;0;0;0.0;0.0;0.0;1.0;0.0;0.0;0.0;0.0;0.0;0.01;0.0;0.0;0.4;0;1;0.0
1098;ger000156;ger;pastor oberfoersterin friedrike;unknown;UNKNOWN;u;1;1;1;1;0;0;0;0;0.0;0.0;0.0;1.0;0.0;0.0;0.0;0.0;0.0;0.01;0.0;0.0;0.4;0;1;0.0
1099;ger000156;ger;schulz oberfoerster oberfoersterin friedrike;unknown;UNKNOWN;u;1;1;3;2;0;0;0;0;0.0;0.0;0.0;1.0;0.0;0.0;0.0;0.0;0.0;0.01;0.0;0.0;0.4;0;1;0.0
1100;ger000156;ger;schulz oberfoersterin friedrike;unknown;UNKNOWN;u;1;1;1;2;0;0;0;0;0.0;0.0;0.0;1.0;0.0;0.0;0.0;0.0;0.0;0.01;0.0;0.0;0.4;0;0;0.0
1101;ger000156;ger;pastor oberfoersterin anton friedrike rudolph schulz;unknown;UNKNOWN;u;1;1;1;1;0;0;0;0;0.0;0.0;0.0;0.0;1.0;0.0;0.0;0.0;0.0;0.01;0.0;0.0;0.4;0;1;0.0
1102;ger000156;ger;oberfoersterin oberfoerster friedrike anton schulz rudolph;unknown;UNKNOWN;u;1;1;1;1;0;0;0;0;0.0;0.0;0.0;0.0;1.0;0.0;0.0;0.0;0.0;0.01;0.0;0.0;0.4;0;0;0.0
1103;ger000156;ger;oberfoersterin oberfoerster friedrike anton pastor schulz rudolph;unknown;UNKNOWN;u;1;1;1;4;0;0;0;0;0.0;0.0;0.0;0.0;1.0;0.0;0.0;0.0;0.0;0.01;0.0;0.0;0.4;0;0;0.0
1104;ger000434;ger;bediente;unknown;Bediente;UNKNOWN;1;2;2;1;0;0;0;0;0.0;0.0;1.0;0.0;0.0;0.0;0.0;0.0;0.0;0.02;0.0;0.0;0.37;1;4;0.0
1105;ger000434;ger;friedrich;unknown;Friedrich;MALE;4;9;37;34;0;0;0;0;0.56;0.06;0.0;0.21;0.18;0.0;0.0;0.0;0.0;0.09;0.02;0.02;0.63;1;7;0.02
1106;ger000434;ger;ludwig;unknown;Ludwig;MALE;3;16;66;59;0;0;0;0;0.68;0.12;0.0;0.2;0.0;0.0;0.0;0.0;0.0;0.17;0.03;0.03;0.68;0;2;0.02
1107;ger000434;ger;jakob;unknown;Jakob;MALE;3;14;53;46;0;0;0;0;0.7;0.26;0.0;0.04;0.0;0.0;0.0;0.0;0.0;0.15;0.03;0.02;0.68;0;3;0.01
1108;ger000434;ger;leopoldine;unknown;Leopoldine;FEMALE;5;19;87;83;0;0;0;0;0.04;0.12;0.53;0.17;0.14;0.0;0.0;0.0;0.0;0.2;0.04;0.04;0.63;0;4;0.01
1109;ger000434;ger;greif;unknown;Greif;MALE;5;24;176;162;0;0;0;0;0.33;0.15;0.2;0.24;0.08;0.0;0.0;0.0;0.0;0.25;0.08;0.08;0.79;1;9;0.03
1110;ger000434;ger;baronesse;unknown;Baronesse;FEMALE;5;41;460;457;0;0;0;0;0.25;0.19;0.12;0.24;0.2;0.0;0.0;0.0;0.0;0.43;0.22;0.22;0.89;1;8;0.1
1111;ger000434;ger;stock;unknown;Stock;MALE;4;8;49;46;0;0;0;0;0.37;0.0;0.48;0.04;0.11;0.0;0.0;0.0;0.0;0.08;0.02;0.02;0.74;0;5;0.04
1112;ger000434;ger;baptist;unknown;Baptist;MALE;4;14;88;83;0;0;0;0;0.29;0.07;0.18;0.0;0.46;0.0;0.0;0.0;0.0;0.15;0.04;0.04;0.79;1;4;0.04
1113;ger000434;ger;willner;unknown;Willner;MALE;5;13;89;83;0;0;0;0;0.28;0.06;0.34;0.29;0.04;0.0;0.0;0.0;0.0;0.14;0.04;0.04;0.58;0;4;0.01
1114;ger000434;ger;figaro;unknown;Figaro;MALE;4;45;398;389;0;0;0;0;0.0;0.31;0.14;0.35;0.2;0.0;0.0;0.0;0.0;0.47;0.19;0.19;0.89;2;4;0.07
1115;ger000434;ger;hyazinth;unknown;Hyazinth;MALE;4;37;290;285;0;0;0;0;0.0;0.25;0.25;0.14;0.36;0.0;0.0;0.0;0.0;0.39;0.14;0.14;0.89;1;5;0.08
1116;ger000434;ger;christoph;unknown;Christoph;MALE;4;24;148;142;0;0;0;0;0.0;0.04;0.2;0.25;0.51;0.0;0.0;0.0;0.0;0.25;0.07;0.07;0.74;2;7;0.01
1117;ger000434;ger;bardenrode;unknown;Bardenrode;MALE;4;19;147;144;0;0;0;0;0.0;0.45;0.03;0.24;0.28;0.0;0.0;0.0;0.0;0.2;0.07;0.07;0.74;2;7;0.03
1118;ger000434;ger;der_alte_bauer;unknown;Der alte Bauer;MALE;1;2;9;9;0;0;0;0;0.0;0.0;0.0;1.0;0.0;0.0;0.0;0.0;0.0;0.02;0.0;0.0;0.21;0;3;0.0
1119;ger000434;ger;hyazinth christoph baptist;unknown;UNKNOWN;u;2;3;4;1;0;0;0;0;0.0;0.0;0.0;0.0;1.0;0.0;0.0;0.0;0.0;0.03;0.0;0.0;0.53;0;6;0.0
1120;ger000235;ger;sekretaer;unknown;Sekretär Ahlden;MALE;4;19;170;166;0;0;0;0;0.37;0.0;0.34;0.19;0.1;0.0;0.0;0.0;0.0;0.34;0.14;0.14;0.65;1;1;0.06
1121;ger000235;ger;oberkommissaer;unknown;Oberkommissär;MALE;3;7;120;120;0;0;0;0;0.28;0.0;0.0;0.61;0.11;0.0;0.0;0.0;0.0;0.12;0.1;0.1;0.53;2;2;0.01
1122;ger000235;ger;ruhberg_vater;unknown;Ruhberg Vater;MALE;4;12;141;138;0;0;0;0;0.51;0.14;0.0;0.21;0.14;0.0;0.0;0.0;0.0;0.21;0.12;0.12;0.41;1;3;0.01
1123;ger000235;ger;christian;unknown;Christian;MALE;5;22;77;70;0;0;0;0;0.07;0.39;0.2;0.03;0.31;0.0;0.0;0.0;0.0;0.39;0.06;0.06;0.71;1;1;0.3
1124;ger000235;ger;louise;unknown;Louise;FEMALE;4;16;101;99;0;0;0;0;0.04;0.3;0.0;0.29;0.36;0.0;0.0;0.0;0.0;0.29;0.08;0.08;0.59;2;4;0.04
1125;ger000235;ger;madame_ruhberg;unknown;Madame Ruhberg;FEMALE;4;19;154;151;0;0;0;0;0.21;0.11;0.0;0.51;0.17;0.0;0.0;0.0;0.0;0.34;0.13;0.13;0.65;1;3;0.05
1126;ger000235;ger;salomon;unknown;Salomon;MALE;2;2;17;17;0;0;0;0;0.0;0.71;0.29;0.0;0.0;0.0;0.0;0.0;0.0;0.04;0.01;0.01;0.18;0;3;0.0
1127;ger000235;ger;ladendiener;unknown;Ladendiener;MALE;1;1;2;2;0;0;0;0;0.0;1.0;0.0;0.0;0.0;0.0;0.0;0.0;0.0;0.02;0.0;0.0;0.06;0;1;0.0
1128;ger000235;ger;henriette;unknown;Henriette;FEMALE;1;1;4;4;0;0;0;0;0.0;1.0;0.0;0.0;0.0;0.0;0.0;0.0;0.0;0.02;0.0;0.0;0.06;0;1;0.0
1129;ger000235;ger;ruhberg_der_sohn;unknown;Ruhberg der Sohn;MALE;4;30;287;276;0;0;0;0;0.0;0.25;0.37;0.09;0.29;0.0;0.0;0.0;0.0;0.54;0.24;0.23;0.88;1;5;0.25
1130;ger000235;ger;baron;unknown;Baron;MALE;3;9;105;103;0;0;0;0;0.0;0.09;0.53;0.0;0.38;0.0;0.0;0.0;0.0;0.16;0.09;0.09;0.41;1;2;0.02
1131;ger000235;ger;haushofmeister;unknown;Haushofmeister;MALE;1;4;18;18;0;0;0;0;0.0;0.0;1.0;0.0;0.0;0.0;0.0;0.0;0.0;0.07;0.01;0.02;0.24;0;2;0.0
1132;ger000235;ger;gerichtsdiener;unknown;Gerichtsdiener;MALE;1;1;2;2;0;0;0;0;0.0;0.0;1.0;0.0;0.0;0.0;0.0;0.0;0.0;0.02;0.0;0.0;0.18;0;3;0.0
1133;ger000235;ger;hofrath;unknown;Hofrath;MALE;1;3;6;6;0;0;0;0;0.0;0.0;0.0;1.0;0.0;0.0;0.0;0.0;0.0;0.05;0.0;0.01;0.47;1;3;0.0
1134;ger000235;ger;hofraethin;unknown;Hofräthin;FEMALE;1;2;4;3;0;0;0;0;0.0;0.0;0.0;1.0;0.0;0.0;0.0;0.0;0.0;0.04;0.0;0.0;0.41;0;3;0.0
1135;ger000235;ger;doktor;unknown;Doktor;MALE;1;2;4;4;0;0;0;0;0.0;0.0;0.0;0.0;1.0;0.0;0.0;0.0;0.0;0.04;0.0;0.0;0.12;0;1;0.0
1136;ger000235;ger;sekretaer louise;unknown;UNKNOWN;u;2;3;4;2;0;0;0;0;1.0;0.0;0.0;0.0;0.0;0.0;0.0;0.0;0.0;0.05;0.0;0.0;0.41;0;2;0.0
1137;ger000235;ger;hofrath hofraethin;unknown;UNKNOWN;u;1;1;1;1;0;0;0;0;0.0;0.0;0.0;1.0;0.0;0.0;0.0;0.0;0.0;0.02;0.0;0.0;0.35;0;0;0.0
1138;ger000589;ger;trink;unknown;Trink;MALE;0;12;54;51;0;0;0;0;0.0;0.0;0.0;0.0;0.0;0.0;0.0;0.0;0.0;0.63;0.17;0.16;0.91;1;5;0.07
1139;ger000589;ger;frau_von_mayenthal;unknown;Frau von Mayenthal;FEMALE;0;9;38;38;0;0;0;0;0.0;0.0;0.0;0.0;0.0;0.0;0.0;0.0;0.0;0.47;0.12;0.12;0.91;0;6;0.07
1140;ger000589;ger;list;unknown;List;MALE;0;7;17;17;0;0;0;0;0.0;0.0;0.0;0.0;0.0;0.0;0.0;0.0;0.0;0.37;0.05;0.05;0.73;0;4;0.03
1141;ger000589;ger;kaethe;unknown;Käthe;FEMALE;0;4;17;16;0;0;0;0;0.0;0.0;0.0;0.0;0.0;0.0;0.0;0.0;0.0;0.21;0.05;0.05;0.82;1;7;0.01
1142;ger000589;ger;pulvernagel;unknown;Pulvernagel;MALE;0;9;52;52;0;0;0;0;0.0;0.0;0.0;0.0;0.0;0.0;0.0;0.0;0.0;0.47;0.17;0.16;0.91;0;5;0.02
1143;ger000589;ger;rittersporn;unknown;Rittersporn;MALE;0;12;31;31;0;0;0;0;0.0;0.0;0.0;0.0;0.0;0.0;0.0;0.0;0.0;0.63;0.1;0.1;0.91;0;3;0.02
1144;ger000589;ger;puettner;unknown;Püttner;MALE;0;8;20;19;0;0;0;0;0.0;0.0;0.0;0.0;0.0;0.0;0.0;0.0;0.0;0.42;0.06;0.06;0.82;0;2;0.01
1145;ger000589;ger;wolff;unknown;Wolff;MALE;0;10;30;42;0;0;0;0;0.0;0.0;0.0;0.0;0.0;0.0;0.0;0.0;0.0;0.53;0.1;0.13;0.91;0;1;0.02
1146;ger000589;ger;friderich;unknown;Friderich;MALE;0;11;40;40;0;0;0;0;0.0;0.0;0.0;0.0;0.0;0.0;0.0;0.0;0.0;0.58;0.13;0.12;0.91;0;0;0.02
1147;ger000589;ger;graf;unknown;Graf Baumberg;MALE;0;1;11;11;0;0;0;0;0.0;0.0;0.0;0.0;0.0;0.0;0.0;0.0;0.0;0.05;0.04;0.03;0.55;1;5;0.0
1148;ger000589;ger;UNKNOWN;unknown;UNKNOWN;u;0;1;1;1;0;0;0;0;0.0;0.0;0.0;0.0;0.0;0.0;0.0;0.0;0.0;0.05;0.0;0.0;0.27;0;0;0.0
1149;ger000589;ger;puettner wolff;unknown;UNKNOWN;u;0;1;1;1;0;0;0;0;0.0;0.0;0.0;0.0;0.0;0.0;0.0;0.0;0.0;0.05;0.0;0.0;0.64;0;0;0.0
1150;ger000330;ger;apollo-leander;unknown;Apollo (Leander);MALE;3;22;94;94;0;0;0;0;0.16;0.52;0.32;0.0;0.0;0.0;0.0;0.0;0.0;0.61;0.15;0.15;1.0;1;3;0.0
1151;ger000330;ger;thalia-isabelle;unknown;Thalia (Isabelle);FEMALE;3;17;58;58;0;0;0;0;0.12;0.64;0.24;0.0;0.0;0.0;0.0;0.0;0.0;0.47;0.09;0.09;1.0;0;3;0.0
1152;ger000330;ger;critik-clarisse;unknown;Critik (Clarisse);FEMALE;3;18;92;92;0;0;0;0;0.26;0.24;0.5;0.0;0.0;0.0;0.0;0.0;0.0;0.5;0.15;0.15;1.0;1;1;0.0
1153;ger000330;ger;merkur-clitander;unknown;Merkur (Clitander);MALE;3;12;45;45;0;0;0;0;0.18;0.69;0.13;0.0;0.0;0.0;0.0;0.0;0.0;0.33;0.07;0.07;1.0;2;3;0.0
1154;ger000330;ger;momus-cleon;unknown;Momus (Cleon);MALE;3;10;57;61;0;0;0;0;0.26;0.25;0.49;0.0;0.0;0.0;0.0;0.0;0.0;0.28;0.09;0.1;1.0;1;0;0.0
1155;ger000330;ger;prehauser-hannswurst;unknown;Prehauser (Hannswurst);MALE;2;14;144;144;0;0;0;0;0.0;0.15;0.85;0.0;0.0;0.0;0.0;0.0;0.0;0.39;0.23;0.23;1.0;1;2;0.0
1156;ger000330;ger;odoardo-lysimon;unknown;Odoardo (Lysimon);MALE;2;19;126;126;0;0;0;0;0.0;0.25;0.75;0.0;0.0;0.0;0.0;0.0;0.0;0.53;0.2;0.2;1.0;1;2;0.0
1157;ger000577;ger;celimene;unknown;Celimene;FEMALE;0;8;53;53;0;0;0;0;0.0;0.0;0.0;0.0;0.0;0.0;0.0;0.0;0.0;0.89;0.35;0.35;1.0;3;0;0.6
1158;ger000577;ger;finette;unknown;Finette;FEMALE;0;1;10;10;0;0;0;0;0.0;0.0;0.0;0.0;0.0;0.0;0.0;0.0;0.0;0.11;0.07;0.07;0.17;0;0;0.0
1159;ger000577;ger;chlorinde;unknown;Chlorinde;FEMALE;0;6;28;28;0;0;0;0;0.0;0.0;0.0;0.0;0.0;0.0;0.0;0.0;0.0;0.67;0.19;0.18;0.67;1;0;0.0
1160;ger000577;ger;cydalise;unknown;Cydalise;FEMALE;0;5;24;24;0;0;0;0;0.0;0.0;0.0;0.0;0.0;0.0;0.0;0.0;0.0;0.56;0.16;0.16;0.67;0;0;0.0
1161;ger000577;ger;damis;unknown;Damis;MALE;0;4;14;14;0;0;0;0;0.0;0.0;0.0;0.0;0.0;0.0;0.0;0.0;0.0;0.44;0.09;0.09;0.67;3;0;0.0
1162;ger000577;ger;erast;unknown;Erast;MALE;0;4;21;21;0;0;0;0;0.0;0.0;0.0;0.0;0.0;0.0;0.0;0.0;0.0;0.44;0.14;0.14;0.67;3;1;0.0
1163;ger000577;ger;ein_bedienter;unknown;Ein Bedienter;MALE;0;1;1;1;0;0;0;0;0.0;0.0;0.0;0.0;0.0;0.0;0.0;0.0;0.0;0.11;0.01;0.01;0.17;1;0;0.0
1164;ger000497;ger;kinder;unknown;Kinder;UNKNOWN;1;2;2;2;0;0;0;0;0.0;0.0;0.0;0.0;1.0;0.0;0.0;0.0;0.0;0.06;0.0;0.0;0.19;0;0;0.0
1165;ger000497;ger;laeufer;unknown;Läufer;MALE;2;2;38;38;0;0;0;0;0.61;0.39;0.0;0.0;0.0;0.0;0.0;0.0;0.0;0.06;0.05;0.05;0.19;1;3;0.09
1166;ger000497;ger;suschen;unknown;Suschen;FEMALE;1;1;23;23;0;0;0;0;1.0;0.0;0.0;0.0;0.0;0.0;0.0;0.0;0.0;0.03;0.03;0.03;0.15;0;3;0.0
1167;ger000497;ger;erster_schoener_geist;unknown;Erster schöner Geist;MALE;1;2;15;15;0;0;0;0;1.0;0.0;0.0;0.0;0.0;0.0;0.0;0.0;0.0;0.06;0.02;0.02;0.38;3;3;0.04
1168;ger000497;ger;zweiter_schoener_geist;unknown;Zweiter schöner Geist;MALE;1;2;9;9;0;0;0;0;1.0;0.0;0.0;0.0;0.0;0.0;0.0;0.0;0.0;0.06;0.01;0.01;0.38;3;2;0.04
1169;ger000497;ger;magister;unknown;Magister;MALE;2;2;20;20;0;0;0;0;0.6;0.0;0.0;0.0;0.4;0.0;0.0;0.0;0.0;0.06;0.03;0.03;0.23;0;0;0.03
1170;ger000497;ger;von_brand;unknown;von Brand;MALE;3;10;68;68;0;0;0;0;0.5;0.0;0.0;0.37;0.13;0.0;0.0;0.0;0.0;0.3;0.09;0.09;0.38;1;4;0.16
1171;ger000497;ger;blum;unknown;Blum;MALE;4;9;84;84;0;0;0;0;0.19;0.25;0.0;0.4;0.15;0.0;0.0;0.0;0.0;0.27;0.11;0.11;0.46;3;4;0.33
1172;ger000497;ger;franz;unknown;Franz;MALE;5;11;128;128;0;0;0;0;0.26;0.12;0.3;0.08;0.23;0.0;0.0;0.0;0.0;0.33;0.17;0.17;0.5;1;6;0.23
1173;ger000497;ger;gesandter;unknown;Gesandter;MALE;4;7;54;54;0;0;0;0;0.31;0.19;0.0;0.04;0.46;0.0;0.0;0.0;0.0;0.21;0.07;0.07;0.35;1;3;0.01
1174;ger000497;ger;gorg;unknown;Gorg;MALE;1;2;6;6;0;0;0;0;1.0;0.0;0.0;0.0;0.0;0.0;0.0;0.0;0.0;0.06;0.01;0.01;0.27;0;1;0.0
1175;ger000497;ger;fraenzchen;unknown;Fränzchen;MALE;2;4;18;18;0;0;0;0;0.61;0.0;0.0;0.0;0.39;0.0;0.0;0.0;0.0;0.12;0.02;0.02;0.35;0;0;0.01
1176;ger000497;ger;louise;unknown;Louise;FEMALE;2;2;23;23;0;0;0;0;0.52;0.0;0.0;0.48;0.0;0.0;0.0;0.0;0.0;0.06;0.03;0.03;0.15;2;2;0.0
1177;ger000497;ger;gesandtin;unknown;Gesandtin;FEMALE;4;10;80;80;0;0;0;0;0.54;0.14;0.0;0.2;0.12;0.0;0.0;0.0;0.0;0.3;0.11;0.11;0.46;1;5;0.22
1178;ger000497;ger;malchen;unknown;Malchen;FEMALE;2;2;9;9;0;0;0;0;0.33;0.0;0.0;0.0;0.67;0.0;0.0;0.0;0.0;0.06;0.01;0.01;0.19;0;2;0.0
1179;ger000497;ger;geheimderat;unknown;Geheimderat;MALE;2;2;25;25;0;0;0;0;0.56;0.44;0.0;0.0;0.0;0.0;0.0;0.0;0.0;0.06;0.03;0.03;0.27;1;5;0.0
1180;ger000497;ger;eins_der_kinder;unknown;Eins der Kinder;UNKNOWN;1;1;1;1;0;0;0;0;1.0;0.0;0.0;0.0;0.0;0.0;0.0;0.0;0.0;0.03;0.0;0.0;0.27;0;2;0.0
1181;ger000497;ger;sophchen;unknown;Sophchen;FEMALE;1;1;6;6;0;0;0;0;1.0;0.0;0.0;0.0;0.0;0.0;0.0;0.0;0.0;0.03;0.01;0.01;0.27;3;4;0.0
1182;ger000497;ger;lieschen;unknown;Lieschen;FEMALE;1;1;4;4;0;0;0;0;1.0;0.0;0.0;0.0;0.0;0.0;0.0;0.0;0.0;0.03;0.01;0.01;0.27;2;1;0.0
1183;ger000497;ger;betchen;unknown;Betchen;FEMALE;1;1;2;2;0;0;0;0;1.0;0.0;0.0;0.0;0.0;0.0;0.0;0.0;0.0;0.03;0.0;0.0;0.27;1;1;0.0
1184;ger000497;ger;magd;unknown;Magd;FEMALE;1;1;1;1;0;0;0;0;1.0;0.0;0.0;0.0;0.0;0.0;0.0;0.0;0.0;0.03;0.0;0.0;0.27;0;1;0.0
1185;ger000497;ger;unbekannter;unknown;Unbekannter;MALE;1;1;3;3;0;0;0;0;1.0;0.0;0.0;0.0;0.0;0.0;0.0;0.0;0.0;0.03;0.0;0.0;0.27;0;0;0.0
1186;ger000497;ger;louis;unknown;Louis;MALE;4;6;52;52;0;0;0;0;0.04;0.46;0.23;0.27;0.0;0.0;0.0;0.0;0.0;0.18;0.07;0.07;0.19;0;3;0.1
1187;ger000497;ger;bedienter;unknown;Bedienter;MALE;1;1;2;2;0;0;0;0;0.0;1.0;0.0;0.0;0.0;0.0;0.0;0.0;0.0;0.03;0.0;0.0;0.08;0;1;0.0
1188;ger000497;ger;julie;unknown;Julie;FEMALE;1;3;38;45;0;0;0;0;0.0;0.0;1.0;0.0;0.0;0.0;0.0;0.0;0.0;0.09;0.05;0.06;0.04;0;0;0.0
1189;ger000497;ger;hofmeister;unknown;Hofmeister;MALE;1;1;13;13;0;0;0;0;0.0;0.0;1.0;0.0;0.0;0.0;0.0;0.0;0.0;0.03;0.02;0.02;0.04;0;1;0.0
1190;ger000497;ger;doktor;unknown;Doktor;MALE;1;1;9;9;0;0;0;0;0.0;0.0;0.0;1.0;0.0;0.0;0.0;0.0;0.0;0.03;0.01;0.01;0.04;0;0;0.0
1191;ger000103;ger;amante;unknown;Amante;MALE;3;4;39;49;0;0;0;0;0.98;0.02;0.0;0.0;0.0;0.0;0.0;0.0;0.0;0.24;0.05;0.06;0.26;2;1;0.01
1192;ger000103;ger;paulo;unknown;Paulo;MALE;3;4;51;51;0;0;0;0;0.63;0.04;0.33;0.0;0.0;0.0;0.0;0.0;0.0;0.24;0.06;0.06;0.26;2;0;0.01
1193;ger000103;ger;laura;unknown;Laura;FEMALE;1;2;26;25;0;0;0;0;1.0;0.0;0.0;0.0;0.0;0.0;0.0;0.0;0.0;0.12;0.03;0.03;0.16;0;0;0.0
1194;ger000103;ger;julio;unknown;Julio;MALE;5;7;182;211;0;0;0;0;0.48;0.06;0.17;0.14;0.15;0.0;0.0;0.0;0.0;0.41;0.22;0.25;0.68;4;6;0.2
1195;ger000103;ger;ludovico;unknown;Ludovico;MALE;4;6;54;53;0;0;0;0;0.26;0.58;0.02;0.13;0.0;0.0;0.0;0.0;0.0;0.35;0.06;0.06;0.53;2;2;0.09
1196;ger000103;ger;pirro;unknown;Pirro;MALE;4;4;10;8;0;0;0;0;0.12;0.12;0.5;0.25;0.0;0.0;0.0;0.0;0.0;0.24;0.01;0.01;0.42;2;3;0.03
1197;ger000103;ger;solina;unknown;Donna Solina;FEMALE;5;8;160;159;0;0;0;0;0.2;0.1;0.09;0.41;0.2;0.0;0.0;0.0;0.0;0.47;0.19;0.18;0.68;1;4;0.17
1198;ger000103;ger;pasquino;unknown;Pasquino;MALE;1;1;21;20;0;0;0;0;0.0;1.0;0.0;0.0;0.0;0.0;0.0;0.0;0.0;0.06;0.03;0.02;0.11;0;2;0.0
1199;ger000103;ger;galbino;unknown;Prinz Galbino;MALE;4;6;116;116;0;0;0;0;0.0;0.52;0.19;0.18;0.11;0.0;0.0;0.0;0.0;0.35;0.14;0.13;0.58;1;5;0.15
1200;ger000103;ger;rosaline;unknown;Rosaline;FEMALE;1;1;16;15;0;0;0;0;0.0;1.0;0.0;0.0;0.0;0.0;0.0;0.0;0.0;0.06;0.02;0.02;0.16;3;0;0.0
1201;ger000103;ger;herzogin;unknown;Herzogin;FEMALE;2;3;31;31;0;0;0;0;0.0;0.71;0.0;0.29;0.0;0.0;0.0;0.0;0.0;0.18;0.04;0.04;0.42;2;2;0.03
1202;ger000103;ger;rosaura;unknown;Rosaura;FEMALE;2;2;7;6;0;0;0;0;0.0;0.17;0.0;0.83;0.0;0.0;0.0;0.0;0.0;0.12;0.01;0.01;0.37;2;3;0.02
1203;ger000103;ger;drullo;unknown;Graf Drullo;MALE;4;6;92;92;0;0;0;0;0.0;0.25;0.22;0.42;0.11;0.0;0.0;0.0;0.0;0.35;0.11;0.11;0.68;1;4;0.19
1204;ger000103;ger;bedienter;unknown;Bedienter;MALE;1;1;1;1;0;0;0;0;0.0;0.0;1.0;0.0;0.0;0.0;0.0;0.0;0.0;0.06;0.0;0.0;0.21;0;2;0.0
1205;ger000103;ger;galanteriekraemerin;unknown;Galanteriekrämerin;FEMALE;1;1;4;3;0;0;0;0;0.0;0.0;0.0;1.0;0.0;0.0;0.0;0.0;0.0;0.06;0.0;0.0;0.26;0;0;0.0
1206;ger000103;ger;carlo;unknown;Carlo;MALE;1;2;15;15;0;0;0;0;0.0;0.0;0.0;1.0;0.0;0.0;0.0;0.0;0.0;0.12;0.02;0.02;0.32;0;3;0.0
1207;ger000103;ger;stallmeister;unknown;Stallmeister;MALE;1;1;2;1;0;0;0;0;0.0;0.0;0.0;0.0;1.0;0.0;0.0;0.0;0.0;0.06;0.0;0.0;0.16;0;1;0.0
1208;ger000103;ger;kammerdiener;unknown;Kammerdiener;MALE;1;1;1;1;0;0;0;0;0.0;0.0;0.0;0.0;1.0;0.0;0.0;0.0;0.0;0.06;0.0;0.0;0.16;0;0;0.0
1209;ger000103;ger;abgeordneter;unknown;Abgeordneter;MALE;1;1;2;2;0;0;0;0;0.0;0.0;0.0;0.0;1.0;0.0;0.0;0.0;0.0;0.06;0.0;0.0;0.11;0;0;0.0
1210;ger000190;ger;bediente;unknown;Bediente;UNKNOWN;1;1;2;1;0;0;0;0;0.0;0.0;0.0;1.0;0.0;0.0;0.0;0.0;0.0;0.05;0.0;0.0;0.57;0;0;0.0
1211;ger000190;ger;grimaldi;unknown;Grimaldi;MALE;4;8;117;128;0;0;0;0;0.27;0.41;0.2;0.12;0.0;0.0;0.0;0.0;0.0;0.38;0.18;0.2;1.0;2;2;0.17
1212;ger000190;ger;guelfo;unknown;Guelfo;MALE;5;14;225;225;0;0;0;0;0.36;0.25;0.28;0.06;0.05;0.0;0.0;0.0;0.0;0.67;0.35;0.34;0.86;1;1;0.1
1213;ger000190;ger;galbo;unknown;Galbo;MALE;1;1;12;10;0;0;0;0;1.0;0.0;0.0;0.0;0.0;0.0;0.0;0.0;0.0;0.05;0.02;0.02;0.29;0;1;0.0
1214;ger000190;ger;amalia;unknown;Amalia;FEMALE;5;10;116;116;0;0;0;0;0.25;0.03;0.32;0.26;0.14;0.0;0.0;0.0;0.0;0.48;0.18;0.18;0.86;0;2;0.02
1215;ger000190;ger;alter_guelfo;unknown;Alter Guelfo;MALE;4;7;79;78;0;0;0;0;0.23;0.23;0.0;0.27;0.27;0.0;0.0;0.0;0.0;0.33;0.12;0.12;0.86;0;1;0.02
1216;ger000190;ger;ferdinando;unknown;Ferdinando;MALE;1;3;32;32;0;0;0;0;0.0;1.0;0.0;0.0;0.0;0.0;0.0;0.0;0.0;0.14;0.05;0.05;0.71;2;3;0.0
1217;ger000190;ger;camilla;unknown;Camilla;FEMALE;3;10;65;63;0;0;0;0;0.0;0.44;0.0;0.49;0.06;0.0;0.0;0.0;0.0;0.48;0.1;0.1;0.86;1;1;0.02
1218;ger000498;ger;die_koenige_die_andern;unknown;Die Könige/Die Andern;MALE;1;1;2;2;0;0;0;0;1.0;0.0;0.0;0.0;0.0;0.0;0.0;0.0;0.0;0.03;0.01;0.0;0.26;0;6;0.0
1219;ger000498;ger;alles;unknown;Auf einmal rief alles;UNKNOWN;1;1;1;1;0;0;0;0;1.0;0.0;0.0;0.0;0.0;0.0;0.0;0.0;0.0;0.03;0.0;0.0;0.26;0;0;0.0
1220;ger000498;ger;volk;unknown;Volk;UNKNOWN;2;5;25;27;0;0;0;0;0.0;0.0;0.59;0.41;0.0;0.0;0.0;0.0;0.0;0.16;0.06;0.06;0.21;0;2;0.02
1221;ger000498;ger;harlequin;unknown;Harlequin;MALE;3;12;64;66;0;0;0;0;0.0;0.35;0.32;0.33;0.0;0.0;0.0;0.0;0.0;0.38;0.16;0.14;0.24;1;2;0.03
1222;ger000498;ger;koenig_caromasko;unknown;König Caromasko;MALE;1;2;16;21;0;0;0;0;1.0;0.0;0.0;0.0;0.0;0.0;0.0;0.0;0.0;0.06;0.04;0.04;0.29;1;7;0.05
1223;ger000498;ger;koenigin_tritina;unknown;Königin Tritina;FEMALE;1;1;10;10;0;0;0;0;1.0;0.0;0.0;0.0;0.0;0.0;0.0;0.0;0.0;0.03;0.03;0.02;0.03;0;0;0.0
1224;ger000498;ger;caromaskos_vater;unknown;Caromaskos Vater;MALE;1;1;2;2;0;0;0;0;1.0;0.0;0.0;0.0;0.0;0.0;0.0;0.0;0.0;0.03;0.01;0.0;0.26;0;8;0.0
1225;ger000498;ger;koenig_chrysal;unknown;König Chrysal;MALE;1;1;3;3;0;0;0;0;1.0;0.0;0.0;0.0;0.0;0.0;0.0;0.0;0.0;0.03;0.01;0.01;0.26;0;5;0.0
1226;ger000498;ger;nachfolger_von_koenig_chrysal;unknown;Nachfolger von König Chrysal;MALE;1;1;1;1;0;0;0;0;1.0;0.0;0.0;0.0;0.0;0.0;0.0;0.0;0.0;0.03;0.0;0.0;0.26;0;4;0.0
1227;ger000498;ger;koenig_straldo;unknown;König Straldo;MALE;1;1;3;3;0;0;0;0;1.0;0.0;0.0;0.0;0.0;0.0;0.0;0.0;0.0;0.03;0.01;0.01;0.26;0;3;0.0
1228;ger000498;ger;der_grosse_koenig;unknown;Der große König;MALE;4;5;5;5;0;0;0;0;0.2;0.2;0.4;0.2;0.0;0.0;0.0;0.0;0.0;0.16;0.01;0.01;0.47;0;2;0.32
1229;ger000498;ger;ali;unknown;Ali;MALE;1;1;1;1;0;0;0;0;1.0;0.0;0.0;0.0;0.0;0.0;0.0;0.0;0.0;0.03;0.0;0.0;0.26;0;1;0.0
1230;ger000498;ger;zuma;unknown;Zuma;MALE;1;1;1;1;0;0;0;0;1.0;0.0;0.0;0.0;0.0;0.0;0.0;0.0;0.0;0.03;0.0;0.0;0.26;0;0;0.0
1231;ger000498;ger;colombine;unknown;Colombine;FEMALE;3;6;28;28;0;0;0;0;0.0;0.43;0.29;0.29;0.0;0.0;0.0;0.0;0.0;0.19;0.07;0.06;0.18;1;5;0.0
1232;ger000498;ger;gleba;unknown;Gleba;MALE;3;10;35;39;0;0;0;0;0.0;0.23;0.31;0.46;0.0;0.0;0.0;0.0;0.0;0.31;0.09;0.08;0.35;0;2;0.14
1233;ger000498;ger;prinz_zed;unknown;Prinz Zed;MALE;2;4;28;28;0;0;0;0;0.0;0.0;0.89;0.11;0.0;0.0;0.0;0.0;0.0;0.12;0.07;0.06;0.15;0;1;0.0
1234;ger000498;ger;pedrilla;unknown;Pedrilla;FEMALE;2;5;12;11;0;0;0;0;0.0;0.0;0.82;0.18;0.0;0.0;0.0;0.0;0.0;0.16;0.03;0.02;0.18;0;2;0.0
1235;ger000498;ger;prinz_seiden-wurm;unknown;Prinz Seiden-Wurm;MALE;2;8;41;45;0;0;0;0;0.0;0.0;0.96;0.04;0.0;0.0;0.0;0.0;0.0;0.25;0.1;0.09;0.29;1;2;0.06
1236;ger000498;ger;minister_bim;unknown;Minister Bim;MALE;2;8;36;46;0;0;0;0;0.0;0.0;0.87;0.13;0.0;0.0;0.0;0.0;0.0;0.25;0.09;0.09;0.38;1;5;0.1
1237;ger000498;ger;poet_stumpf;unknown;Poet Stumpf;MALE;2;2;5;43;0;0;0;0;0.0;0.0;0.95;0.05;0.0;0.0;0.0;0.0;0.0;0.06;0.01;0.09;0.09;0;3;0.0
1238;ger000498;ger;general_bonze;unknown;General Bonze;MALE;1;1;2;2;0;0;0;0;0.0;0.0;1.0;0.0;0.0;0.0;0.0;0.0;0.0;0.03;0.01;0.0;0.06;0;2;0.0
1239;ger000498;ger;der_philosoph;unknown;Der Philosoph;MALE;2;2;3;3;0;0;0;0;0.0;0.0;0.67;0.33;0.0;0.0;0.0;0.0;0.0;0.06;0.01;0.01;0.09;0;3;0.0
1240;ger000498;ger;andrena;unknown;Andrena;MALE;1;1;4;4;0;0;0;0;0.0;0.0;1.0;0.0;0.0;0.0;0.0;0.0;0.0;0.03;0.01;0.01;0.12;0;3;0.0
1241;ger000498;ger;general_forsak;unknown;General Forsak;MALE;1;1;1;1;0;0;0;0;0.0;0.0;0.0;1.0;0.0;0.0;0.0;0.0;0.0;0.03;0.0;0.0;0.03;0;1;0.0
1242;ger000498;ger;graez;unknown;Gräz;MALE;1;1;1;1;0;0;0;0;0.0;0.0;0.0;1.0;0.0;0.0;0.0;0.0;0.0;0.03;0.0;0.0;0.03;0;1;0.0
1243;ger000498;ger;prinz_aster;unknown;Prinz Aster;MALE;1;3;5;5;0;0;0;0;0.0;0.0;0.0;1.0;0.0;0.0;0.0;0.0;0.0;0.09;0.01;0.01;0.12;0;2;0.05
1244;ger000498;ger;prinzessin_purperine;unknown;Prinzessin Purperine;FEMALE;1;1;3;3;0;0;0;0;0.0;0.0;0.0;1.0;0.0;0.0;0.0;0.0;0.0;0.03;0.01;0.01;0.03;0;1;0.0
1245;ger000443;ger;kastilier;unknown;Die Kastilier;MALE;1;1;17;17;0;0;0;0;1.0;0.0;0.0;0.0;0.0;0.0;0.0;0.0;0.0;0.06;0.02;0.02;0.29;0;0;0.0
1246;ger000443;ger;sarazenenkoenig;unknown;Sarazenenkönig;MALE;1;1;26;26;0;0;0;0;1.0;0.0;0.0;0.0;0.0;0.0;0.0;0.0;0.0;0.06;0.03;0.03;0.29;1;5;0.0
1247;ger000443;ger;grisaldo;unknown;Grisaldo;MALE;5;9;150;143;0;0;0;0;0.17;0.26;0.33;0.08;0.16;0.0;0.0;0.0;0.0;0.56;0.16;0.15;0.86;1;6;0.17
1248;ger000443;ger;almerine;unknown;Almerine;FEMALE;3;4;39;38;0;0;0;0;0.37;0.0;0.0;0.5;0.13;0.0;0.0;0.0;0.0;0.25;0.04;0.04;0.62;3;6;0.03
1249;ger000443;ger;malvizino;unknown;Malvizino;MALE;4;5;48;48;0;0;0;0;0.25;0.29;0.38;0.0;0.08;0.0;0.0;0.0;0.0;0.31;0.05;0.05;0.76;0;5;0.09
1250;ger000443;ger;ballona;unknown;Ballona;MALE;4;5;45;45;0;0;0;0;0.24;0.0;0.33;0.4;0.02;0.0;0.0;0.0;0.0;0.31;0.05;0.05;0.71;2;4;0.07
1251;ger000443;ger;prinz_zifaldo;unknown;Prinz Zifaldo;MALE;3;5;46;47;0;0;0;0;0.23;0.0;0.0;0.57;0.19;0.0;0.0;0.0;0.0;0.31;0.05;0.05;0.62;1;1;0.04
1252;ger000443;ger;curio;unknown;Curio;MALE;5;7;119;117;0;0;0;0;0.11;0.34;0.25;0.15;0.15;0.0;0.0;0.0;0.0;0.44;0.13;0.13;0.48;2;4;0.04
1253;ger000443;ger;infantin;unknown;Infantin;FEMALE;4;5;57;57;0;0;0;0;0.32;0.16;0.26;0.26;0.0;0.0;0.0;0.0;0.0;0.31;0.06;0.06;0.57;2;6;0.02
1254;ger000443;ger;lilla;unknown;Lilla;FEMALE;4;7;75;85;0;0;0;0;0.08;0.35;0.21;0.35;0.0;0.0;0.0;0.0;0.0;0.44;0.08;0.09;0.62;1;4;0.06
1255;ger000443;ger;bastiano;unknown;Bastiano;MALE;4;6;152;152;0;0;0;0;0.0;0.54;0.06;0.2;0.2;0.0;0.0;0.0;0.0;0.38;0.16;0.16;0.52;1;6;0.06
1256;ger000443;ger;don_fernando;unknown;Don Fernando;MALE;1;1;13;13;0;0;0;0;0.0;1.0;0.0;0.0;0.0;0.0;0.0;0.0;0.0;0.06;0.01;0.01;0.19;1;2;0.0
1257;ger000443;ger;truffaldino;unknown;Truffaldino;MALE;3;5;63;59;0;0;0;0;0.0;0.37;0.42;0.0;0.2;0.0;0.0;0.0;0.0;0.31;0.07;0.06;0.48;1;3;0.04
1258;ger000443;ger;koenig;unknown;König von Kastilien;MALE;3;3;41;41;0;0;0;0;0.0;0.71;0.0;0.02;0.27;0.0;0.0;0.0;0.0;0.19;0.04;0.04;0.33;0;5;0.0
1259;ger000443;ger;saluzzo;unknown;Saluzzo;MALE;1;1;6;6;0;0;0;0;0.0;0.0;1.0;0.0;0.0;0.0;0.0;0.0;0.0;0.06;0.01;0.01;0.19;1;3;0.0
1260;ger000443;ger;erster_aragonier;unknown;1. Aragonier;MALE;1;1;6;6;0;0;0;0;0.0;0.0;1.0;0.0;0.0;0.0;0.0;0.0;0.0;0.06;0.01;0.01;0.19;1;2;0.0
1261;ger000443;ger;isabella;unknown;Isabella;FEMALE;3;4;23;23;0;0;0;0;0.0;0.0;0.74;0.22;0.04;0.0;0.0;0.0;0.0;0.25;0.02;0.02;0.67;0;7;0.07
1262;ger000443;ger;ein_mann_5-1a;unknown;Ein Mann (V/1);MALE;1;1;1;1;0;0;0;0;0.0;0.0;0.0;0.0;1.0;0.0;0.0;0.0;0.0;0.06;0.0;0.0;0.33;1;5;0.0
1263;ger000443;ger;einer_von_den_maennern_5-1b;unknown;Einer von den Männern (V/1);MALE;1;1;1;1;0;0;0;0;0.0;0.0;0.0;0.0;1.0;0.0;0.0;0.0;0.0;0.06;0.0;0.0;0.33;0;1;0.0
1264;ger000443;ger;ein_mann_5-1c;unknown;Ein Mann (V/1);MALE;1;1;1;1;0;0;0;0;0.0;0.0;0.0;0.0;1.0;0.0;0.0;0.0;0.0;0.06;0.0;0.0;0.33;0;0;0.0
1265;ger000443;ger;infantin lilla;unknown;UNKNOWN;u;1;1;1;1;0;0;0;0;0.0;0.0;0.0;1.0;0.0;0.0;0.0;0.0;0.0;0.06;0.0;0.0;0.29;1;0;0.0
1266;ger000053;ger;wild;unknown;Wild;MALE;5;18;145;145;0;0;0;0;0.15;0.36;0.14;0.17;0.17;0.0;0.0;0.0;0.0;0.49;0.18;0.19;0.93;0;4;0.1
1267;ger000053;ger;blasius;unknown;Blasius;MALE;5;11;66;66;0;0;0;0;0.21;0.21;0.35;0.11;0.12;0.0;0.0;0.0;0.0;0.3;0.08;0.08;0.71;1;2;0.04
1268;ger000053;ger;la_feu;unknown;La Feu;MALE;5;14;76;74;0;0;0;0;0.16;0.23;0.39;0.08;0.14;0.0;0.0;0.0;0.0;0.38;0.1;0.09;0.79;2;2;0.06
1269;ger000053;ger;der_wirt;unknown;Der Wirt;MALE;2;2;5;5;0;0;0;0;0.8;0.0;0.2;0.0;0.0;0.0;0.0;0.0;0.0;0.05;0.01;0.01;0.36;0;2;0.0
1270;ger000053;ger;berkley;unknown;Berkley;MALE;4;12;112;112;0;0;0;0;0.15;0.26;0.0;0.37;0.22;0.0;0.0;0.0;0.0;0.32;0.14;0.14;0.71;3;4;0.15
1271;ger000053;ger;caroline;unknown;Caroline;FEMALE;5;19;104;102;0;0;0;0;0.24;0.24;0.11;0.14;0.28;0.0;0.0;0.0;0.0;0.51;0.13;0.13;0.79;1;5;0.05
1272;ger000053;ger;louise;unknown;Louise;FEMALE;5;8;63;63;0;0;0;0;0.21;0.19;0.43;0.03;0.14;0.0;0.0;0.0;0.0;0.22;0.08;0.08;0.71;1;3;0.02
1273;ger000053;ger;kathrin;unknown;Kathrin;FEMALE;5;9;57;57;0;0;0;0;0.11;0.21;0.44;0.05;0.19;0.0;0.0;0.0;0.0;0.24;0.07;0.07;0.71;2;5;0.02
1274;ger000053;ger;betty;unknown;Betty;FEMALE;2;2;6;6;0;0;0;0;0.0;0.17;0.0;0.0;0.83;0.0;0.0;0.0;0.0;0.05;0.01;0.01;0.29;0;3;0.0
1275;ger000053;ger;kapitaen;unknown;Kapitän;MALE;3;11;91;91;0;0;0;0;0.0;0.0;0.29;0.44;0.27;0.0;0.0;0.0;0.0;0.3;0.12;0.12;0.79;0;6;0.04
1276;ger000053;ger;mohr;unknown;Mohr;MALE;3;8;36;36;0;0;0;0;0.0;0.0;0.31;0.19;0.5;0.0;0.0;0.0;0.0;0.22;0.05;0.05;0.79;0;1;0.04
1277;ger000053;ger;bediente;unknown;Bediente;FEMALE;1;1;2;2;0;0;0;0;0.0;0.0;0.0;1.0;0.0;0.0;0.0;0.0;0.0;0.03;0.0;0.0;0.07;0;0;0.0
1278;ger000053;ger;lord_bushy;unknown;Lord Bushy;MALE;1;2;20;20;0;0;0;0;0.0;0.0;0.0;0.0;1.0;0.0;0.0;0.0;0.0;0.05;0.03;0.03;0.36;1;2;0.0
1279;ger000053;ger;kathrin louise;unknown;UNKNOWN;u;1;1;2;2;0;0;0;0;0.0;1.0;0.0;0.0;0.0;0.0;0.0;0.0;0.0;0.03;0.0;0.0;0.36;0;0;0.0
1280;ger000053;ger;kapitaen berkley;unknown;UNKNOWN;u;1;1;1;1;0;0;0;0;0.0;0.0;0.0;1.0;0.0;0.0;0.0;0.0;0.0;0.03;0.0;0.0;0.5;0;1;0.0
1281;ger000722;ger;abel;unknown;Abel;MALE;2;5;13;13;0;0;0;0;0.85;0.15;0.0;0.0;0.0;0.0;0.0;0.0;0.0;0.29;0.12;0.11;0.8;2;1;0.1
1282;ger000722;ger;zilla;unknown;Zilla;FEMALE;3;4;12;12;0;0;0;0;0.42;0.25;0.33;0.0;0.0;0.0;0.0;0.0;0.0;0.24;0.11;0.11;0.4;0;0;0.0
1283;ger000722;ger;kain;unknown;Kain;MALE;3;4;21;21;0;0;0;0;0.29;0.1;0.62;0.0;0.0;0.0;0.0;0.0;0.0;0.24;0.19;0.18;0.8;1;1;0.03
1284;ger000722;ger;eva;unknown;Eva;FEMALE;2;10;30;30;0;0;0;0;0.0;0.33;0.67;0.0;0.0;0.0;0.0;0.0;0.0;0.59;0.27;0.26;1.0;1;0;0.23
1285;ger000722;ger;adam;unknown;Adam;MALE;2;10;35;35;0;0;0;0;0.0;0.37;0.63;0.0;0.0;0.0;0.0;0.0;0.0;0.59;0.31;0.31;0.8;1;1;0.03
1286;ger000722;ger;adam eva;unknown;UNKNOWN;u;1;2;2;2;0;0;0;0;0.0;0.0;1.0;0.0;0.0;0.0;0.0;0.0;0.0;0.12;0.02;0.02;0.6;0;0;0.0
1287;ger000013;ger;selima;unknown;Selima;FEMALE;3;7;15;15;0;0;0;0;0.33;0.53;0.13;0.0;0.0;0.0;0.0;0.0;0.0;0.35;0.08;0.08;0.82;4;3;0.0
1288;ger000013;ger;seth;unknown;Seth;MALE;3;10;58;59;0;0;0;0;0.25;0.29;0.46;0.0;0.0;0.0;0.0;0.0;0.0;0.5;0.31;0.31;1.0;1;1;0.15
1289;ger000013;ger;adam;unknown;Adam;MALE;3;14;72;72;0;0;0;0;0.25;0.47;0.28;0.0;0.0;0.0;0.0;0.0;0.0;0.7;0.39;0.37;1.0;1;2;0.15
1290;ger000013;ger;der_todesengel;unknown;Der Todesengel;UNKNOWN;1;1;1;1;0;0;0;0;1.0;0.0;0.0;0.0;0.0;0.0;0.0;0.0;0.0;0.05;0.01;0.01;0.18;0;0;0.0
1291;ger000013;ger;kain;unknown;Kain;MALE;1;2;14;14;0;0;0;0;0.0;1.0;0.0;0.0;0.0;0.0;0.0;0.0;0.0;0.1;0.08;0.07;0.18;0;2;0.0
1292;ger000013;ger;eva;unknown;Eva;FEMALE;1;4;19;19;0;0;0;0;0.0;0.0;1.0;0.0;0.0;0.0;0.0;0.0;0.0;0.2;0.1;0.1;0.82;0;1;0.0
1293;ger000013;ger;heman;unknown;Heman;MALE;1;1;1;1;0;0;0;0;0.0;0.0;1.0;0.0;0.0;0.0;0.0;0.0;0.0;0.05;0.01;0.01;0.82;4;3;0.0
1294;ger000013;ger;eine_mutter;unknown;Eine Mutter;FEMALE;1;1;1;1;0;0;0;0;0.0;0.0;1.0;0.0;0.0;0.0;0.0;0.0;0.0;0.05;0.01;0.01;0.82;3;3;0.0
1295;ger000013;ger;noch_eine;unknown;Noch eine;FEMALE;1;1;1;1;0;0;0;0;0.0;0.0;1.0;0.0;0.0;0.0;0.0;0.0;0.0;0.05;0.01;0.01;0.82;2;3;0.0
1296;ger000013;ger;die_dritte;unknown;Die dritte;FEMALE;1;1;1;1;0;0;0;0;0.0;0.0;1.0;0.0;0.0;0.0;0.0;0.0;0.0;0.05;0.01;0.01;0.82;1;3;0.0
1297;ger000013;ger;sunim;unknown;Sunim;MALE;1;1;1;1;0;0;0;0;0.0;0.0;1.0;0.0;0.0;0.0;0.0;0.0;0.0;0.05;0.01;0.01;0.82;1;0;0.0
1298;ger000013;ger;selima heman eine_mutter noch_eine die_dritte seth sunim eva;unknown;UNKNOWN;u;1;1;1;1;0;0;0;0;0.0;0.0;1.0;0.0;0.0;0.0;0.0;0.0;0.0;0.05;0.01;0.01;0.82;0;0;0.0
1299;ger000345;ger;die_barden;unknown;Die Barden;MALE;0;10;82;517;0;0;0;0;0.0;0.0;0.0;0.0;0.0;0.0;0.0;0.0;0.0;0.71;0.1;0.38;0.89;4;25;0.15
1300;ger000345;ger;ein_chor_jungfrauen;unknown;Ein Chor Jungfrauen;FEMALE;0;1;2;12;0;0;0;0;0.0;0.0;0.0;0.0;0.0;0.0;0.0;0.0;0.0;0.07;0.0;0.01;0.36;3;3;0.0
1301;ger000345;ger;das_andre_chor_der_jungfrauen;unknown;Das andre Chor der Jungfrauen;FEMALE;0;1;1;4;0;0;0;0;0.0;0.0;0.0;0.0;0.0;0.0;0.0;0.0;0.0;0.07;0.0;0.0;0.36;2;3;0.0
1302;ger000345;ger;horst;unknown;Horst;MALE;0;7;45;45;0;0;0;0;0.0;0.0;0.0;0.0;0.0;0.0;0.0;0.0;0.0;0.5;0.06;0.03;0.75;4;21;0.09
1303;ger000345;ger;siegmar;unknown;Siegmar;MALE;0;5;102;102;0;0;0;0;0.0;0.0;0.0;0.0;0.0;0.0;0.0;0.0;0.0;0.36;0.13;0.08;0.47;0;22;0.03
1304;ger000345;ger;eine_entfernte_stimme;unknown;Eine entfernte Stimme;MALE;0;1;1;1;0;0;0;0;0.0;0.0;0.0;0.0;0.0;0.0;0.0;0.0;0.0;0.07;0.0;0.0;0.04;0;0;0.0
1305;ger000345;ger;der_knabe_werdomars_sohn;unknown;Der Knabe (Werdomars Sohn);MALE;0;6;33;36;0;0;0;0;0.0;0.0;0.0;0.0;0.0;0.0;0.0;0.0;0.0;0.43;0.04;0.03;0.55;0;20;0.03
1306;ger000345;ger;brenno;unknown;Brenno;MALE;0;13;160;160;0;0;0;0;0.0;0.0;0.0;0.0;0.0;0.0;0.0;0.0;0.0;0.93;0.2;0.12;0.96;4;33;0.22
1307;ger000345;ger;ein_druide_2a;unknown;Ein Druide (2);MALE;0;1;1;1;0;0;0;0;0.0;0.0;0.0;0.0;0.0;0.0;0.0;0.0;0.0;0.07;0.0;0.0;0.16;0;5;0.0
1308;ger000345;ger;ein_barde_2;unknown;Ein Barde (2);MALE;0;1;2;2;0;0;0;0;0.0;0.0;0.0;0.0;0.0;0.0;0.0;0.0;0.0;0.07;0.0;0.0;0.16;0;4;0.0
1309;ger000345;ger;ein_druide_2b;unknown;Ein Druide (2);MALE;0;1;1;1;0;0;0;0;0.0;0.0;0.0;0.0;0.0;0.0;0.0;0.0;0.0;0.07;0.0;0.0;0.16;0;3;0.0
1310;ger000345;ger;werdomar;unknown;Werdomar;MALE;0;8;29;29;0;0;0;0;0.0;0.0;0.0;0.0;0.0;0.0;0.0;0.0;0.0;0.57;0.04;0.02;0.55;0;10;0.05
1311;ger000345;ger;der_hauptmann_2;unknown;Der Hauptmann (2);MALE;0;1;3;3;0;0;0;0;0.0;0.0;0.0;0.0;0.0;0.0;0.0;0.0;0.0;0.07;0.0;0.0;0.16;0;1;0.0
1312;ger000345;ger;ein_hauptmann_2_und_3;unknown;Ein Hauptmann (2 und 3);MALE;0;2;3;3;0;0;0;0;0.0;0.0;0.0;0.0;0.0;0.0;0.0;0.0;0.0;0.14;0.0;0.0;0.27;0;5;0.0
1313;ger000345;ger;ein_barde_3a;unknown;Ein Barde (3);MALE;0;1;1;4;0;0;0;0;0.0;0.0;0.0;0.0;0.0;0.0;0.0;0.0;0.0;0.07;0.0;0.0;0.18;0;5;0.0
1314;ger000345;ger;ein_barde_3b;unknown;Ein Barde (3);MALE;0;1;1;1;0;0;0;0;0.0;0.0;0.0;0.0;0.0;0.0;0.0;0.0;0.0;0.07;0.0;0.0;0.18;0;4;0.0
1315;ger000345;ger;ein_barde_3c;unknown;Ein Barde (3);MALE;0;1;1;4;0;0;0;0;0.0;0.0;0.0;0.0;0.0;0.0;0.0;0.0;0.0;0.07;0.0;0.0;0.18;0;2;0.0
1316;ger000345;ger;ein_barde_3d;unknown;Ein Barde (3);MALE;0;1;1;1;0;0;0;0;0.0;0.0;0.0;0.0;0.0;0.0;0.0;0.0;0.0;0.07;0.0;0.0;0.18;0;1;0.0
1317;ger000345;ger;ein_anderer_barde_3e;unknown;Ein Barde (3);MALE;0;1;1;1;0;0;0;0;0.0;0.0;0.0;0.0;0.0;0.0;0.0;0.0;0.0;0.07;0.0;0.0;0.18;0;0;0.0
1318;ger000345;ger;segest;unknown;Segest;MALE;0;1;17;17;0;0;0;0;0.0;0.0;0.0;0.0;0.0;0.0;0.0;0.0;0.0;0.07;0.02;0.01;0.07;0;4;0.0
1319;ger000345;ger;kedmon;unknown;Kedmon;MALE;0;4;12;12;0;0;0;0;0.0;0.0;0.0;0.0;0.0;0.0;0.0;0.0;0.0;0.29;0.02;0.01;0.62;4;11;0.04
1320;ger000345;ger;ein_barde_4;unknown;Ein Barde (4);MALE;0;1;1;1;0;0;0;0;0.0;0.0;0.0;0.0;0.0;0.0;0.0;0.0;0.0;0.07;0.0;0.0;0.07;0;1;0.0
1321;ger000345;ger;thusnelda;unknown;Thusnelda;FEMALE;0;6;53;115;0;0;0;0;0.0;0.0;0.0;0.0;0.0;0.0;0.0;0.0;0.0;0.43;0.07;0.08;0.55;4;21;0.03
1322;ger000345;ger;ein_barde_5;unknown;Ein Barde (5);MALE;0;1;1;1;0;0;0;0;0.0;0.0;0.0;0.0;0.0;0.0;0.0;0.0;0.0;0.07;0.0;0.0;0.05;0;1;0.0
1323;ger000345;ger;siegmund;unknown;Siegmund;MALE;0;3;14;14;0;0;0;0;0.0;0.0;0.0;0.0;0.0;0.0;0.0;0.0;0.0;0.21;0.02;0.01;0.47;1;8;0.01
1324;ger000345;ger;erster_opferknabe;unknown;Erster Opferknabe;MALE;0;3;4;4;0;0;0;0;0.0;0.0;0.0;0.0;0.0;0.0;0.0;0.0;0.0;0.21;0.01;0.0;0.35;0;10;0.0
1325;ger000345;ger;zweiter_opferknabe;unknown;Zweiter Opferknabe;MALE;0;1;2;2;0;0;0;0;0.0;0.0;0.0;0.0;0.0;0.0;0.0;0.0;0.0;0.07;0.0;0.0;0.15;0;1;0.0
1326;ger000345;ger;ein_hauptmann_7;unknown;Ein Hauptmann (7);MALE;0;1;5;5;0;0;0;0;0.0;0.0;0.0;0.0;0.0;0.0;0.0;0.0;0.0;0.07;0.01;0.0;0.09;0;2;0.0
1327;ger000345;ger;ein_barde_8a;unknown;Ein Barde (8);MALE;0;1;1;1;0;0;0;0;0.0;0.0;0.0;0.0;0.0;0.0;0.0;0.0;0.0;0.07;0.0;0.0;0.25;0;6;0.0
1328;ger000345;ger;ein_druide_8;unknown;Ein Druide (8);MALE;0;1;4;4;0;0;0;0;0.0;0.0;0.0;0.0;0.0;0.0;0.0;0.0;0.0;0.07;0.01;0.0;0.25;0;5;0.0
1329;ger000345;ger;der_zweite_druide;unknown;Der zweite Druide;MALE;0;1;1;1;0;0;0;0;0.0;0.0;0.0;0.0;0.0;0.0;0.0;0.0;0.0;0.07;0.0;0.0;0.25;0;4;0.0
1330;ger000345;ger;ein_hauptmann_8;unknown;Ein Hauptmann (8);MALE;0;1;1;1;0;0;0;0;0.0;0.0;0.0;0.0;0.0;0.0;0.0;0.0;0.0;0.07;0.0;0.0;0.25;0;2;0.0
1331;ger000345;ger;ein_barde_8b;unknown;Ein Barde (8);MALE;0;1;1;1;0;0;0;0;0.0;0.0;0.0;0.0;0.0;0.0;0.0;0.0;0.0;0.07;0.0;0.0;0.25;0;1;0.0
1332;ger000345;ger;ein_barde_9;unknown;Ein Barde (9);MALE;0;1;2;2;0;0;0;0;0.0;0.0;0.0;0.0;0.0;0.0;0.0;0.0;0.0;0.07;0.0;0.0;0.07;0;4;0.0
1333;ger000345;ger;gefangnenfuehrer;unknown;Gefangnenführer;MALE;0;1;1;1;0;0;0;0;0.0;0.0;0.0;0.0;0.0;0.0;0.0;0.0;0.0;0.07;0.0;0.0;0.07;0;2;0.0
1334;ger000345;ger;der_gefangne-flavius;unknown;Der Gefangne (Flavius);MALE;0;2;17;17;0;0;0;0;0.0;0.0;0.0;0.0;0.0;0.0;0.0;0.0;0.0;0.14;0.02;0.01;0.42;4;5;0.01
1335;ger000345;ger;ein_hauptmann_10;unknown;Ein Hauptmann (10);MALE;0;1;2;2;0;0;0;0;0.0;0.0;0.0;0.0;0.0;0.0;0.0;0.0;0.0;0.07;0.0;0.0;0.07;0;2;0.0
1336;ger000345;ger;ein_andrer_hauptmann_10;unknown;Ein andrer Hauptmann (10);MALE;0;1;1;1;0;0;0;0;0.0;0.0;0.0;0.0;0.0;0.0;0.0;0.0;0.0;0.07;0.0;0.0;0.07;0;1;0.0
1337;ger000345;ger;hermann;unknown;Hermann;MALE;0;4;108;128;0;0;0;0;0.0;0.0;0.0;0.0;0.0;0.0;0.0;0.0;0.0;0.29;0.14;0.09;0.49;5;17;0.01
1338;ger000345;ger;ein_kriegsgefaehrte;unknown;Ein Kriegsgefährte;MALE;0;1;1;1;0;0;0;0;0.0;0.0;0.0;0.0;0.0;0.0;0.0;0.0;0.0;0.07;0.0;0.0;0.36;4;13;0.0
1339;ger000345;ger;ein_andrer_kriegsgefaehrte;unknown;Ein andrer Kriegsgefährte;MALE;0;1;1;1;0;0;0;0;0.0;0.0;0.0;0.0;0.0;0.0;0.0;0.0;0.0;0.07;0.0;0.0;0.36;4;12;0.0
1340;ger000345;ger;der_cherusker;unknown;Der Cherusker;MALE;0;2;10;10;0;0;0;0;0.0;0.0;0.0;0.0;0.0;0.0;0.0;0.0;0.0;0.14;0.01;0.01;0.38;4;8;0.0
1341;ger000345;ger;der_bructerer;unknown;Der Bructerer;MALE;0;1;1;1;0;0;0;0;0.0;0.0;0.0;0.0;0.0;0.0;0.0;0.0;0.0;0.07;0.0;0.0;0.36;4;7;0.0
1342;ger000345;ger;valerius;unknown;Valerius;MALE;0;1;16;16;0;0;0;0;0.0;0.0;0.0;0.0;0.0;0.0;0.0;0.0;0.0;0.07;0.02;0.01;0.36;4;6;0.0
1343;ger000345;ger;licinius;unknown;Licinius;MALE;0;1;4;4;0;0;0;0;0.0;0.0;0.0;0.0;0.0;0.0;0.0;0.0;0.0;0.07;0.01;0.0;0.36;4;5;0.0
1344;ger000345;ger;eine_der_jungfrauen;unknown;Eine der Jungfrauen;FEMALE;0;1;1;2;0;0;0;0;0.0;0.0;0.0;0.0;0.0;0.0;0.0;0.0;0.0;0.07;0.0;0.0;0.36;1;3;0.0
1345;ger000345;ger;eine_andre_jungfrau;unknown;Eine andre Jungfrau;FEMALE;0;1;1;2;0;0;0;0;0.0;0.0;0.0;0.0;0.0;0.0;0.0;0.0;0.0;0.07;0.0;0.0;0.36;0;3;0.0
1346;ger000345;ger;ein_barde_11;unknown;Ein Barde (11);MALE;0;1;1;1;0;0;0;0;0.0;0.0;0.0;0.0;0.0;0.0;0.0;0.0;0.0;0.07;0.0;0.0;0.36;0;2;0.0
1347;ger000345;ger;ein_hauptmann_11;unknown;Ein Hauptmann (11);MALE;0;1;4;4;0;0;0;0;0.0;0.0;0.0;0.0;0.0;0.0;0.0;0.0;0.0;0.07;0.01;0.0;0.36;0;1;0.0
1348;ger000345;ger;ein_barde_12;unknown;Ein Barde (12);MALE;0;1;1;4;0;0;0;0;0.0;0.0;0.0;0.0;0.0;0.0;0.0;0.0;0.0;0.07;0.0;0.0;0.16;0;0;0.0
1349;ger000345;ger;der_marse;unknown;Der Marse;MALE;0;1;13;13;0;0;0;0;0.0;0.0;0.0;0.0;0.0;0.0;0.0;0.0;0.0;0.07;0.02;0.01;0.09;1;4;0.0
1350;ger000345;ger;bercennis;unknown;Bercennis;FEMALE;0;1;13;13;0;0;0;0;0.0;0.0;0.0;0.0;0.0;0.0;0.0;0.0;0.0;0.07;0.02;0.01;0.11;0;6;0.0
1351;ger000345;ger;erster_opferknabe zweiter_opferknabe;unknown;UNKNOWN;u;0;2;3;3;0;0;0;0;0.0;0.0;0.0;0.0;0.0;0.0;0.0;0.0;0.0;0.14;0.0;0.0;0.33;0;13;0.0
1352;ger000345;ger;einige_druiden die_barden;unknown;UNKNOWN;u;0;1;1;1;0;0;0;0;0.0;0.0;0.0;0.0;0.0;0.0;0.0;0.0;0.0;0.07;0.0;0.0;0.25;0;5;0.0
1353;ger000345;ger;ein_chor_jungfrauen das_andre_chor_der_jungfrauen;unknown;UNKNOWN;u;0;1;2;12;0;0;0;0;0.0;0.0;0.0;0.0;0.0;0.0;0.0;0.0;0.0;0.07;0.0;0.01;0.36;2;3;0.0
1354;ger000700;ger;wirth;unknown;Wirth;MALE;1;4;31;31;0;0;0;0;1.0;0.0;0.0;0.0;0.0;0.0;0.0;0.0;0.0;0.1;0.03;0.03;0.21;1;0;0.2
1355;ger000700;ger;wilhelmine;unknown;Wilhelmine;FEMALE;3;13;93;86;0;0;0;0;0.55;0.08;0.0;0.0;0.37;0.0;0.0;0.0;0.0;0.33;0.1;0.09;0.53;1;3;0.39
1356;ger000700;ger;bauer_niclas;unknown;Bauer (Niclas);MALE;1;1;3;1;0;0;0;0;1.0;0.0;0.0;0.0;0.0;0.0;0.0;0.0;0.0;0.03;0.0;0.0;0.05;0;1;0.0
1357;ger000700;ger;pachter;unknown;Pachter;MALE;1;1;4;3;0;0;0;0;1.0;0.0;0.0;0.0;0.0;0.0;0.0;0.0;0.0;0.03;0.0;0.0;0.05;0;1;0.0
1358;ger000700;ger;baeuerin_1-5;unknown;Bäuerin (I/5);FEMALE;1;1;5;5;0;0;0;0;1.0;0.0;0.0;0.0;0.0;0.0;0.0;0.0;0.0;0.03;0.01;0.01;0.05;1;0;0.0
1359;ger000700;ger;jaeger_1-6;unknown;Jäger (I/6);MALE;1;1;1;1;0;0;0;0;1.0;0.0;0.0;0.0;0.0;0.0;0.0;0.0;0.0;0.03;0.0;0.0;0.05;0;0;0.0
1360;ger000700;ger;jude;unknown;Jude;MALE;1;1;2;2;0;0;0;0;1.0;0.0;0.0;0.0;0.0;0.0;0.0;0.0;0.0;0.03;0.0;0.0;0.05;0;0;0.0
1361;ger000700;ger;fritz;unknown;Fritz;MALE;5;12;105;104;0;0;0;0;0.33;0.08;0.12;0.41;0.07;0.0;0.0;0.0;0.0;0.3;0.11;0.11;0.47;2;2;0.18
1362;ger000700;ger;bauer;unknown;Bauer (Hans);MALE;3;6;40;38;0;0;0;0;0.05;0.45;0.0;0.0;0.5;0.0;0.0;0.0;0.0;0.15;0.04;0.04;0.26;0;1;0.0
1363;ger000700;ger;baeuerin;unknown;Bäuerin (Lise);FEMALE;2;5;37;36;0;0;0;0;0.0;0.47;0.0;0.0;0.53;0.0;0.0;0.0;0.0;0.12;0.04;0.04;0.26;0;1;0.0
1364;ger000700;ger;obrister;unknown;Obrister;MALE;4;16;222;218;0;0;0;0;0.0;0.3;0.09;0.35;0.26;0.0;0.0;0.0;0.0;0.4;0.24;0.23;0.47;1;5;0.14
1365;ger000700;ger;bedienter;unknown;Bedienter;MALE;1;2;2;2;0;0;0;0;0.0;1.0;0.0;0.0;0.0;0.0;0.0;0.0;0.0;0.05;0.0;0.0;0.16;0;0;0.0
1366;ger000700;ger;amalie;unknown;Amalie;FEMALE;4;12;184;177;0;0;0;0;0.0;0.28;0.38;0.29;0.05;0.0;0.0;0.0;0.0;0.3;0.2;0.19;0.37;0;6;0.05
1367;ger000700;ger;graf;unknown;Graf von der Mulde;MALE;4;4;42;41;0;0;0;0;0.0;0.37;0.1;0.17;0.37;0.0;0.0;0.0;0.0;0.1;0.04;0.04;0.32;1;5;0.02
1368;ger000700;ger;pfarrer;unknown;Pfarrer;MALE;4;14;142;141;0;0;0;0;0.0;0.06;0.33;0.18;0.43;0.0;0.0;0.0;0.0;0.35;0.15;0.15;0.63;2;6;0.25
1369;ger000700;ger;jaeger_3-2_und_5-6_franz;unknown;Jäger (III/2 und V/6) (Franz);MALE;2;2;2;2;0;0;0;0;0.0;0.0;0.5;0.0;0.5;0.0;0.0;0.0;0.0;0.05;0.0;0.0;0.21;0;0;0.0
1370;ger000700;ger;tafeldecker;unknown;Tafeldecker;MALE;1;2;17;17;0;0;0;0;0.0;0.0;1.0;0.0;0.0;0.0;0.0;0.0;0.0;0.05;0.02;0.02;0.11;0;1;0.0
1371;ger000700;ger;jaeger_4-9_rudolph;unknown;Jäger (IV/9) (Rudolph);MALE;1;1;6;6;0;0;0;0;0.0;0.0;0.0;1.0;0.0;0.0;0.0;0.0;0.0;0.03;0.01;0.01;0.11;0;0;0.0
1372;ger000700;ger;jaeger_5-8;unknown;Jäger (V/8);MALE;1;1;1;1;0;0;0;0;0.0;0.0;0.0;0.0;1.0;0.0;0.0;0.0;0.0;0.03;0.0;0.0;0.16;0;0;0.0
1373;ger000700;ger;bauer baeuerin;unknown;UNKNOWN;u;1;2;2;2;0;0;0;0;0.0;0.0;0.0;0.0;1.0;0.0;0.0;0.0;0.0;0.05;0.0;0.0;0.21;2;1;0.0
1374;ger000188;ger;baron;unknown;Baron;MALE;0;5;55;55;0;0;0;0;0.0;0.0;0.0;0.0;0.0;0.0;0.0;0.0;0.0;0.42;0.17;0.16;1.0;2;3;0.0
1375;ger000188;ger;frau_von_berg;unknown;Frau von Berg;FEMALE;0;3;46;46;0;0;0;0;0.0;0.0;0.0;0.0;0.0;0.0;0.0;0.0;0.0;0.25;0.14;0.14;1.0;1;1;0.0
1376;ger000188;ger;malchen;unknown;Malchen;FEMALE;0;7;54;54;0;0;0;0;0.0;0.0;0.0;0.0;0.0;0.0;0.0;0.0;0.0;0.58;0.17;0.16;1.0;0;0;0.0
1377;ger000188;ger;hans;unknown;Hans;MALE;0;3;23;23;0;0;0;0;0.0;0.0;0.0;0.0;0.0;0.0;0.0;0.0;0.0;0.25;0.07;0.07;1.0;2;1;0.0
1378;ger000188;ger;karl;unknown;Karl;MALE;0;8;105;105;0;0;0;0;0.0;0.0;0.0;0.0;0.0;0.0;0.0;0.0;0.0;0.67;0.33;0.31;1.0;1;0;0.0
1379;ger000188;ger;fuerst;unknown;Fürst;MALE;0;2;38;38;0;0;0;0;0.0;0.0;0.0;0.0;0.0;0.0;0.0;0.0;0.0;0.17;0.12;0.11;1.0;2;2;0.0
1380;ger000578;ger;duport;unknown;Duport;MALE;0;9;95;95;0;0;0;0;0.0;0.0;0.0;0.0;0.0;0.0;0.0;0.0;0.0;0.5;0.2;0.2;0.75;5;6;0.13
1381;ger000578;ger;louis;unknown;Louis;MALE;0;1;11;11;0;0;0;0;0.0;0.0;0.0;0.0;0.0;0.0;0.0;0.0;0.0;0.06;0.02;0.02;0.05;0;1;0.0
1382;ger000578;ger;madam_duport;unknown;Madam Duport;FEMALE;0;8;112;112;0;0;0;0;0.0;0.0;0.0;0.0;0.0;0.0;0.0;0.0;0.0;0.44;0.23;0.23;0.95;8;0;0.09
1383;ger000578;ger;la_brie;unknown;La Brie;MALE;0;3;39;39;0;0;0;0;0.0;0.0;0.0;0.0;0.0;0.0;0.0;0.0;0.0;0.17;0.08;0.08;0.2;1;2;0.0
1384;ger000578;ger;julie;unknown;Julie;FEMALE;0;7;36;36;0;0;0;0;0.0;0.0;0.0;0.0;0.0;0.0;0.0;0.0;0.0;0.39;0.08;0.07;0.5;7;0;0.0
1385;ger000578;ger;antoinette;unknown;Antoinette;FEMALE;0;8;52;52;0;0;0;0;0.0;0.0;0.0;0.0;0.0;0.0;0.0;0.0;0.0;0.44;0.11;0.11;0.85;0;7;0.06
1386;ger000578;ger;marquis;unknown;Marquis de Rozieres;MALE;0;7;48;49;0;0;0;0;0.0;0.0;0.0;0.0;0.0;0.0;0.0;0.0;0.0;0.39;0.1;0.1;0.55;3;1;0.02
1387;ger000578;ger;erste_dame;unknown;Erste Dame;FEMALE;0;3;12;12;0;0;0;0;0.0;0.0;0.0;0.0;0.0;0.0;0.0;0.0;0.0;0.17;0.03;0.03;0.9;6;1;0.06
1388;ger000578;ger;zweyte_dame;unknown;Zweyte Dame;FEMALE;0;3;10;10;0;0;0;0;0.0;0.0;0.0;0.0;0.0;0.0;0.0;0.0;0.0;0.17;0.02;0.02;0.9;5;1;0.06
1389;ger000578;ger;dritte_dame;unknown;Dritte Dame;FEMALE;0;2;6;6;0;0;0;0;0.0;0.0;0.0;0.0;0.0;0.0;0.0;0.0;0.0;0.11;0.01;0.01;0.55;4;1;0.01
1390;ger000578;ger;vierte_dame;unknown;Vierte Dame;FEMALE;0;2;5;5;0;0;0;0;0.0;0.0;0.0;0.0;0.0;0.0;0.0;0.0;0.0;0.11;0.01;0.01;0.55;3;1;0.01
1391;ger000578;ger;fuenfte_dame;unknown;Fünfte Dame;FEMALE;0;1;3;3;0;0;0;0;0.0;0.0;0.0;0.0;0.0;0.0;0.0;0.0;0.0;0.06;0.01;0.01;0.35;1;0;0.0
1392;ger000578;ger;sechste_dame;unknown;Sechste Dame;FEMALE;0;1;3;3;0;0;0;0;0.0;0.0;0.0;0.0;0.0;0.0;0.0;0.0;0.0;0.06;0.01;0.01;0.35;0;0;0.0
1393;ger000578;ger;eine_dame;unknown;Eine Dame;FEMALE;0;1;1;1;0;0;0;0;0.0;0.0;0.0;0.0;0.0;0.0;0.0;0.0;0.0;0.06;0.0;0.0;0.45;5;1;0.0
1394;ger000578;ger;erster_herr;unknown;Erster Herr;MALE;0;1;5;5;0;0;0;0;0.0;0.0;0.0;0.0;0.0;0.0;0.0;0.0;0.0;0.06;0.01;0.01;0.55;3;5;0.0
1395;ger000578;ger;zweyter_herr;unknown;Zweyter Herr;MALE;0;1;5;5;0;0;0;0;0.0;0.0;0.0;0.0;0.0;0.0;0.0;0.0;0.0;0.06;0.01;0.01;0.55;3;4;0.0
1396;ger000578;ger;dritter_herr;unknown;Dritter Herr;MALE;0;1;4;4;0;0;0;0;0.0;0.0;0.0;0.0;0.0;0.0;0.0;0.0;0.0;0.06;0.01;0.01;0.55;3;3;0.0
1397;ger000578;ger;vierter_herr;unknown;Vierter Herr;MALE;0;1;4;4;0;0;0;0;0.0;0.0;0.0;0.0;0.0;0.0;0.0;0.0;0.0;0.06;0.01;0.01;0.55;3;2;0.0
1398;ger000578;ger;fuenfter_herr;unknown;Fünfter Herr;MALE;0;1;4;4;0;0;0;0;0.0;0.0;0.0;0.0;0.0;0.0;0.0;0.0;0.0;0.06;0.01;0.01;0.55;3;1;0.0
1399;ger000578;ger;sechster_herr;unknown;Sechster Herr;MALE;0;1;4;4;0;0;0;0;0.0;0.0;0.0;0.0;0.0;0.0;0.0;0.0;0.0;0.06;0.01;0.01;0.55;3;0;0.0
1400;ger000578;ger;erste_dame zweyte_dame dritte_dame vierte_dame fuenfte_dame sechste_dame;unknown;UNKNOWN;u;0;3;18;18;0;0;0;0;0.0;0.0;0.0;0.0;0.0;0.0;0.0;0.0;0.0;0.17;0.04;0.04;0.9;8;7;0.06
1401;ger000057;ger;sir_john;unknown;Sir John;MALE;3;7;66;66;0;0;0;0;0.62;0.18;0.2;0.0;0.0;0.0;0.0;0.0;0.0;0.16;0.06;0.06;0.71;1;3;0.01
1402;ger000057;ger;liddy;unknown;Liddy;FEMALE;3;18;163;162;0;0;0;0;0.28;0.64;0.08;0.0;0.0;0.0;0.0;0.0;0.0;0.42;0.14;0.14;0.71;0;5;0.05
1403;ger000057;ger;der_knabe;unknown;Der Knabe;MALE;2;2;23;23;0;0;0;0;0.35;0.65;0.0;0.0;0.0;0.0;0.0;0.0;0.0;0.05;0.02;0.02;0.12;0;1;0.0
1404;ger000057;ger;samuel;unknown;Samuel;MALE;3;14;141;140;0;0;0;0;0.46;0.19;0.35;0.0;0.0;0.0;0.0;0.0;0.0;0.33;0.12;0.12;0.88;0;3;0.13
1405;ger000057;ger;mistriss_smith;unknown;Mistriss Smith;FEMALE;3;9;71;71;0;0;0;0;0.65;0.15;0.2;0.0;0.0;0.0;0.0;0.0;0.0;0.21;0.06;0.06;0.71;1;6;0.01
1406;ger000057;ger;gurli;unknown;Gurli;FEMALE;3;17;182;179;0;0;0;0;0.33;0.26;0.41;0.0;0.0;0.0;0.0;0.0;0.0;0.4;0.16;0.15;0.76;2;6;0.03
1407;ger000057;ger;visitator;unknown;Visitator;MALE;2;11;47;47;0;0;0;0;0.64;0.0;0.36;0.0;0.0;0.0;0.0;0.0;0.0;0.26;0.04;0.04;0.76;3;4;0.08
1408;ger000057;ger;musaffery;unknown;Musaffery;MALE;2;7;38;38;0;0;0;0;0.84;0.0;0.16;0.0;0.0;0.0;0.0;0.0;0.0;0.16;0.03;0.03;0.65;1;6;0.0
1409;ger000057;ger;kaberdar;unknown;Kaberdar;MALE;3;12;136;136;0;0;0;0;0.26;0.32;0.41;0.0;0.0;0.0;0.0;0.0;0.0;0.28;0.12;0.12;0.76;2;5;0.06
1410;ger000057;ger;jack;unknown;Jack;MALE;2;13;38;38;0;0;0;0;0.0;0.45;0.55;0.0;0.0;0.0;0.0;0.0;0.0;0.3;0.03;0.03;0.76;1;4;0.03
1411;ger000057;ger;robert;unknown;Robert;MALE;2;11;104;104;0;0;0;0;0.0;0.2;0.8;0.0;0.0;0.0;0.0;0.0;0.0;0.26;0.09;0.09;0.76;1;7;0.03
1412;ger000057;ger;fazir;unknown;Fazir;MALE;2;8;49;48;0;0;0;0;0.0;0.42;0.58;0.0;0.0;0.0;0.0;0.0;0.0;0.19;0.04;0.04;0.65;1;3;0.02
1413;ger000057;ger;maester_strussel;unknown;Mäster Strussel;MALE;1;3;42;42;0;0;0;0;0.0;0.0;1.0;0.0;0.0;0.0;0.0;0.0;0.0;0.07;0.04;0.04;0.29;0;1;0.0
1414;ger000057;ger;maester_staff;unknown;Mäster Staff;MALE;1;8;52;52;0;0;0;0;0.0;0.0;1.0;0.0;0.0;0.0;0.0;0.0;0.0;0.19;0.04;0.05;0.71;1;0;0.07
1415;ger000057;ger;maester_strussel maester_staff;unknown;UNKNOWN;u;1;3;4;3;0;0;0;0;0.0;0.0;1.0;0.0;0.0;0.0;0.0;0.0;0.0;0.07;0.0;0.0;0.29;0;1;0.0
1416;ger000057;ger;maester_staff samuel visitator;unknown;UNKNOWN;u;1;1;1;1;0;0;0;0;0.0;0.0;1.0;0.0;0.0;0.0;0.0;0.0;0.0;0.02;0.0;0.0;0.29;0;0;0.0
1417;ger000057;ger;fazir gurli;unknown;UNKNOWN;u;1;1;2;2;0;0;0;0;0.0;0.0;1.0;0.0;0.0;0.0;0.0;0.0;0.0;0.02;0.0;0.0;0.24;0;1;0.0
1418;ger000057;ger;gurli musaffery;unknown;UNKNOWN;u;1;1;1;1;0;0;0;0;0.0;0.0;1.0;0.0;0.0;0.0;0.0;0.0;0.0;0.02;0.0;0.0;0.53;1;5;0.0
1419;ger000490;ger;alle_1-4;unknown;Alle (I/4);MALE;1;1;2;2;0;0;0;0;1.0;0.0;0.0;0.0;0.0;0.0;0.0;0.0;0.0;0.02;0.0;0.0;0.12;1;0;0.0
1420;ger000490;ger;chor_der_priester;unknown;Chor der Priester;MALE;1;1;2;4;0;0;0;0;0.0;1.0;0.0;0.0;0.0;0.0;0.0;0.0;0.0;0.02;0.0;0.0;0.1;0;0;0.0
1421;ger000490;ger;das_volk_2-3;unknown;Das Volk (II/3);UNKNOWN;1;1;3;16;0;0;0;0;0.0;1.0;0.0;0.0;0.0;0.0;0.0;0.0;0.0;0.02;0.0;0.01;0.1;0;0;0.0
1422;ger000490;ger;die_indianer_viele_stimmen_das_volk_2-7_und_2-8;unknown;Die Indianer/Viele Stimmen/Das Volk (II/7–8);UNKNOWN;1;2;3;3;0;0;0;0;0.0;1.0;0.0;0.0;0.0;0.0;0.0;0.0;0.0;0.04;0.0;0.0;0.16;0;8;0.0
1423;ger000490;ger;die_weiber_3-1_und_3-2;unknown;Die Weiber (III/1–2);FEMALE;1;2;19;18;0;0;0;0;0.0;0.0;1.0;0.0;0.0;0.0;0.0;0.0;0.0;0.04;0.01;0.01;0.3;4;5;0.09
1424;ger000490;ger;elvira;unknown;Elvira;FEMALE;3;15;215;212;0;0;0;0;0.29;0.0;0.24;0.47;0.0;0.0;0.0;0.0;0.0;0.31;0.14;0.14;0.28;0;4;0.08
1425;ger000490;ger;valverde;unknown;Valverde;MALE;1;6;58;57;0;0;0;0;1.0;0.0;0.0;0.0;0.0;0.0;0.0;0.0;0.0;0.12;0.04;0.04;0.22;0;2;0.01
1426;ger000490;ger;pizarro;unknown;Pizarro;MALE;4;14;206;209;0;0;0;0;0.33;0.0;0.34;0.14;0.18;0.0;0.0;0.0;0.0;0.29;0.13;0.13;0.36;1;11;0.13
1427;ger000490;ger;diego;unknown;Diego;MALE;1;1;21;21;0;0;0;0;1.0;0.0;0.0;0.0;0.0;0.0;0.0;0.0;0.0;0.02;0.01;0.01;0.08;1;2;0.0
1428;ger000490;ger;die_wache_1-3;unknown;Die Wache (I/3);MALE;1;1;1;1;0;0;0;0;1.0;0.0;0.0;0.0;0.0;0.0;0.0;0.0;0.0;0.02;0.0;0.0;0.08;0;0;0.0
1429;ger000490;ger;las_casas;unknown;Las Casas;MALE;2;3;31;31;0;0;0;0;0.45;0.0;0.0;0.0;0.55;0.0;0.0;0.0;0.0;0.06;0.02;0.02;0.24;2;6;0.11
1430;ger000490;ger;almagro;unknown;Almagro;MALE;1;2;18;18;0;0;0;0;1.0;0.0;0.0;0.0;0.0;0.0;0.0;0.0;0.0;0.04;0.01;0.01;0.18;1;6;0.01
1431;ger000490;ger;gonzalo;unknown;Gonzalo;MALE;1;1;4;4;0;0;0;0;1.0;0.0;0.0;0.0;0.0;0.0;0.0;0.0;0.0;0.02;0.0;0.0;0.12;1;2;0.0
1432;ger000490;ger;gomez;unknown;Gomez;MALE;1;1;1;1;0;0;0;0;1.0;0.0;0.0;0.0;0.0;0.0;0.0;0.0;0.0;0.02;0.0;0.0;0.12;1;4;0.0
1433;ger000490;ger;der_alte_cazike;unknown;Der alte Cazike;MALE;1;1;24;24;0;0;0;0;1.0;0.0;0.0;0.0;0.0;0.0;0.0;0.0;0.0;0.02;0.02;0.02;0.12;1;2;0.0
1434;ger000490;ger;davila;unknown;Davila;MALE;1;1;8;8;0;0;0;0;1.0;0.0;0.0;0.0;0.0;0.0;0.0;0.0;0.0;0.02;0.01;0.01;0.12;1;1;0.0
1435;ger000490;ger;cora;unknown;Cora;FEMALE;3;13;141;141;0;0;0;0;0.0;0.29;0.34;0.0;0.37;0.0;0.0;0.0;0.0;0.27;0.09;0.09;0.5;10;5;0.31
1436;ger000490;ger;alonzo;unknown;Alonzo;MALE;4;17;207;207;0;0;0;0;0.0;0.28;0.11;0.39;0.22;0.0;0.0;0.0;0.0;0.35;0.13;0.13;0.28;0;2;0.07
1437;ger000490;ger;rolla;unknown;Rolla;MALE;4;19;234;231;0;0;0;0;0.0;0.22;0.1;0.55;0.14;0.0;0.0;0.0;0.0;0.39;0.15;0.15;0.5;1;10;0.31
1438;ger000490;ger;ataliba;unknown;Ataliba;MALE;4;12;110;109;0;0;0;0;0.0;0.6;0.15;0.18;0.07;0.0;0.0;0.0;0.0;0.24;0.07;0.07;0.4;1;11;0.14
1439;ger000490;ger;ein_indianer_2-4;unknown;Ein Indianer (II/4);MALE;1;1;2;2;0;0;0;0;0.0;1.0;0.0;0.0;0.0;0.0;0.0;0.0;0.0;0.02;0.0;0.0;0.08;1;3;0.0
1440;ger000490;ger;greis;unknown;Greis;MALE;1;4;58;58;0;0;0;0;0.0;1.0;0.0;0.0;0.0;0.0;0.0;0.0;0.0;0.08;0.04;0.04;0.18;0;5;0.01
1441;ger000490;ger;knabe;unknown;Knabe;MALE;1;2;36;36;0;0;0;0;0.0;1.0;0.0;0.0;0.0;0.0;0.0;0.0;0.0;0.04;0.02;0.02;0.12;0;0;0.0
1442;ger000490;ger;ein_soldat_2-6;unknown;Ein Soldat (II/6);MALE;1;1;2;2;0;0;0;0;0.0;1.0;0.0;0.0;0.0;0.0;0.0;0.0;0.0;0.02;0.0;0.0;0.04;0;1;0.0
1443;ger000490;ger;ein_indianer_2-7a;unknown;Ein Indianer (II/7);MALE;1;1;9;9;0;0;0;0;0.0;1.0;0.0;0.0;0.0;0.0;0.0;0.0;0.0;0.02;0.01;0.01;0.12;0;4;0.0
1444;ger000490;ger;ein_indianer_2-7b;unknown;Ein Indianer (II/7);MALE;1;1;6;6;0;0;0;0;0.0;1.0;0.0;0.0;0.0;0.0;0.0;0.0;0.0;0.02;0.0;0.0;0.12;0;2;0.0
1445;ger000490;ger;ein_indianer_2-8;unknown;Ein Indianer (II/8);MALE;1;1;3;3;0;0;0;0;0.0;1.0;0.0;0.0;0.0;0.0;0.0;0.0;0.0;0.02;0.0;0.0;0.1;0;1;0.0
1446;ger000490;ger;ein_anderer_2-8;unknown;Ein Anderer (II/8);MALE;1;1;3;3;0;0;0;0;0.0;1.0;0.0;0.0;0.0;0.0;0.0;0.0;0.0;0.02;0.0;0.0;0.1;0;0;0.0
1447;ger000490;ger;eines_der_weiber_3-1a;unknown;Eines der Weiber (III/1);FEMALE;1;1;1;1;0;0;0;0;0.0;0.0;1.0;0.0;0.0;0.0;0.0;0.0;0.0;0.02;0.0;0.0;0.26;9;3;0.0
1448;ger000490;ger;xuliqua;unknown;Xuliqua;FEMALE;1;1;4;4;0;0;0;0;0.0;0.0;1.0;0.0;0.0;0.0;0.0;0.0;0.0;0.02;0.0;0.0;0.26;8;3;0.0
1449;ger000490;ger;das_erste_weib_3-1;unknown;Das erste Weib (III/1);FEMALE;1;1;5;5;0;0;0;0;0.0;0.0;1.0;0.0;0.0;0.0;0.0;0.0;0.0;0.02;0.0;0.0;0.26;7;3;0.0
1450;ger000490;ger;das_zweite_weib_3-1;unknown;Das zweite Weib (III/1);FEMALE;1;1;2;2;0;0;0;0;0.0;0.0;1.0;0.0;0.0;0.0;0.0;0.0;0.0;0.02;0.0;0.0;0.26;6;3;0.0
1451;ger000490;ger;das_dritte_weib_3-1;unknown;Das dritte Weib (III/1);FEMALE;1;1;2;2;0;0;0;0;0.0;0.0;1.0;0.0;0.0;0.0;0.0;0.0;0.0;0.02;0.0;0.0;0.26;5;3;0.0
1452;ger000490;ger;ein_weib_3-1b;unknown;Ein Weib (III/1);FEMALE;1;1;1;1;0;0;0;0;0.0;0.0;1.0;0.0;0.0;0.0;0.0;0.0;0.0;0.02;0.0;0.0;0.26;3;3;0.0
1453;ger000490;ger;ein_peruaner_3-1a;unknown;Ein Peruaner (III/1);MALE;1;1;4;4;0;0;0;0;0.0;0.0;1.0;0.0;0.0;0.0;0.0;0.0;0.0;0.02;0.0;0.0;0.26;3;2;0.0
1454;ger000490;ger;ein_anderer_peruaner_3-1a;unknown;Ein anderer Peruaner (III/1);MALE;1;1;5;5;0;0;0;0;0.0;0.0;1.0;0.0;0.0;0.0;0.0;0.0;0.0;0.02;0.0;0.0;0.26;3;1;0.0
1455;ger000490;ger;ein_weib_3-1c;unknown;Ein Weib (III/1);FEMALE;1;1;1;1;0;0;0;0;0.0;0.0;1.0;0.0;0.0;0.0;0.0;0.0;0.0;0.02;0.0;0.0;0.26;2;1;0.0
1456;ger000490;ger;ein_dritter_peruaner_3-1a;unknown;Ein dritter Peruaner (III/1);MALE;1;1;7;7;0;0;0;0;0.0;0.0;1.0;0.0;0.0;0.0;0.0;0.0;0.0;0.02;0.0;0.0;0.26;2;0;0.0
1457;ger000490;ger;ein_weib_3-1d;unknown;Ein Weib (III/1);FEMALE;1;1;1;1;0;0;0;0;0.0;0.0;1.0;0.0;0.0;0.0;0.0;0.0;0.0;0.02;0.0;0.0;0.26;1;0;0.0
1458;ger000490;ger;ein_weib_3-1e;unknown;Ein Weib (III/1);FEMALE;1;1;1;1;0;0;0;0;0.0;0.0;1.0;0.0;0.0;0.0;0.0;0.0;0.0;0.02;0.0;0.0;0.26;0;0;0.0
1459;ger000490;ger;wachsoldat_4-2_4-6_4-9;unknown;Wachsoldat (IV/2–9);MALE;1;3;38;38;0;0;0;0;0.0;0.0;0.0;1.0;0.0;0.0;0.0;0.0;0.0;0.06;0.02;0.02;0.06;1;2;0.0
1460;ger000490;ger;hoefling_4-16_und_4-17;unknown;Höfling (IV/16–17);MALE;1;2;5;5;0;0;0;0;0.0;0.0;0.0;1.0;0.0;0.0;0.0;0.0;0.0;0.04;0.0;0.0;0.04;0;1;0.0
1461;ger000490;ger;erster_soldat_5-2_und_5-6;unknown;Erster Soldat (V/2 und V/6);MALE;1;2;13;13;0;0;0;0;0.0;0.0;0.0;0.0;1.0;0.0;0.0;0.0;0.0;0.04;0.01;0.01;0.12;1;5;0.03
1462;ger000490;ger;zweiter_soldat_5-2;unknown;Zweiter Soldat (V/2);MALE;1;1;11;11;0;0;0;0;0.0;0.0;0.0;0.0;1.0;0.0;0.0;0.0;0.0;0.02;0.01;0.01;0.04;1;0;0.0
1463;ger000490;ger;ein_soldat_5-5;unknown;Ein Soldat (V/5);MALE;1;1;4;4;0;0;0;0;0.0;0.0;0.0;0.0;1.0;0.0;0.0;0.0;0.0;0.02;0.0;0.0;0.06;0;3;0.0
1464;ger000490;ger;der_andere_soldat_5-5;unknown;Der andere Soldat (V/5);MALE;1;1;1;1;0;0;0;0;0.0;0.0;0.0;0.0;1.0;0.0;0.0;0.0;0.0;0.02;0.0;0.0;0.06;0;1;0.0
1465;ger000490;ger;ein_soldat_5-6;unknown;Ein Soldat (V/6);MALE;1;1;2;2;0;0;0;0;0.0;0.0;0.0;0.0;1.0;0.0;0.0;0.0;0.0;0.02;0.0;0.0;0.08;0;1;0.0
1466;ger000490;ger;ein_anderer_soldat_5-6;unknown;Ein anderer Soldat (V/6);MALE;1;1;4;4;0;0;0;0;0.0;0.0;0.0;0.0;1.0;0.0;0.0;0.0;0.0;0.02;0.0;0.0;0.08;0;0;0.0
1467;ger000490;ger;ein_peruaner_5-9;unknown;Ein Peruaner (V/9);MALE;1;1;1;1;0;0;0;0;0.0;0.0;0.0;0.0;1.0;0.0;0.0;0.0;0.0;0.02;0.0;0.0;0.12;1;4;0.0
1468;ger000490;ger;ataliba alonzo;unknown;UNKNOWN;u;1;1;1;1;0;0;0;0;0.0;0.0;0.0;0.0;1.0;0.0;0.0;0.0;0.0;0.02;0.0;0.0;0.12;1;4;0.0
1469;ger000488;ger;alle_verwiesene_verschworne;unknown;Alle/Verwiesene/Verschworne;MALE;3;7;32;29;0;0;0;0;0.0;0.34;0.0;0.52;0.14;0.0;0.0;0.0;0.0;0.21;0.02;0.02;0.51;0;5;0.04
1470;ger000488;ger;hettmann;unknown;Hettmann;MALE;4;10;151;148;0;0;0;0;0.11;0.0;0.31;0.32;0.26;0.0;0.0;0.0;0.0;0.29;0.08;0.08;0.46;2;10;0.03
1471;ger000488;ger;gouverneur;unknown;Gouverneur;MALE;5;13;251;238;0;0;0;0;0.13;0.02;0.22;0.45;0.17;0.0;0.0;0.0;0.0;0.38;0.13;0.13;0.51;2;10;0.06
1472;ger000488;ger;afanasja;unknown;Afanasja;FEMALE;5;15;272;260;0;0;0;0;0.13;0.17;0.25;0.29;0.15;0.0;0.0;0.0;0.0;0.44;0.14;0.14;0.54;1;10;0.05
1473;ger000488;ger;feodora;unknown;Feodora;FEMALE;5;9;115;111;0;0;0;0;0.25;0.14;0.18;0.36;0.07;0.0;0.0;0.0;0.0;0.26;0.06;0.06;0.49;0;8;0.06
1474;ger000488;ger;ordonnanz;unknown;Ordonnanz;MALE;5;9;30;21;0;0;0;0;0.05;0.19;0.14;0.43;0.19;0.0;0.0;0.0;0.0;0.26;0.02;0.01;0.37;0;2;0.01
1475;ger000488;ger;benjowsky;unknown;Benjowsky;MALE;5;23;488;473;0;0;0;0;0.05;0.11;0.26;0.26;0.32;0.0;0.0;0.0;0.0;0.68;0.25;0.25;0.94;2;23;0.31
1476;ger000488;ger;offizier_1-2;unknown;Offizier (I/2);MALE;1;1;4;4;0;0;0;0;1.0;0.0;0.0;0.0;0.0;0.0;0.0;0.0;0.0;0.03;0.0;0.0;0.17;0;1;0.0
1477;ger000488;ger;ein_bedienter_1-2;unknown;Ein Bedienter (I/2);MALE;1;1;1;1;0;0;0;0;1.0;0.0;0.0;0.0;0.0;0.0;0.0;0.0;0.0;0.03;0.0;0.0;0.17;0;0;0.0
1478;ger000488;ger;crustiew;unknown;Crustiew;MALE;5;15;177;174;0;0;0;0;0.21;0.19;0.29;0.09;0.22;0.0;0.0;0.0;0.0;0.44;0.09;0.09;0.74;0;16;0.12
1479;ger000488;ger;stepanoff;unknown;Stepanoff;MALE;5;12;155;147;0;0;0;0;0.22;0.05;0.16;0.33;0.23;0.0;0.0;0.0;0.0;0.35;0.08;0.08;0.57;0;14;0.04
1480;ger000488;ger;wasili_gurcinin;unknown;Wasili Gurcinin;MALE;3;4;9;6;0;0;0;0;0.33;0.0;0.5;0.17;0.0;0.0;0.0;0.0;0.0;0.12;0.0;0.0;0.4;0;7;0.01
1481;ger000488;ger;erster_verwiesener;unknown;Erster Verwiesener;MALE;1;1;5;5;0;0;0;0;1.0;0.0;0.0;0.0;0.0;0.0;0.0;0.0;0.0;0.03;0.0;0.0;0.29;0;6;0.0
1482;ger000488;ger;zweiter_verwiesener;unknown;Zweiter Verwiesener;MALE;1;1;1;1;0;0;0;0;1.0;0.0;0.0;0.0;0.0;0.0;0.0;0.0;0.0;0.03;0.0;0.0;0.29;0;5;0.0
1483;ger000488;ger;dritter_verwiesener;unknown;Dritter Verwiesener;MALE;1;1;1;1;0;0;0;0;1.0;0.0;0.0;0.0;0.0;0.0;0.0;0.0;0.0;0.03;0.0;0.0;0.29;0;4;0.0
1484;ger000488;ger;vierter_verwiesener;unknown;Vierter Verwiesener;MALE;1;1;1;1;0;0;0;0;1.0;0.0;0.0;0.0;0.0;0.0;0.0;0.0;0.0;0.03;0.0;0.0;0.29;0;3;0.0
1485;ger000488;ger;fuenfter_verwiesener;unknown;Fünfter Verwiesener;MALE;1;1;1;1;0;0;0;0;1.0;0.0;0.0;0.0;0.0;0.0;0.0;0.0;0.0;0.03;0.0;0.0;0.29;0;2;0.0
1486;ger000488;ger;sechster_verwiesener;unknown;Sechster Verwiesener;MALE;1;1;1;1;0;0;0;0;1.0;0.0;0.0;0.0;0.0;0.0;0.0;0.0;0.0;0.03;0.0;0.0;0.29;0;1;0.0
1487;ger000488;ger;siebenter_verwiesener;unknown;Siebenter Verwiesener;MALE;1;1;1;1;0;0;0;0;1.0;0.0;0.0;0.0;0.0;0.0;0.0;0.0;0.0;0.03;0.0;0.0;0.29;0;0;0.0
1488;ger000488;ger;der_thuerhueter;unknown;Der Thürhüter;MALE;1;1;1;1;0;0;0;0;0.0;1.0;0.0;0.0;0.0;0.0;0.0;0.0;0.0;0.03;0.0;0.0;0.14;0;1;0.0
1489;ger000488;ger;tschulosnikoff;unknown;Tschulosnikoff;MALE;1;3;41;40;0;0;0;0;0.0;0.0;1.0;0.0;0.0;0.0;0.0;0.0;0.0;0.09;0.02;0.02;0.26;1;6;0.0
1490;ger000488;ger;kasarinoff;unknown;Kasarinoff;MALE;2;3;31;29;0;0;0;0;0.0;0.0;0.62;0.0;0.38;0.0;0.0;0.0;0.0;0.09;0.02;0.02;0.34;1;2;0.01
1491;ger000488;ger;grigori;unknown;Grigori;MALE;1;1;17;15;0;0;0;0;0.0;0.0;1.0;0.0;0.0;0.0;0.0;0.0;0.0;0.03;0.01;0.01;0.14;1;3;0.0
1492;ger000488;ger;corporal_3-9;unknown;Corporal (III/9);MALE;1;1;2;2;0;0;0;0;0.0;0.0;1.0;0.0;0.0;0.0;0.0;0.0;0.0;0.03;0.0;0.0;0.14;0;0;0.0
1493;ger000488;ger;kudrin;unknown;Kudrin;MALE;2;3;51;66;0;0;0;0;0.0;0.0;0.64;0.36;0.0;0.0;0.0;0.0;0.0;0.09;0.03;0.04;0.17;2;2;0.0
1494;ger000488;ger;erster_verschworner;unknown;Erster Verschworner;MALE;2;6;25;18;0;0;0;0;0.0;0.0;0.0;0.33;0.67;0.0;0.0;0.0;0.0;0.18;0.01;0.01;0.4;0;8;0.01
1495;ger000488;ger;zweiter_verschworner;unknown;Zweiter Verschworner;MALE;2;2;5;5;0;0;0;0;0.0;0.0;0.0;0.6;0.4;0.0;0.0;0.0;0.0;0.06;0.0;0.0;0.23;0;4;0.0
1496;ger000488;ger;dritter_verschworner;unknown;Dritter Verschworner;MALE;2;2;4;4;0;0;0;0;0.0;0.0;0.0;0.5;0.5;0.0;0.0;0.0;0.0;0.06;0.0;0.0;0.23;0;2;0.0
1497;ger000488;ger;baturin;unknown;Baturin;MALE;2;2;19;19;0;0;0;0;0.0;0.0;0.0;0.79;0.21;0.0;0.0;0.0;0.0;0.06;0.01;0.01;0.29;1;2;0.0
1498;ger000488;ger;corporal_4-7;unknown;Corporal (IV/7);MALE;1;1;3;3;0;0;0;0;0.0;0.0;0.0;1.0;0.0;0.0;0.0;0.0;0.0;0.03;0.0;0.0;0.14;0;0;0.0
1499;ger000488;ger;corporal_5-3;unknown;Corporal (V/3);MALE;1;1;1;1;0;0;0;0;0.0;0.0;0.0;0.0;1.0;0.0;0.0;0.0;0.0;0.03;0.0;0.0;0.14;0;2;0.0
1500;ger000488;ger;ein_soldat_5-5;unknown;Ein Soldat (V/5);MALE;1;1;19;18;0;0;0;0;0.0;0.0;0.0;0.0;1.0;0.0;0.0;0.0;0.0;0.03;0.01;0.01;0.06;1;0;0.0
1501;ger000488;ger;erster_verschworner zweiter_verschworner dritter_verschworner;unknown;UNKNOWN;u;2;3;14;10;0;0;0;0;0.0;0.0;0.0;0.9;0.1;0.0;0.0;0.0;0.0;0.09;0.01;0.01;0.29;0;1;0.0
1502;ger000142;ger;peter;unknown;Peter;MALE;3;13;74;73;0;0;0;0;0.41;0.48;0.11;0.0;0.0;0.0;0.0;0.0;0.0;0.25;0.07;0.07;0.83;1;4;0.12
1503;ger000142;ger;unbekannter;unknown;Ein Unbekannter;MALE;4;13;185;178;0;0;0;0;0.33;0.0;0.21;0.26;0.2;0.0;0.0;0.0;0.0;0.25;0.16;0.16;0.67;1;3;0.03
1504;ger000142;ger;franz;unknown;Franz;MALE;4;13;179;177;0;0;0;0;0.47;0.0;0.37;0.1;0.06;0.0;0.0;0.0;0.0;0.25;0.16;0.16;0.67;0;0;0.05
1505;ger000142;ger;greis;unknown;Ein Greis;MALE;2;3;21;21;0;0;0;0;0.76;0.24;0.0;0.0;0.0;0.0;0.0;0.0;0.0;0.06;0.02;0.02;0.42;0;3;0.0
1506;ger000142;ger;eulalia;unknown;Eulalia;FEMALE;5;17;156;156;0;0;0;0;0.18;0.37;0.24;0.01;0.21;0.0;0.0;0.0;0.0;0.33;0.14;0.14;0.92;2;3;0.18
1507;ger000142;ger;bittermann;unknown;Bittermann;MALE;4;12;88;88;0;0;0;0;0.25;0.35;0.0;0.28;0.11;0.0;0.0;0.0;0.0;0.24;0.08;0.08;0.5;1;2;0.01
1508;ger000142;ger;der_major;unknown;Major von der Horst;MALE;4;20;189;189;0;0;0;0;0.0;0.27;0.13;0.38;0.23;0.0;0.0;0.0;0.0;0.39;0.17;0.17;0.92;2;1;0.11
1509;ger000142;ger;der_graf;unknown;Der Graf;MALE;4;9;67;67;0;0;0;0;0.0;0.33;0.27;0.13;0.27;0.0;0.0;0.0;0.0;0.18;0.06;0.06;0.42;2;3;0.0
1510;ger000142;ger;graefin;unknown;Die Gräfin;FEMALE;4;11;109;109;0;0;0;0;0.0;0.15;0.64;0.16;0.06;0.0;0.0;0.0;0.0;0.22;0.1;0.1;0.5;0;4;0.01
1511;ger000142;ger;lotte;unknown;Lotte;FEMALE;3;6;51;50;0;0;0;0;0.0;0.3;0.48;0.22;0.0;0.0;0.0;0.0;0.0;0.12;0.05;0.04;0.5;1;4;0.01
1512;ger000142;ger;wilhelm;unknown;Wilhelm;MALE;1;2;5;5;0;0;0;0;0.0;0.0;0.0;0.0;1.0;0.0;0.0;0.0;0.0;0.04;0.0;0.0;0.42;1;2;0.0
1513;ger000142;ger;malchen;unknown;Malchen;FEMALE;1;2;3;3;0;0;0;0;0.0;0.0;0.0;0.0;1.0;0.0;0.0;0.0;0.0;0.04;0.0;0.0;0.42;0;2;0.0
1514;ger000142;ger;eulalia lotte;unknown;UNKNOWN;u;1;1;1;1;0;0;0;0;0.0;1.0;0.0;0.0;0.0;0.0;0.0;0.0;0.0;0.02;0.0;0.0;0.17;0;0;0.0
1515;ger000491;ger;chor_schluss-chor;unknown;Chor/Schluß-Chor;UNKNOWN;2;3;4;69;0;0;0;0;0.77;0.0;0.23;0.0;0.0;0.0;0.0;0.0;0.0;0.08;0.01;0.08;0.57;0;2;0.01
1516;ger000491;ger;alma;unknown;Alma;FEMALE;3;13;112;153;0;0;0;0;0.39;0.45;0.16;0.0;0.0;0.0;0.0;0.0;0.0;0.36;0.19;0.18;0.64;0;2;0.04
1517;ger000491;ger;caled;unknown;Caled;MALE;3;10;70;123;0;0;0;0;0.14;0.74;0.12;0.0;0.0;0.0;0.0;0.0;0.0;0.28;0.12;0.14;0.71;1;3;0.08
1518;ger000491;ger;nurraddin;unknown;Nurraddin;MALE;3;10;78;90;0;0;0;0;0.39;0.29;0.32;0.0;0.0;0.0;0.0;0.0;0.0;0.28;0.13;0.11;0.57;1;2;0.02
1519;ger000491;ger;wampum;unknown;Wampum;MALE;3;18;157;155;0;0;0;0;0.28;0.34;0.39;0.0;0.0;0.0;0.0;0.0;0.0;0.5;0.27;0.18;0.93;0;2;0.34
1520;ger000491;ger;hussein;unknown;Hussein;MALE;3;9;62;58;0;0;0;0;0.55;0.4;0.05;0.0;0.0;0.0;0.0;0.0;0.0;0.25;0.1;0.07;0.64;0;1;0.12
1521;ger000491;ger;arzt;unknown;Arzt;MALE;2;2;35;35;0;0;0;0;0.46;0.0;0.54;0.0;0.0;0.0;0.0;0.0;0.0;0.06;0.06;0.04;0.14;0;1;0.0
1522;ger000491;ger;kaemmerling;unknown;Kämmerling;MALE;1;2;5;4;0;0;0;0;0.0;1.0;0.0;0.0;0.0;0.0;0.0;0.0;0.0;0.06;0.01;0.0;0.14;0;1;0.0
1523;ger000491;ger;erste_schildwache;unknown;Erste Schildwache;MALE;1;5;22;27;0;0;0;0;0.0;0.0;1.0;0.0;0.0;0.0;0.0;0.0;0.0;0.14;0.04;0.03;0.36;0;3;0.01
1524;ger000491;ger;zweite_schildwache;unknown;Zweite Schildwache;MALE;1;4;17;20;0;0;0;0;0.0;0.0;1.0;0.0;0.0;0.0;0.0;0.0;0.0;0.11;0.03;0.02;0.29;0;2;0.0
1525;ger000491;ger;genius;unknown;Genius;UNKNOWN;1;4;15;71;0;0;0;0;0.0;0.0;1.0;0.0;0.0;0.0;0.0;0.0;0.0;0.11;0.03;0.08;0.5;0;1;0.0
1526;ger000491;ger;alma nurraddin;unknown;UNKNOWN;u;2;2;2;12;0;0;0;0;0.17;0.0;0.83;0.0;0.0;0.0;0.0;0.0;0.0;0.06;0.0;0.01;0.57;0;0;0.02
1527;ger000491;ger;erste_schildwache zweite_schildwache;unknown;UNKNOWN;u;1;3;10;32;0;0;0;0;0.0;0.0;1.0;0.0;0.0;0.0;0.0;0.0;0.0;0.08;0.02;0.04;0.29;0;2;0.0
1528;ger000491;ger;alma nurraddin wampum;unknown;UNKNOWN;u;1;1;1;1;0;0;0;0;0.0;0.0;1.0;0.0;0.0;0.0;0.0;0.0;0.0;0.03;0.0;0.0;0.5;1;3;0.0
1529;ger000484;ger;zwey_bediente_thuer_rechter_hand;unknown;Zwey Bediente (Thür rechter Hand);MALE;1;1;1;1;0;0;0;0;0.0;0.0;0.0;1.0;0.0;0.0;0.0;0.0;0.0;0.02;0.0;0.0;0.13;0;1;0.0
1530;ger000484;ger;zwey_bediente_thuer_linker_hand;unknown;Zwey Bediente (Thür linker Hand);MALE;1;1;1;1;0;0;0;0;0.0;0.0;0.0;1.0;0.0;0.0;0.0;0.0;0.0;0.02;0.0;0.0;0.13;0;0;0.0
1531;ger000484;ger;ulrike;unknown;Ulrike;FEMALE;3;17;143;142;0;0;0;0;0.58;0.0;0.22;0.2;0.0;0.0;0.0;0.0;0.0;0.38;0.08;0.08;0.67;1;3;0.29
1532;ger000484;ger;bedienter_franz;unknown;Bedienter Franz;MALE;1;1;3;3;0;0;0;0;1.0;0.0;0.0;0.0;0.0;0.0;0.0;0.0;0.0;0.02;0.0;0.0;0.13;0;1;0.0
1533;ger000484;ger;bedienter_peter;unknown;Bedienter Peter;MALE;1;1;3;2;0;0;0;0;1.0;0.0;0.0;0.0;0.0;0.0;0.0;0.0;0.0;0.02;0.0;0.0;0.13;0;0;0.0
1534;ger000484;ger;tobias;unknown;Tobias;MALE;4;22;322;311;0;0;0;0;0.42;0.2;0.27;0.11;0.0;0.0;0.0;0.0;0.0;0.49;0.19;0.18;0.6;1;1;0.08
1535;ger000484;ger;walther;unknown;Walther;MALE;2;2;31;29;0;0;0;0;0.41;0.0;0.0;0.59;0.0;0.0;0.0;0.0;0.0;0.04;0.02;0.02;0.2;1;2;0.0
1536;ger000484;ger;der_geheimderath;unknown;Der Geheimderath;MALE;4;22;368;367;0;0;0;0;0.22;0.3;0.12;0.36;0.0;0.0;0.0;0.0;0.0;0.49;0.21;0.22;0.8;2;4;0.37
1537;ger000484;ger;ein_bedienter_1-5;unknown;Ein Bedienter (I/5);MALE;1;1;1;1;0;0;0;0;1.0;0.0;0.0;0.0;0.0;0.0;0.0;0.0;0.0;0.02;0.0;0.0;0.2;0;0;0.0
1538;ger000484;ger;patzig;unknown;Patzig;MALE;3;3;40;39;0;0;0;0;0.18;0.33;0.49;0.0;0.0;0.0;0.0;0.0;0.0;0.07;0.02;0.02;0.33;1;3;0.03
1539;ger000484;ger;therese;unknown;Therese;FEMALE;4;15;266;258;0;0;0;0;0.16;0.51;0.29;0.05;0.0;0.0;0.0;0.0;0.0;0.33;0.15;0.15;0.47;0;2;0.04
1540;ger000484;ger;fabian;unknown;Fabian;MALE;3;8;122;114;0;0;0;0;0.25;0.0;0.68;0.07;0.0;0.0;0.0;0.0;0.0;0.18;0.07;0.07;0.47;2;2;0.05
1541;ger000484;ger;der_obriste;unknown;Der Obriste;MALE;3;11;303;302;0;0;0;0;0.0;0.54;0.34;0.11;0.0;0.0;0.0;0.0;0.0;0.24;0.18;0.18;0.47;1;4;0.05
1542;ger000484;ger;lieutnant_wayse;unknown;Lieutnant Wayse;MALE;1;6;103;100;0;0;0;0;0.0;0.0;1.0;0.0;0.0;0.0;0.0;0.0;0.0;0.13;0.06;0.06;0.2;0;2;0.0
1543;ger000484;ger;bornmann;unknown;Bornmann;MALE;1;2;20;23;0;0;0;0;0.0;0.0;0.0;1.0;0.0;0.0;0.0;0.0;0.0;0.04;0.01;0.01;0.27;1;2;0.0
1544;ger000484;ger;ulrike tobias therese der_geheimderath bornmann;unknown;UNKNOWN;u;1;1;2;7;0;0;0;0;0.0;0.0;0.0;1.0;0.0;0.0;0.0;0.0;0.0;0.02;0.0;0.0;0.27;1;0;0.0
1545;ger000320;ger;herrmann;unknown;Herrmann;MALE;5;16;77;84;0;0;0;0;0.15;0.45;0.17;0.11;0.12;0.0;0.0;0.0;0.0;0.32;0.15;0.16;0.78;2;2;0.04
1546;ger000320;ger;caroline;unknown;Caroline;FEMALE;4;14;61;61;0;0;0;0;0.31;0.16;0.41;0.0;0.11;0.0;0.0;0.0;0.0;0.28;0.12;0.11;0.67;0;2;0.01
1547;ger000320;ger;arnold;unknown;Arnold;MALE;2;7;24;24;0;0;0;0;0.79;0.0;0.21;0.0;0.0;0.0;0.0;0.0;0.0;0.14;0.05;0.05;0.56;1;1;0.01
1548;ger000320;ger;der_graf;unknown;Der Graf;MALE;5;17;83;83;0;0;0;0;0.12;0.23;0.33;0.04;0.29;0.0;0.0;0.0;0.0;0.34;0.16;0.16;1.0;0;4;0.12
1549;ger000320;ger;valentin;unknown;Valentin;MALE;3;3;7;7;0;0;0;0;0.14;0.14;0.0;0.71;0.0;0.0;0.0;0.0;0.0;0.06;0.01;0.01;0.44;0;1;0.01
1550;ger000320;ger;die_graefinn;unknown;Die Gräfinn;FEMALE;4;13;52;52;0;0;0;0;0.0;0.17;0.13;0.48;0.21;0.0;0.0;0.0;0.0;0.26;0.1;0.1;0.89;2;5;0.08
1551;ger000320;ger;chrysander;unknown;Chrysander;MALE;3;6;60;60;0;0;0;0;0.0;0.6;0.0;0.28;0.12;0.0;0.0;0.0;0.0;0.12;0.11;0.11;0.56;0;3;0.01
1552;ger000320;ger;johann;unknown;Johann;MALE;3;17;81;81;0;0;0;0;0.0;0.0;0.31;0.37;0.32;0.0;0.0;0.0;0.0;0.34;0.15;0.15;1.0;1;3;0.12
1553;ger000320;ger;valer;unknown;Valer;MALE;3;8;61;61;0;0;0;0;0.0;0.0;0.23;0.39;0.38;0.0;0.0;0.0;0.0;0.16;0.12;0.11;0.56;1;1;0.0
1554;ger000320;ger;fraeulein_christinchen;unknown;Fräulein Christinchen;FEMALE;1;2;17;17;0;0;0;0;0.0;0.0;0.0;0.0;1.0;0.0;0.0;0.0;0.0;0.04;0.03;0.03;0.44;0;2;0.0
1555;ger000173;ger;peter;unknown;Peter;MALE;2;9;111;111;0;0;0;0;0.5;0.0;0.5;0.0;0.0;0.0;0.0;0.0;0.0;0.29;0.16;0.16;1.0;3;3;0.05
1556;ger000173;ger;cathrine;unknown;Cathrine;FEMALE;2;8;87;87;0;0;0;0;0.91;0.0;0.09;0.0;0.0;0.0;0.0;0.0;0.0;0.26;0.12;0.12;0.75;2;2;0.0
1557;ger000173;ger;muffel;unknown;Muffel;MALE;3;13;152;155;0;0;0;0;0.36;0.24;0.4;0.0;0.0;0.0;0.0;0.0;0.0;0.42;0.22;0.22;0.88;2;2;0.01
1558;ger000173;ger;tempelstolz;unknown;Tempelstolz;MALE;3;8;63;62;0;0;0;0;0.27;0.53;0.19;0.0;0.0;0.0;0.0;0.0;0.0;0.26;0.09;0.09;0.88;1;2;0.03
1559;ger000173;ger;frau_von_birkenhayn;unknown;Frau von Birkenhayn;FEMALE;2;11;68;68;0;0;0;0;0.0;0.81;0.19;0.0;0.0;0.0;0.0;0.0;0.0;0.35;0.1;0.1;1.0;1;2;0.05
1560;ger000173;ger;herr_von_roseneck;unknown;Herr von Roseneck;MALE;2;12;92;92;0;0;0;0;0.0;0.49;0.51;0.0;0.0;0.0;0.0;0.0;0.0;0.39;0.13;0.13;1.0;2;2;0.05
1561;ger000173;ger;wilhelmine;unknown;Fräulein Wilhelmine;FEMALE;2;16;60;60;0;0;0;0;0.0;0.5;0.5;0.0;0.0;0.0;0.0;0.0;0.0;0.52;0.09;0.09;0.88;0;2;0.01
1562;ger000173;ger;wahrmund;unknown;Herr Wahrmund;MALE;2;6;36;36;0;0;0;0;0.0;0.5;0.5;0.0;0.0;0.0;0.0;0.0;0.0;0.19;0.05;0.05;0.62;1;0;0.0
1563;ger000173;ger;brigitte;unknown;Brigitte;FEMALE;1;3;32;29;0;0;0;0;0.0;0.0;1.0;0.0;0.0;0.0;0.0;0.0;0.0;0.1;0.05;0.04;0.5;1;2;0.0
1564;ger000144;ger;das_volk;unknown;Das Volk;UNKNOWN;1;1;2;2;0;0;0;0;1.0;0.0;0.0;0.0;0.0;0.0;0.0;0.0;0.0;0.03;0.01;0.0;0.21;1;3;0.0
1565;ger000144;ger;chorus;unknown;Chorus;UNKNOWN;1;1;1;6;0;0;0;0;0.0;0.0;1.0;0.0;0.0;0.0;0.0;0.0;0.0;0.03;0.0;0.01;0.16;0;0;0.0
1566;ger000144;ger;cyrus;unknown;Cyrus;MALE;2;7;46;119;0;0;0;0;0.01;0.99;0.0;0.0;0.0;0.0;0.0;0.0;0.0;0.23;0.13;0.11;0.63;1;2;0.01
1567;ger000144;ger;sigelvax;unknown;Sigelvax;MALE;2;4;19;75;0;0;0;0;0.68;0.32;0.0;0.0;0.0;0.0;0.0;0.0;0.0;0.13;0.05;0.07;0.58;0;2;0.01
1568;ger000144;ger;kulican;unknown;Kulican;MALE;2;12;112;285;0;0;0;0;0.51;0.49;0.0;0.0;0.0;0.0;0.0;0.0;0.0;0.39;0.31;0.26;0.79;0;7;0.09
1569;ger000144;ger;mortong;unknown;Mortong;MALE;2;9;37;62;0;0;0;0;0.45;0.55;0.0;0.0;0.0;0.0;0.0;0.0;0.0;0.29;0.1;0.06;0.74;1;2;0.06
1570;ger000144;ger;pumphia;unknown;Pumphia;FEMALE;2;9;71;287;0;0;0;0;0.47;0.53;0.0;0.0;0.0;0.0;0.0;0.0;0.0;0.29;0.2;0.27;0.74;0;4;0.05
1571;ger000144;ger;pinxi;unknown;Pinxi;MALE;2;2;2;13;0;0;0;0;0.62;0.38;0.0;0.0;0.0;0.0;0.0;0.0;0.0;0.06;0.01;0.01;0.58;1;7;0.02
1572;ger000144;ger;knab;unknown;Knab;MALE;1;1;4;15;0;0;0;0;1.0;0.0;0.0;0.0;0.0;0.0;0.0;0.0;0.0;0.03;0.01;0.01;0.16;0;0;0.0
1573;ger000144;ger;faustibus;unknown;Faustibus;MALE;1;8;34;109;0;0;0;0;0.0;1.0;0.0;0.0;0.0;0.0;0.0;0.0;0.0;0.26;0.1;0.1;0.63;1;1;0.01
1574;ger000144;ger;miketey;unknown;Miketey;MALE;1;2;5;6;0;0;0;0;0.0;1.0;0.0;0.0;0.0;0.0;0.0;0.0;0.0;0.06;0.01;0.01;0.58;0;3;0.0
1575;ger000144;ger;soffocles;unknown;Soffocles;MALE;1;1;4;16;0;0;0;0;0.0;1.0;0.0;0.0;0.0;0.0;0.0;0.0;0.0;0.03;0.01;0.01;0.11;0;1;0.0
1576;ger000144;ger;arleckin;unknown;Arleckin;MALE;1;1;3;4;0;0;0;0;0.0;0.0;1.0;0.0;0.0;0.0;0.0;0.0;0.0;0.03;0.01;0.0;0.16;1;0;0.0
1577;ger000144;ger;colombina;unknown;Colombina;FEMALE;1;1;4;38;0;0;0;0;0.0;0.0;1.0;0.0;0.0;0.0;0.0;0.0;0.0;0.03;0.01;0.04;0.16;0;0;0.0
1578;ger000144;ger;cyrus faustibus;unknown;UNKNOWN;u;1;2;3;3;0;0;0;0;0.0;1.0;0.0;0.0;0.0;0.0;0.0;0.0;0.0;0.06;0.01;0.0;0.26;1;0;0.0
1579;ger000144;ger;pumphia cyrus faustibus;unknown;UNKNOWN;u;1;1;4;11;0;0;0;0;0.0;1.0;0.0;0.0;0.0;0.0;0.0;0.0;0.0;0.03;0.01;0.01;0.53;0;1;0.0
1580;ger000144;ger;faustibus pumphia;unknown;UNKNOWN;u;1;1;1;1;0;0;0;0;0.0;1.0;0.0;0.0;0.0;0.0;0.0;0.0;0.0;0.03;0.0;0.0;0.53;0;1;0.0
1581;ger000144;ger;kulican cyrus faustibus pumphia;unknown;UNKNOWN;u;1;1;1;2;0;0;0;0;0.0;1.0;0.0;0.0;0.0;0.0;0.0;0.0;0.0;0.03;0.0;0.0;0.53;0;1;0.0
1582;ger000144;ger;cyrus miketey faustibus sigelvax;unknown;UNKNOWN;u;1;1;1;2;0;0;0;0;0.0;1.0;0.0;0.0;0.0;0.0;0.0;0.0;0.0;0.03;0.0;0.0;0.32;1;5;0.0
1583;ger000144;ger;arleckin colombina;unknown;UNKNOWN;u;1;1;2;3;0;0;0;0;0.0;0.0;1.0;0.0;0.0;0.0;0.0;0.0;0.0;0.03;0.01;0.0;0.16;0;0;0.0
1584;ger000652;ger;baumann;unknown;Baumann;MALE;0;15;134;135;0;0;0;0;0.0;0.0;0.0;0.0;0.0;0.0;0.0;0.0;0.0;1.0;0.38;0.35;1.0;1;3;0.27
1585;ger000652;ger;amalia;unknown;Amalia;FEMALE;0;12;87;86;0;0;0;0;0.0;0.0;0.0;0.0;0.0;0.0;0.0;0.0;0.0;0.8;0.25;0.22;0.9;1;3;0.16
1586;ger000652;ger;julchen;unknown;Julchen;FEMALE;0;6;19;19;0;0;0;0;0.0;0.0;0.0;0.0;0.0;0.0;0.0;0.0;0.0;0.4;0.05;0.05;0.6;2;2;0.0
1587;ger000652;ger;wilhelm;unknown;Wilhelm;MALE;0;4;13;13;0;0;0;0;0.0;0.0;0.0;0.0;0.0;0.0;0.0;0.0;0.0;0.27;0.04;0.03;0.8;2;1;0.1
1588;ger000652;ger;herr_ruebe;unknown;Herr Rübe;MALE;0;4;51;51;0;0;0;0;0.0;0.0;0.0;0.0;0.0;0.0;0.0;0.0;0.0;0.27;0.15;0.13;0.3;1;2;0.0
1589;ger000652;ger;ein_bedienter;unknown;Ein Bedienter;MALE;0;1;9;9;0;0;0;0;0.0;0.0;0.0;0.0;0.0;0.0;0.0;0.0;0.0;0.07;0.03;0.02;0.3;0;2;0.0
1590;ger000652;ger;der_andere_bediente;unknown;Der andere Bediente;MALE;0;1;1;1;0;0;0;0;0.0;0.0;0.0;0.0;0.0;0.0;0.0;0.0;0.0;0.07;0.0;0.0;0.3;0;0;0.0
1591;ger000652;ger;ernst;unknown;Ernst;MALE;0;3;13;13;0;0;0;0;0.0;0.0;0.0;0.0;0.0;0.0;0.0;0.0;0.0;0.2;0.04;0.03;0.6;0;1;0.0
1592;ger000652;ger;hannchen;unknown;Hannchen;FEMALE;0;2;5;5;0;0;0;0;0.0;0.0;0.0;0.0;0.0;0.0;0.0;0.0;0.0;0.13;0.01;0.01;0.6;0;3;0.0
1593;ger000652;ger;der_graf;unknown;Der Graf;MALE;0;1;18;18;0;0;0;0;0.0;0.0;0.0;0.0;0.0;0.0;0.0;0.0;0.0;0.07;0.05;0.05;0.2;0;1;0.0
1594;ger000447;ger;der_fuerst;unknown;Der Fürst;MALE;0;1;6;6;0;0;0;0;0.0;0.0;0.0;0.0;0.0;0.0;0.0;0.0;0.0;1.0;0.46;0.46;1.0;0;1;0.0
1595;ger000447;ger;der_kammerherr;unknown;Der Kammerherr;MALE;0;1;4;4;0;0;0;0;0.0;0.0;0.0;0.0;0.0;0.0;0.0;0.0;0.0;1.0;0.31;0.31;1.0;0;0;0.0
1596;ger000447;ger;der_geist;unknown;Der Geist;UNKNOWN;0;1;3;3;0;0;0;0;0.0;0.0;0.0;0.0;0.0;0.0;0.0;0.0;0.0;1.0;0.23;0.23;1.0;0;0;0.0
1597;ger000260;ger;der_mann;unknown;Der Mann;MALE;0;1;9;9;0;0;0;0;0.0;0.0;0.0;0.0;0.0;0.0;0.0;0.0;0.0;1.0;0.5;0.5;1.0;1;0;0.0
1598;ger000260;ger;die_frau;unknown;Die Frau;FEMALE;0;1;9;9;0;0;0;0;0.0;0.0;0.0;0.0;0.0;0.0;0.0;0.0;0.0;1.0;0.5;0.5;1.0;0;0;0.0
1599;ger000050;ger;aspermonte;unknown;Aspermonte;MALE;4;6;67;67;0;0;0;0;0.27;0.25;0.13;0.34;0.0;0.0;0.0;0.0;0.0;0.17;0.14;0.13;0.33;0;4;0.02
1600;ger000050;ger;julius;unknown;Julius;MALE;4;15;120;124;0;0;0;0;0.19;0.37;0.24;0.19;0.0;0.0;0.0;0.0;0.0;0.42;0.25;0.24;0.6;3;2;0.38
1601;ger000050;ger;guido;unknown;Guido;MALE;4;11;63;66;0;0;0;0;0.41;0.0;0.29;0.14;0.17;0.0;0.0;0.0;0.0;0.31;0.13;0.13;0.47;0;5;0.19
1602;ger000050;ger;erzbischof;unknown;Erzbischof;MALE;3;6;37;37;0;0;0;0;0.57;0.0;0.0;0.22;0.22;0.0;0.0;0.0;0.0;0.17;0.08;0.07;0.27;0;1;0.03
1603;ger000050;ger;der_fuerst;unknown;Der Fürst;MALE;4;13;77;92;0;0;0;0;0.28;0.0;0.18;0.2;0.34;0.0;0.0;0.0;0.0;0.36;0.16;0.18;0.47;1;6;0.32
1604;ger000050;ger;caecilia;unknown;Cäcilia;FEMALE;3;4;33;33;0;0;0;0;0.27;0.3;0.0;0.0;0.42;0.0;0.0;0.0;0.0;0.11;0.07;0.06;0.33;3;0;0.23
1605;ger000050;ger;aebtissin;unknown;Äbtissin;FEMALE;2;4;23;23;0;0;0;0;0.0;0.52;0.48;0.0;0.0;0.0;0.0;0.0;0.0;0.11;0.05;0.05;0.13;0;0;0.0
1606;ger000050;ger;blanka;unknown;Blanka;FEMALE;3;6;41;44;0;0;0;0;0.0;0.39;0.27;0.0;0.34;0.0;0.0;0.0;0.0;0.17;0.09;0.09;0.27;2;0;0.05
1607;ger000050;ger;porzia;unknown;Porzia;FEMALE;1;1;4;5;0;0;0;0;0.0;1.0;0.0;0.0;0.0;0.0;0.0;0.0;0.0;0.03;0.01;0.01;0.07;0;0;0.0
1608;ger000050;ger;ein_alter_bauer;unknown;Ein alter Bauer;MALE;1;1;4;5;0;0;0;0;0.0;0.0;1.0;0.0;0.0;0.0;0.0;0.0;0.0;0.03;0.01;0.01;0.13;0;1;0.0
1609;ger000050;ger;ein_bedienter_4-5;unknown;Ein Bedienter (IV/5);MALE;1;1;2;2;0;0;0;0;0.0;0.0;0.0;1.0;0.0;0.0;0.0;0.0;0.0;0.03;0.0;0.0;0.07;0;0;0.0
1610;ger000050;ger;einer_von_den_bewaffneten;unknown;Einer von den Bewaffneten;MALE;1;1;1;1;0;0;0;0;0.0;0.0;0.0;1.0;0.0;0.0;0.0;0.0;0.0;0.03;0.0;0.0;0.27;0;2;0.0
1611;ger000050;ger;marcellus;unknown;Marcellus;MALE;1;1;1;1;0;0;0;0;0.0;0.0;0.0;1.0;0.0;0.0;0.0;0.0;0.0;0.03;0.0;0.0;0.27;0;0;0.0
1612;ger000050;ger;arzt;unknown;Arzt;MALE;1;1;4;4;0;0;0;0;0.0;0.0;0.0;0.0;1.0;0.0;0.0;0.0;0.0;0.03;0.01;0.01;0.07;0;0;0.0
1613;ger000050;ger;nonne;unknown;Nonne;FEMALE;1;1;3;3;0;0;0;0;0.0;0.0;0.0;0.0;1.0;0.0;0.0;0.0;0.0;0.03;0.01;0.01;0.13;0;0;0.0
1614;ger000050;ger;ein_bedienter_5-5;unknown;Ein Bedienter (V/5);MALE;1;1;1;1;0;0;0;0;0.0;0.0;0.0;0.0;1.0;0.0;0.0;0.0;0.0;0.03;0.0;0.0;0.13;0;0;0.0
1615;ger000423;ger;runde;unknown;Runde;MALE;1;1;1;1;0;0;0;0;1.0;0.0;0.0;0.0;0.0;0.0;0.0;0.0;0.0;0.17;0.01;0.01;0.3;0;1;0.0
1616;ger000423;ger;robert;unknown;Robert;MALE;5;5;65;77;0;0;0;0;0.12;0.26;0.06;0.09;0.47;0.0;0.0;0.0;0.0;0.83;0.41;0.45;1.0;2;8;0.36
1617;ger000423;ger;prinzessin;unknown;Prinzessin;FEMALE;2;3;10;10;0;0;0;0;0.3;0.7;0.0;0.0;0.0;0.0;0.0;0.0;0.0;0.5;0.06;0.06;0.4;0;3;0.02
1618;ger000423;ger;major;unknown;Major;MALE;2;2;8;8;0;0;0;0;0.38;0.62;0.0;0.0;0.0;0.0;0.0;0.0;0.0;0.33;0.05;0.05;0.3;0;0;0.0
1619;ger000423;ger;lord_hot;unknown;Lord Hot;MALE;3;3;31;30;0;0;0;0;0.0;0.23;0.13;0.0;0.63;0.0;0.0;0.0;0.0;0.5;0.19;0.18;0.8;1;5;0.07
1620;ger000423;ger;lord_hamilton;unknown;Lord Hamilton;MALE;2;2;19;19;0;0;0;0;0.0;0.0;0.26;0.0;0.74;0.0;0.0;0.0;0.0;0.33;0.12;0.11;0.7;1;4;0.0
1621;ger000423;ger;williams;unknown;Williams;MALE;1;1;2;2;0;0;0;0;0.0;0.0;0.0;0.0;1.0;0.0;0.0;0.0;0.0;0.17;0.01;0.01;0.7;1;3;0.0
1622;ger000423;ger;peter;unknown;Peter;MALE;1;1;4;4;0;0;0;0;0.0;0.0;0.0;0.0;1.0;0.0;0.0;0.0;0.0;0.17;0.03;0.02;0.7;1;2;0.0
1623;ger000423;ger;tognina;unknown;Tognina;FEMALE;1;1;11;11;0;0;0;0;0.0;0.0;0.0;0.0;1.0;0.0;0.0;0.0;0.0;0.17;0.07;0.06;0.7;0;2;0.0
1624;ger000423;ger;wundarzt;unknown;Wundarzt;MALE;1;1;2;1;0;0;0;0;0.0;0.0;0.0;0.0;1.0;0.0;0.0;0.0;0.0;0.17;0.01;0.01;0.7;0;1;0.0
1625;ger000423;ger;beichtvater;unknown;Beichtvater;MALE;1;1;6;6;0;0;0;0;0.0;0.0;0.0;0.0;1.0;0.0;0.0;0.0;0.0;0.17;0.04;0.04;0.7;0;0;0.0
1626;ger000338;ger;laeuffer;unknown;Läuffer;MALE;5;12;87;87;0;0;0;0;0.15;0.18;0.21;0.07;0.39;0.0;0.0;0.0;0.0;0.34;0.13;0.13;0.43;1;3;0.11
1627;ger000338;ger;major;unknown;Major;MALE;5;11;58;58;0;0;0;0;0.21;0.05;0.1;0.38;0.26;0.0;0.0;0.0;0.0;0.31;0.09;0.09;0.48;0;6;0.11
1628;ger000338;ger;geheimer_rat;unknown;Geheimer Rat;MALE;5;13;97;96;0;0;0;0;0.12;0.15;0.11;0.19;0.43;0.0;0.0;0.0;0.0;0.37;0.15;0.15;0.61;3;7;0.27
1629;ger000338;ger;majorin;unknown;Majorin;FEMALE;3;3;28;28;0;0;0;0;0.43;0.46;0.11;0.0;0.0;0.0;0.0;0.0;0.0;0.09;0.04;0.04;0.22;0;4;0.01
1630;ger000338;ger;bedienter;unknown;Bedienter;MALE;1;1;1;1;0;0;0;0;1.0;0.0;0.0;0.0;0.0;0.0;0.0;0.0;0.0;0.03;0.0;0.0;0.13;0;1;0.0
1631;ger000338;ger;graf_wermuth;unknown;Graf Wermuth;MALE;4;4;19;19;0;0;0;0;0.32;0.53;0.11;0.05;0.0;0.0;0.0;0.0;0.0;0.11;0.03;0.03;0.3;0;1;0.02
1632;ger000338;ger;fritz;unknown;Fritz;MALE;4;11;92;92;0;0;0;0;0.16;0.21;0.0;0.14;0.49;0.0;0.0;0.0;0.0;0.31;0.14;0.14;0.43;2;2;0.12
1633;ger000338;ger;gustchen;unknown;Gustchen;FEMALE;4;9;41;41;0;0;0;0;0.29;0.41;0.0;0.2;0.1;0.0;0.0;0.0;0.0;0.26;0.06;0.06;0.3;2;3;0.06
1634;ger000338;ger;pastor;unknown;Pastor;MALE;1;1;13;13;0;0;0;0;0.0;1.0;0.0;0.0;0.0;0.0;0.0;0.0;0.0;0.03;0.02;0.02;0.04;0;0;0.0
1635;ger000338;ger;paetus;unknown;Pätus;MALE;3;8;79;77;0;0;0;0;0.0;0.4;0.0;0.18;0.42;0.0;0.0;0.0;0.0;0.23;0.12;0.12;0.39;1;3;0.08
1636;ger000338;ger;frau_blitzer;unknown;Frau Blitzer;FEMALE;1;1;8;7;0;0;0;0;0.0;1.0;0.0;0.0;0.0;0.0;0.0;0.0;0.0;0.03;0.01;0.01;0.13;0;1;0.0
1637;ger000338;ger;bollwerk;unknown;Bollwerk;MALE;1;2;13;13;0;0;0;0;0.0;1.0;0.0;0.0;0.0;0.0;0.0;0.0;0.0;0.06;0.02;0.02;0.22;0;2;0.0
1638;ger000338;ger;jungfer_knicks;unknown;Jungfer Knicks;FEMALE;1;1;4;4;0;0;0;0;0.0;1.0;0.0;0.0;0.0;0.0;0.0;0.0;0.0;0.03;0.01;0.01;0.09;2;0;0.0
1639;ger000338;ger;frau_hamster;unknown;Frau Hamster;FEMALE;1;1;3;3;0;0;0;0;0.0;1.0;0.0;0.0;0.0;0.0;0.0;0.0;0.0;0.03;0.0;0.0;0.09;1;0;0.0
1640;ger000338;ger;jungfer_hamster;unknown;Jungfer Hamster;FEMALE;1;1;1;1;0;0;0;0;0.0;1.0;0.0;0.0;0.0;0.0;0.0;0.0;0.0;0.03;0.0;0.0;0.09;0;0;0.0
1641;ger000338;ger;hofmeister;unknown;Hofmeister;MALE;2;2;7;7;0;0;0;0;0.0;0.57;0.43;0.0;0.0;0.0;0.0;0.0;0.0;0.06;0.01;0.01;0.22;0;4;0.01
1642;ger000338;ger;seiffenblase;unknown;Herr von Seiffenblase;MALE;2;2;6;6;0;0;0;0;0.0;0.33;0.67;0.0;0.0;0.0;0.0;0.0;0.0;0.06;0.01;0.01;0.22;0;2;0.01
1643;ger000338;ger;wenzeslaus;unknown;Wenzeslaus;MALE;3;6;53;53;0;0;0;0;0.0;0.0;0.4;0.17;0.43;0.0;0.0;0.0;0.0;0.17;0.08;0.08;0.26;0;5;0.03
1644;ger000338;ger;marthe;unknown;Marthe;FEMALE;2;2;9;9;0;0;0;0;0.0;0.0;0.0;0.44;0.56;0.0;0.0;0.0;0.0;0.06;0.01;0.01;0.09;0;1;0.0
1645;ger000338;ger;schoepsen;unknown;Schöpsen;MALE;1;1;4;4;0;0;0;0;0.0;0.0;0.0;1.0;0.0;0.0;0.0;0.0;0.0;0.03;0.01;0.01;0.17;0;0;0.0
1646;ger000338;ger;rehaar;unknown;Rehaar;MALE;2;3;16;16;0;0;0;0;0.0;0.0;0.0;0.5;0.5;0.0;0.0;0.0;0.0;0.09;0.02;0.02;0.09;0;0;0.0
1647;ger000338;ger;jungfer_rehaar;unknown;Jungfer Rehaar;FEMALE;1;1;1;1;0;0;0;0;0.0;0.0;0.0;0.0;1.0;0.0;0.0;0.0;0.0;0.03;0.0;0.0;0.13;0;1;0.0
1648;ger000338;ger;lise;unknown;Lise;FEMALE;1;1;15;15;0;0;0;0;0.0;0.0;0.0;0.0;1.0;0.0;0.0;0.0;0.0;0.03;0.02;0.02;0.09;0;1;0.0
1649;ger000338;ger;der_alte_paetus;unknown;Der alte Pätus;MALE;1;1;5;5;0;0;0;0;0.0;0.0;0.0;0.0;1.0;0.0;0.0;0.0;0.0;0.03;0.01;0.01;0.17;0;3;0.0
1650;ger000400;ger;herr_von_biederling;unknown;Herr von Biederling;MALE;4;12;130;130;0;0;0;0;0.19;0.32;0.43;0.0;0.06;0.0;0.0;0.0;0.0;0.33;0.19;0.18;0.57;3;4;0.14
1651;ger000400;ger;frau_von_biederling;unknown;Frau von Biederling;FEMALE;4;9;68;68;0;0;0;0;0.21;0.28;0.34;0.18;0.0;0.0;0.0;0.0;0.0;0.25;0.1;0.1;0.52;3;5;0.1
1652;ger000400;ger;prinz_tandi;unknown;Prinz Tandi;MALE;4;13;114;114;0;0;0;0;0.18;0.49;0.24;0.0;0.1;0.0;0.0;0.0;0.0;0.36;0.16;0.16;0.57;1;3;0.14
1653;ger000400;ger;graf;unknown;Graf Camäleon;MALE;4;10;78;78;0;0;0;0;0.24;0.26;0.46;0.04;0.0;0.0;0.0;0.0;0.0;0.28;0.11;0.11;0.57;2;3;0.15
1654;ger000400;ger;verwalter;unknown;Verwalter;MALE;1;1;5;5;0;0;0;0;1.0;0.0;0.0;0.0;0.0;0.0;0.0;0.0;0.0;0.03;0.01;0.01;0.09;1;0;0.0
1655;ger000400;ger;donna_diana;unknown;Donna Diana;FEMALE;4;7;53;53;0;0;0;0;0.11;0.28;0.45;0.15;0.0;0.0;0.0;0.0;0.0;0.19;0.08;0.08;0.52;1;2;0.14
1656;ger000400;ger;zierau;unknown;Zierau;MALE;5;7;55;56;0;0;0;0;0.2;0.25;0.11;0.23;0.21;0.0;0.0;0.0;0.0;0.19;0.08;0.08;0.52;2;4;0.15
1657;ger000400;ger;wilhelmine;unknown;Wilhelmine;FEMALE;4;8;69;69;0;0;0;0;0.0;0.17;0.49;0.25;0.09;0.0;0.0;0.0;0.0;0.22;0.1;0.1;0.39;2;5;0.05
1658;ger000400;ger;babet;unknown;Babet;FEMALE;4;5;37;37;0;0;0;0;0.0;0.41;0.43;0.11;0.05;0.0;0.0;0.0;0.0;0.14;0.05;0.05;0.17;0;0;0.01
1659;ger000400;ger;magister_beza;unknown;Magister Beza;MALE;2;5;28;28;0;0;0;0;0.0;0.36;0.64;0.0;0.0;0.0;0.0;0.0;0.0;0.14;0.04;0.04;0.52;0;0;0.14
1660;ger000400;ger;herr_von_zopf;unknown;Herr von Zopf;MALE;1;2;19;19;0;0;0;0;0.0;0.0;1.0;0.0;0.0;0.0;0.0;0.0;0.0;0.06;0.03;0.03;0.13;0;0;0.0
1661;ger000400;ger;gustav;unknown;Gustav;MALE;2;3;8;8;0;0;0;0;0.0;0.0;0.75;0.25;0.0;0.0;0.0;0.0;0.0;0.08;0.01;0.01;0.04;0;0;0.0
1662;ger000400;ger;kaffeewirt;unknown;Kaffeewirt;MALE;1;1;4;4;0;0;0;0;0.0;0.0;1.0;0.0;0.0;0.0;0.0;0.0;0.0;0.03;0.01;0.01;0.09;0;2;0.0
1663;ger000400;ger;ein_buckligter;unknown;Ein Buckligter;MALE;1;1;1;1;0;0;0;0;0.0;0.0;1.0;0.0;0.0;0.0;0.0;0.0;0.0;0.03;0.0;0.0;0.3;0;6;0.0
1664;ger000400;ger;lahmer;unknown;Lahmer;MALE;1;1;10;10;0;0;0;0;0.0;0.0;1.0;0.0;0.0;0.0;0.0;0.0;0.0;0.03;0.01;0.01;0.3;0;5;0.0
1665;ger000400;ger;blinder;unknown;Blinder;MALE;1;1;2;2;0;0;0;0;0.0;0.0;1.0;0.0;0.0;0.0;0.0;0.0;0.0;0.03;0.0;0.0;0.3;0;4;0.0
1666;ger000400;ger;ein_anderer_blinder;unknown;Ein anderer Blinder;MALE;1;1;1;1;0;0;0;0;0.0;0.0;1.0;0.0;0.0;0.0;0.0;0.0;0.0;0.03;0.0;0.0;0.3;0;3;0.0
1667;ger000400;ger;eine_dame;unknown;Eine Dame;FEMALE;1;1;2;2;0;0;0;0;0.0;0.0;0.0;1.0;0.0;0.0;0.0;0.0;0.0;0.03;0.0;0.0;0.35;1;3;0.0
1668;ger000400;ger;ein_chapeau;unknown;Ein Chapeau;MALE;1;1;1;1;0;0;0;0;0.0;0.0;0.0;1.0;0.0;0.0;0.0;0.0;0.0;0.03;0.0;0.0;0.35;1;2;0.0
1669;ger000400;ger;ein_dicker_kerl;unknown;Ein dicker Kerl;MALE;1;1;1;1;0;0;0;0;0.0;0.0;0.0;1.0;0.0;0.0;0.0;0.0;0.0;0.03;0.0;0.0;0.35;0;1;0.0
1670;ger000400;ger;eine_maske;unknown;Eine Maske;UNKNOWN;1;1;1;1;0;0;0;0;0.0;0.0;0.0;1.0;0.0;0.0;0.0;0.0;0.0;0.03;0.0;0.0;0.35;0;1;0.0
1671;ger000400;ger;eine_andere_maske;unknown;Eine andere Maske;UNKNOWN;1;1;1;1;0;0;0;0;0.0;0.0;0.0;1.0;0.0;0.0;0.0;0.0;0.0;0.03;0.0;0.0;0.35;0;1;0.0
1672;ger000400;ger;buergermeister;unknown;Bürgermeister;MALE;1;2;13;13;0;0;0;0;0.0;0.0;0.0;0.0;1.0;0.0;0.0;0.0;0.0;0.06;0.02;0.02;0.04;0;1;0.0
1673;ger000400;ger;ein_buckligter lahmer blinder ein_anderer_blinder;unknown;UNKNOWN;u;1;1;1;1;0;0;0;0;0.0;0.0;1.0;0.0;0.0;0.0;0.0;0.0;0.0;0.03;0.0;0.0;0.3;0;2;0.0
1674;ger000155;ger;strephon;unknown;Strephon;MALE;5;18;111;111;0;0;0;0;0.52;0.19;0.09;0.1;0.1;0.0;0.0;0.0;0.0;0.9;0.32;0.32;1.0;1;4;0.57
1675;ger000155;ger;arist;unknown;Arist;MALE;1;5;46;45;0;0;0;0;1.0;0.0;0.0;0.0;0.0;0.0;0.0;0.0;0.0;0.25;0.13;0.13;0.31;0;0;0.0
1676;ger000155;ger;dorantino;unknown;Dorantino;MALE;2;2;9;9;0;0;0;0;0.89;0.11;0.0;0.0;0.0;0.0;0.0;0.0;0.0;0.1;0.03;0.03;0.31;0;1;0.0
1677;ger000155;ger;strombolo;unknown;Strombolo;MALE;2;2;17;17;0;0;0;0;0.41;0.59;0.0;0.0;0.0;0.0;0.0;0.0;0.0;0.1;0.05;0.05;0.31;0;5;0.0
1678;ger000155;ger;doria;unknown;Doria;MALE;2;2;18;18;0;0;0;0;0.39;0.61;0.0;0.0;0.0;0.0;0.0;0.0;0.0;0.1;0.05;0.05;0.31;0;3;0.0
1679;ger000155;ger;mezzotinto;unknown;Mezzotinto;MALE;3;3;27;26;0;0;0;0;0.62;0.19;0.0;0.0;0.19;0.0;0.0;0.0;0.0;0.15;0.08;0.07;0.31;0;3;0.0
1680;ger000155;ger;seraphine;unknown;Seraphine;FEMALE;4;6;44;44;0;0;0;0;0.0;0.34;0.18;0.11;0.36;0.0;0.0;0.0;0.0;0.3;0.13;0.13;0.62;0;1;0.03
1681;ger000155;ger;alvarez;unknown;Alvarez;MALE;2;3;12;12;0;0;0;0;0.0;0.75;0.25;0.0;0.0;0.0;0.0;0.0;0.0;0.15;0.03;0.03;0.56;1;3;0.0
1682;ger000155;ger;ninon;unknown;Ninon;MALE;1;1;13;19;0;0;0;0;0.0;0.0;1.0;0.0;0.0;0.0;0.0;0.0;0.0;0.05;0.04;0.05;0.56;2;7;0.0
1683;ger000155;ger;maler;unknown;Maler;MALE;1;1;2;2;0;0;0;0;0.0;0.0;1.0;0.0;0.0;0.0;0.0;0.0;0.0;0.05;0.01;0.01;0.56;2;6;0.0
1684;ger000155;ger;villiers;unknown;Villiers;MALE;1;1;12;10;0;0;0;0;0.0;0.0;1.0;0.0;0.0;0.0;0.0;0.0;0.0;0.05;0.03;0.03;0.56;2;5;0.0
1685;ger000155;ger;riparo;unknown;Riparo;MALE;1;1;5;5;0;0;0;0;0.0;0.0;1.0;0.0;0.0;0.0;0.0;0.0;0.0;0.05;0.01;0.01;0.56;2;3;0.0
1686;ger000155;ger;grammont;unknown;Grammont;MALE;1;1;5;5;0;0;0;0;0.0;0.0;1.0;0.0;0.0;0.0;0.0;0.0;0.0;0.05;0.01;0.01;0.56;2;2;0.0
1687;ger000155;ger;la_fare;unknown;La Fare;MALE;1;1;1;1;0;0;0;0;0.0;0.0;1.0;0.0;0.0;0.0;0.0;0.0;0.0;0.05;0.0;0.0;0.56;2;1;0.0
1688;ger000155;ger;die_marquisin_chateauneuf;unknown;Die Marquisin Chateauneuf;FEMALE;1;1;1;1;0;0;0;0;0.0;0.0;1.0;0.0;0.0;0.0;0.0;0.0;0.0;0.05;0.0;0.0;0.56;1;1;0.0
1689;ger000155;ger;ein_bedienter;unknown;Ein Bedienter;MALE;1;1;2;2;0;0;0;0;0.0;0.0;0.0;1.0;0.0;0.0;0.0;0.0;0.0;0.05;0.01;0.01;0.06;0;1;0.0
1690;ger000155;ger;don_prado;unknown;Don Prado;MALE;2;3;23;22;0;0;0;0;0.0;0.0;0.0;0.23;0.77;0.0;0.0;0.0;0.0;0.15;0.07;0.06;0.12;1;1;0.0
1691;ger000374;ger;mariane;unknown;Mariane;FEMALE;5;12;124;120;0;0;0;0;0.33;0.09;0.47;0.05;0.05;0.0;0.0;0.0;0.0;0.33;0.22;0.21;0.28;4;3;0.08
1692;ger000374;ger;charlotte;unknown;Charlotte;FEMALE;3;5;36;36;0;0;0;0;0.33;0.0;0.64;0.03;0.0;0.0;0.0;0.0;0.0;0.14;0.06;0.06;0.17;0;1;0.03
1693;ger000374;ger;stolzius;unknown;Stolzius;MALE;5;10;40;36;0;0;0;0;0.11;0.33;0.22;0.22;0.11;0.0;0.0;0.0;0.0;0.28;0.07;0.06;0.58;1;6;0.09
1694;ger000374;ger;mutter;unknown;Stolzius' Mutter;FEMALE;2;2;10;10;0;0;0;0;0.4;0.0;0.6;0.0;0.0;0.0;0.0;0.0;0.0;0.06;0.02;0.02;0.03;0;0;0.0
1695;ger000374;ger;desportes;unknown;Desportes;MALE;5;7;46;46;0;0;0;0;0.46;0.2;0.02;0.15;0.17;0.0;0.0;0.0;0.0;0.19;0.08;0.08;0.33;3;3;0.11
1696;ger000374;ger;wesener;unknown;Wesener;MALE;5;9;55;57;0;0;0;0;0.61;0.04;0.14;0.05;0.16;0.0;0.0;0.0;0.0;0.25;0.1;0.1;0.17;3;0;0.0
1697;ger000374;ger;der_junge_graf;unknown;Der junge Graf (von Spannheim);MALE;1;1;1;1;0;0;0;0;1.0;0.0;0.0;0.0;0.0;0.0;0.0;0.0;0.0;0.03;0.0;0.0;0.14;0;5;0.0
1698;ger000374;ger;haudy;unknown;Haudy;MALE;4;6;43;43;0;0;0;0;0.23;0.63;0.02;0.12;0.0;0.0;0.0;0.0;0.0;0.17;0.07;0.07;0.67;1;14;0.09
1699;ger000374;ger;hofmeister;unknown;Hofmeister;MALE;1;1;1;1;0;0;0;0;1.0;0.0;0.0;0.0;0.0;0.0;0.0;0.0;0.0;0.03;0.0;0.0;0.14;0;3;0.0
1700;ger000374;ger;eisenhardt;unknown;Eisenhardt;MALE;3;3;24;24;0;0;0;0;0.5;0.21;0.29;0.0;0.0;0.0;0.0;0.0;0.0;0.08;0.04;0.04;0.5;0;15;0.02
1701;ger000374;ger;obrister;unknown;Obrister;MALE;2;3;17;17;0;0;0;0;0.29;0.0;0.0;0.0;0.71;0.0;0.0;0.0;0.0;0.08;0.03;0.03;0.17;0;1;0.01
1702;ger000374;ger;mary;unknown;Mary;MALE;5;10;40;38;0;0;0;0;0.05;0.05;0.32;0.47;0.11;0.0;0.0;0.0;0.0;0.28;0.07;0.07;0.78;0;3;0.35
1703;ger000374;ger;pirzel;unknown;Pirzel;MALE;2;2;13;12;0;0;0;0;0.0;0.58;0.42;0.0;0.0;0.0;0.0;0.0;0.0;0.06;0.02;0.02;0.42;0;14;0.0
1704;ger000374;ger;einer_aus_der_gesellschaft_2-2a;unknown;Einer aus der Gesellschaft;MALE;1;1;1;1;0;0;0;0;0.0;1.0;0.0;0.0;0.0;0.0;0.0;0.0;0.0;0.03;0.0;0.0;0.42;0;13;0.0
1705;ger000374;ger;ein_anderer_aus_der_gesellschaft;unknown;Ein Anderer aus der Gesellschaft;MALE;1;1;1;1;0;0;0;0;0.0;1.0;0.0;0.0;0.0;0.0;0.0;0.0;0.0;0.03;0.0;0.0;0.42;0;12;0.0
1706;ger000374;ger;zwei_drei_aus_dem_haufen;unknown;Zwei, drei aus dem Haufen;MALE;1;1;1;1;0;0;0;0;0.0;1.0;0.0;0.0;0.0;0.0;0.0;0.0;0.0;0.03;0.0;0.0;0.42;0;11;0.0
1707;ger000374;ger;einer_2-2a;unknown;Einer;MALE;1;1;1;1;0;0;0;0;0.0;1.0;0.0;0.0;0.0;0.0;0.0;0.0;0.0;0.03;0.0;0.0;0.42;0;10;0.0
1708;ger000374;ger;einer_2-2b;unknown;Einer;MALE;1;1;1;1;0;0;0;0;0.0;1.0;0.0;0.0;0.0;0.0;0.0;0.0;0.0;0.03;0.0;0.0;0.42;0;8;0.0
1709;ger000374;ger;rammler;unknown;Rammler;MALE;3;3;24;23;0;0;0;0;0.0;0.65;0.17;0.17;0.0;0.0;0.0;0.0;0.0;0.08;0.04;0.04;0.58;1;11;0.05
1710;ger000374;ger;einer_aus_dem_haufen;unknown;Einer aus dem Haufen;MALE;1;1;1;1;0;0;0;0;0.0;1.0;0.0;0.0;0.0;0.0;0.0;0.0;0.0;0.03;0.0;0.0;0.42;0;5;0.0
1711;ger000374;ger;einer_aus_der_gesellschaft_2-2b;unknown;Einer aus der Gesellschaft;MALE;1;1;1;1;0;0;0;0;0.0;1.0;0.0;0.0;0.0;0.0;0.0;0.0;0.0;0.03;0.0;0.0;0.42;0;4;0.0
1712;ger000374;ger;einer_2-2c;unknown;Einer;MALE;1;1;1;1;0;0;0;0;0.0;1.0;0.0;0.0;0.0;0.0;0.0;0.0;0.0;0.03;0.0;0.0;0.42;0;3;0.0
1713;ger000374;ger;ein_andrer;unknown;Ein Andrer;MALE;1;1;1;1;0;0;0;0;0.0;1.0;0.0;0.0;0.0;0.0;0.0;0.0;0.0;0.03;0.0;0.0;0.42;0;1;0.0
1714;ger000374;ger;alle_2-2;unknown;Alle (II/2);MALE;1;1;1;1;0;0;0;0;0.0;1.0;0.0;0.0;0.0;0.0;0.0;0.0;0.0;0.03;0.0;0.0;0.42;0;0;0.0
1715;ger000374;ger;jungfer_zipfersaat;unknown;Jungfer Zipfersaat;FEMALE;2;2;7;7;0;0;0;0;0.0;0.14;0.86;0.0;0.0;0.0;0.0;0.0;0.0;0.06;0.01;0.01;0.17;3;0;0.0
1716;ger000374;ger;weseners_alte_mutter;unknown;Weseners alte Mutter;FEMALE;1;1;1;12;0;0;0;0;0.0;1.0;0.0;0.0;0.0;0.0;0.0;0.0;0.0;0.03;0.0;0.02;0.11;0;0;0.0
1717;ger000374;ger;aaron;unknown;Aaron;MALE;1;1;7;7;0;0;0;0;0.0;0.0;1.0;0.0;0.0;0.0;0.0;0.0;0.0;0.03;0.01;0.01;0.08;0;2;0.0
1718;ger000374;ger;magd;unknown;Magd;FEMALE;1;1;1;1;0;0;0;0;0.0;0.0;1.0;0.0;0.0;0.0;0.0;0.0;0.0;0.03;0.0;0.0;0.11;2;1;0.0
1719;ger000374;ger;frau_wesener;unknown;Frau Wesener;FEMALE;2;3;10;9;0;0;0;0;0.0;0.0;0.89;0.11;0.0;0.0;0.0;0.0;0.0;0.08;0.02;0.02;0.11;2;2;0.01
1720;ger000374;ger;graefin;unknown;Gräfin de la Roche;FEMALE;3;5;38;38;0;0;0;0;0.0;0.0;0.53;0.16;0.32;0.0;0.0;0.0;0.0;0.14;0.07;0.07;0.14;0;4;0.06
1721;ger000374;ger;bedienter;unknown;Bedienter;MALE;1;2;4;3;0;0;0;0;0.0;0.0;1.0;0.0;0.0;0.0;0.0;0.0;0.0;0.06;0.01;0.01;0.11;0;1;0.01
1722;ger000374;ger;junger_graf;unknown;Junger Graf (de la Roche);MALE;1;1;7;7;0;0;0;0;0.0;0.0;1.0;0.0;0.0;0.0;0.0;0.0;0.0;0.03;0.01;0.01;0.06;0;0;0.0
1723;ger000374;ger;jaeger;unknown;Jäger;MALE;1;1;1;1;0;0;0;0;0.0;0.0;0.0;1.0;0.0;0.0;0.0;0.0;0.0;0.03;0.0;0.0;0.0;0;0;0.0
1724;ger000374;ger;mademoiselle_bischof;unknown;Mademoiselle Bischof;FEMALE;1;1;4;4;0;0;0;0;0.0;0.0;0.0;1.0;0.0;0.0;0.0;0.0;0.0;0.03;0.01;0.01;0.22;1;7;0.0
1725;ger000374;ger;madame_bischof;unknown;Madame Bischof;FEMALE;1;1;6;6;0;0;0;0;0.0;0.0;0.0;1.0;0.0;0.0;0.0;0.0;0.0;0.03;0.01;0.01;0.22;0;5;0.0
1726;ger000374;ger;gilbert;unknown;Gilbert;MALE;1;1;2;2;0;0;0;0;0.0;0.0;0.0;1.0;0.0;0.0;0.0;0.0;0.0;0.03;0.0;0.0;0.22;0;4;0.0
1727;ger000374;ger;alle_offiziers;unknown;Alle Offiziers;MALE;1;1;2;2;0;0;0;0;0.0;0.0;0.0;1.0;0.0;0.0;0.0;0.0;0.0;0.03;0.0;0.0;0.22;0;3;0.0
1728;ger000701;ger;andere_von_dem_haufen;unknown;Andere von dem Haufen;MALE;1;1;2;2;0;0;0;0;1.0;0.0;0.0;0.0;0.0;0.0;0.0;0.0;0.0;0.11;0.01;0.01;0.12;0;8;0.0
1729;ger000701;ger;ein_paar_pedanten;unknown;Ein paar Pedanten;MALE;1;1;1;1;0;0;0;0;1.0;0.0;0.0;0.0;0.0;0.0;0.0;0.0;0.0;0.11;0.0;0.0;0.12;0;4;0.0
1730;ger000701;ger;ein_ganzer_haufen;unknown;Ein ganzer Haufen;MALE;1;1;3;6;0;0;0;0;1.0;0.0;0.0;0.0;0.0;0.0;0.0;0.0;0.0;0.11;0.01;0.02;0.12;0;3;0.0
1731;ger000701;ger;die_journalisten;unknown;Die Journalisten;MALE;1;1;2;2;0;0;0;0;1.0;0.0;0.0;0.0;0.0;0.0;0.0;0.0;0.0;0.11;0.01;0.01;0.17;0;5;0.0
1732;ger000701;ger;einige_franzosen;unknown;Einige Franzosen;MALE;1;2;4;4;0;0;0;0;0.0;1.0;0.0;0.0;0.0;0.0;0.0;0.0;0.0;0.22;0.02;0.02;0.27;1;7;0.11
1733;ger000701;ger;alle_die_gesellschaft_jedermann_2-2;unknown;Alle/Die Gesellschaft/Jedermann (II/2);MALE;1;1;3;4;0;0;0;0;0.0;1.0;0.0;0.0;0.0;0.0;0.0;0.0;0.0;0.11;0.01;0.02;0.21;1;11;0.0
1734;ger000701;ger;die_damen;unknown;Die Damen;FEMALE;1;1;3;3;0;0;0;0;0.0;1.0;0.0;0.0;0.0;0.0;0.0;0.0;0.0;0.11;0.01;0.01;0.21;0;2;0.0
1735;ger000701;ger;alle_maenner;unknown;Alle Männer;MALE;1;1;1;1;0;0;0;0;0.0;1.0;0.0;0.0;0.0;0.0;0.0;0.0;0.0;0.11;0.0;0.0;0.13;2;4;0.0
1736;ger000701;ger;goethe;unknown;Goethe;MALE;2;6;34;35;0;0;0;0;0.74;0.26;0.0;0.0;0.0;0.0;0.0;0.0;0.0;0.67;0.15;0.14;0.73;4;19;0.51
1737;ger000701;ger;lenz;unknown;Lenz;MALE;2;5;30;30;0;0;0;0;0.73;0.27;0.0;0.0;0.0;0.0;0.0;0.0;0.0;0.56;0.13;0.12;0.48;0;11;0.19
1738;ger000701;ger;einer_1-2a;unknown;Einer (I/2);MALE;1;1;4;4;0;0;0;0;1.0;0.0;0.0;0.0;0.0;0.0;0.0;0.0;0.0;0.11;0.02;0.02;0.12;0;7;0.0
1739;ger000701;ger;der_andere_1-2a;unknown;Der Andere (I/2);MALE;1;1;4;4;0;0;0;0;1.0;0.0;0.0;0.0;0.0;0.0;0.0;0.0;0.0;0.11;0.02;0.02;0.12;0;6;0.0
1740;ger000701;ger;ein_fremder;unknown;Ein Fremder;MALE;1;1;6;6;0;0;0;0;1.0;0.0;0.0;0.0;0.0;0.0;0.0;0.0;0.0;0.11;0.03;0.02;0.12;0;2;0.0
1741;ger000701;ger;einer_1-2b;unknown;Einer (I/2);MALE;1;1;8;8;0;0;0;0;1.0;0.0;0.0;0.0;0.0;0.0;0.0;0.0;0.0;0.11;0.04;0.03;0.12;0;1;0.0
1742;ger000701;ger;zweiter_1-2b;unknown;Zweiter (I/2);MALE;1;1;2;2;0;0;0;0;1.0;0.0;0.0;0.0;0.0;0.0;0.0;0.0;0.0;0.11;0.01;0.01;0.12;0;0;0.0
1743;ger000701;ger;einer_1-3a;unknown;Einer (I/3);MALE;1;1;1;1;0;0;0;0;1.0;0.0;0.0;0.0;0.0;0.0;0.0;0.0;0.0;0.11;0.0;0.0;0.09;0;7;0.0
1744;ger000701;ger;zweiter_1-3a;unknown;Zweiter (I/3);MALE;1;1;1;1;0;0;0;0;1.0;0.0;0.0;0.0;0.0;0.0;0.0;0.0;0.0;0.11;0.0;0.0;0.09;0;6;0.0
1745;ger000701;ger;dritter_1-3;unknown;Dritter (I/3);MALE;1;1;1;1;0;0;0;0;1.0;0.0;0.0;0.0;0.0;0.0;0.0;0.0;0.0;0.11;0.0;0.0;0.09;0;4;0.0
1746;ger000701;ger;einer_1-3b;unknown;Einer (I/3);MALE;1;1;1;1;0;0;0;0;1.0;0.0;0.0;0.0;0.0;0.0;0.0;0.0;0.0;0.11;0.0;0.0;0.09;0;3;0.0
1747;ger000701;ger;zweiter_1-3b;unknown;Zweiter (I/3);MALE;1;1;1;1;0;0;0;0;1.0;0.0;0.0;0.0;0.0;0.0;0.0;0.0;0.0;0.11;0.0;0.0;0.09;0;2;0.0
1748;ger000701;ger;ein_gelehrter_unter_ihnen;unknown;Ein Gelehrter unter ihnen;MALE;1;1;1;1;0;0;0;0;1.0;0.0;0.0;0.0;0.0;0.0;0.0;0.0;0.0;0.11;0.0;0.0;0.09;0;1;0.0
1749;ger000701;ger;ein_philister;unknown;Ein Philister;MALE;1;1;1;1;0;0;0;0;1.0;0.0;0.0;0.0;0.0;0.0;0.0;0.0;0.0;0.11;0.0;0.0;0.09;0;0;0.0
1750;ger000701;ger;einer_1-4a;unknown;Einer (I/4);MALE;1;1;3;3;0;0;0;0;1.0;0.0;0.0;0.0;0.0;0.0;0.0;0.0;0.0;0.11;0.01;0.01;0.17;0;13;0.0
1751;ger000701;ger;zweiter_1-4a;unknown;Zweiter (I/4);MALE;1;1;2;2;0;0;0;0;1.0;0.0;0.0;0.0;0.0;0.0;0.0;0.0;0.0;0.11;0.01;0.01;0.17;0;12;0.0
1752;ger000701;ger;dritter_1-4a;unknown;Dritter (I/4);MALE;1;1;1;1;0;0;0;0;1.0;0.0;0.0;0.0;0.0;0.0;0.0;0.0;0.0;0.11;0.0;0.0;0.17;0;11;0.0
1753;ger000701;ger;vierter_1-4;unknown;Vierter (I/4);MALE;1;1;1;1;0;0;0;0;1.0;0.0;0.0;0.0;0.0;0.0;0.0;0.0;0.0;0.11;0.0;0.0;0.17;0;10;0.0
1754;ger000701;ger;fuenfter_1-4;unknown;Fünfter (I/4);MALE;1;1;1;1;0;0;0;0;1.0;0.0;0.0;0.0;0.0;0.0;0.0;0.0;0.0;0.11;0.0;0.0;0.17;0;9;0.0
1755;ger000701;ger;sechster_1-4;unknown;Sechster (I/4);MALE;1;1;2;2;0;0;0;0;1.0;0.0;0.0;0.0;0.0;0.0;0.0;0.0;0.0;0.11;0.01;0.01;0.17;0;8;0.0
1756;ger000701;ger;siebenter_1-4;unknown;Siebenter (I/4);MALE;1;1;1;1;0;0;0;0;1.0;0.0;0.0;0.0;0.0;0.0;0.0;0.0;0.0;0.11;0.0;0.0;0.17;0;7;0.0
1757;ger000701;ger;einer_1-4b;unknown;Einer (I/4);MALE;1;1;1;1;0;0;0;0;1.0;0.0;0.0;0.0;0.0;0.0;0.0;0.0;0.0;0.11;0.0;0.0;0.17;0;4;0.0
1758;ger000701;ger;zweiter_1-4b;unknown;Zweiter (I/4);MALE;1;1;1;1;0;0;0;0;1.0;0.0;0.0;0.0;0.0;0.0;0.0;0.0;0.0;0.11;0.0;0.0;0.17;0;3;0.0
1759;ger000701;ger;dritter_1-4b;unknown;Dritter (I/4);MALE;1;1;1;1;0;0;0;0;1.0;0.0;0.0;0.0;0.0;0.0;0.0;0.0;0.0;0.11;0.0;0.0;0.17;0;2;0.0
1760;ger000701;ger;einer_1-4c;unknown;Einer (I/4);MALE;1;1;1;1;0;0;0;0;1.0;0.0;0.0;0.0;0.0;0.0;0.0;0.0;0.0;0.11;0.0;0.0;0.17;0;0;0.0
1761;ger000701;ger;hagedorn;unknown;Hagedorn;MALE;1;1;1;1;0;0;0;0;0.0;1.0;0.0;0.0;0.0;0.0;0.0;0.0;0.0;0.11;0.0;0.0;0.06;1;4;0.0
1762;ger000701;ger;lafontaine;unknown;Lafontaine;MALE;1;1;1;2;0;0;0;0;0.0;1.0;0.0;0.0;0.0;0.0;0.0;0.0;0.0;0.11;0.0;0.01;0.06;1;3;0.0
1763;ger000701;ger;altes_weib;unknown;Altes Weib;FEMALE;1;1;1;1;0;0;0;0;0.0;1.0;0.0;0.0;0.0;0.0;0.0;0.0;0.0;0.11;0.0;0.0;0.06;0;3;0.0
1764;ger000701;ger;moliere;unknown;Moliere;MALE;1;1;1;1;0;0;0;0;0.0;1.0;0.0;0.0;0.0;0.0;0.0;0.0;0.0;0.11;0.0;0.0;0.06;0;1;0.0
1765;ger000701;ger;eine_stimme_2-1;unknown;Eine Stimme (II/1);MALE;1;1;1;1;0;0;0;0;0.0;1.0;0.0;0.0;0.0;0.0;0.0;0.0;0.0;0.11;0.0;0.0;0.06;0;0;0.0
1766;ger000701;ger;rabener;unknown;Rabener;MALE;1;1;2;2;0;0;0;0;0.0;1.0;0.0;0.0;0.0;0.0;0.0;0.0;0.0;0.11;0.01;0.01;0.21;1;12;0.0
1767;ger000701;ger;klotz;unknown;Klotz;MALE;1;1;1;1;0;0;0;0;0.0;1.0;0.0;0.0;0.0;0.0;0.0;0.0;0.0;0.11;0.0;0.0;0.21;1;10;0.0
1768;ger000701;ger;einer_2-2a;unknown;Einer (II/2);MALE;1;1;1;1;0;0;0;0;0.0;1.0;0.0;0.0;0.0;0.0;0.0;0.0;0.0;0.11;0.0;0.0;0.21;1;9;0.0
1769;ger000701;ger;zweiter_2-2;unknown;Zweiter (II/2);MALE;1;1;1;1;0;0;0;0;0.0;1.0;0.0;0.0;0.0;0.0;0.0;0.0;0.0;0.11;0.0;0.0;0.21;1;8;0.0
1770;ger000701;ger;eine_stimme_2-2;unknown;Eine Stimme (II/2);MALE;1;1;1;1;0;0;0;0;0.0;1.0;0.0;0.0;0.0;0.0;0.0;0.0;0.0;0.11;0.0;0.0;0.21;1;7;0.0
1771;ger000701;ger;eine_andere;unknown;Eine andere (II/2);MALE;1;1;1;1;0;0;0;0;0.0;1.0;0.0;0.0;0.0;0.0;0.0;0.0;0.0;0.11;0.0;0.0;0.21;1;6;0.0
1772;ger000701;ger;ein_junger_mensch;unknown;Ein junger Mensch;MALE;1;1;1;1;0;0;0;0;0.0;1.0;0.0;0.0;0.0;0.0;0.0;0.0;0.0;0.11;0.0;0.0;0.21;1;4;0.0
1773;ger000701;ger;wieland;unknown;Wieland;MALE;1;1;4;6;0;0;0;0;0.0;1.0;0.0;0.0;0.0;0.0;0.0;0.0;0.0;0.11;0.02;0.02;0.21;1;3;0.0
1774;ger000701;ger;einer_2-2b;unknown;Einer (II/2);MALE;1;1;1;1;0;0;0;0;0.0;1.0;0.0;0.0;0.0;0.0;0.0;0.0;0.0;0.11;0.0;0.0;0.21;1;2;0.0
1775;ger000701;ger;jacobi;unknown;Jacobi;MALE;1;1;2;2;0;0;0;0;0.0;1.0;0.0;0.0;0.0;0.0;0.0;0.0;0.0;0.11;0.01;0.01;0.21;0;1;0.0
1776;ger000701;ger;kuester;unknown;Küster;MALE;1;2;13;15;0;0;0;0;0.0;1.0;0.0;0.0;0.0;0.0;0.0;0.0;0.0;0.22;0.06;0.06;0.13;2;2;0.0
1777;ger000701;ger;pfarrer;unknown;Pfarrer;MALE;1;2;9;9;0;0;0;0;0.0;1.0;0.0;0.0;0.0;0.0;0.0;0.0;0.0;0.22;0.04;0.04;0.13;2;2;0.0
1778;ger000701;ger;eine_pruede;unknown;Eine Prüde;FEMALE;1;1;1;1;0;0;0;0;0.0;1.0;0.0;0.0;0.0;0.0;0.0;0.0;0.0;0.11;0.0;0.0;0.13;3;5;0.0
1779;ger000701;ger;eine_kokette;unknown;Eine Kokette;FEMALE;1;1;1;1;0;0;0;0;0.0;1.0;0.0;0.0;0.0;0.0;0.0;0.0;0.0;0.11;0.0;0.0;0.13;2;5;0.0
1780;ger000701;ger;einer_aus_der_gesellschaft;unknown;Einer aus der Gesellschaft;MALE;1;1;1;1;0;0;0;0;0.0;1.0;0.0;0.0;0.0;0.0;0.0;0.0;0.0;0.11;0.0;0.0;0.13;2;2;0.0
1781;ger000701;ger;ein_buchbinder;unknown;Ein Buchbinder;MALE;1;1;1;1;0;0;0;0;0.0;1.0;0.0;0.0;0.0;0.0;0.0;0.0;0.0;0.11;0.0;0.0;0.13;2;0;0.0
1782;ger000701;ger;frau_pfarr;unknown;Frau Pfarr;FEMALE;1;1;1;1;0;0;0;0;0.0;1.0;0.0;0.0;0.0;0.0;0.0;0.0;0.0;0.11;0.0;0.0;0.13;1;0;0.0
1783;ger000701;ger;kuesters_frau;unknown;Küsters Frau;FEMALE;1;1;2;2;0;0;0;0;0.0;1.0;0.0;0.0;0.0;0.0;0.0;0.0;0.0;0.11;0.01;0.01;0.13;0;0;0.0
1784;ger000701;ger;weisse;unknown;Weiße;MALE;1;1;5;5;0;0;0;0;0.0;1.0;0.0;0.0;0.0;0.0;0.0;0.0;0.0;0.11;0.02;0.02;0.13;0;9;0.0
1785;ger000701;ger;schmidt;unknown;Schmidt;MALE;1;1;7;7;0;0;0;0;0.0;1.0;0.0;0.0;0.0;0.0;0.0;0.0;0.0;0.11;0.03;0.03;0.13;0;8;0.0
1786;ger000701;ger;michaelis;unknown;Michaelis;MALE;1;1;5;5;0;0;0;0;0.0;1.0;0.0;0.0;0.0;0.0;0.0;0.0;0.0;0.11;0.02;0.02;0.13;0;7;0.0
1787;ger000701;ger;eine_stimme_aus_dem_winkel;unknown;Eine Stimme aus dem Winkel;MALE;1;1;1;1;0;0;0;0;0.0;1.0;0.0;0.0;0.0;0.0;0.0;0.0;0.0;0.11;0.0;0.0;0.13;0;6;0.0
1788;ger000701;ger;lessing;unknown;Lessing;MALE;1;1;4;4;0;0;0;0;0.0;1.0;0.0;0.0;0.0;0.0;0.0;0.0;0.0;0.11;0.02;0.02;0.13;0;5;0.0
1789;ger000701;ger;herder;unknown;Herder;MALE;1;1;7;7;0;0;0;0;0.0;1.0;0.0;0.0;0.0;0.0;0.0;0.0;0.0;0.11;0.03;0.03;0.13;0;4;0.0
1790;ger000701;ger;shakespear;unknown;Shakespear;MALE;1;1;2;2;0;0;0;0;0.0;1.0;0.0;0.0;0.0;0.0;0.0;0.0;0.0;0.11;0.01;0.01;0.13;0;3;0.0
1791;ger000701;ger;klopstock;unknown;Klopstock;MALE;1;1;3;3;0;0;0;0;0.0;1.0;0.0;0.0;0.0;0.0;0.0;0.0;0.0;0.11;0.01;0.01;0.13;0;2;0.0
1792;ger000701;ger;rabelais scarron;unknown;UNKNOWN;u;1;1;1;1;0;0;0;0;0.0;1.0;0.0;0.0;0.0;0.0;0.0;0.0;0.0;0.11;0.0;0.0;0.21;1;11;0.0
1793;ger000701;ger;chaulieu chapelle;unknown;UNKNOWN;u;1;1;1;1;0;0;0;0;0.0;1.0;0.0;0.0;0.0;0.0;0.0;0.0;0.0;0.11;0.0;0.0;0.21;1;5;0.0
1794;ger000701;ger;chapelle chaulieu;unknown;UNKNOWN;u;1;1;1;1;0;0;0;0;0.0;1.0;0.0;0.0;0.0;0.0;0.0;0.0;0.0;0.11;0.0;0.0;0.21;1;2;0.0
1795;ger000701;ger;pfarrer kuester;unknown;UNKNOWN;u;1;1;1;1;0;0;0;0;0.0;1.0;0.0;0.0;0.0;0.0;0.0;0.0;0.0;0.11;0.0;0.0;0.13;1;0;0.0
1796;ger000701;ger;klopstock herder lessing;unknown;UNKNOWN;u;1;1;1;1;0;0;0;0;0.0;1.0;0.0;0.0;0.0;0.0;0.0;0.0;0.0;0.11;0.0;0.0;0.13;0;0;0.0
1797;ger000031;ger;lisette;unknown;Lisette;FEMALE;0;5;50;50;0;0;0;0;0.0;0.0;0.0;0.0;0.0;0.0;0.0;0.0;0.0;0.5;0.27;0.27;0.75;1;2;0.0
1798;ger000031;ger;die_witwe;unknown;Die Witwe;FEMALE;0;2;24;24;0;0;0;0;0.0;0.0;0.0;0.0;0.0;0.0;0.0;0.0;0.0;0.2;0.13;0.13;1.0;0;3;0.06
1799;ger000031;ger;damon;unknown;Damon;MALE;0;7;52;52;0;0;0;0;0.0;0.0;0.0;0.0;0.0;0.0;0.0;0.0;0.0;0.7;0.28;0.28;1.0;0;0;0.06
1800;ger000031;ger;leander;unknown;Leander;MALE;0;3;39;39;0;0;0;0;0.0;0.0;0.0;0.0;0.0;0.0;0.0;0.0;0.0;0.3;0.21;0.21;1.0;0;2;0.06
1801;ger000031;ger;oronte;unknown;Oronte;MALE;0;2;18;18;0;0;0;0;0.0;0.0;0.0;0.0;0.0;0.0;0.0;0.0;0.0;0.2;0.1;0.1;0.75;0;1;0.0
1802;ger000379;ger;theophan;unknown;Theophan;MALE;5;16;186;186;0;0;0;0;0.12;0.11;0.25;0.18;0.34;0.0;0.0;0.0;0.0;0.46;0.21;0.21;0.91;0;2;0.21
1803;ger000379;ger;adrast;unknown;Adrast;MALE;4;25;255;255;0;0;0;0;0.29;0.0;0.23;0.14;0.34;0.0;0.0;0.0;0.0;0.71;0.29;0.29;0.91;1;2;0.21
1804;ger000379;ger;lisidor;unknown;Lisidor;MALE;2;7;62;62;0;0;0;0;0.39;0.0;0.0;0.0;0.61;0.0;0.0;0.0;0.0;0.2;0.07;0.07;0.73;2;2;0.06
1805;ger000379;ger;johann;unknown;Johann;MALE;3;5;94;94;0;0;0;0;0.45;0.37;0.18;0.0;0.0;0.0;0.0;0.0;0.0;0.14;0.11;0.11;0.45;1;3;0.05
1806;ger000379;ger;lisette;unknown;Lisette;FEMALE;3;10;63;63;0;0;0;0;0.0;0.48;0.0;0.33;0.19;0.0;0.0;0.0;0.0;0.29;0.07;0.07;0.73;2;2;0.13
1807;ger000379;ger;henriette;unknown;Henriette;FEMALE;4;8;78;78;0;0;0;0;0.0;0.31;0.18;0.46;0.05;0.0;0.0;0.0;0.0;0.23;0.09;0.09;0.45;1;2;0.0
1808;ger000379;ger;juliane;unknown;Juliane;FEMALE;3;9;65;65;0;0;0;0;0.0;0.29;0.0;0.66;0.05;0.0;0.0;0.0;0.0;0.26;0.07;0.07;0.45;0;2;0.0
1809;ger000379;ger;martin;unknown;Martin;MALE;1;1;37;37;0;0;0;0;0.0;1.0;0.0;0.0;0.0;0.0;0.0;0.0;0.0;0.03;0.04;0.04;0.18;1;0;0.0
1810;ger000379;ger;araspe;unknown;Araspe;MALE;1;2;17;17;0;0;0;0;0.0;0.0;1.0;0.0;0.0;0.0;0.0;0.0;0.0;0.06;0.02;0.02;0.18;0;1;0.0
1811;ger000379;ger;der_wechsler;unknown;Der Wechsler;MALE;2;2;32;32;0;0;0;0;0.0;0.0;0.0;0.28;0.72;0.0;0.0;0.0;0.0;0.06;0.04;0.04;0.18;0;1;0.0
1812;ger000379;ger;frau_philane;unknown;Frau Philane;FEMALE;1;1;3;3;0;0;0;0;0.0;0.0;0.0;0.0;1.0;0.0;0.0;0.0;0.0;0.03;0.0;0.0;0.36;1;3;0.0
1813;ger000379;ger;theophan adrast;unknown;UNKNOWN;u;1;1;1;1;0;0;0;0;0.0;0.0;0.0;0.0;1.0;0.0;0.0;0.0;0.0;0.03;0.0;0.0;0.27;0;0;0.0
1814;ger000272;ger;damis;unknown;Damis;MALE;3;29;287;306;0;0;0;0;0.25;0.28;0.48;0.0;0.0;0.0;0.0;0.0;0.0;0.69;0.28;0.29;1.0;1;1;0.0
1815;ger000272;ger;anton;unknown;Anton;MALE;3;24;299;309;0;0;0;0;0.23;0.33;0.44;0.0;0.0;0.0;0.0;0.0;0.0;0.57;0.29;0.29;1.0;1;1;0.0
1816;ger000272;ger;chrysander;unknown;Chrysander;MALE;3;12;149;149;0;0;0;0;0.62;0.05;0.33;0.0;0.0;0.0;0.0;0.0;0.0;0.29;0.14;0.14;1.0;0;2;0.0
1817;ger000272;ger;lisette;unknown;Lisette;FEMALE;3;22;188;189;0;0;0;0;0.08;0.52;0.4;0.0;0.0;0.0;0.0;0.0;0.0;0.52;0.18;0.18;1.0;1;2;0.0
1818;ger000272;ger;juliane;unknown;Juliane;FEMALE;3;6;34;34;0;0;0;0;0.15;0.38;0.47;0.0;0.0;0.0;0.0;0.0;0.0;0.14;0.03;0.03;1.0;0;4;0.0
1819;ger000272;ger;valer;unknown;Valer;MALE;2;14;81;81;0;0;0;0;0.0;0.41;0.59;0.0;0.0;0.0;0.0;0.0;0.0;0.33;0.08;0.08;1.0;0;2;0.0
1820;ger000391;ger;wumshaeter;unknown;Wumshäter;MALE;3;15;150;150;0;0;0;0;0.43;0.29;0.27;0.0;0.0;0.0;0.0;0.0;0.0;0.65;0.31;0.31;1.0;2;3;0.03
1821;ger000391;ger;lisette;unknown;Lisette;FEMALE;3;8;48;48;0;0;0;0;0.33;0.27;0.4;0.0;0.0;0.0;0.0;0.0;0.0;0.35;0.1;0.1;1.0;1;1;0.03
1822;ger000391;ger;valer;unknown;Valer;MALE;3;12;77;77;0;0;0;0;0.69;0.03;0.29;0.0;0.0;0.0;0.0;0.0;0.0;0.52;0.16;0.16;1.0;1;1;0.03
1823;ger000391;ger;hilaria_als_lelio;unknown;Hilaria (verkleidet als Lelio);FEMALE;3;11;76;76;0;0;0;0;0.43;0.39;0.17;0.0;0.0;0.0;0.0;0.0;0.0;0.48;0.16;0.16;1.0;1;1;0.03
1824;ger000391;ger;laura;unknown;Laura;FEMALE;3;12;71;71;0;0;0;0;0.34;0.31;0.35;0.0;0.0;0.0;0.0;0.0;0.0;0.52;0.15;0.15;0.83;1;2;0.0
1825;ger000391;ger;solbist;unknown;Solbist;MALE;1;3;48;48;0;0;0;0;0.0;1.0;0.0;0.0;0.0;0.0;0.0;0.0;0.0;0.13;0.1;0.1;0.67;2;1;0.0
1826;ger000391;ger;leander;unknown;Leander;MALE;1;3;7;7;0;0;0;0;0.0;0.0;1.0;0.0;0.0;0.0;0.0;0.0;0.0;0.13;0.01;0.01;0.83;2;0;0.0
1827;ger000249;ger;staleno;unknown;Staleno;MALE;0;7;126;126;0;0;0;0;0.0;0.0;0.0;0.0;0.0;0.0;0.0;0.0;0.0;0.39;0.21;0.21;0.62;0;3;0.25
1828;ger000249;ger;leander;unknown;Leander;MALE;0;1;36;36;0;0;0;0;0.0;0.0;0.0;0.0;0.0;0.0;0.0;0.0;0.0;0.06;0.06;0.06;0.12;0;0;0.0
1829;ger000249;ger;philto;unknown;Philto;MALE;0;6;75;75;0;0;0;0;0.0;0.0;0.0;0.0;0.0;0.0;0.0;0.0;0.0;0.33;0.12;0.12;0.5;0;0;0.0
1830;ger000249;ger;lelio;unknown;Lelio;MALE;0;5;65;65;0;0;0;0;0.0;0.0;0.0;0.0;0.0;0.0;0.0;0.0;0.0;0.28;0.11;0.11;0.5;0;4;0.0
1831;ger000249;ger;maskarill;unknown;Maskarill;MALE;0;9;130;130;0;0;0;0;0.0;0.0;0.0;0.0;0.0;0.0;0.0;0.0;0.0;0.5;0.21;0.21;0.62;0;3;0.07
1832;ger000249;ger;anselmo;unknown;Anselmo;MALE;0;9;118;118;0;0;0;0;0.0;0.0;0.0;0.0;0.0;0.0;0.0;0.0;0.0;0.5;0.19;0.19;0.88;0;3;0.54
1833;ger000249;ger;der_traeger;unknown;Der Träger;MALE;0;1;3;3;0;0;0;0;0.0;0.0;0.0;0.0;0.0;0.0;0.0;0.0;0.0;0.06;0.0;0.0;0.25;0;0;0.0
1834;ger000249;ger;raps;unknown;Raps;MALE;0;1;50;50;0;0;0;0;0.0;0.0;0.0;0.0;0.0;0.0;0.0;0.0;0.0;0.06;0.08;0.08;0.12;0;1;0.0
1835;ger000249;ger;ein_andrer_traeger;unknown;Ein andrer Träger;MALE;0;1;9;9;0;0;0;0;0.0;0.0;0.0;0.0;0.0;0.0;0.0;0.0;0.0;0.06;0.01;0.01;0.12;0;1;0.0
1836;ger000401;ger;herr_oronte;unknown;Herr Oronte;MALE;2;4;29;29;0;0;0;0;0.86;0.0;0.14;0.0;0.0;0.0;0.0;0.0;0.0;0.17;0.06;0.06;0.8;2;1;0.02
1837;ger000401;ger;jungfer_ohldin;unknown;Jungfer Ohldin;FEMALE;3;16;98;98;0;0;0;0;0.28;0.43;0.3;0.0;0.0;0.0;0.0;0.0;0.0;0.7;0.21;0.2;1.0;2;4;0.12
1838;ger000401;ger;frau_oronte;unknown;Frau Oronte;FEMALE;2;3;22;22;0;0;0;0;0.86;0.0;0.14;0.0;0.0;0.0;0.0;0.0;0.0;0.13;0.05;0.05;0.5;1;0;0.0
1839;ger000401;ger;lisette;unknown;Lisette;FEMALE;3;16;86;86;0;0;0;0;0.42;0.24;0.34;0.0;0.0;0.0;0.0;0.0;0.0;0.7;0.18;0.18;1.0;0;5;0.12
1840;ger000401;ger;lelio;unknown;Lelio;MALE;3;9;49;49;0;0;0;0;0.43;0.24;0.33;0.0;0.0;0.0;0.0;0.0;0.0;0.39;0.1;0.1;0.9;1;2;0.05
1841;ger000401;ger;peter;unknown;Peter;MALE;2;7;71;71;0;0;0;0;0.35;0.0;0.65;0.0;0.0;0.0;0.0;0.0;0.0;0.3;0.15;0.15;0.7;2;2;0.02
1842;ger000401;ger;clitander;unknown;Clitander;MALE;2;3;37;37;0;0;0;0;0.0;0.89;0.11;0.0;0.0;0.0;0.0;0.0;0.0;0.13;0.08;0.08;0.5;2;3;0.0
1843;ger000401;ger;herr_kraeusel;unknown;Herr Kräusel;MALE;2;9;42;57;0;0;0;0;0.0;0.44;0.56;0.0;0.0;0.0;0.0;0.0;0.0;0.39;0.09;0.12;0.7;0;3;0.03
1844;ger000401;ger;der_schneider;unknown;Der Schneider;MALE;1;1;4;4;0;0;0;0;0.0;1.0;0.0;0.0;0.0;0.0;0.0;0.0;0.0;0.04;0.01;0.01;0.3;0;0;0.0
1845;ger000401;ger;herr_rehfuss;unknown;Herr Rehfuss;MALE;1;1;16;16;0;0;0;0;0.0;0.0;1.0;0.0;0.0;0.0;0.0;0.0;0.0;0.04;0.03;0.03;0.4;2;2;0.0
1846;ger000401;ger;von_schlag;unknown;Herr von Schlag;MALE;1;3;16;16;0;0;0;0;0.0;0.0;1.0;0.0;0.0;0.0;0.0;0.0;0.0;0.13;0.03;0.03;0.8;1;3;0.02
1847;ger000222;ger;martin_krumm;unknown;Martin Krumm;MALE;0;5;56;56;0;0;0;0;0.0;0.0;0.0;0.0;0.0;0.0;0.0;0.0;0.0;0.22;0.15;0.15;0.67;0;2;0.33
1848;ger000222;ger;michel_stich;unknown;Michel Stich;MALE;0;1;5;5;0;0;0;0;0.0;0.0;0.0;0.0;0.0;0.0;0.0;0.0;0.0;0.04;0.01;0.01;0.17;0;0;0.0
1849;ger000222;ger;der_reisende;unknown;Der Reisende;MALE;0;15;105;105;0;0;0;0;0.0;0.0;0.0;0.0;0.0;0.0;0.0;0.0;0.0;0.65;0.28;0.28;0.83;1;1;0.09
1850;ger000222;ger;christoph;unknown;Christoph;MALE;0;10;64;64;0;0;0;0;0.0;0.0;0.0;0.0;0.0;0.0;0.0;0.0;0.0;0.43;0.17;0.17;0.67;1;1;0.0
1851;ger000222;ger;das_fraeulein;unknown;Das Fräulein;FEMALE;0;7;29;29;0;0;0;0;0.0;0.0;0.0;0.0;0.0;0.0;0.0;0.0;0.0;0.3;0.08;0.08;0.83;1;2;0.09
1852;ger000222;ger;der_baron;unknown;Der Baron;MALE;0;7;53;53;0;0;0;0;0.0;0.0;0.0;0.0;0.0;0.0;0.0;0.0;0.0;0.3;0.14;0.14;0.67;1;1;0.0
1853;ger000222;ger;lisette;unknown;Lisette;FEMALE;0;10;68;68;0;0;0;0;0.0;0.0;0.0;0.0;0.0;0.0;0.0;0.0;0.0;0.43;0.18;0.18;0.83;0;3;0.09
1854;ger000088;ger;der_prinz;unknown;Der Prinz;MALE;4;17;157;157;0;0;0;0;0.45;0.0;0.18;0.19;0.17;0.0;0.0;0.0;0.0;0.4;0.19;0.19;0.67;2;4;0.47
1855;ger000088;ger;der_kammerdiener;unknown;Der Kammerdiener;MALE;1;2;6;6;0;0;0;0;1.0;0.0;0.0;0.0;0.0;0.0;0.0;0.0;0.0;0.05;0.01;0.01;0.08;0;0;0.0
1856;ger000088;ger;conti;unknown;Conti;MALE;1;2;24;24;0;0;0;0;1.0;0.0;0.0;0.0;0.0;0.0;0.0;0.0;0.0;0.05;0.03;0.03;0.08;0;0;0.0
1857;ger000088;ger;marinelli;unknown;Marinelli;MALE;5;19;221;221;0;0;0;0;0.14;0.13;0.25;0.33;0.15;0.0;0.0;0.0;0.0;0.44;0.26;0.26;0.75;2;3;0.25
1858;ger000088;ger;camillo_rota;unknown;Camillo Rota;MALE;1;1;6;6;0;0;0;0;1.0;0.0;0.0;0.0;0.0;0.0;0.0;0.0;0.0;0.02;0.01;0.01;0.08;0;0;0.0
1859;ger000088;ger;claudia;unknown;Claudia;FEMALE;3;13;73;73;0;0;0;0;0.0;0.68;0.22;0.1;0.0;0.0;0.0;0.0;0.0;0.3;0.09;0.09;0.58;1;1;0.05
1860;ger000088;ger;pirro;unknown;Pirro;MALE;1;4;25;25;0;0;0;0;0.0;1.0;0.0;0.0;0.0;0.0;0.0;0.0;0.0;0.09;0.03;0.03;0.42;0;3;0.03
1861;ger000088;ger;odoardo;unknown;Odoardo;MALE;3;12;108;108;0;0;0;0;0.0;0.16;0.0;0.28;0.56;0.0;0.0;0.0;0.0;0.28;0.13;0.13;0.5;2;2;0.06
1862;ger000088;ger;angelo;unknown;Angelo;MALE;2;2;28;28;0;0;0;0;0.0;0.68;0.32;0.0;0.0;0.0;0.0;0.0;0.0;0.05;0.03;0.03;0.17;0;0;0.0
1863;ger000088;ger;emilia;unknown;Emilia;FEMALE;3;7;64;64;0;0;0;0;0.0;0.44;0.25;0.0;0.31;0.0;0.0;0.0;0.0;0.16;0.08;0.08;0.5;1;1;0.06
1864;ger000088;ger;appiani;unknown;Appiani;MALE;1;5;48;48;0;0;0;0;0.0;1.0;0.0;0.0;0.0;0.0;0.0;0.0;0.0;0.12;0.06;0.06;0.33;2;1;0.0
1865;ger000088;ger;battista;unknown;Battista;MALE;2;4;11;11;0;0;0;0;0.0;0.0;0.82;0.18;0.0;0.0;0.0;0.0;0.0;0.09;0.01;0.01;0.33;2;1;0.01
1866;ger000088;ger;orsina;unknown;Orsina;FEMALE;1;6;64;64;0;0;0;0;0.0;0.0;0.0;1.0;0.0;0.0;0.0;0.0;0.0;0.14;0.08;0.08;0.33;0;1;0.01
1867;ger000357;ger;just;unknown;Just;MALE;4;13;126;126;0;0;0;0;0.6;0.11;0.25;0.0;0.03;0.0;0.0;0.0;0.0;0.23;0.11;0.11;0.5;0;1;0.04
1868;ger000357;ger;der_wirt;unknown;Der Wirt;MALE;4;10;108;108;0;0;0;0;0.29;0.51;0.17;0.0;0.04;0.0;0.0;0.0;0.0;0.18;0.1;0.09;0.5;2;1;0.02
1869;ger000357;ger;von_tellheim;unknown;Major von Tellheim;MALE;5;29;264;264;0;0;0;0;0.19;0.09;0.22;0.16;0.34;0.0;0.0;0.0;0.0;0.52;0.23;0.23;0.92;2;4;0.36
1870;ger000357;ger;die_dame;unknown;Eine Dame in Trauer;FEMALE;1;2;12;12;0;0;0;0;1.0;0.0;0.0;0.0;0.0;0.0;0.0;0.0;0.0;0.04;0.01;0.01;0.08;0;1;0.0
1871;ger000357;ger;der_bediente;unknown;Der Bediente;MALE;1;1;8;8;0;0;0;0;1.0;0.0;0.0;0.0;0.0;0.0;0.0;0.0;0.0;0.02;0.01;0.01;0.17;0;2;0.0
1872;ger000357;ger;paul_werner;unknown;Paul Werner;MALE;4;13;121;121;0;0;0;0;0.16;0.0;0.54;0.03;0.27;0.0;0.0;0.0;0.0;0.23;0.11;0.11;0.42;1;1;0.0
1873;ger000357;ger;das_fraeulein;unknown;Minna von Barnhelm;FEMALE;4;25;251;253;0;0;0;0;0.0;0.4;0.02;0.34;0.24;0.0;0.0;0.0;0.0;0.45;0.22;0.22;0.83;1;2;0.18
1874;ger000357;ger;franziska;unknown;Franziska;FEMALE;4;32;197;197;0;0;0;0;0.0;0.27;0.41;0.16;0.16;0.0;0.0;0.0;0.0;0.57;0.17;0.17;0.75;0;2;0.12
1875;ger000357;ger;riccaut;unknown;Riccaut;MALE;1;1;33;33;0;0;0;0;0.0;0.0;0.0;1.0;0.0;0.0;0.0;0.0;0.0;0.02;0.03;0.03;0.17;2;0;0.0
1876;ger000357;ger;der_feldjaeger;unknown;Der Feldjäger;MALE;1;1;4;4;0;0;0;0;0.0;0.0;0.0;0.0;1.0;0.0;0.0;0.0;0.0;0.02;0.0;0.0;0.25;1;0;0.0
1877;ger000357;ger;der_eine_bediente;unknown;Der eine Bediente;MALE;1;1;1;1;0;0;0;0;0.0;0.0;0.0;0.0;1.0;0.0;0.0;0.0;0.0;0.02;0.0;0.0;0.33;2;2;0.0
1878;ger000357;ger;der_andere_bediente;unknown;Der andere Bediente;MALE;1;1;1;1;0;0;0;0;0.0;0.0;0.0;0.0;1.0;0.0;0.0;0.0;0.0;0.02;0.0;0.0;0.33;2;1;0.0
1879;ger000357;ger;der_graf;unknown;Graf von Bruchsall;MALE;1;1;8;8;0;0;0;0;0.0;0.0;0.0;0.0;1.0;0.0;0.0;0.0;0.0;0.02;0.01;0.01;0.25;1;2;0.0
1880;ger000087;ger;sir_william;unknown;Sir William;MALE;3;7;23;23;0;0;0;0;0.3;0.0;0.26;0.0;0.43;0.0;0.0;0.0;0.0;0.16;0.03;0.03;0.5;1;1;0.15
1881;ger000087;ger;waitwell;unknown;Waitwell;MALE;3;7;41;41;0;0;0;0;0.22;0.0;0.68;0.0;0.1;0.0;0.0;0.0;0.0;0.16;0.06;0.06;0.4;0;0;0.06
1882;ger000087;ger;der_wirt;unknown;Der Wirt;MALE;1;1;7;7;0;0;0;0;1.0;0.0;0.0;0.0;0.0;0.0;0.0;0.0;0.0;0.02;0.01;0.01;0.2;0;2;0.0
1883;ger000087;ger;mellefont;unknown;Mellefont;MALE;5;24;201;201;0;0;0;0;0.22;0.28;0.09;0.26;0.15;0.0;0.0;0.0;0.0;0.55;0.29;0.29;0.7;5;2;0.27
1884;ger000087;ger;norton;unknown;Norton;MALE;3;11;46;46;0;0;0;0;0.41;0.0;0.0;0.39;0.2;0.0;0.0;0.0;0.0;0.25;0.07;0.07;0.4;1;1;0.01
1885;ger000087;ger;betty;unknown;Betty;FEMALE;4;9;20;20;0;0;0;0;0.1;0.0;0.25;0.1;0.55;0.0;0.0;0.0;0.0;0.2;0.03;0.03;0.5;2;1;0.08
1886;ger000087;ger;sara;unknown;Sara;FEMALE;4;22;166;166;0;0;0;0;0.13;0.0;0.31;0.3;0.27;0.0;0.0;0.0;0.0;0.5;0.24;0.24;0.6;0;2;0.11
1887;ger000087;ger;marwood;unknown;Marwood;FEMALE;3;15;155;155;0;0;0;0;0.0;0.49;0.1;0.41;0.0;0.0;0.0;0.0;0.0;0.34;0.22;0.22;0.6;3;0;0.2
1888;ger000087;ger;hannah;unknown;Hannah;FEMALE;1;4;16;16;0;0;0;0;0.0;1.0;0.0;0.0;0.0;0.0;0.0;0.0;0.0;0.09;0.02;0.02;0.4;1;0;0.04
1889;ger000087;ger;der_bediente;unknown;Der Bediente;MALE;1;1;2;2;0;0;0;0;0.0;1.0;0.0;0.0;0.0;0.0;0.0;0.0;0.0;0.02;0.0;0.0;0.2;2;0;0.0
1890;ger000087;ger;arabella;unknown;Arabella;FEMALE;1;3;13;13;0;0;0;0;0.0;1.0;0.0;0.0;0.0;0.0;0.0;0.0;0.0;0.07;0.02;0.02;0.3;0;0;0.0
1891;ger000369;ger;daja;unknown;Daja;FEMALE;4;13;145;453;0;0;0;0;0.48;0.07;0.32;0.13;0.0;0.0;0.0;0.0;0.0;0.32;0.11;0.1;0.23;0;2;0.0
1892;ger000369;ger;nathan;unknown;Nathan;MALE;5;20;330;1129;0;0;0;0;0.28;0.19;0.24;0.13;0.16;0.0;0.0;0.0;0.0;0.49;0.25;0.24;0.54;1;2;0.13
1893;ger000369;ger;recha;unknown;Recha;FEMALE;4;8;95;375;0;0;0;0;0.16;0.07;0.42;0.0;0.35;0.0;0.0;0.0;0.0;0.2;0.07;0.08;0.38;1;2;0.03
1894;ger000369;ger;derwisch;unknown;Derwisch;MALE;2;3;79;301;0;0;0;0;0.37;0.63;0.0;0.0;0.0;0.0;0.0;0.0;0.0;0.07;0.06;0.06;0.23;1;2;0.0
1895;ger000369;ger;tempelherr;unknown;Tempelherr;MALE;5;15;247;970;0;0;0;0;0.15;0.11;0.26;0.2;0.28;0.0;0.0;0.0;0.0;0.37;0.19;0.2;0.54;1;3;0.22
1896;ger000369;ger;klosterbruder;unknown;Klosterbruder;MALE;3;5;79;337;0;0;0;0;0.38;0.0;0.0;0.56;0.06;0.0;0.0;0.0;0.0;0.12;0.06;0.07;0.23;0;1;0.01
1897;ger000369;ger;sittah;unknown;Sittah;FEMALE;4;9;125;326;0;0;0;0;0.0;0.58;0.12;0.1;0.2;0.0;0.0;0.0;0.0;0.22;0.09;0.07;0.46;1;1;0.06
1898;ger000369;ger;saladin;unknown;Saladin;MALE;4;13;197;689;0;0;0;0;0.0;0.23;0.25;0.26;0.26;0.0;0.0;0.0;0.0;0.32;0.15;0.15;0.77;1;6;0.56
1899;ger000369;ger;patriarch;unknown;Patriarch;MALE;1;1;17;117;0;0;0;0;0.0;0.0;0.0;1.0;0.0;0.0;0.0;0.0;0.0;0.02;0.01;0.02;0.15;0;0;0.0
1900;ger000369;ger;ein_sklave;unknown;Ein Sklave;MALE;1;1;1;1;0;0;0;0;0.0;0.0;0.0;1.0;0.0;0.0;0.0;0.0;0.0;0.02;0.0;0.0;0.15;1;0;0.0
1901;ger000369;ger;ein_mameluck;unknown;Ein Mameluck;MALE;1;1;5;14;0;0;0;0;0.0;0.0;0.0;0.0;1.0;0.0;0.0;0.0;0.0;0.02;0.0;0.0;0.23;0;2;0.0
1902;ger000369;ger;zweiter_mameluck;unknown;Zweiter Mameluck;MALE;1;1;7;16;0;0;0;0;0.0;0.0;0.0;0.0;1.0;0.0;0.0;0.0;0.0;0.02;0.01;0.0;0.23;0;1;0.0
1903;ger000369;ger;dritter_mameluck;unknown;Dritter Mameluck;MALE;1;1;2;4;0;0;0;0;0.0;0.0;0.0;0.0;1.0;0.0;0.0;0.0;0.0;0.02;0.0;0.0;0.23;0;0;0.0
1904;ger000369;ger;mansor;unknown;Mansor;MALE;1;1;2;8;0;0;0;0;0.0;0.0;0.0;0.0;1.0;0.0;0.0;0.0;0.0;0.02;0.0;0.0;0.08;0;0;0.0
1905;ger000194;ger;philotas;unknown;Philotas;MALE;0;8;83;97;0;0;0;0;0.0;0.0;0.0;0.0;0.0;0.0;0.0;0.0;0.0;1.0;0.46;0.49;1.0;0;1;0.67
1906;ger000194;ger;strato;unknown;Strato;MALE;0;3;24;24;0;0;0;0;0.0;0.0;0.0;0.0;0.0;0.0;0.0;0.0;0.0;0.38;0.13;0.12;0.67;0;1;0.0
1907;ger000194;ger;aridaeus;unknown;Aridäus;MALE;0;3;42;42;0;0;0;0;0.0;0.0;0.0;0.0;0.0;0.0;0.0;0.0;0.0;0.38;0.23;0.21;0.67;0;2;0.0
1908;ger000194;ger;parmenio;unknown;Parmenio;MALE;0;1;32;32;0;0;0;0;0.0;0.0;0.0;0.0;0.0;0.0;0.0;0.0;0.0;0.12;0.18;0.16;0.33;0;0;0.0
1909;ger000435;ger;maedchen;unknown;Mädchen;FEMALE;1;1;3;3;0;0;0;0;1.0;0.0;0.0;0.0;0.0;0.0;0.0;0.0;0.0;0.02;0.0;0.0;0.06;1;3;0.0
1910;ger000435;ger;chor_stimmen;unknown;Chor/Stimmen (II/4);UNKNOWN;1;1;16;96;0;0;0;0;0.0;1.0;0.0;0.0;0.0;0.0;0.0;0.0;0.0;0.02;0.01;0.05;0.11;0;1;0.0
1911;ger000435;ger;alle_ritter_4-7;unknown;Alle Ritter (IV/7);MALE;1;1;3;3;0;0;0;0;0.0;0.0;0.0;1.0;0.0;0.0;0.0;0.0;0.0;0.02;0.0;0.0;0.08;1;1;0.0
1912;ger000435;ger;volk;unknown;Volk;UNKNOWN;1;2;3;3;0;0;0;0;0.0;0.0;0.0;1.0;0.0;0.0;0.0;0.0;0.0;0.04;0.0;0.0;0.19;3;5;0.01
1913;ger000435;ger;ritter_4-10;unknown;Ritter (IV/10);MALE;1;1;3;2;0;0;0;0;0.0;0.0;0.0;1.0;0.0;0.0;0.0;0.0;0.0;0.02;0.0;0.0;0.05;0;2;0.0
1914;ger000435;ger;alle_5-11;unknown;Alle (V/11);UNKNOWN;1;1;1;1;0;0;0;0;0.0;0.0;0.0;0.0;1.0;0.0;0.0;0.0;0.0;0.02;0.0;0.0;0.11;0;0;0.0
1915;ger000435;ger;bernhard;unknown;Bernhard;MALE;3;8;65;65;0;0;0;0;0.42;0.0;0.0;0.12;0.46;0.0;0.0;0.0;0.0;0.15;0.03;0.03;0.31;0;9;0.08
1916;ger000435;ger;knecht;unknown;Knecht;MALE;1;1;1;1;0;0;0;0;1.0;0.0;0.0;0.0;0.0;0.0;0.0;0.0;0.0;0.02;0.0;0.0;0.06;0;3;0.0
1917;ger000435;ger;waechter_1-1;unknown;Wächter (I/1);MALE;1;1;2;2;0;0;0;0;1.0;0.0;0.0;0.0;0.0;0.0;0.0;0.0;0.0;0.02;0.0;0.0;0.06;0;2;0.0
1918;ger000435;ger;soldat;unknown;Soldat;MALE;1;1;1;1;0;0;0;0;1.0;0.0;0.0;0.0;0.0;0.0;0.0;0.0;0.0;0.02;0.0;0.0;0.06;0;1;0.0
1919;ger000435;ger;ulrich;unknown;Ulrich;MALE;3;7;57;57;0;0;0;0;0.47;0.0;0.0;0.14;0.39;0.0;0.0;0.0;0.0;0.13;0.03;0.03;0.29;0;4;0.07
1920;ger000435;ger;anne;unknown;Anne;FEMALE;4;8;54;70;0;0;0;0;0.46;0.06;0.2;0.0;0.29;0.0;0.0;0.0;0.0;0.15;0.03;0.03;0.19;2;3;0.0
1921;ger000435;ger;julie;unknown;Julie;FEMALE;5;11;95;95;0;0;0;0;0.29;0.05;0.25;0.23;0.17;0.0;0.0;0.0;0.0;0.21;0.05;0.04;0.39;1;6;0.06
1922;ger000435;ger;adolf;unknown;Adolf;MALE;5;14;121;121;0;0;0;0;0.12;0.07;0.32;0.24;0.26;0.0;0.0;0.0;0.0;0.27;0.06;0.06;0.47;1;12;0.18
1923;ger000435;ger;carl;unknown;Carl;MALE;2;6;60;60;0;0;0;0;0.4;0.0;0.0;0.6;0.0;0.0;0.0;0.0;0.0;0.12;0.03;0.03;0.24;1;3;0.03
1924;ger000435;ger;genovefa;unknown;Genovefa;FEMALE;5;10;138;189;0;0;0;0;0.15;0.08;0.29;0.32;0.15;0.0;0.0;0.0;0.0;0.19;0.07;0.09;0.35;3;9;0.05
1925;ger000435;ger;siegfried;unknown;Siegfried;MALE;3;7;103;103;0;0;0;0;0.11;0.0;0.0;0.14;0.76;0.0;0.0;0.0;0.0;0.13;0.05;0.05;0.32;3;8;0.05
1926;ger000435;ger;golo;unknown;Golo;MALE;5;22;259;310;0;0;0;0;0.07;0.25;0.21;0.35;0.13;0.0;0.0;0.0;0.0;0.42;0.14;0.15;0.69;6;18;0.34
1927;ger000435;ger;heinrich;unknown;Heinrich;MALE;3;5;53;52;0;0;0;0;0.38;0.0;0.0;0.21;0.4;0.0;0.0;0.0;0.0;0.1;0.03;0.02;0.24;3;4;0.02
1928;ger000435;ger;kammerfrau;unknown;Kammerfrau;FEMALE;1;1;3;3;0;0;0;0;1.0;0.0;0.0;0.0;0.0;0.0;0.0;0.0;0.0;0.02;0.0;0.0;0.06;3;0;0.0
1929;ger000435;ger;mathilde;unknown;Mathilde;FEMALE;5;16;256;261;0;0;0;0;0.16;0.35;0.23;0.24;0.02;0.0;0.0;0.0;0.0;0.31;0.13;0.12;0.4;4;13;0.06
1930;ger000435;ger;christine;unknown;Christine;FEMALE;5;9;70;70;0;0;0;0;0.3;0.09;0.09;0.43;0.1;0.0;0.0;0.0;0.0;0.17;0.04;0.03;0.21;0;3;0.02
1931;ger000435;ger;dragones;unknown;Dragones;MALE;3;7;69;68;0;0;0;0;0.49;0.34;0.18;0.0;0.0;0.0;0.0;0.0;0.0;0.13;0.04;0.03;0.19;3;5;0.01
1932;ger000435;ger;wallrod;unknown;Wallrod;MALE;4;8;55;53;0;0;0;0;0.13;0.64;0.19;0.0;0.04;0.0;0.0;0.0;0.0;0.15;0.03;0.02;0.24;2;3;0.01
1933;ger000435;ger;steffen;unknown;Steffen;MALE;4;10;39;38;0;0;0;0;0.18;0.0;0.18;0.45;0.18;0.0;0.0;0.0;0.0;0.19;0.02;0.02;0.32;1;8;0.04
1934;ger000435;ger;brandfuchs;unknown;Brandfuchs;MALE;4;5;45;66;0;0;0;0;0.0;0.39;0.24;0.08;0.29;0.0;0.0;0.0;0.0;0.1;0.02;0.03;0.26;2;8;0.01
1935;ger000435;ger;knappe;unknown;Knappe;MALE;1;1;1;1;0;0;0;0;0.0;1.0;0.0;0.0;0.0;0.0;0.0;0.0;0.0;0.02;0.0;0.0;0.05;1;1;0.0
1936;ger000435;ger;adam;unknown;Adam;MALE;3;8;84;84;0;0;0;0;0.0;0.18;0.37;0.45;0.0;0.0;0.0;0.0;0.0;0.15;0.04;0.04;0.29;4;9;0.02
1937;ger000435;ger;waechter_3-7;unknown;Wächter (III/7);MALE;1;1;10;10;0;0;0;0;0.0;0.0;1.0;0.0;0.0;0.0;0.0;0.0;0.0;0.02;0.01;0.0;0.05;0;1;0.0
1938;ger000435;ger;erster_waechter;unknown;Erster Wächter;MALE;1;1;6;6;0;0;0;0;0.0;0.0;1.0;0.0;0.0;0.0;0.0;0.0;0.0;0.02;0.0;0.0;0.05;0;2;0.0
1939;ger000435;ger;zweyter_waechter;unknown;Zweyter Wächter;MALE;1;1;8;8;0;0;0;0;0.0;0.0;1.0;0.0;0.0;0.0;0.0;0.0;0.0;0.02;0.0;0.0;0.05;0;1;0.0
1940;ger000435;ger;dritter_waechter;unknown;Dritter Wächter;MALE;1;1;3;3;0;0;0;0;0.0;0.0;1.0;0.0;0.0;0.0;0.0;0.0;0.0;0.02;0.0;0.0;0.05;0;0;0.0
1941;ger000435;ger;margrethe;unknown;Margrethe;FEMALE;2;4;29;28;0;0;0;0;0.0;0.0;0.18;0.82;0.0;0.0;0.0;0.0;0.0;0.08;0.02;0.01;0.26;1;6;0.02
1942;ger000435;ger;christoph;unknown;Christoph;MALE;2;2;11;11;0;0;0;0;0.0;0.0;0.0;0.36;0.64;0.0;0.0;0.0;0.0;0.04;0.01;0.01;0.13;0;6;0.0
1943;ger000435;ger;im_wald;unknown;Im Wald;MALE;1;1;4;4;0;0;0;0;0.0;0.0;0.0;1.0;0.0;0.0;0.0;0.0;0.0;0.02;0.0;0.0;0.03;1;0;0.0
1944;ger000435;ger;reitknecht;unknown;Reitknecht;MALE;1;1;4;4;0;0;0;0;0.0;0.0;0.0;1.0;0.0;0.0;0.0;0.0;0.0;0.02;0.0;0.0;0.03;0;0;0.0
1945;ger000435;ger;herold;unknown;Herold;MALE;1;2;2;1;0;0;0;0;0.0;0.0;0.0;1.0;0.0;0.0;0.0;0.0;0.0;0.04;0.0;0.0;0.19;3;6;0.01
1946;ger000435;ger;ein_weib;unknown;Ein Weib;FEMALE;1;1;1;1;0;0;0;0;0.0;0.0;0.0;1.0;0.0;0.0;0.0;0.0;0.0;0.02;0.0;0.0;0.15;2;5;0.0
1947;ger000435;ger;ein_mann;unknown;Ein Mann;MALE;1;1;1;1;0;0;0;0;0.0;0.0;0.0;1.0;0.0;0.0;0.0;0.0;0.0;0.02;0.0;0.0;0.15;1;2;0.0
1948;ger000435;ger;ein_andrer_4-8a;unknown;Ein Andrer;MALE;1;1;1;1;0;0;0;0;0.0;0.0;0.0;1.0;0.0;0.0;0.0;0.0;0.0;0.02;0.0;0.0;0.15;1;1;0.0
1949;ger000435;ger;ein_andrer_4-8b;unknown;Ein Andrer;MALE;1;1;1;1;0;0;0;0;0.0;0.0;0.0;1.0;0.0;0.0;0.0;0.0;0.0;0.02;0.0;0.0;0.15;0;0;0.0
1950;ger000435;ger;erster_moerder;unknown;Erster Mörder;MALE;1;3;25;25;0;0;0;0;0.0;0.0;0.0;1.0;0.0;0.0;0.0;0.0;0.0;0.06;0.01;0.01;0.16;1;4;0.0
1951;ger000435;ger;zweyter_moerder;unknown;Zweyter Mörder;MALE;1;3;25;25;0;0;0;0;0.0;0.0;0.0;1.0;0.0;0.0;0.0;0.0;0.0;0.06;0.01;0.01;0.16;1;3;0.0
1952;ger000435;ger;erster_bedienter_4-14;unknown;Erster Bedienter (IV/14);MALE;1;1;9;9;0;0;0;0;0.0;0.0;0.0;1.0;0.0;0.0;0.0;0.0;0.0;0.02;0.0;0.0;0.1;0;1;0.0
1953;ger000435;ger;zweyter_bedienter_4-14;unknown;Zweyter Bedienter (IV/14);MALE;1;1;3;3;0;0;0;0;0.0;0.0;0.0;1.0;0.0;0.0;0.0;0.0;0.0;0.02;0.0;0.0;0.1;0;0;0.0
1954;ger000435;ger;bedienter_4-16;unknown;Bedienter (IV/16);MALE;1;1;1;1;0;0;0;0;0.0;0.0;0.0;1.0;0.0;0.0;0.0;0.0;0.0;0.02;0.0;0.0;0.05;0;0;0.0
1955;ger000435;ger;schmerzenreich;unknown;Schmerzenreich;MALE;1;2;20;20;0;0;0;0;0.0;0.0;0.0;0.0;1.0;0.0;0.0;0.0;0.0;0.04;0.01;0.01;0.11;0;5;0.0
1956;ger000435;ger;erwin;unknown;Erwin;MALE;1;1;14;13;0;0;0;0;0.0;0.0;0.0;0.0;1.0;0.0;0.0;0.0;0.0;0.02;0.01;0.01;0.1;3;1;0.0
1957;ger000435;ger;blutrichter;unknown;Blutrichter;MALE;1;1;4;4;0;0;0;0;0.0;0.0;0.0;0.0;1.0;0.0;0.0;0.0;0.0;0.02;0.0;0.0;0.1;0;3;0.0
1958;ger000435;ger;foerster;unknown;Förster;MALE;1;3;8;8;0;0;0;0;0.0;0.0;0.0;0.0;1.0;0.0;0.0;0.0;0.0;0.06;0.0;0.0;0.16;0;4;0.01
1959;ger000435;ger;bedienter_5-6a;unknown;Bedienter (V/6);MALE;1;1;1;1;0;0;0;0;0.0;0.0;0.0;0.0;1.0;0.0;0.0;0.0;0.0;0.02;0.0;0.0;0.11;0;5;0.0
1960;ger000435;ger;bedienter_5-6b;unknown;Bedienter (V/6);MALE;1;1;1;1;0;0;0;0;0.0;0.0;0.0;0.0;1.0;0.0;0.0;0.0;0.0;0.02;0.0;0.0;0.11;0;4;0.0
1961;ger000435;ger;andrer_bedienter_5-6c;unknown;Andrer Bedienter (V/6);MALE;1;1;1;1;0;0;0;0;0.0;0.0;0.0;0.0;1.0;0.0;0.0;0.0;0.0;0.02;0.0;0.0;0.11;0;3;0.0
1962;ger000435;ger;bedienter_5-6d;unknown;Bedienter (V/6);MALE;1;1;3;3;0;0;0;0;0.0;0.0;0.0;0.0;1.0;0.0;0.0;0.0;0.0;0.02;0.0;0.0;0.11;0;1;0.0
1963;ger000435;ger;andrer_bedienter_5-6e;unknown;Andrer Bedienter (V/6);MALE;1;1;1;1;0;0;0;0;0.0;0.0;0.0;0.0;1.0;0.0;0.0;0.0;0.0;0.02;0.0;0.0;0.11;0;0;0.0
1964;ger000435;ger;doctor;unknown;Doctor;MALE;1;1;15;15;0;0;0;0;0.0;0.0;0.0;0.0;1.0;0.0;0.0;0.0;0.0;0.02;0.01;0.01;0.08;1;4;0.0
1965;ger000435;ger;franciskaner;unknown;Franciskaner;MALE;1;1;21;21;0;0;0;0;0.0;0.0;0.0;0.0;1.0;0.0;0.0;0.0;0.0;0.02;0.01;0.01;0.08;1;3;0.0
1966;ger000435;ger;bedienter_5-7;unknown;Bedienter (V/7);MALE;1;1;3;3;0;0;0;0;0.0;0.0;0.0;0.0;1.0;0.0;0.0;0.0;0.0;0.02;0.0;0.0;0.08;0;1;0.0
1967;ger000435;ger;jaeger_5-9;unknown;Jäger (V/9);MALE;1;1;1;1;0;0;0;0;0.0;0.0;0.0;0.0;1.0;0.0;0.0;0.0;0.0;0.02;0.0;0.0;0.06;0;0;0.0
1968;ger000435;ger;oberjaeger;unknown;Oberjäger;MALE;1;1;5;13;0;0;0;0;0.0;0.0;0.0;0.0;1.0;0.0;0.0;0.0;0.0;0.02;0.0;0.01;0.06;0;3;0.0
1969;ger000435;ger;foerster jaeger_5-4;unknown;UNKNOWN;u;1;1;1;1;0;0;0;0;0.0;0.0;0.0;0.0;1.0;0.0;0.0;0.0;0.0;0.02;0.0;0.0;0.1;0;0;0.0
1970;ger000435;ger;bernhard ulrich;unknown;UNKNOWN;u;1;1;1;1;0;0;0;0;0.0;0.0;0.0;0.0;1.0;0.0;0.0;0.0;0.0;0.02;0.0;0.0;0.05;0;0;0.0
1971;ger000690;ger;siegmund;unknown;Siegmund;MALE;3;8;18;18;0;0;0;0;0.44;0.33;0.22;0.0;0.0;0.0;0.0;0.0;0.0;0.38;0.11;0.11;0.83;1;3;0.1
1972;ger000690;ger;rhynsolt;unknown;Rhynsolt;MALE;3;11;47;47;0;0;0;0;0.6;0.3;0.11;0.0;0.0;0.0;0.0;0.0;0.0;0.52;0.29;0.28;0.83;0;2;0.02
1973;ger000690;ger;carl;unknown;Carl der Kühne;MALE;3;12;45;45;0;0;0;0;0.27;0.38;0.36;0.0;0.0;0.0;0.0;0.0;0.0;0.57;0.28;0.27;0.83;0;1;0.02
1974;ger000690;ger;sapphira;unknown;Sapphira;FEMALE;3;10;29;29;0;0;0;0;0.72;0.21;0.07;0.0;0.0;0.0;0.0;0.0;0.0;0.48;0.18;0.18;1.0;0;4;0.18
1975;ger000690;ger;danfeld;unknown;Danfeld;MALE;1;2;10;10;0;0;0;0;1.0;0.0;0.0;0.0;0.0;0.0;0.0;0.0;0.0;0.1;0.06;0.06;0.33;0;0;0.0
1976;ger000690;ger;eduard;unknown;Eduard;MALE;2;6;10;10;0;0;0;0;0.0;0.7;0.3;0.0;0.0;0.0;0.0;0.0;0.0;0.29;0.06;0.06;0.83;0;1;0.02
1977;ger000690;ger;hauptmann;unknown;Hauptmann;MALE;2;3;4;4;0;0;0;0;0.0;0.25;0.75;0.0;0.0;0.0;0.0;0.0;0.0;0.14;0.02;0.02;0.67;1;3;0.0
1978;ger000593;ger;gemeine_und_officiers;unknown;Gemeine und Officiers;MALE;1;1;1;2;0;0;0;0;0.0;0.0;0.0;0.0;1.0;0.0;0.0;0.0;0.0;0.03;0.0;0.0;0.23;1;4;0.0
1979;ger000593;ger;wastworth;unknown;Wastworth;MALE;3;13;33;33;0;0;0;0;0.58;0.0;0.18;0.0;0.24;0.0;0.0;0.0;0.0;0.43;0.06;0.06;0.46;1;2;0.04
1980;ger000593;ger;wille;unknown;Wille;MALE;3;10;31;31;0;0;0;0;0.84;0.1;0.0;0.06;0.0;0.0;0.0;0.0;0.0;0.33;0.05;0.05;0.5;1;2;0.05
1981;ger000593;ger;walltron;unknown;Walltron;MALE;4;20;136;139;0;0;0;0;0.38;0.0;0.21;0.27;0.14;0.0;0.0;0.0;0.0;0.67;0.24;0.24;0.69;1;5;0.13
1982;ger000593;ger;wirthinn;unknown;Wirthinn;FEMALE;1;1;3;3;0;0;0;0;1.0;0.0;0.0;0.0;0.0;0.0;0.0;0.0;0.0;0.03;0.01;0.01;0.15;0;0;0.0
1983;ger000593;ger;winter;unknown;Winter;MALE;5;22;89;88;0;0;0;0;0.32;0.2;0.17;0.17;0.14;0.0;0.0;0.0;0.0;0.73;0.16;0.15;0.88;1;7;0.2
1984;ger000593;ger;ordonance_1-5;unknown;Ordonance (I/5);MALE;1;1;1;1;0;0;0;0;1.0;0.0;0.0;0.0;0.0;0.0;0.0;0.0;0.0;0.03;0.0;0.0;0.12;0;3;0.0
1985;ger000593;ger;kronenburg;unknown;Kronenburg;MALE;3;9;28;28;0;0;0;0;0.61;0.29;0.0;0.0;0.11;0.0;0.0;0.0;0.0;0.3;0.05;0.05;0.73;0;5;0.07
1986;ger000593;ger;ordonance_1-8;unknown;Ordonance (I/8);MALE;1;1;1;1;0;0;0;0;1.0;0.0;0.0;0.0;0.0;0.0;0.0;0.0;0.0;0.03;0.0;0.0;0.23;0;6;0.0
1987;ger000593;ger;helsinghoer;unknown;Helsinghör;MALE;4;13;50;49;0;0;0;0;0.14;0.33;0.27;0.0;0.27;0.0;0.0;0.0;0.0;0.43;0.09;0.08;0.77;1;6;0.09
1988;ger000593;ger;obrister;unknown;Obrister;MALE;2;8;62;61;0;0;0;0;0.0;0.7;0.0;0.3;0.0;0.0;0.0;0.0;0.0;0.27;0.11;0.1;0.54;1;5;0.02
1989;ger000593;ger;lichtenau;unknown;Lichtenau;MALE;3;5;17;17;0;0;0;0;0.0;0.65;0.29;0.06;0.0;0.0;0.0;0.0;0.0;0.17;0.03;0.03;0.38;0;4;0.01
1990;ger000593;ger;graefinn;unknown;Gräfinn;FEMALE;4;8;64;69;0;0;0;0;0.0;0.33;0.29;0.22;0.16;0.0;0.0;0.0;0.0;0.27;0.11;0.12;0.54;1;6;0.03
1991;ger000593;ger;feldwebel;unknown;Feldwebel;MALE;2;3;9;9;0;0;0;0;0.0;0.56;0.0;0.44;0.0;0.0;0.0;0.0;0.0;0.1;0.02;0.02;0.46;2;4;0.01
1992;ger000593;ger;lisette;unknown;Lisette;FEMALE;1;1;1;1;0;0;0;0;0.0;1.0;0.0;0.0;0.0;0.0;0.0;0.0;0.0;0.03;0.0;0.0;0.35;0;1;0.0
1993;ger000593;ger;major;unknown;Major;MALE;2;2;6;7;0;0;0;0;0.0;0.0;0.86;0.0;0.14;0.0;0.0;0.0;0.0;0.07;0.01;0.01;0.27;1;4;0.01
1994;ger000593;ger;auditeur;unknown;Auditeur;MALE;1;1;14;20;0;0;0;0;0.0;0.0;1.0;0.0;0.0;0.0;0.0;0.0;0.0;0.03;0.02;0.03;0.15;0;2;0.0
1995;ger000593;ger;capitain_executions-commando;unknown;Capitain von dem Executions-Commando;MALE;1;1;1;1;0;0;0;0;0.0;0.0;1.0;0.0;0.0;0.0;0.0;0.0;0.0;0.03;0.0;0.0;0.15;0;1;0.0
1996;ger000593;ger;prinz;unknown;Prinz;MALE;1;1;10;10;0;0;0;0;0.0;0.0;0.0;0.0;1.0;0.0;0.0;0.0;0.0;0.03;0.02;0.02;0.23;1;3;0.0
1997;ger000593;ger;wastworth wille;unknown;UNKNOWN;u;1;1;1;1;0;0;0;0;1.0;0.0;0.0;0.0;0.0;0.0;0.0;0.0;0.0;0.03;0.0;0.0;0.15;1;2;0.0
1998;ger000593;ger;wastworth kronenburg winter helsinghoer;unknown;UNKNOWN;u;1;1;1;1;0;0;0;0;1.0;0.0;0.0;0.0;0.0;0.0;0.0;0.0;0.0;0.03;0.0;0.0;0.19;0;4;0.0
1999;ger000593;ger;helsinghoer winter;unknown;UNKNOWN;u;1;1;1;1;0;0;0;0;0.0;1.0;0.0;0.0;0.0;0.0;0.0;0.0;0.0;0.03;0.0;0.0;0.23;0;5;0.0
2000;ger000593;ger;kronenburg wastworth;unknown;UNKNOWN;u;1;1;1;1;0;0;0;0;0.0;1.0;0.0;0.0;0.0;0.0;0.0;0.0;0.0;0.03;0.0;0.0;0.23;0;5;0.0
2001;ger000593;ger;feldwebel corporal;unknown;UNKNOWN;u;1;1;1;1;0;0;0;0;0.0;1.0;0.0;0.0;0.0;0.0;0.0;0.0;0.0;0.03;0.0;0.0;0.35;2;1;0.0
2002;ger000593;ger;obrister winter helsinghoer kronenburg;unknown;UNKNOWN;u;1;1;1;1;0;0;0;0;0.0;1.0;0.0;0.0;0.0;0.0;0.0;0.0;0.0;0.03;0.0;0.0;0.35;0;1;0.0
2003;ger000593;ger;winter helsinghoer kronenburg;unknown;UNKNOWN;u;1;1;1;1;0;0;0;0;0.0;1.0;0.0;0.0;0.0;0.0;0.0;0.0;0.0;0.03;0.0;0.0;0.35;0;1;0.0
2004;ger000595;ger;mariane;unknown;Mariane;FEMALE;1;1;3;3;0;0;0;0;1.0;0.0;0.0;0.0;0.0;0.0;0.0;0.0;0.0;0.05;0.01;0.01;0.07;2;0;0.0
2005;ger000595;ger;anne;unknown;Anne;FEMALE;2;5;31;30;0;0;0;0;0.57;0.43;0.0;0.0;0.0;0.0;0.0;0.0;0.0;0.24;0.06;0.06;0.21;1;2;0.01
2006;ger000595;ger;therese;unknown;Therese;FEMALE;2;9;42;40;0;0;0;0;0.65;0.35;0.0;0.0;0.0;0.0;0.0;0.0;0.0;0.43;0.08;0.08;0.66;0;3;0.18
2007;ger000595;ger;stockmeister;unknown;Stockmeister;MALE;2;6;58;58;0;0;0;0;0.62;0.38;0.0;0.0;0.0;0.0;0.0;0.0;0.0;0.29;0.11;0.11;0.59;3;5;0.09
2008;ger000595;ger;christoph;unknown;Christoph;MALE;1;1;2;2;0;0;0;0;1.0;0.0;0.0;0.0;0.0;0.0;0.0;0.0;0.0;0.05;0.0;0.0;0.14;0;1;0.0
2009;ger000595;ger;jacob;unknown;Jacob;MALE;1;1;2;2;0;0;0;0;1.0;0.0;0.0;0.0;0.0;0.0;0.0;0.0;0.0;0.05;0.0;0.0;0.14;0;0;0.0
2010;ger000595;ger;arrestant_mutowsky;unknown;Arrestant (Mutowsky);MALE;2;2;24;24;0;0;0;0;0.5;0.5;0.0;0.0;0.0;0.0;0.0;0.0;0.0;0.1;0.05;0.05;0.48;2;2;0.02
2011;ger000595;ger;unterofficier;unknown;Unterofficier;MALE;1;1;3;3;0;0;0;0;1.0;0.0;0.0;0.0;0.0;0.0;0.0;0.0;0.0;0.05;0.01;0.01;0.1;1;0;0.0
2012;ger000595;ger;sophie;unknown;Sophie;FEMALE;3;6;51;48;0;0;0;0;0.21;0.42;0.38;0.0;0.0;0.0;0.0;0.0;0.0;0.29;0.1;0.09;0.76;2;5;0.16
2013;ger000595;ger;stockknecht_lorenz;unknown;Stockknecht (Lorenz);MALE;1;1;12;12;0;0;0;0;1.0;0.0;0.0;0.0;0.0;0.0;0.0;0.0;0.0;0.05;0.02;0.02;0.07;2;0;0.0
2014;ger000595;ger;stadt-syndicus;unknown;Stadt-Syndicus;MALE;1;4;28;28;0;0;0;0;0.0;1.0;0.0;0.0;0.0;0.0;0.0;0.0;0.0;0.19;0.05;0.05;0.52;3;5;0.03
2015;ger000595;ger;fuerst;unknown;Fürst;MALE;2;9;121;120;0;0;0;0;0.0;0.5;0.5;0.0;0.0;0.0;0.0;0.0;0.0;0.43;0.23;0.23;0.76;4;11;0.15
2016;ger000595;ger;hof-cavalier;unknown;Hof-Cavalier;MALE;2;7;24;24;0;0;0;0;0.0;0.54;0.46;0.0;0.0;0.0;0.0;0.0;0.0;0.33;0.05;0.05;0.52;1;4;0.03
2017;ger000595;ger;der_junge;unknown;Der Junge;MALE;1;1;2;2;0;0;0;0;0.0;1.0;0.0;0.0;0.0;0.0;0.0;0.0;0.0;0.05;0.0;0.0;0.1;0;0;0.0
2018;ger000595;ger;general;unknown;General;MALE;2;6;33;33;0;0;0;0;0.0;0.42;0.58;0.0;0.0;0.0;0.0;0.0;0.0;0.29;0.06;0.06;0.76;2;7;0.15
2019;ger000595;ger;pasquillant;unknown;Pasquillant;MALE;1;1;2;2;0;0;0;0;0.0;1.0;0.0;0.0;0.0;0.0;0.0;0.0;0.0;0.05;0.0;0.0;0.45;2;2;0.0
2020;ger000595;ger;kammerherr;unknown;Kammerherr;MALE;1;3;11;11;0;0;0;0;0.0;0.0;1.0;0.0;0.0;0.0;0.0;0.0;0.0;0.14;0.02;0.02;0.1;0;1;0.0
2021;ger000595;ger;das_maedchen_sophie;unknown;Das Mädchen (Sophie);FEMALE;1;1;7;7;0;0;0;0;0.0;0.0;1.0;0.0;0.0;0.0;0.0;0.0;0.0;0.05;0.01;0.01;0.14;0;3;0.0
2022;ger000595;ger;der_aeltere_ferdinand;unknown;Der Ältere (Ferdinand);MALE;1;2;18;18;0;0;0;0;0.0;0.0;1.0;0.0;0.0;0.0;0.0;0.0;0.0;0.1;0.03;0.03;0.28;0;1;0.0
2023;ger000595;ger;der_juengere_carl;unknown;Der Jüngere (Carl);MALE;1;2;15;15;0;0;0;0;0.0;0.0;1.0;0.0;0.0;0.0;0.0;0.0;0.0;0.1;0.03;0.03;0.28;0;0;0.0
2024;ger000595;ger;baron_broschalka;unknown;Baron Broschalka;MALE;1;3;25;24;0;0;0;0;0.0;0.0;1.0;0.0;0.0;0.0;0.0;0.0;0.0;0.14;0.05;0.05;0.31;1;4;0.0
2025;ger000595;ger;frau_von_broschalka;unknown;Frau von Broschalka;FEMALE;1;2;9;9;0;0;0;0;0.0;0.0;1.0;0.0;0.0;0.0;0.0;0.0;0.0;0.1;0.02;0.02;0.24;0;3;0.0
2026;ger000595;ger;der_tischler;unknown;Der Tischler;MALE;1;1;1;1;0;0;0;0;0.0;0.0;1.0;0.0;0.0;0.0;0.0;0.0;0.0;0.05;0.0;0.0;0.17;0;0;0.0
2027;ger000595;ger;fuerst general hof-cavalier;unknown;UNKNOWN;u;1;1;1;1;0;0;0;0;0.0;1.0;0.0;0.0;0.0;0.0;0.0;0.0;0.0;0.05;0.0;0.0;0.45;0;0;0.0
2028;ger000595;ger;stadt-syndicus hof-cavalier general stockmeister therese anne;unknown;UNKNOWN;u;1;1;2;2;0;0;0;0;0.0;1.0;0.0;0.0;0.0;0.0;0.0;0.0;0.0;0.05;0.0;0.0;0.45;0;0;0.0
2029;ger000595;ger;stockmeister therese;unknown;UNKNOWN;u;1;1;1;1;0;0;0;0;0.0;1.0;0.0;0.0;0.0;0.0;0.0;0.0;0.0;0.05;0.0;0.0;0.45;0;0;0.0
2030;ger000595;ger;stockmeister anne;unknown;UNKNOWN;u;1;1;1;1;0;0;0;0;0.0;1.0;0.0;0.0;0.0;0.0;0.0;0.0;0.0;0.05;0.0;0.0;0.45;0;0;0.0
2031;ger000595;ger;stadt-syndicus hof-cavalier stockmeister anne;unknown;UNKNOWN;u;1;1;1;1;0;0;0;0;0.0;1.0;0.0;0.0;0.0;0.0;0.0;0.0;0.0;0.05;0.0;0.0;0.45;0;0;0.0
2032;ger000595;ger;der_aeltere_ferdinand der_juengere_carl;unknown;UNKNOWN;u;1;1;1;1;0;0;0;0;0.0;0.0;1.0;0.0;0.0;0.0;0.0;0.0;0.0;0.05;0.0;0.0;0.24;0;0;0.0
2033;ger000595;ger;general das_maedchen_sophie der_aeltere_ferdinand der_juengere_carl baron_broschalka sophie der_tischler;unknown;UNKNOWN;u;1;1;1;1;0;0;0;0;0.0;0.0;1.0;0.0;0.0;0.0;0.0;0.0;0.0;0.05;0.0;0.0;0.17;0;0;0.0
2034;ger000481;ger;harlekin;unknown;Harlekin;MALE;1;15;115;115;0;0;0;0;1.0;0.0;0.0;0.0;0.0;0.0;0.0;0.0;0.0;0.88;0.38;0.38;1.0;1;4;0.2
2035;ger000481;ger;barthold;unknown;Barthold;MALE;1;6;56;57;0;0;0;0;1.0;0.0;0.0;0.0;0.0;0.0;0.0;0.0;0.0;0.35;0.18;0.19;0.67;1;2;0.0
2036;ger000481;ger;kolombine;unknown;Kolombine;FEMALE;1;7;54;55;0;0;0;0;1.0;0.0;0.0;0.0;0.0;0.0;0.0;0.0;0.0;0.41;0.18;0.18;0.67;0;3;0.0
2037;ger000481;ger;scapin;unknown;Scapin;MALE;1;5;22;22;0;0;0;0;1.0;0.0;0.0;0.0;0.0;0.0;0.0;0.0;0.0;0.29;0.07;0.07;0.67;0;1;0.0
2038;ger000481;ger;peter;unknown;Peter;MALE;1;9;30;30;0;0;0;0;1.0;0.0;0.0;0.0;0.0;0.0;0.0;0.0;0.0;0.53;0.1;0.1;1.0;0;0;0.2
2039;ger000481;ger;isabelle;unknown;Isabelle;FEMALE;1;2;17;17;0;0;0;0;1.0;0.0;0.0;0.0;0.0;0.0;0.0;0.0;0.0;0.12;0.06;0.06;0.5;0;2;0.0
2040;ger000481;ger;valer;unknown;Valer;MALE;1;2;9;9;0;0;0;0;1.0;0.0;0.0;0.0;0.0;0.0;0.0;0.0;0.0;0.12;0.03;0.03;0.5;0;1;0.0
2041;ger000007;ger;montan;unknown;Montan;MALE;3;14;161;446;0;0;0;0;0.48;0.24;0.28;0.0;0.0;0.0;0.0;0.0;0.0;0.47;0.21;0.28;1.0;2;1;0.04
2042;ger000007;ger;chloe;unknown;Chloe;FEMALE;3;16;113;192;0;0;0;0;0.39;0.55;0.07;0.0;0.0;0.0;0.0;0.0;0.0;0.53;0.15;0.12;1.0;1;3;0.04
2043;ger000007;ger;doris;unknown;Doris;FEMALE;3;8;74;124;0;0;0;0;0.59;0.31;0.1;0.0;0.0;0.0;0.0;0.0;0.0;0.27;0.1;0.08;0.88;1;3;0.01
2044;ger000007;ger;silvander;unknown;Silvander;MALE;3;14;153;314;0;0;0;0;0.14;0.5;0.36;0.0;0.0;0.0;0.0;0.0;0.0;0.47;0.2;0.2;1.0;1;4;0.04
2045;ger000007;ger;mops;unknown;Mops;MALE;3;11;84;151;0;0;0;0;0.34;0.56;0.09;0.0;0.0;0.0;0.0;0.0;0.0;0.37;0.11;0.1;0.75;0;2;0.01
2046;ger000007;ger;sylvia;unknown;Sylvia;FEMALE;3;6;42;68;0;0;0;0;0.49;0.21;0.31;0.0;0.0;0.0;0.0;0.0;0.0;0.2;0.05;0.04;0.75;1;1;0.0
2047;ger000007;ger;damoet;unknown;Damöt;MALE;3;7;41;69;0;0;0;0;0.45;0.19;0.36;0.0;0.0;0.0;0.0;0.0;0.0;0.23;0.05;0.04;0.75;1;0;0.0
2048;ger000007;ger;corydon;unknown;Corydon;MALE;2;6;97;222;0;0;0;0;0.0;0.12;0.88;0.0;0.0;0.0;0.0;0.0;0.0;0.2;0.13;0.14;1.0;3;2;0.04
2049;ger000007;ger;mops montan silvander damoet sylvia chloe doris;unknown;UNKNOWN;u;1;1;1;2;0;0;0;0;0.0;0.0;1.0;0.0;0.0;0.0;0.0;0.0;0.0;0.03;0.0;0.0;0.62;0;0;0.0
2050;ger000122;ger;philemon;unknown;Philemon;MALE;4;19;147;618;0;0;0;0;0.51;0.0;0.15;0.09;0.25;0.0;0.0;0.0;0.0;0.34;0.16;0.25;0.69;5;5;0.0
2051;ger000122;ger;phillis;unknown;Phillis;FEMALE;3;9;50;73;0;0;0;0;0.3;0.55;0.0;0.0;0.15;0.0;0.0;0.0;0.0;0.16;0.06;0.03;0.69;4;5;0.0
2052;ger000122;ger;sylvia;unknown;Sylvia;FEMALE;3;7;40;79;0;0;0;0;0.57;0.15;0.0;0.0;0.28;0.0;0.0;0.0;0.0;0.12;0.04;0.03;0.69;2;5;0.0
2053;ger000122;ger;mirtillo;unknown;Mirtillo;MALE;5;20;113;252;0;0;0;0;0.19;0.39;0.19;0.14;0.09;0.0;0.0;0.0;0.0;0.36;0.13;0.1;0.69;3;2;0.0
2054;ger000122;ger;sylvan;unknown;Sylvan;MALE;4;23;122;303;0;0;0;0;0.06;0.44;0.0;0.31;0.2;0.0;0.0;0.0;0.0;0.41;0.14;0.12;0.69;2;4;0.0
2055;ger000122;ger;seladon;unknown;Seladon;MALE;5;10;58;133;0;0;0;0;0.14;0.11;0.41;0.23;0.11;0.0;0.0;0.0;0.0;0.18;0.06;0.05;0.69;3;4;0.0
2056;ger000122;ger;mirta;unknown;Mirta;FEMALE;4;10;40;127;0;0;0;0;0.09;0.57;0.0;0.09;0.24;0.0;0.0;0.0;0.0;0.18;0.04;0.05;0.69;2;3;0.0
2057;ger000122;ger;mops;unknown;Mops;MALE;2;6;38;110;0;0;0;0;0.0;0.85;0.0;0.0;0.15;0.0;0.0;0.0;0.0;0.11;0.04;0.05;0.69;1;3;0.0
2058;ger000122;ger;silen;unknown;Silen;MALE;4;7;33;80;0;0;0;0;0.0;0.26;0.11;0.24;0.39;0.0;0.0;0.0;0.0;0.12;0.04;0.03;0.69;2;1;0.0
2059;ger000122;ger;damon;unknown;Damon;MALE;4;10;82;200;0;0;0;0;0.0;0.24;0.23;0.38;0.14;0.0;0.0;0.0;0.0;0.18;0.09;0.08;0.69;3;2;0.0
2060;ger000122;ger;galathe;unknown;Galathe;FEMALE;4;11;57;134;0;0;0;0;0.0;0.27;0.36;0.31;0.07;0.0;0.0;0.0;0.0;0.2;0.06;0.05;0.69;1;2;0.0
2061;ger000122;ger;doris;unknown;Doris;FEMALE;3;17;99;208;0;0;0;0;0.0;0.0;0.36;0.5;0.14;0.0;0.0;0.0;0.0;0.3;0.11;0.09;0.69;1;1;0.0
2062;ger000226;ger;unwissenheit;unknown;Unwissenheit;UNKNOWN;1;8;43;91;0;0;0;0;1.0;0.0;0.0;0.0;0.0;0.0;0.0;0.0;0.0;0.62;0.27;0.13;0.67;0;0;0.39
2063;ger000226;ger;scheinfroemmigkeit;unknown;Scheinfrömmigkeit;UNKNOWN;1;3;30;107;0;0;0;0;1.0;0.0;0.0;0.0;0.0;0.0;0.0;0.0;0.0;0.23;0.19;0.15;0.22;0;0;0.0
2064;ger000226;ger;unschuldige_lust;unknown;Unschuldige Lust;UNKNOWN;1;1;13;18;0;0;0;0;1.0;0.0;0.0;0.0;0.0;0.0;0.0;0.0;0.0;0.08;0.08;0.03;0.22;0;0;0.0
2065;ger000226;ger;misbrauch;unknown;Misbrauch;UNKNOWN;1;4;16;53;0;0;0;0;1.0;0.0;0.0;0.0;0.0;0.0;0.0;0.0;0.0;0.31;0.1;0.08;0.44;0;0;0.0
2066;ger000226;ger;poebel;unknown;Pöbel;UNKNOWN;1;3;7;18;0;0;0;0;1.0;0.0;0.0;0.0;0.0;0.0;0.0;0.0;0.0;0.23;0.04;0.03;0.44;0;0;0.0
2067;ger000226;ger;verderbte_geschmack;unknown;Verderbte Geschmack;UNKNOWN;1;2;8;34;0;0;0;0;1.0;0.0;0.0;0.0;0.0;0.0;0.0;0.0;0.0;0.15;0.05;0.05;0.44;0;0;0.0
2068;ger000226;ger;schauspielkunst;unknown;Schauspielkunst;UNKNOWN;1;6;27;117;0;0;0;0;1.0;0.0;0.0;0.0;0.0;0.0;0.0;0.0;0.0;0.46;0.17;0.17;0.78;0;0;0.58
2069;ger000226;ger;erhabene_geschmack;unknown;Erhabene Geschmack;UNKNOWN;1;1;9;52;0;0;0;0;1.0;0.0;0.0;0.0;0.0;0.0;0.0;0.0;0.0;0.08;0.06;0.07;0.11;0;0;0.0
2070;ger000226;ger;nutzen;unknown;Nutzen;UNKNOWN;1;2;5;64;0;0;0;0;1.0;0.0;0.0;0.0;0.0;0.0;0.0;0.0;0.0;0.15;0.03;0.09;0.11;0;0;0.0
2071;ger000226;ger;weisheit;unknown;Weisheit;UNKNOWN;1;1;4;15;0;0;0;0;1.0;0.0;0.0;0.0;0.0;0.0;0.0;0.0;0.0;0.08;0.02;0.02;0.11;0;0;0.0
2072;ger000230;ger;fleis;unknown;Fleis;UNKNOWN;1;2;25;90;0;0;0;0;1.0;0.0;0.0;0.0;0.0;0.0;0.0;0.0;0.0;0.5;0.15;0.15;0.5;0;0;0.0
2073;ger000230;ger;alterthum;unknown;Alterthum;UNKNOWN;1;2;14;53;0;0;0;0;1.0;0.0;0.0;0.0;0.0;0.0;0.0;0.0;0.0;0.5;0.08;0.09;0.5;0;0;0.0
2074;ger000230;ger;trauerspiel;unknown;Trauerspiel;UNKNOWN;1;3;52;196;0;0;0;0;1.0;0.0;0.0;0.0;0.0;0.0;0.0;0.0;0.0;0.75;0.31;0.32;1.0;0;0;0.2
2075;ger000230;ger;regel;unknown;Regel;UNKNOWN;1;3;56;203;0;0;0;0;1.0;0.0;0.0;0.0;0.0;0.0;0.0;0.0;0.0;0.75;0.34;0.33;1.0;0;0;0.2
2076;ger000230;ger;liebe;unknown;Liebe;UNKNOWN;1;2;13;22;0;0;0;0;1.0;0.0;0.0;0.0;0.0;0.0;0.0;0.0;0.0;0.5;0.08;0.04;0.67;0;0;0.0
2077;ger000230;ger;verstand;unknown;Verstand;UNKNOWN;1;1;4;4;0;0;0;0;1.0;0.0;0.0;0.0;0.0;0.0;0.0;0.0;0.0;0.25;0.02;0.01;0.67;0;0;0.0
2078;ger000230;ger;vollkommenheit;unknown;Vollkommenheit;UNKNOWN;1;1;2;2;0;0;0;0;1.0;0.0;0.0;0.0;0.0;0.0;0.0;0.0;0.0;0.25;0.01;0.0;0.67;0;0;0.0
2079;ger000321;ger;silenus;unknown;Silenus;MALE;0;3;12;68;0;0;0;0;0.0;0.0;0.0;0.0;0.0;0.0;0.0;0.0;0.0;0.38;0.12;0.12;0.38;3;2;0.0
2080;ger000321;ger;thalia;unknown;Thalia;FEMALE;0;3;14;86;0;0;0;0;0.0;0.0;0.0;0.0;0.0;0.0;0.0;0.0;0.0;0.38;0.14;0.15;0.46;1;2;0.0
2081;ger000321;ger;melpomene;unknown;Melpomene;FEMALE;0;4;18;140;0;0;0;0;0.0;0.0;0.0;0.0;0.0;0.0;0.0;0.0;0.0;0.5;0.18;0.24;0.92;5;3;0.14
2082;ger000321;ger;tharsus;unknown;Tharsus;MALE;0;3;10;38;0;0;0;0;0.0;0.0;0.0;0.0;0.0;0.0;0.0;0.0;0.0;0.38;0.1;0.07;0.54;2;1;0.01
2083;ger000321;ger;sedulius;unknown;Sedulius;MALE;0;3;8;41;0;0;0;0;0.0;0.0;0.0;0.0;0.0;0.0;0.0;0.0;0.0;0.38;0.08;0.07;0.54;2;0;0.01
2084;ger000321;ger;alethea;unknown;Alethea;FEMALE;0;5;8;56;0;0;0;0;0.0;0.0;0.0;0.0;0.0;0.0;0.0;0.0;0.0;0.62;0.08;0.1;1.0;5;1;0.29
2085;ger000321;ger;obsequens;unknown;Obsequens;UNKNOWN;0;1;1;4;0;0;0;0;0.0;0.0;0.0;0.0;0.0;0.0;0.0;0.0;0.0;0.12;0.01;0.01;0.31;1;2;0.0
2086;ger000321;ger;arete;unknown;Arete;FEMALE;0;2;6;15;0;0;0;0;0.0;0.0;0.0;0.0;0.0;0.0;0.0;0.0;0.0;0.25;0.06;0.03;0.54;4;1;0.0
2087;ger000321;ger;vigilantia;unknown;Vigilantia;FEMALE;0;2;6;22;0;0;0;0;0.0;0.0;0.0;0.0;0.0;0.0;0.0;0.0;0.0;0.25;0.06;0.04;0.54;2;1;0.0
2088;ger000321;ger;meletander;unknown;Meletander;UNKNOWN;0;2;4;7;0;0;0;0;0.0;0.0;0.0;0.0;0.0;0.0;0.0;0.0;0.0;0.25;0.04;0.01;0.54;2;1;0.0
2089;ger000321;ger;euphrosyne;unknown;Euphrosyne;FEMALE;0;1;2;14;0;0;0;0;0.0;0.0;0.0;0.0;0.0;0.0;0.0;0.0;0.0;0.12;0.02;0.02;0.54;1;1;0.0
2090;ger000321;ger;apollo;unknown;Apollo;MALE;0;2;5;39;0;0;0;0;0.0;0.0;0.0;0.0;0.0;0.0;0.0;0.0;0.0;0.25;0.05;0.07;0.54;1;0;0.0
2091;ger000321;ger;themis;unknown;Themis;FEMALE;0;3;3;24;0;0;0;0;0.0;0.0;0.0;0.0;0.0;0.0;0.0;0.0;0.0;0.38;0.03;0.04;0.77;0;0;0.06
2092;ger000321;ger;pseudolus;unknown;Pseudolus;MALE;0;1;2;22;0;0;0;0;0.0;0.0;0.0;0.0;0.0;0.0;0.0;0.0;0.0;0.12;0.02;0.04;0.08;1;0;0.0
2093;ger000626;ger;apollo;unknown;Apollo;MALE;0;3;16;17;0;0;0;0;0.0;0.0;0.0;0.0;0.0;0.0;0.0;0.0;0.0;0.6;0.16;0.16;0.75;0;1;0.02
2094;ger000626;ger;der_genius;unknown;Der Genius Vindebonens;UNKNOWN;0;2;11;11;0;0;0;0;0.0;0.0;0.0;0.0;0.0;0.0;0.0;0.0;0.0;0.4;0.11;0.1;0.5;0;1;0.0
2095;ger000626;ger;das_vorurtheil;unknown;Das Vorurtheil Vindebonens;MALE;0;3;38;38;0;0;0;0;0.0;0.0;0.0;0.0;0.0;0.0;0.0;0.0;0.0;0.6;0.37;0.35;1.0;0;0;0.2
2096;ger000626;ger;die_eitelkeit;unknown;Die Eitelkeit;UNKNOWN;0;1;1;1;0;0;0;0;0.0;0.0;0.0;0.0;0.0;0.0;0.0;0.0;0.0;0.2;0.01;0.01;0.38;0;0;0.0
2097;ger000626;ger;die_unwissenheit;unknown;Die Unwissenheit;UNKNOWN;0;1;1;1;0;0;0;0;0.0;0.0;0.0;0.0;0.0;0.0;0.0;0.0;0.0;0.2;0.01;0.01;0.38;0;0;0.0
2098;ger000626;ger;das_franzoesische_schauspiel;unknown;Das Französische Schauspiel;UNKNOWN;0;3;14;14;0;0;0;0;0.0;0.0;0.0;0.0;0.0;0.0;0.0;0.0;0.0;0.6;0.14;0.13;1.0;0;0;0.2
2099;ger000626;ger;der_patriotismus;unknown;Der Patriotismus;UNKNOWN;0;2;7;7;0;0;0;0;0.0;0.0;0.0;0.0;0.0;0.0;0.0;0.0;0.0;0.4;0.07;0.06;0.75;0;0;0.02
2100;ger000626;ger;das_deutsche_schauspiel;unknown;Das deutsche Schauspiel;UNKNOWN;0;2;2;2;0;0;0;0;0.0;0.0;0.0;0.0;0.0;0.0;0.0;0.0;0.0;0.4;0.02;0.02;0.62;0;0;0.0
2101;ger000626;ger;die_kritik;unknown;Die Kritik;UNKNOWN;0;2;13;13;0;0;0;0;0.0;0.0;0.0;0.0;0.0;0.0;0.0;0.0;0.0;0.4;0.13;0.12;0.62;0;0;0.0
2102;ger000692;ger;philint;unknown;Philint;MALE;0;8;89;89;0;0;0;0;0.0;0.0;0.0;0.0;0.0;0.0;0.0;0.0;0.0;0.89;0.47;0.46;1.0;0;1;0.5
2103;ger000692;ger;der_bediente;unknown;Der Bediente;MALE;0;2;7;7;0;0;0;0;0.0;0.0;0.0;0.0;0.0;0.0;0.0;0.0;0.0;0.22;0.04;0.04;0.25;0;0;0.0
2104;ger000692;ger;arist;unknown;Arist;MALE;0;3;34;34;0;0;0;0;0.0;0.0;0.0;0.0;0.0;0.0;0.0;0.0;0.0;0.33;0.18;0.18;0.75;1;1;0.0
2105;ger000692;ger;serena;unknown;Serena;FEMALE;0;5;56;56;0;0;0;0;0.0;0.0;0.0;0.0;0.0;0.0;0.0;0.0;0.0;0.56;0.29;0.29;0.75;0;1;0.0
2106;ger000692;ger;adrast;unknown;Adrast;MALE;0;1;5;5;0;0;0;0;0.0;0.0;0.0;0.0;0.0;0.0;0.0;0.0;0.0;0.11;0.03;0.03;0.75;1;2;0.0
2107;ger000691;ger;der_graf;unknown;Der Graf;MALE;0;3;37;38;0;0;0;0;0.0;0.0;0.0;0.0;0.0;0.0;0.0;0.0;0.0;1.0;0.41;0.4;1.0;1;2;0.0
2108;ger000691;ger;der_verfasser;unknown;Der Verfasser;MALE;0;3;17;18;0;0;0;0;0.0;0.0;0.0;0.0;0.0;0.0;0.0;0.0;0.0;1.0;0.19;0.19;1.0;0;0;0.0
2109;ger000691;ger;herr_pinsel;unknown;Herr Pinsel;MALE;0;1;12;12;0;0;0;0;0.0;0.0;0.0;0.0;0.0;0.0;0.0;0.0;0.0;0.33;0.13;0.13;1.0;1;3;0.0
2110;ger000691;ger;der_ritter;unknown;Der Ritter;MALE;0;1;19;19;0;0;0;0;0.0;0.0;0.0;0.0;0.0;0.0;0.0;0.0;0.0;0.33;0.21;0.2;1.0;1;1;0.0
2111;ger000691;ger;die_baronessin;unknown;Die Baronessin;FEMALE;0;1;5;5;0;0;0;0;0.0;0.0;0.0;0.0;0.0;0.0;0.0;0.0;0.0;0.33;0.06;0.05;1.0;0;1;0.0
2112;ger000215;ger;willhelm;unknown;Willhelm;MALE;5;20;101;101;0;0;0;0;0.19;0.13;0.24;0.34;0.11;0.0;0.0;0.0;0.0;0.42;0.18;0.18;1.0;1;2;0.14
2113;ger000215;ger;robert;unknown;Robert;MALE;5;19;67;67;0;0;0;0;0.12;0.36;0.21;0.09;0.22;0.0;0.0;0.0;0.0;0.4;0.12;0.12;1.0;1;0;0.14
2114;ger000215;ger;lucie;unknown;Lucie;FEMALE;5;22;125;125;0;0;0;0;0.3;0.09;0.11;0.25;0.25;0.0;0.0;0.0;0.0;0.46;0.23;0.23;0.71;0;1;0.0
2115;ger000215;ger;betty;unknown;Betty;FEMALE;5;19;61;61;0;0;0;0;0.15;0.1;0.15;0.33;0.28;0.0;0.0;0.0;0.0;0.4;0.11;0.11;0.86;1;2;0.02
2116;ger000215;ger;karl;unknown;Karl;MALE;5;17;107;107;0;0;0;0;0.14;0.35;0.24;0.09;0.18;0.0;0.0;0.0;0.0;0.35;0.2;0.19;0.86;2;2;0.02
2117;ger000215;ger;amalie;unknown;Amalie;FEMALE;5;13;64;64;0;0;0;0;0.12;0.33;0.2;0.22;0.12;0.0;0.0;0.0;0.0;0.27;0.12;0.12;0.71;2;3;0.0
2118;ger000215;ger;jakob;unknown;Jakob;MALE;3;6;21;21;0;0;0;0;0.0;0.76;0.19;0.0;0.05;0.0;0.0;0.0;0.0;0.12;0.04;0.04;0.57;0;2;0.0
2119;ger000215;ger;der_bediente;unknown;Der Bediente;MALE;1;1;2;2;0;0;0;0;0.0;0.0;0.0;0.0;1.0;0.0;0.0;0.0;0.0;0.02;0.0;0.0;0.29;0;2;0.0
2120;ger000192;ger;herr_gotthart;unknown;Herr Gotthart;MALE;4;16;182;181;0;0;0;0;0.4;0.28;0.13;0.2;0.0;0.0;0.0;0.0;0.0;0.5;0.18;0.18;0.9;0;5;0.13
2121;ger000192;ger;dr_muskat;unknown;Dr. Muskat;MALE;2;4;48;48;0;0;0;0;0.42;0.0;0.58;0.0;0.0;0.0;0.0;0.0;0.0;0.12;0.05;0.05;0.6;2;2;0.02
2122;ger000192;ger;dr_krebsstein;unknown;Dr. Krebsstein;MALE;2;2;43;43;0;0;0;0;0.56;0.44;0.0;0.0;0.0;0.0;0.0;0.0;0.0;0.06;0.04;0.04;0.4;0;1;0.01
2123;ger000192;ger;heinrich;unknown;Heinrich;MALE;5;12;194;193;0;0;0;0;0.3;0.26;0.04;0.05;0.34;0.0;0.0;0.0;0.0;0.38;0.2;0.19;0.7;2;1;0.02
2124;ger000192;ger;kathrine;unknown;Kathrine;FEMALE;3;5;40;40;0;0;0;0;0.38;0.07;0.0;0.55;0.0;0.0;0.0;0.0;0.0;0.16;0.04;0.04;0.4;1;3;0.0
2125;ger000192;ger;ernst_gotthart;unknown;Ernst Gotthart;MALE;4;20;256;260;0;0;0;0;0.0;0.33;0.11;0.26;0.3;0.0;0.0;0.0;0.0;0.62;0.26;0.26;1.0;0;1;0.24
2126;ger000192;ger;jungfer_froehlichin;unknown;Jungfer Fröhlichin;FEMALE;3;13;164;176;0;0;0;0;0.0;0.0;0.24;0.6;0.16;0.0;0.0;0.0;0.0;0.41;0.17;0.17;0.8;1;3;0.09
2127;ger000192;ger;frau_kreuzin;unknown;Frau Kreuzin;FEMALE;1;7;42;42;0;0;0;0;0.0;0.0;1.0;0.0;0.0;0.0;0.0;0.0;0.0;0.22;0.04;0.04;0.6;0;3;0.0
2128;ger000192;ger;herr_froehlich;unknown;Herr Fröhlich;MALE;1;4;17;17;0;0;0;0;0.0;0.0;1.0;0.0;0.0;0.0;0.0;0.0;0.0;0.12;0.02;0.02;0.5;0;2;0.0
2129;ger000192;ger;herr_gotthart ernst_gotthart;unknown;UNKNOWN;u;1;1;1;1;0;0;0;0;0.0;1.0;0.0;0.0;0.0;0.0;0.0;0.0;0.0;0.03;0.0;0.0;0.3;0;0;0.0
2130;ger000192;ger;ernst_gotthart jungfer_froehlichin;unknown;UNKNOWN;u;1;1;1;2;0;0;0;0;0.0;0.0;0.0;1.0;0.0;0.0;0.0;0.0;0.0;0.03;0.0;0.0;0.2;0;0;0.0
2131;ger000600;ger;schlampampe;unknown;Schlampampe;FEMALE;3;9;67;67;0;0;0;0;0.75;0.15;0.1;0.0;0.0;0.0;0.0;0.0;0.0;0.24;0.09;0.09;0.62;2;2;0.0
2132;ger000600;ger;camille;unknown;Camille;FEMALE;3;13;73;73;0;0;0;0;0.55;0.05;0.4;0.0;0.0;0.0;0.0;0.0;0.0;0.34;0.1;0.1;1.0;0;5;0.19
2133;ger000600;ger;schnuertzchen;unknown;Schnürtzchen;FEMALE;3;15;108;108;0;0;0;0;0.16;0.37;0.47;0.0;0.0;0.0;0.0;0.0;0.0;0.39;0.15;0.15;0.94;2;8;0.11
2134;ger000600;ger;clarille;unknown;Clarille;FEMALE;3;5;24;24;0;0;0;0;0.21;0.75;0.04;0.0;0.0;0.0;0.0;0.0;0.0;0.13;0.03;0.03;0.62;4;3;0.0
2135;ger000600;ger;charlotte;unknown;Charlotte;FEMALE;3;5;19;19;0;0;0;0;0.16;0.79;0.05;0.0;0.0;0.0;0.0;0.0;0.0;0.13;0.03;0.03;0.62;2;1;0.0
2136;ger000600;ger;lorentz;unknown;Lorentz;MALE;3;18;141;146;0;0;0;0;0.09;0.3;0.61;0.0;0.0;0.0;0.0;0.0;0.0;0.47;0.2;0.2;0.94;4;7;0.11
2137;ger000600;ger;fidele;unknown;Fidele;MALE;3;10;69;70;0;0;0;0;0.23;0.36;0.41;0.0;0.0;0.0;0.0;0.0;0.0;0.26;0.1;0.1;0.5;1;2;0.01
2138;ger000600;ger;edward;unknown;Edward;MALE;3;10;64;64;0;0;0;0;0.22;0.44;0.34;0.0;0.0;0.0;0.0;0.0;0.0;0.26;0.09;0.09;0.5;0;1;0.01
2139;ger000600;ger;schelmuffsky;unknown;Schelmuffsky;MALE;2;5;16;16;0;0;0;0;0.5;0.0;0.5;0.0;0.0;0.0;0.0;0.0;0.0;0.13;0.02;0.02;0.62;1;0;0.0
2140;ger000600;ger;daefftle;unknown;Däfftle;MALE;3;3;10;10;0;0;0;0;0.4;0.4;0.2;0.0;0.0;0.0;0.0;0.0;0.0;0.08;0.01;0.01;0.62;1;2;0.0
2141;ger000600;ger;cleander;unknown;Cleander;MALE;2;8;70;70;0;0;0;0;0.0;0.33;0.67;0.0;0.0;0.0;0.0;0.0;0.0;0.21;0.1;0.1;0.5;0;3;0.01
2142;ger000600;ger;cratippo;unknown;Cratippo;MALE;1;4;25;25;0;0;0;0;0.0;0.0;1.0;0.0;0.0;0.0;0.0;0.0;0.0;0.11;0.03;0.03;0.62;4;4;0.0
2143;ger000600;ger;lerius;unknown;Lerius;MALE;1;2;10;10;0;0;0;0;0.0;0.0;1.0;0.0;0.0;0.0;0.0;0.0;0.0;0.05;0.01;0.01;0.62;2;1;0.0
2144;ger000600;ger;purpe;unknown;Purpe;MALE;1;2;11;11;0;0;0;0;0.0;0.0;1.0;0.0;0.0;0.0;0.0;0.0;0.0;0.05;0.02;0.02;0.25;1;0;0.0
2145;ger000600;ger;holla;unknown;Holla;MALE;1;1;5;5;0;0;0;0;0.0;0.0;1.0;0.0;0.0;0.0;0.0;0.0;0.0;0.03;0.01;0.01;0.44;2;5;0.0
2146;ger000600;ger;lysander;unknown;Lysander;MALE;1;1;3;3;0;0;0;0;0.0;0.0;1.0;0.0;0.0;0.0;0.0;0.0;0.0;0.03;0.0;0.0;0.44;1;3;0.0
2147;ger000600;ger;charlotte clarille;unknown;UNKNOWN;u;1;1;1;1;0;0;0;0;0.0;0.0;1.0;0.0;0.0;0.0;0.0;0.0;0.0;0.03;0.0;0.0;0.62;0;0;0.0
2148;ger000602;ger;fortunatus;unknown;Fortunatus;MALE;3;22;124;124;0;0;0;0;0.5;0.22;0.28;0.0;0.0;0.0;0.0;0.0;0.0;0.4;0.1;0.09;0.78;0;10;0.31
2149;ger000602;ger;sylvester;unknown;Sylvester;MALE;1;3;16;16;0;0;0;0;1.0;0.0;0.0;0.0;0.0;0.0;0.0;0.0;0.0;0.05;0.01;0.01;0.24;0;1;0.0
2150;ger000602;ger;marode;unknown;Marode;MALE;1;3;32;32;0;0;0;0;1.0;0.0;0.0;0.0;0.0;0.0;0.0;0.0;0.0;0.05;0.03;0.02;0.24;0;0;0.0
2151;ger000602;ger;klunte;unknown;Klunte;FEMALE;1;3;24;24;0;0;0;0;1.0;0.0;0.0;0.0;0.0;0.0;0.0;0.0;0.0;0.05;0.02;0.02;0.14;0;3;0.0
2152;ger000602;ger;mummelmaerten;unknown;Mummelmärten;MALE;3;14;60;60;0;0;0;0;0.32;0.33;0.35;0.0;0.0;0.0;0.0;0.0;0.0;0.25;0.05;0.05;0.43;0;6;0.02
2153;ger000602;ger;grete;unknown;Grete;FEMALE;3;8;116;116;0;0;0;0;0.38;0.29;0.33;0.0;0.0;0.0;0.0;0.0;0.0;0.15;0.09;0.09;0.14;1;2;0.0
2154;ger000602;ger;courage;unknown;Courage;MALE;3;9;168;178;0;0;0;0;0.3;0.47;0.23;0.0;0.0;0.0;0.0;0.0;0.0;0.16;0.13;0.14;0.16;0;3;0.01
2155;ger000602;ger;ehrenfried;unknown;Ehrenfried;MALE;3;15;148;159;0;0;0;0;0.47;0.23;0.3;0.0;0.0;0.0;0.0;0.0;0.0;0.27;0.12;0.12;0.62;2;9;0.11
2156;ger000602;ger;feuerfax;unknown;Feuerfax;MALE;2;5;31;31;0;0;0;0;0.06;0.94;0.0;0.0;0.0;0.0;0.0;0.0;0.0;0.09;0.02;0.02;0.54;0;11;0.07
2157;ger000602;ger;friedenschild;unknown;Friedenschild;MALE;2;5;30;30;0;0;0;0;0.03;0.97;0.0;0.0;0.0;0.0;0.0;0.0;0.0;0.09;0.02;0.02;0.54;0;9;0.07
2158;ger000602;ger;mirax;unknown;Mirax;MALE;3;4;18;18;0;0;0;0;0.11;0.06;0.83;0.0;0.0;0.0;0.0;0.0;0.0;0.07;0.01;0.01;0.35;0;4;0.0
2159;ger000602;ger;narruffsky;unknown;Narruffsky;MALE;3;4;8;8;0;0;0;0;0.25;0.25;0.5;0.0;0.0;0.0;0.0;0.0;0.0;0.07;0.01;0.01;0.35;0;1;0.01
2160;ger000602;ger;pamphilius;unknown;Pamphilius;MALE;2;3;9;9;0;0;0;0;0.0;0.11;0.89;0.0;0.0;0.0;0.0;0.0;0.0;0.05;0.01;0.01;0.27;0;0;0.0
2161;ger000602;ger;damastor;unknown;Damastor;MALE;1;2;5;5;0;0;0;0;0.0;0.0;1.0;0.0;0.0;0.0;0.0;0.0;0.0;0.04;0.0;0.0;0.05;0;1;0.0
2162;ger000602;ger;kilian;unknown;Kilian;MALE;1;2;5;5;0;0;0;0;0.0;0.0;1.0;0.0;0.0;0.0;0.0;0.0;0.0;0.04;0.0;0.0;0.05;0;2;0.0
2163;ger000602;ger;cursino;unknown;Cursino;MALE;1;1;9;9;0;0;0;0;0.0;0.0;1.0;0.0;0.0;0.0;0.0;0.0;0.0;0.02;0.01;0.01;0.03;0;0;0.0
2164;ger000602;ger;culin;unknown;Culin;MALE;1;1;10;10;0;0;0;0;0.0;0.0;1.0;0.0;0.0;0.0;0.0;0.0;0.0;0.02;0.01;0.01;0.03;0;1;0.0
2165;ger000602;ger;hasenius;unknown;Hasenius;MALE;1;1;14;14;0;0;0;0;1.0;0.0;0.0;0.0;0.0;0.0;0.0;0.0;0.0;0.02;0.01;0.01;0.22;0;8;0.0
2166;ger000602;ger;servillo;unknown;Servillo;MALE;1;1;3;3;0;0;0;0;1.0;0.0;0.0;0.0;0.0;0.0;0.0;0.0;0.0;0.02;0.0;0.0;0.14;1;3;0.0
2167;ger000602;ger;johannes;unknown;Johannes;MALE;2;12;166;193;0;0;0;0;0.0;0.67;0.33;0.0;0.0;0.0;0.0;0.0;0.0;0.22;0.13;0.15;0.35;2;5;0.04
2168;ger000602;ger;jukundus;unknown;Jukundus;MALE;2;8;50;50;0;0;0;0;0.0;0.78;0.22;0.0;0.0;0.0;0.0;0.0;0.0;0.15;0.04;0.04;0.24;0;2;0.01
2169;ger000602;ger;walpe;unknown;Walpe;MALE;1;7;27;27;0;0;0;0;0.0;1.0;0.0;0.0;0.0;0.0;0.0;0.0;0.0;0.13;0.02;0.02;0.22;0;4;0.0
2170;ger000602;ger;leonore;unknown;Leonore;FEMALE;2;5;39;39;0;0;0;0;0.0;0.85;0.15;0.0;0.0;0.0;0.0;0.0;0.0;0.09;0.03;0.03;0.16;0;2;0.0
2171;ger000602;ger;injurius;unknown;Injurius;MALE;2;6;65;65;0;0;0;0;0.0;0.4;0.6;0.0;0.0;0.0;0.0;0.0;0.0;0.11;0.05;0.05;0.14;0;0;0.0
2172;ger000602;ger;leander;unknown;Leander;MALE;2;7;48;48;0;0;0;0;0.0;0.77;0.23;0.0;0.0;0.0;0.0;0.0;0.0;0.13;0.04;0.04;0.24;0;2;0.01
2173;ger000602;ger;thomas;unknown;Thomas;MALE;1;2;2;8;0;0;0;0;0.0;1.0;0.0;0.0;0.0;0.0;0.0;0.0;0.0;0.04;0.0;0.01;0.03;0;0;0.0
2174;ger000602;ger;aria;unknown;Aria;UNKNOWN;1;1;1;6;0;0;0;0;0.0;1.0;0.0;0.0;0.0;0.0;0.0;0.0;0.0;0.02;0.0;0.0;0.03;0;0;0.0
2175;ger000602;ger;klare;unknown;Klare;FEMALE;1;1;7;7;0;0;0;0;0.0;0.0;1.0;0.0;0.0;0.0;0.0;0.0;0.0;0.02;0.01;0.01;0.03;0;1;0.0
2176;ger000602;ger;feuerfax fortunatus friedenschild mirax narruffsky pamphilius mummelmaerten damastor kilian cursino culin;unknown;UNKNOWN;u;1;2;2;2;0;0;0;0;1.0;0.0;0.0;0.0;0.0;0.0;0.0;0.0;0.0;0.04;0.0;0.0;0.16;0;2;0.0
2177;ger000602;ger;marode sylvester;unknown;UNKNOWN;u;1;1;2;2;0;0;0;0;1.0;0.0;0.0;0.0;0.0;0.0;0.0;0.0;0.0;0.02;0.0;0.0;0.14;0;3;0.0
2178;ger000602;ger;injurius leander johannes feuerfax friedenschild;unknown;UNKNOWN;u;1;1;1;4;0;0;0;0;0.0;1.0;0.0;0.0;0.0;0.0;0.0;0.0;0.0;0.02;0.0;0.0;0.19;0;2;0.0
2179;ger000602;ger;leander jukundus;unknown;UNKNOWN;u;1;1;1;1;0;0;0;0;0.0;1.0;0.0;0.0;0.0;0.0;0.0;0.0;0.0;0.02;0.0;0.0;0.19;0;0;0.0
2180;ger000602;ger;feuerfax friedenschild mirax narruffsky pamphilius sylvester marode cursino culin kilian damastor;unknown;UNKNOWN;u;1;1;1;1;0;0;0;0;0.0;1.0;0.0;0.0;0.0;0.0;0.0;0.0;0.0;0.02;0.0;0.0;0.11;0;2;0.0
2181;ger000602;ger;fortunatus feuerfax friedenschild mirax narruffsky pamphilius marode sylvester cursino culin damastor kilian;unknown;UNKNOWN;u;1;1;1;1;0;0;0;0;0.0;1.0;0.0;0.0;0.0;0.0;0.0;0.0;0.0;0.02;0.0;0.0;0.27;0;7;0.0
2182;ger000602;ger;cursino culin marode sylvester damastor kilian;unknown;UNKNOWN;u;1;1;2;2;0;0;0;0;0.0;1.0;0.0;0.0;0.0;0.0;0.0;0.0;0.0;0.02;0.0;0.0;0.27;0;0;0.0
2183;ger000602;ger;mummelmaerten fortunatus feuerfax friedenschild mirax narruffsky pamphilius marode sylvester cursino culin damastor kilian;unknown;UNKNOWN;u;1;2;2;2;0;0;0;0;0.0;1.0;0.0;0.0;0.0;0.0;0.0;0.0;0.0;0.04;0.0;0.0;0.27;0;0;0.0
2184;ger000602;ger;feuerfax fortunatus friedenschild mirax narruffsky pamphilius marode sylvester damastor kilian;unknown;UNKNOWN;u;1;1;2;2;0;0;0;0;0.0;0.0;1.0;0.0;0.0;0.0;0.0;0.0;0.0;0.02;0.0;0.0;0.05;0;0;0.0
2185;ger000602;ger;fortunatus feuerfax friedenschild mirax narruffsky pamphilius damastor kilian marode sylvester;unknown;UNKNOWN;u;1;1;1;1;0;0;0;0;0.0;0.0;1.0;0.0;0.0;0.0;0.0;0.0;0.0;0.02;0.0;0.0;0.08;0;0;0.0
2186;ger000601;ger;schlampampe;unknown;Schlampampe;FEMALE;3;16;122;125;0;0;0;0;0.36;0.23;0.41;0.0;0.0;0.0;0.0;0.0;0.0;0.47;0.19;0.18;0.81;2;8;0.11
2187;ger000601;ger;charlotte;unknown;Charlotte;FEMALE;3;12;68;69;0;0;0;0;0.33;0.25;0.42;0.0;0.0;0.0;0.0;0.0;0.0;0.35;0.1;0.1;0.88;4;5;0.15
2188;ger000601;ger;clarille;unknown;Clarille;FEMALE;3;9;54;55;0;0;0;0;0.35;0.22;0.44;0.0;0.0;0.0;0.0;0.0;0.0;0.26;0.08;0.08;0.69;1;4;0.01
2189;ger000601;ger;edward;unknown;Edward;MALE;3;5;40;42;0;0;0;0;0.29;0.38;0.33;0.0;0.0;0.0;0.0;0.0;0.0;0.15;0.06;0.06;0.62;1;5;0.04
2190;ger000601;ger;melinde;unknown;Melinde;FEMALE;1;2;13;13;0;0;0;0;1.0;0.0;0.0;0.0;0.0;0.0;0.0;0.0;0.0;0.06;0.02;0.02;0.12;0;0;0.0
2191;ger000601;ger;cleander;unknown;Cleander;MALE;3;5;56;56;0;0;0;0;0.59;0.16;0.25;0.0;0.0;0.0;0.0;0.0;0.0;0.15;0.09;0.08;0.19;0;1;0.0
2192;ger000601;ger;fidele;unknown;Fidele;MALE;3;7;90;93;0;0;0;0;0.35;0.28;0.37;0.0;0.0;0.0;0.0;0.0;0.0;0.21;0.14;0.14;0.69;0;5;0.03
2193;ger000601;ger;ursille;unknown;Ursille;FEMALE;2;8;30;30;0;0;0;0;0.47;0.0;0.53;0.0;0.0;0.0;0.0;0.0;0.0;0.24;0.05;0.04;0.56;0;4;0.04
2194;ger000601;ger;laux;unknown;Laux;MALE;2;3;14;14;0;0;0;0;0.93;0.07;0.0;0.0;0.0;0.0;0.0;0.0;0.0;0.09;0.02;0.02;0.12;0;0;0.0
2195;ger000601;ger;ursel;unknown;Ursel;MALE;2;5;22;22;0;0;0;0;0.0;0.91;0.09;0.0;0.0;0.0;0.0;0.0;0.0;0.15;0.03;0.03;0.56;3;2;0.04
2196;ger000601;ger;servillo;unknown;Servillo;MALE;1;2;13;13;0;0;0;0;0.0;1.0;0.0;0.0;0.0;0.0;0.0;0.0;0.0;0.06;0.02;0.02;0.19;1;1;0.0
2197;ger000601;ger;schelmuffsky;unknown;Schelmuffsky;MALE;1;8;53;54;0;0;0;0;0.0;0.0;1.0;0.0;0.0;0.0;0.0;0.0;0.0;0.24;0.08;0.08;0.69;2;3;0.01
2198;ger000601;ger;lepsch;unknown;Lepsch;MALE;1;5;34;35;0;0;0;0;0.0;0.0;1.0;0.0;0.0;0.0;0.0;0.0;0.0;0.15;0.05;0.05;0.62;3;4;0.0
2199;ger000601;ger;fleck;unknown;Fleck;MALE;1;4;31;32;0;0;0;0;0.0;0.0;1.0;0.0;0.0;0.0;0.0;0.0;0.0;0.12;0.05;0.05;0.62;4;3;0.0
2200;ger000601;ger;daefftle;unknown;Däfftle;MALE;1;3;9;10;0;0;0;0;0.0;0.0;1.0;0.0;0.0;0.0;0.0;0.0;0.0;0.09;0.01;0.01;0.69;0;1;0.01
2201;ger000601;ger;musander;unknown;Musander;MALE;1;2;4;4;0;0;0;0;0.0;0.0;1.0;0.0;0.0;0.0;0.0;0.0;0.0;0.06;0.01;0.01;0.56;0;2;0.0
2202;ger000601;ger;fidele edward;unknown;UNKNOWN;u;1;1;1;3;0;0;0;0;0.0;1.0;0.0;0.0;0.0;0.0;0.0;0.0;0.0;0.03;0.0;0.0;0.0;0;0;0.0
2203;ger000687;ger;die_baeuerin;unknown;Die Bäuerin;FEMALE;0;1;26;145;0;0;0;0;0.0;0.0;0.0;0.0;0.0;0.0;0.0;0.0;0.0;1.0;0.36;0.42;1.0;0;2;0.0
2204;ger000687;ger;der_bauer;unknown;Der Bauer;MALE;0;1;28;136;0;0;0;0;0.0;0.0;0.0;0.0;0.0;0.0;0.0;0.0;0.0;1.0;0.38;0.39;1.0;0;1;0.0
2205;ger000687;ger;der_pfaff;unknown;Der Pfaff;MALE;0;1;19;66;0;0;0;0;0.0;0.0;0.0;0.0;0.0;0.0;0.0;0.0;0.0;1.0;0.26;0.19;1.0;0;0;0.0
2206;ger000689;ger;eulenspiegel;unknown;Eulenspiegel;MALE;0;1;16;111;0;0;0;0;0.0;0.0;0.0;0.0;0.0;0.0;0.0;0.0;0.0;1.0;0.32;0.33;1.0;0;3;0.0
2207;ger000689;ger;der_bauer;unknown;Der Bauer mit dem grünen Tuch;MALE;0;1;17;106;0;0;0;0;0.0;0.0;0.0;0.0;0.0;0.0;0.0;0.0;0.0;1.0;0.34;0.32;1.0;0;2;0.0
2208;ger000689;ger;der_schottenpfaff;unknown;Der Schottenpfaff;MALE;0;1;8;51;0;0;0;0;0.0;0.0;0.0;0.0;0.0;0.0;0.0;0.0;0.0;1.0;0.16;0.15;1.0;0;1;0.0
2209;ger000689;ger;klaus_wuerfel;unknown;Klaus Würfel;MALE;0;1;9;64;0;0;0;0;0.0;0.0;0.0;0.0;0.0;0.0;0.0;0.0;0.0;1.0;0.18;0.19;1.0;0;0;0.0
2210;ger000586;ger;agnete;unknown;Agnete;FEMALE;0;2;8;8;0;0;0;0;0.0;0.0;0.0;0.0;0.0;0.0;0.0;0.0;0.0;0.08;0.02;0.02;0.29;1;1;0.0
2211;ger000586;ger;madame_ehrenpreis;unknown;Madame Ehrenpreis;FEMALE;0;20;112;112;0;0;0;0;0.0;0.0;0.0;0.0;0.0;0.0;0.0;0.0;0.0;0.8;0.35;0.34;1.0;1;1;0.23
2212;ger000586;ger;magnus;unknown;Magnus;MALE;0;7;36;36;0;0;0;0;0.0;0.0;0.0;0.0;0.0;0.0;0.0;0.0;0.0;0.28;0.11;0.11;0.57;2;2;0.0
2213;ger000586;ger;stram;unknown;Stram;MALE;0;13;69;69;0;0;0;0;0.0;0.0;0.0;0.0;0.0;0.0;0.0;0.0;0.0;0.52;0.21;0.21;1.0;1;1;0.23
2214;ger000586;ger;rose;unknown;Rose;MALE;0;1;12;12;0;0;0;0;0.0;0.0;0.0;0.0;0.0;0.0;0.0;0.0;0.0;0.04;0.04;0.04;0.29;0;1;0.0
2215;ger000586;ger;reinhard;unknown;Reinhard;MALE;0;4;47;47;0;0;0;0;0.0;0.0;0.0;0.0;0.0;0.0;0.0;0.0;0.0;0.16;0.15;0.14;0.71;1;0;0.01
2216;ger000586;ger;charlotte;unknown;Charlotte;FEMALE;0;6;39;39;0;0;0;0;0.0;0.0;0.0;0.0;0.0;0.0;0.0;0.0;0.0;0.24;0.12;0.12;0.71;0;2;0.01
2217;ger000586;ger;madame_ehrenpreis stram;unknown;UNKNOWN;u;0;1;1;1;0;0;0;0;0.0;0.0;0.0;0.0;0.0;0.0;0.0;0.0;0.0;0.04;0.0;0.0;0.57;1;0;0.0
2218;ger000256;ger;einige_stimmen;unknown;Einige Stimmen;UNKNOWN;1;1;2;2;0;0;0;0;1.0;0.0;0.0;0.0;0.0;0.0;0.0;0.0;0.0;0.02;0.0;0.0;0.08;0;0;0.0
2219;ger000256;ger;gefolge_sarastros;unknown;Gefolge Sarastros;UNKNOWN;1;3;6;14;0;0;0;0;1.0;0.0;0.0;0.0;0.0;0.0;0.0;0.0;0.0;0.06;0.01;0.01;0.17;1;1;0.01
2220;ger000256;ger;chor_von_priestern;unknown;Chor von Priestern;MALE;1;5;5;24;0;0;0;0;0.0;1.0;0.0;0.0;0.0;0.0;0.0;0.0;0.0;0.1;0.01;0.02;0.4;0;0;0.13
2221;ger000256;ger;zwey_geharnischte;unknown;Zwey Geharnischte;MALE;1;1;3;14;0;0;0;0;0.0;1.0;0.0;0.0;0.0;0.0;0.0;0.0;0.0;0.02;0.0;0.01;0.1;1;2;0.0
2222;ger000256;ger;tamino;unknown;Tamino;MALE;2;15;90;155;0;0;0;0;0.72;0.28;0.0;0.0;0.0;0.0;0.0;0.0;0.0;0.31;0.15;0.13;0.42;3;3;0.16
2223;ger000256;ger;erste_dame;unknown;Erste Dame;FEMALE;1;4;16;21;0;0;0;0;1.0;0.0;0.0;0.0;0.0;0.0;0.0;0.0;0.0;0.08;0.03;0.02;0.17;2;0;0.0
2224;ger000256;ger;zweyte_dame;unknown;Zweyte Dame;FEMALE;1;4;11;12;0;0;0;0;1.0;0.0;0.0;0.0;0.0;0.0;0.0;0.0;0.0;0.08;0.02;0.01;0.17;1;0;0.0
2225;ger000256;ger;dritte_dame;unknown;Dritte Dame;FEMALE;1;4;9;10;0;0;0;0;1.0;0.0;0.0;0.0;0.0;0.0;0.0;0.0;0.0;0.08;0.01;0.01;0.17;0;0;0.0
2226;ger000256;ger;papageno;unknown;Papageno;MALE;2;23;153;263;0;0;0;0;0.41;0.59;0.0;0.0;0.0;0.0;0.0;0.0;0.0;0.47;0.25;0.23;0.46;5;2;0.28
2227;ger000256;ger;koeniginn;unknown;Königinn;FEMALE;2;3;10;37;0;0;0;0;0.54;0.46;0.0;0.0;0.0;0.0;0.0;0.0;0.0;0.06;0.02;0.03;0.15;1;3;0.0
2228;ger000256;ger;dritter_sclav;unknown;Dritter Sclav;MALE;1;2;9;9;0;0;0;0;1.0;0.0;0.0;0.0;0.0;0.0;0.0;0.0;0.0;0.04;0.01;0.01;0.12;0;2;0.01
2229;ger000256;ger;erster_sclav;unknown;Erster Sclav;MALE;1;2;9;9;0;0;0;0;1.0;0.0;0.0;0.0;0.0;0.0;0.0;0.0;0.0;0.04;0.01;0.01;0.12;0;1;0.01
2230;ger000256;ger;zweyter_sclav;unknown;Zweyter Sclav;MALE;1;2;4;4;0;0;0;0;1.0;0.0;0.0;0.0;0.0;0.0;0.0;0.0;0.0;0.04;0.01;0.0;0.12;0;0;0.01
2231;ger000256;ger;monostatos;unknown;Monostatos;MALE;2;9;29;63;0;0;0;0;0.41;0.59;0.0;0.0;0.0;0.0;0.0;0.0;0.0;0.18;0.05;0.05;0.38;1;6;0.25
2232;ger000256;ger;pamina;unknown;Pamina;FEMALE;2;14;79;129;0;0;0;0;0.36;0.64;0.0;0.0;0.0;0.0;0.0;0.0;0.0;0.29;0.13;0.11;0.33;0;3;0.12
2233;ger000256;ger;stimme;unknown;Stimme;UNKNOWN;1;1;2;2;0;0;0;0;1.0;0.0;0.0;0.0;0.0;0.0;0.0;0.0;0.0;0.02;0.0;0.0;0.08;0;1;0.0
2234;ger000256;ger;priester;unknown;Priester;MALE;1;1;15;26;0;0;0;0;1.0;0.0;0.0;0.0;0.0;0.0;0.0;0.0;0.0;0.02;0.02;0.02;0.08;0;0;0.0
2235;ger000256;ger;sarastro;unknown;Sarastro;MALE;2;7;23;52;0;0;0;0;0.4;0.6;0.0;0.0;0.0;0.0;0.0;0.0;0.0;0.14;0.04;0.05;0.33;0;6;0.08
2236;ger000256;ger;erster_priester;unknown;Erster Priester;MALE;1;1;1;1;0;0;0;0;0.0;1.0;0.0;0.0;0.0;0.0;0.0;0.0;0.0;0.02;0.0;0.0;0.1;0;4;0.0
2237;ger000256;ger;zweyter_priester;unknown;Zweyter Priester;MALE;1;4;15;15;0;0;0;0;0.0;1.0;0.0;0.0;0.0;0.0;0.0;0.0;0.0;0.08;0.02;0.01;0.15;0;4;0.01
2238;ger000256;ger;dritter_priester;unknown;Dritter Priester;MALE;1;1;1;1;0;0;0;0;0.0;1.0;0.0;0.0;0.0;0.0;0.0;0.0;0.0;0.02;0.0;0.0;0.1;0;2;0.0
2239;ger000256;ger;sprecher;unknown;Sprecher;MALE;1;6;16;24;0;0;0;0;0.0;1.0;0.0;0.0;0.0;0.0;0.0;0.0;0.0;0.12;0.03;0.02;0.15;0;3;0.01
2240;ger000256;ger;weib;unknown;Ein altes Weib;FEMALE;1;3;25;25;0;0;0;0;0.0;1.0;0.0;0.0;0.0;0.0;0.0;0.0;0.0;0.06;0.04;0.02;0.06;0;0;0.0
2241;ger000256;ger;eine_stimme;unknown;Eine Stimme;UNKNOWN;1;1;2;2;0;0;0;0;0.0;1.0;0.0;0.0;0.0;0.0;0.0;0.0;0.0;0.02;0.0;0.0;0.02;0;0;0.0
2242;ger000256;ger;erster_knabe;unknown;Erster Knabe;MALE;1;1;2;2;0;0;0;0;0.0;1.0;0.0;0.0;0.0;0.0;0.0;0.0;0.0;0.02;0.0;0.0;0.04;0;0;0.0
2243;ger000256;ger;erste_dame zweyte_dame dritte_dame;unknown;UNKNOWN;u;2;5;21;58;0;0;0;0;0.71;0.29;0.0;0.0;0.0;0.0;0.0;0.0;0.0;0.1;0.03;0.05;0.19;3;2;0.0
2244;ger000256;ger;erste_dame zweyte_dame dritte_dame papageno;unknown;UNKNOWN;u;1;1;1;1;0;0;0;0;1.0;0.0;0.0;0.0;0.0;0.0;0.0;0.0;0.0;0.02;0.0;0.0;0.15;1;0;0.0
2245;ger000256;ger;erste_dame zweyte_dame dritte_dame papageno tamino;unknown;UNKNOWN;u;2;2;5;16;0;0;0;0;0.75;0.25;0.0;0.0;0.0;0.0;0.0;0.0;0.0;0.04;0.01;0.01;0.19;1;1;0.0
2246;ger000256;ger;tamino papageno;unknown;UNKNOWN;u;2;2;3;6;0;0;0;0;0.67;0.33;0.0;0.0;0.0;0.0;0.0;0.0;0.0;0.04;0.0;0.01;0.19;0;1;0.0
2247;ger000256;ger;erster_sclav zweyter_sclav;unknown;UNKNOWN;u;1;1;2;2;0;0;0;0;1.0;0.0;0.0;0.0;0.0;0.0;0.0;0.0;0.0;0.02;0.0;0.0;0.06;0;0;0.0
2248;ger000256;ger;erster_sclav zweyter_sclav dritter_sclav;unknown;UNKNOWN;u;1;1;1;1;0;0;0;0;1.0;0.0;0.0;0.0;0.0;0.0;0.0;0.0;0.0;0.02;0.0;0.0;0.1;0;2;0.0
2249;ger000256;ger;zweyter_sclav dritter_sclav;unknown;UNKNOWN;u;1;1;1;1;0;0;0;0;1.0;0.0;0.0;0.0;0.0;0.0;0.0;0.0;0.0;0.02;0.0;0.0;0.1;0;2;0.0
2250;ger000256;ger;monostatos papageno;unknown;UNKNOWN;u;1;1;1;3;0;0;0;0;1.0;0.0;0.0;0.0;0.0;0.0;0.0;0.0;0.0;0.02;0.0;0.0;0.02;0;0;0.0
2251;ger000256;ger;papageno pamina;unknown;UNKNOWN;u;1;3;6;30;0;0;0;0;1.0;0.0;0.0;0.0;0.0;0.0;0.0;0.0;0.0;0.06;0.01;0.03;0.12;0;0;0.0
2252;ger000256;ger;erster_knabe zweyter_knabe dritter_knabe;unknown;UNKNOWN;u;2;5;13;52;0;0;0;0;0.15;0.85;0.0;0.0;0.0;0.0;0.0;0.0;0.0;0.1;0.02;0.05;0.23;1;3;0.12
2253;ger000256;ger;pamina papageno;unknown;UNKNOWN;u;1;1;1;1;0;0;0;0;1.0;0.0;0.0;0.0;0.0;0.0;0.0;0.0;0.0;0.02;0.0;0.0;0.12;1;1;0.0
2254;ger000256;ger;monostatos erster_sclav zweyter_sclav dritter_sclav;unknown;UNKNOWN;u;1;1;1;4;0;0;0;0;1.0;0.0;0.0;0.0;0.0;0.0;0.0;0.0;0.0;0.02;0.0;0.0;0.12;1;0;0.0
2255;ger000256;ger;pamina tamino;unknown;UNKNOWN;u;1;1;1;4;0;0;0;0;1.0;0.0;0.0;0.0;0.0;0.0;0.0;0.0;0.0;0.02;0.0;0.0;0.06;0;1;0.0
2256;ger000256;ger;sarastro tamino;unknown;UNKNOWN;u;1;1;4;6;0;0;0;0;0.0;1.0;0.0;0.0;0.0;0.0;0.0;0.0;0.0;0.02;0.01;0.01;0.08;0;0;0.0
2257;ger000256;ger;tamino pamina;unknown;UNKNOWN;u;1;2;3;6;0;0;0;0;0.0;1.0;0.0;0.0;0.0;0.0;0.0;0.0;0.0;0.04;0.0;0.01;0.15;0;1;0.0
2258;ger000256;ger;zweyter_knabe dritter_knabe;unknown;UNKNOWN;u;1;1;2;7;0;0;0;0;0.0;1.0;0.0;0.0;0.0;0.0;0.0;0.0;0.0;0.02;0.0;0.01;0.04;0;0;0.0
2259;ger000256;ger;pamina erster_knabe zweyter_knabe dritter_knabe;unknown;UNKNOWN;u;1;1;2;6;0;0;0;0;0.0;1.0;0.0;0.0;0.0;0.0;0.0;0.0;0.0;0.02;0.0;0.01;0.04;0;0;0.0
2260;ger000256;ger;tamino zwey_geharnischte;unknown;UNKNOWN;u;1;1;1;5;0;0;0;0;0.0;1.0;0.0;0.0;0.0;0.0;0.0;0.0;0.0;0.02;0.0;0.0;0.1;0;1;0.0
2261;ger000256;ger;papageno weib;unknown;UNKNOWN;u;1;1;3;14;0;0;0;0;0.0;1.0;0.0;0.0;0.0;0.0;0.0;0.0;0.0;0.02;0.0;0.01;0.06;0;0;0.0
2262;ger000256;ger;koeniginn erste_dame zweyte_dame dritte_dame;unknown;UNKNOWN;u;1;1;3;5;0;0;0;0;0.0;1.0;0.0;0.0;0.0;0.0;0.0;0.0;0.0;0.02;0.0;0.0;0.12;1;2;0.0
2263;ger000256;ger;monostatos erste_dame zweyte_dame dritte_dame;unknown;UNKNOWN;u;1;1;1;5;0;0;0;0;0.0;1.0;0.0;0.0;0.0;0.0;0.0;0.0;0.0;0.02;0.0;0.0;0.12;0;2;0.0
2264;ger000256;ger;monostatos koeniginn;unknown;UNKNOWN;u;1;1;1;2;0;0;0;0;0.0;1.0;0.0;0.0;0.0;0.0;0.0;0.0;0.0;0.02;0.0;0.0;0.12;0;2;0.0
2265;ger000086;ger;illo;unknown;Illo;MALE;4;9;69;268;0;0;0;0;0.32;0.28;0.23;0.17;0.0;0.0;0.0;0.0;0.0;0.29;0.09;0.09;0.52;0;7;0.04
2266;ger000086;ger;isolani;unknown;Isolani;MALE;3;6;34;108;0;0;0;0;0.61;0.02;0.0;0.37;0.0;0.0;0.0;0.0;0.0;0.19;0.05;0.04;0.45;0;5;0.01
2267;ger000086;ger;buttler;unknown;Buttler;MALE;3;6;29;152;0;0;0;0;0.47;0.05;0.0;0.49;0.0;0.0;0.0;0.0;0.0;0.19;0.04;0.05;0.42;0;4;0.0
2268;ger000086;ger;octavio;unknown;Octavio;MALE;3;9;99;429;0;0;0;0;0.35;0.0;0.0;0.04;0.6;0.0;0.0;0.0;0.0;0.29;0.14;0.15;0.42;0;6;0.07
2269;ger000086;ger;questenberg;unknown;Questenberg;MALE;2;5;59;239;0;0;0;0;0.5;0.5;0.0;0.0;0.0;0.0;0.0;0.0;0.0;0.16;0.08;0.08;0.32;0;7;0.0
2270;ger000086;ger;max;unknown;Max;MALE;5;12;107;519;0;0;0;0;0.26;0.07;0.37;0.03;0.27;0.0;0.0;0.0;0.0;0.39;0.15;0.18;0.55;1;9;0.07
2271;ger000086;ger;erster_bedienter_2-1;unknown;Erster Bedienter (II/1);MALE;1;1;3;5;0;0;0;0;0.0;1.0;0.0;0.0;0.0;0.0;0.0;0.0;0.0;0.03;0.0;0.0;0.1;0;3;0.0
2272;ger000086;ger;zweiter_bedienter_2-1;unknown;Zweiter Bedienter (II/1);MALE;1;1;5;9;0;0;0;0;0.0;1.0;0.0;0.0;0.0;0.0;0.0;0.0;0.0;0.03;0.01;0.0;0.1;0;2;0.0
2273;ger000086;ger;seni;unknown;Seni;MALE;1;1;4;12;0;0;0;0;0.0;1.0;0.0;0.0;0.0;0.0;0.0;0.0;0.0;0.03;0.01;0.0;0.1;0;1;0.0
2274;ger000086;ger;dritter_bedienter_2-1;unknown;Dritter Bedienter (II/1);MALE;1;1;2;4;0;0;0;0;0.0;1.0;0.0;0.0;0.0;0.0;0.0;0.0;0.0;0.03;0.0;0.0;0.1;0;0;0.0
2275;ger000086;ger;wallenstein;unknown;Wallenstein;MALE;1;6;71;337;0;0;0;0;0.0;1.0;0.0;0.0;0.0;0.0;0.0;0.0;0.0;0.19;0.1;0.12;0.42;2;10;0.05
2276;ger000086;ger;herzogin;unknown;Herzogin;FEMALE;1;2;17;77;0;0;0;0;0.0;1.0;0.0;0.0;0.0;0.0;0.0;0.0;0.0;0.06;0.02;0.03;0.1;1;0;0.0
2277;ger000086;ger;graefin;unknown;Gräfin;FEMALE;2;7;51;173;0;0;0;0;0.0;0.06;0.94;0.0;0.0;0.0;0.0;0.0;0.0;0.23;0.07;0.06;0.23;2;5;0.02
2278;ger000086;ger;thekla;unknown;Thekla;FEMALE;2;8;44;198;0;0;0;0;0.0;0.03;0.97;0.0;0.0;0.0;0.0;0.0;0.0;0.26;0.06;0.07;0.16;0;1;0.01
2279;ger000086;ger;terzky;unknown;Terzky;MALE;3;12;58;130;0;0;0;0;0.0;0.33;0.33;0.34;0.0;0.0;0.0;0.0;0.0;0.39;0.08;0.05;0.61;0;7;0.34
2280;ger000086;ger;kammerdiener_2-6;unknown;Kammerdiener (II/6);MALE;1;1;1;1;0;0;0;0;0.0;1.0;0.0;0.0;0.0;0.0;0.0;0.0;0.0;0.03;0.0;0.0;0.1;0;0;0.0
2281;ger000086;ger;goetz;unknown;Götz;MALE;2;3;8;10;0;0;0;0;0.0;0.1;0.0;0.9;0.0;0.0;0.0;0.0;0.0;0.1;0.01;0.0;0.42;0;3;0.0
2282;ger000086;ger;tiefenbach;unknown;Tiefenbach;MALE;2;3;9;13;0;0;0;0;0.0;0.08;0.0;0.92;0.0;0.0;0.0;0.0;0.0;0.1;0.01;0.0;0.42;0;2;0.0
2283;ger000086;ger;colalto;unknown;Colalto;MALE;1;1;1;1;0;0;0;0;0.0;1.0;0.0;0.0;0.0;0.0;0.0;0.0;0.0;0.03;0.0;0.0;0.29;0;0;0.0
2284;ger000086;ger;bedienter_3-2;unknown;Bedienter (III/2);MALE;1;1;1;1;0;0;0;0;0.0;0.0;1.0;0.0;0.0;0.0;0.0;0.0;0.0;0.03;0.0;0.0;0.1;0;1;0.0
2285;ger000086;ger;neumann;unknown;Neumann;MALE;1;2;9;28;0;0;0;0;0.0;0.0;0.0;1.0;0.0;0.0;0.0;0.0;0.0;0.06;0.01;0.01;0.19;0;4;0.24
2286;ger000086;ger;kellermeister;unknown;Kellermeister;MALE;1;1;15;69;0;0;0;0;0.0;0.0;0.0;1.0;0.0;0.0;0.0;0.0;0.0;0.03;0.02;0.02;0.16;0;5;0.0
2287;ger000086;ger;erster_bedienter_4-5;unknown;Erster Bedienter (IV/5);MALE;1;1;4;5;0;0;0;0;0.0;0.0;0.0;1.0;0.0;0.0;0.0;0.0;0.0;0.03;0.01;0.0;0.16;0;3;0.0
2288;ger000086;ger;zweiter_bedienter_4-5;unknown;Zweiter Bedienter (IV/5);MALE;1;1;4;8;0;0;0;0;0.0;0.0;0.0;1.0;0.0;0.0;0.0;0.0;0.0;0.03;0.01;0.0;0.16;0;2;0.0
2289;ger000086;ger;dritter_bedienter_4-5;unknown;Dritter Bedienter (IV/5);MALE;1;1;2;4;0;0;0;0;0.0;0.0;0.0;1.0;0.0;0.0;0.0;0.0;0.0;0.03;0.0;0.0;0.16;0;1;0.0
2290;ger000086;ger;vierter_bedienter_4-5;unknown;Vierter Bedienter (IV/5);MALE;1;1;1;3;0;0;0;0;0.0;0.0;0.0;1.0;0.0;0.0;0.0;0.0;0.0;0.03;0.0;0.0;0.16;0;0;0.0
2291;ger000086;ger;kammerdiener_5;unknown;Kammerdiener (V);MALE;1;2;3;3;0;0;0;0;0.0;0.0;0.0;0.0;1.0;0.0;0.0;0.0;0.0;0.06;0.0;0.0;0.1;0;2;0.0
2292;ger000086;ger;kornett;unknown;Kornett;MALE;1;1;13;25;0;0;0;0;0.0;0.0;0.0;0.0;1.0;0.0;0.0;0.0;0.0;0.03;0.02;0.01;0.06;0;0;0.0
2293;ger000086;ger;colalto goetz;unknown;UNKNOWN;u;1;1;1;1;0;0;0;0;0.0;0.0;0.0;1.0;0.0;0.0;0.0;0.0;0.0;0.03;0.0;0.0;0.1;0;2;0.0
2294;ger000086;ger;goetz buttler;unknown;UNKNOWN;u;1;1;1;1;0;0;0;0;0.0;0.0;0.0;1.0;0.0;0.0;0.0;0.0;0.0;0.03;0.0;0.0;0.32;0;7;0.0
2295;ger000086;ger;terzky isolani;unknown;UNKNOWN;u;1;1;1;1;0;0;0;0;0.0;0.0;0.0;1.0;0.0;0.0;0.0;0.0;0.0;0.03;0.0;0.0;0.32;0;4;0.0
2296;ger000086;ger;octavio terzky buttler;unknown;UNKNOWN;u;1;1;1;1;0;0;0;0;0.0;0.0;0.0;1.0;0.0;0.0;0.0;0.0;0.0;0.03;0.0;0.0;0.32;0;0;0.0
2297;ger000008;ger;die_raeuber;unknown;Die Räuber;MALE;4;4;20;53;0;0;0;0;0.0;0.06;0.02;0.79;0.13;0.0;0.0;0.0;0.0;0.27;0.02;0.04;0.75;1;6;0.05
2298;ger000008;ger;volk;unknown;Volk;UNKNOWN;1;1;1;1;0;0;0;0;0.0;0.0;0.0;0.0;1.0;0.0;0.0;0.0;0.0;0.07;0.0;0.0;0.29;0;2;0.0
2299;ger000008;ger;franz_von_moor;unknown;Franz von Moor;MALE;5;7;172;183;0;0;0;0;0.32;0.23;0.05;0.15;0.25;0.0;0.0;0.0;0.0;0.47;0.16;0.15;0.43;1;8;0.01
2300;ger000008;ger;der_alte_moor;unknown;Der alte Moor;MALE;4;4;100;100;0;0;0;0;0.28;0.38;0.0;0.14;0.2;0.0;0.0;0.0;0.0;0.27;0.09;0.08;0.5;0;5;0.01
2301;ger000008;ger;karl_von_moor;unknown;Karl von Moor;MALE;5;9;211;266;0;0;0;0;0.11;0.1;0.14;0.49;0.17;0.0;0.0;0.0;0.0;0.6;0.2;0.22;0.86;0;20;0.08
2302;ger000008;ger;spiegelberg;unknown;Spiegelberg;MALE;4;4;60;64;0;0;0;0;0.53;0.38;0.02;0.08;0.0;0.0;0.0;0.0;0.0;0.27;0.06;0.05;0.64;0;13;0.02
2303;ger000008;ger;roller;unknown;Roller;MALE;2;2;27;28;0;0;0;0;0.68;0.32;0.0;0.0;0.0;0.0;0.0;0.0;0.0;0.13;0.03;0.02;0.54;0;10;0.0
2304;ger000008;ger;grimm;unknown;Grimm;MALE;4;5;29;29;0;0;0;0;0.24;0.0;0.34;0.14;0.28;0.0;0.0;0.0;0.0;0.33;0.03;0.02;0.79;1;11;0.08
2305;ger000008;ger;schwarz;unknown;Schwarz;MALE;5;6;31;31;0;0;0;0;0.19;0.23;0.32;0.13;0.13;0.0;0.0;0.0;0.0;0.4;0.03;0.03;1.0;1;14;0.16
2306;ger000008;ger;schufterle;unknown;Schufterle;MALE;2;2;8;8;0;0;0;0;0.62;0.38;0.0;0.0;0.0;0.0;0.0;0.0;0.0;0.13;0.01;0.01;0.54;0;4;0.0
2307;ger000008;ger;razmann;unknown;Razmann;MALE;3;3;38;40;0;0;0;0;0.12;0.78;0.0;0.1;0.0;0.0;0.0;0.0;0.0;0.2;0.04;0.03;0.61;0;8;0.01
2308;ger000008;ger;schweizer;unknown;Schweizer;MALE;5;5;65;65;0;0;0;0;0.11;0.31;0.28;0.23;0.08;0.0;0.0;0.0;0.0;0.33;0.06;0.05;0.86;0;8;0.1
2309;ger000008;ger;amalia;unknown;Amalia;FEMALE;5;6;111;160;0;0;0;0;0.12;0.36;0.25;0.19;0.08;0.0;0.0;0.0;0.0;0.4;0.1;0.13;0.39;0;7;0.01
2310;ger000008;ger;hermann;unknown;Hermann;MALE;3;4;52;52;0;0;0;0;0.0;0.62;0.19;0.19;0.0;0.0;0.0;0.0;0.0;0.27;0.05;0.04;0.39;0;0;0.0
2311;ger000008;ger;daniel;unknown;Daniel;MALE;3;4;67;67;0;0;0;0;0.0;0.01;0.0;0.6;0.39;0.0;0.0;0.0;0.0;0.27;0.06;0.05;0.46;0;9;0.01
2312;ger000008;ger;einer_von_der_bande;unknown;Einer von der Bande;MALE;1;1;1;1;0;0;0;0;0.0;1.0;0.0;0.0;0.0;0.0;0.0;0.0;0.0;0.07;0.0;0.0;0.46;0;5;0.0
2313;ger000008;ger;ein_zweiter;unknown;Ein Zweiter;MALE;1;1;1;1;0;0;0;0;0.0;1.0;0.0;0.0;0.0;0.0;0.0;0.0;0.0;0.07;0.0;0.0;0.46;0;4;0.0
2314;ger000008;ger;ein_dritter;unknown;Ein Dritter;MALE;1;1;1;1;0;0;0;0;0.0;1.0;0.0;0.0;0.0;0.0;0.0;0.0;0.0;0.07;0.0;0.0;0.46;0;3;0.0
2315;ger000008;ger;pater;unknown;Pater;MALE;1;1;13;13;0;0;0;0;0.0;1.0;0.0;0.0;0.0;0.0;0.0;0.0;0.0;0.07;0.01;0.01;0.46;0;0;0.0
2316;ger000008;ger;kosinsky;unknown;Kosinsky;MALE;2;3;26;26;0;0;0;0;0.0;0.0;0.81;0.19;0.0;0.0;0.0;0.0;0.0;0.2;0.02;0.02;0.25;0;2;0.0
2317;ger000008;ger;bedienter_5-1a;unknown;Bedienter;MALE;1;1;4;4;0;0;0;0;0.0;0.0;0.0;0.0;1.0;0.0;0.0;0.0;0.0;0.07;0.0;0.0;0.29;0;5;0.0
2318;ger000008;ger;moser;unknown;Moser;MALE;1;1;17;17;0;0;0;0;0.0;0.0;0.0;0.0;1.0;0.0;0.0;0.0;0.0;0.07;0.02;0.01;0.29;0;4;0.0
2319;ger000008;ger;bedienter_5-1b;unknown;Bedienter;MALE;1;1;1;1;0;0;0;0;0.0;0.0;0.0;0.0;1.0;0.0;0.0;0.0;0.0;0.07;0.0;0.0;0.29;0;3;0.0
2320;ger000008;ger;ein_raeuber;unknown;Ein Räuber;MALE;1;1;1;1;0;0;0;0;0.0;0.0;0.0;0.0;1.0;0.0;0.0;0.0;0.0;0.07;0.0;0.0;0.29;0;2;0.0
2321;ger000008;ger;ein_alter_raeuber;unknown;Ein alter Räuber;MALE;1;1;1;1;0;0;0;0;0.0;0.0;0.0;0.0;1.0;0.0;0.0;0.0;0.0;0.07;0.0;0.0;0.29;0;1;0.0
2322;ger000008;ger;ein_dritter_raeuber;unknown;Ein dritter Räuber;MALE;1;1;1;1;0;0;0;0;0.0;0.0;0.0;0.0;1.0;0.0;0.0;0.0;0.0;0.07;0.0;0.0;0.29;0;0;0.0
2323;ger000008;ger;roller grimm schwarz schufterle razmann schweizer;unknown;UNKNOWN;u;1;1;3;3;0;0;0;0;1.0;0.0;0.0;0.0;0.0;0.0;0.0;0.0;0.0;0.07;0.0;0.0;0.29;0;0;0.0
2324;ger000008;ger;schweizer roller;unknown;UNKNOWN;u;1;1;2;2;0;0;0;0;0.0;1.0;0.0;0.0;0.0;0.0;0.0;0.0;0.0;0.07;0.0;0.0;0.46;0;9;0.0
2325;ger000008;ger;schweizer grimm roller schwarz schufterle razmann die_raeuber;unknown;UNKNOWN;u;1;1;1;1;0;0;0;0;0.0;1.0;0.0;0.0;0.0;0.0;0.0;0.0;0.0;0.07;0.0;0.0;0.46;0;0;0.0
2326;ger000451;ger;gaeste;unknown;Gäste;UNKNOWN;1;2;2;2;0;0;0;0;1.0;0.0;0.0;0.0;0.0;0.0;0.0;0.0;0.0;0.03;0.0;0.0;0.11;0;1;0.0
2327;ger000451;ger;masken;unknown;Masken;MALE;1;1;1;1;0;0;0;0;1.0;0.0;0.0;0.0;0.0;0.0;0.0;0.0;0.0;0.01;0.0;0.0;0.11;0;3;0.0
2328;ger000451;ger;zwoelf_handwerker;unknown;Zwölf Handwerker;MALE;1;1;10;10;0;0;0;0;0.0;1.0;0.0;0.0;0.0;0.0;0.0;0.0;0.0;0.01;0.01;0.01;0.13;0;4;0.0
2329;ger000451;ger;verschworene;unknown;Verschworene;MALE;3;4;5;5;0;0;0;0;0.0;0.0;0.2;0.6;0.2;0.0;0.0;0.0;0.0;0.05;0.0;0.0;0.21;0;2;0.0
2330;ger000451;ger;wachen_am_hoftor;unknown;Wachen am Hoftor;MALE;1;6;12;12;0;0;0;0;0.0;0.0;0.0;1.0;0.0;0.0;0.0;0.0;0.0;0.08;0.01;0.01;0.29;0;8;0.04
2331;ger000451;ger;teutsche;unknown;Teutsche;MALE;1;1;1;1;0;0;0;0;0.0;0.0;0.0;0.0;1.0;0.0;0.0;0.0;0.0;0.01;0.0;0.0;0.08;0;0;0.0
2332;ger000451;ger;alle_5-12;unknown;Alle (V/12);UNKNOWN;1;1;1;1;0;0;0;0;0.0;0.0;0.0;0.0;1.0;0.0;0.0;0.0;0.0;0.01;0.0;0.0;0.13;0;0;0.0
2333;ger000451;ger;leonore;unknown;Leonore;FEMALE;5;11;78;78;0;0;0;0;0.15;0.4;0.14;0.21;0.1;0.0;0.0;0.0;0.0;0.15;0.06;0.06;0.16;2;2;0.02
2334;ger000451;ger;arabella;unknown;Arabella/Bella;FEMALE;4;7;24;24;0;0;0;0;0.25;0.12;0.0;0.08;0.54;0.0;0.0;0.0;0.0;0.09;0.02;0.02;0.21;1;5;0.03
2335;ger000451;ger;rosa;unknown;Rosa;FEMALE;3;4;9;9;0;0;0;0;0.44;0.33;0.0;0.22;0.0;0.0;0.0;0.0;0.0;0.05;0.01;0.01;0.05;0;0;0.0
2336;ger000451;ger;gianettino;unknown;Gianettino;MALE;4;12;88;87;0;0;0;0;0.25;0.36;0.31;0.0;0.08;0.0;0.0;0.0;0.0;0.16;0.07;0.07;0.29;1;5;0.03
2337;ger000451;ger;mohr;unknown;Mohr;MALE;5;13;112;111;0;0;0;0;0.34;0.36;0.21;0.02;0.07;0.0;0.0;0.0;0.0;0.17;0.09;0.09;0.21;0;0;0.0
2338;ger000451;ger;calcagno;unknown;Calcagno;MALE;5;15;62;62;0;0;0;0;0.32;0.24;0.08;0.13;0.23;0.0;0.0;0.0;0.0;0.2;0.05;0.05;0.53;2;5;0.14
2339;ger000451;ger;sacco;unknown;Sacco;MALE;4;11;25;25;0;0;0;0;0.44;0.0;0.16;0.08;0.32;0.0;0.0;0.0;0.0;0.15;0.02;0.02;0.42;1;4;0.05
2340;ger000451;ger;julia;unknown;Julia;FEMALE;4;8;52;52;0;0;0;0;0.19;0.25;0.29;0.27;0.0;0.0;0.0;0.0;0.0;0.11;0.04;0.04;0.16;2;1;0.01
2341;ger000451;ger;fiesco;unknown;Fiesco;MALE;5;39;326;331;0;0;0;0;0.21;0.25;0.21;0.17;0.16;0.0;0.0;0.0;0.0;0.52;0.26;0.26;0.76;0;16;0.45
2342;ger000451;ger;lomellin;unknown;Lomellin;MALE;4;8;48;48;0;0;0;0;0.17;0.54;0.1;0.0;0.19;0.0;0.0;0.0;0.0;0.11;0.04;0.04;0.24;1;2;0.02
2343;ger000451;ger;eine_von_den_drei_masken;unknown;Eine von den drei Masken;MALE;1;1;1;1;0;0;0;0;1.0;0.0;0.0;0.0;0.0;0.0;0.0;0.0;0.0;0.01;0.0;0.0;0.11;0;0;0.0
2344;ger000451;ger;verrina;unknown;Verrina;MALE;5;16;113;113;0;0;0;0;0.42;0.09;0.14;0.15;0.2;0.0;0.0;0.0;0.0;0.21;0.09;0.09;0.39;0;9;0.04
2345;ger000451;ger;bourgognino;unknown;Bourgognino;MALE;5;16;76;76;0;0;0;0;0.29;0.07;0.2;0.2;0.25;0.0;0.0;0.0;0.0;0.21;0.06;0.06;0.42;1;11;0.05
2346;ger000451;ger;berta;unknown;Berta;FEMALE;2;4;32;32;0;0;0;0;0.66;0.0;0.0;0.0;0.34;0.0;0.0;0.0;0.0;0.05;0.03;0.03;0.13;0;1;0.0
2347;ger000451;ger;zibo;unknown;Zibo;MALE;3;8;42;42;0;0;0;0;0.0;0.21;0.0;0.6;0.19;0.0;0.0;0.0;0.0;0.11;0.03;0.03;0.29;0;7;0.01
2348;ger000451;ger;zenturione;unknown;Zenturione;MALE;3;9;51;50;0;0;0;0;0.0;0.24;0.0;0.62;0.14;0.0;0.0;0.0;0.0;0.12;0.04;0.04;0.37;0;8;0.08
2349;ger000451;ger;asserato;unknown;Asserato;MALE;2;3;15;15;0;0;0;0;0.0;0.27;0.0;0.73;0.0;0.0;0.0;0.0;0.0;0.04;0.01;0.01;0.21;0;3;0.0
2350;ger000451;ger;erster_handwerker;unknown;Erster Handwerker;MALE;1;1;9;9;0;0;0;0;0.0;1.0;0.0;0.0;0.0;0.0;0.0;0.0;0.0;0.01;0.01;0.01;0.13;0;2;0.0
2351;ger000451;ger;zweiter_handwerker;unknown;Zweiter Handwerker;MALE;1;1;5;5;0;0;0;0;0.0;1.0;0.0;0.0;0.0;0.0;0.0;0.0;0.0;0.01;0.0;0.0;0.13;0;1;0.0
2352;ger000451;ger;dritter_handwerker;unknown;Dritter Handwerker;MALE;1;1;1;1;0;0;0;0;0.0;1.0;0.0;0.0;0.0;0.0;0.0;0.0;0.0;0.01;0.0;0.0;0.13;0;0;0.0
2353;ger000451;ger;andreas;unknown;Andreas;MALE;2;5;25;25;0;0;0;0;0.0;0.32;0.0;0.0;0.68;0.0;0.0;0.0;0.0;0.07;0.02;0.02;0.16;0;2;0.03
2354;ger000451;ger;romano;unknown;Romano;MALE;1;1;5;5;0;0;0;0;0.0;1.0;0.0;0.0;0.0;0.0;0.0;0.0;0.0;0.01;0.0;0.0;0.08;0;0;0.0
2355;ger000451;ger;teutscher_3-11;unknown;Teutscher (III/11);MALE;1;1;3;3;0;0;0;0;0.0;0.0;1.0;0.0;0.0;0.0;0.0;0.0;0.0;0.01;0.0;0.0;0.08;1;1;0.0
2356;ger000451;ger;linke_wache;unknown;Linke Wache;MALE;1;1;1;1;0;0;0;0;0.0;0.0;0.0;1.0;0.0;0.0;0.0;0.0;0.0;0.01;0.0;0.0;0.08;0;1;0.0
2357;ger000451;ger;rechte_wache;unknown;Rechte Wache;MALE;1;1;1;1;0;0;0;0;0.0;0.0;0.0;1.0;0.0;0.0;0.0;0.0;0.0;0.01;0.0;0.0;0.08;0;0;0.0
2358;ger000451;ger;teutscher_4-8;unknown;Teutscher (IV/8);MALE;1;2;3;3;0;0;0;0;0.0;0.0;0.0;1.0;0.0;0.0;0.0;0.0;0.0;0.03;0.0;0.0;0.16;0;1;0.0
2359;ger000451;ger;bedienter;unknown;Bedienter;MALE;1;1;1;1;0;0;0;0;0.0;0.0;0.0;1.0;0.0;0.0;0.0;0.0;0.0;0.01;0.0;0.0;0.03;0;1;0.0
2360;ger000451;ger;teutscher_5-4;unknown;Teutscher (V/4);MALE;1;1;5;5;0;0;0;0;0.0;0.0;0.0;0.0;1.0;0.0;0.0;0.0;0.0;0.01;0.0;0.0;0.08;0;3;0.0
2361;ger000451;ger;sacco calcagno;unknown;UNKNOWN;u;1;1;2;2;0;0;0;0;1.0;0.0;0.0;0.0;0.0;0.0;0.0;0.0;0.0;0.01;0.0;0.0;0.11;1;0;0.0
2362;ger000451;ger;erster_handwerker zweiter_handwerker;unknown;UNKNOWN;u;1;1;1;1;0;0;0;0;0.0;1.0;0.0;0.0;0.0;0.0;0.0;0.0;0.0;0.01;0.0;0.0;0.13;0;0;0.0
2363;ger000451;ger;lomellin bediente;unknown;UNKNOWN;u;1;1;1;1;0;0;0;0;0.0;0.0;0.0;0.0;1.0;0.0;0.0;0.0;0.0;0.01;0.0;0.0;0.11;0;0;0.0
2364;ger000217;ger;die_granden;unknown;Die übrigen/anwesenden/Alle Granden;MALE;2;3;3;4;0;0;0;0;0.0;0.0;0.0;0.25;0.75;0.0;0.0;0.0;0.0;0.04;0.0;0.0;0.39;0;1;0.01
2365;ger000217;ger;domingo;unknown;Domingo;MALE;5;12;89;376;0;0;0;0;0.22;0.45;0.16;0.14;0.02;0.0;0.0;0.0;0.0;0.17;0.06;0.06;0.61;1;8;0.06
2366;ger000217;ger;carlos;unknown;Don Carlos;MALE;5;27;333;1596;0;0;0;0;0.29;0.4;0.0;0.12;0.19;0.0;0.0;0.0;0.0;0.39;0.21;0.24;0.43;2;5;0.15
2367;ger000217;ger;marquis;unknown;Marquis von Posa;MALE;5;21;241;1301;0;0;0;0;0.17;0.12;0.24;0.35;0.13;0.0;0.0;0.0;0.0;0.3;0.16;0.2;0.29;2;1;0.0
2368;ger000217;ger;koenigin;unknown;Königin;FEMALE;4;14;192;666;0;0;0;0;0.39;0.0;0.0;0.55;0.05;0.0;0.0;0.0;0.0;0.2;0.12;0.1;0.39;5;4;0.08
2369;ger000217;ger;prinzessin_von_eboli;unknown;Prinzessin von Eboli;FEMALE;3;13;122;569;0;0;0;0;0.04;0.78;0.0;0.18;0.0;0.0;0.0;0.0;0.0;0.19;0.08;0.09;0.36;2;2;0.06
2370;ger000217;ger;mondekar;unknown;Marquisin von Mondekar;FEMALE;1;3;5;13;0;0;0;0;1.0;0.0;0.0;0.0;0.0;0.0;0.0;0.0;0.0;0.04;0.0;0.0;0.25;1;2;0.02
2371;ger000217;ger;olivarez;unknown;Herzogin von Olivarez;FEMALE;2;3;14;42;0;0;0;0;0.69;0.0;0.0;0.31;0.0;0.0;0.0;0.0;0.0;0.04;0.01;0.01;0.14;0;0;0.0
2372;ger000217;ger;koenig_philipp;unknown;König Philipp;MALE;5;22;224;954;0;0;0;0;0.07;0.08;0.5;0.15;0.2;0.0;0.0;0.0;0.0;0.32;0.14;0.15;0.75;3;13;0.2
2373;ger000217;ger;alba;unknown;Herzog von Alba;MALE;5;22;131;460;0;0;0;0;0.01;0.32;0.27;0.15;0.25;0.0;0.0;0.0;0.0;0.32;0.08;0.07;0.79;1;9;0.13
2374;ger000217;ger;lerma;unknown;Graf von Lerma;MALE;4;13;72;188;0;0;0;0;0.05;0.0;0.15;0.57;0.22;0.0;0.0;0.0;0.0;0.19;0.05;0.03;0.64;0;7;0.07
2375;ger000217;ger;page;unknown;Page;MALE;2;3;22;58;0;0;0;0;0.0;0.97;0.0;0.0;0.03;0.0;0.0;0.0;0.0;0.04;0.01;0.01;0.32;0;0;0.01
2376;ger000217;ger;prior;unknown;Prior;MALE;1;1;7;25;0;0;0;0;0.0;1.0;0.0;0.0;0.0;0.0;0.0;0.0;0.0;0.01;0.0;0.0;0.04;0;0;0.0
2377;ger000217;ger;medina_sidonia;unknown;Herzog von Medina Sidonia;MALE;2;3;7;23;0;0;0;0;0.0;0.0;0.87;0.13;0.0;0.0;0.0;0.0;0.0;0.04;0.0;0.0;0.46;0;7;0.02
2378;ger000217;ger;parma;unknown;Prinz von Parma;MALE;2;2;6;12;0;0;0;0;0.0;0.0;0.17;0.83;0.0;0.0;0.0;0.0;0.0;0.03;0.0;0.0;0.43;0;9;0.01
2379;ger000217;ger;feria;unknown;Herzog von Feria;MALE;3;6;24;50;0;0;0;0;0.0;0.0;0.22;0.22;0.56;0.0;0.0;0.0;0.0;0.09;0.02;0.01;0.64;0;11;0.06
2380;ger000217;ger;erster_grande;unknown;Einer von den Granden;MALE;1;1;2;3;0;0;0;0;0.0;0.0;1.0;0.0;0.0;0.0;0.0;0.0;0.0;0.01;0.0;0.0;0.29;0;2;0.0
2381;ger000217;ger;ein_zweiter;unknown;Ein zweiter;MALE;1;1;1;1;0;0;0;0;0.0;0.0;1.0;0.0;0.0;0.0;0.0;0.0;0.0;0.01;0.0;0.0;0.29;0;1;0.0
2382;ger000217;ger;ein_dritter;unknown;Ein dritter;MALE;1;1;1;2;0;0;0;0;0.0;0.0;1.0;0.0;0.0;0.0;0.0;0.0;0.0;0.01;0.0;0.0;0.29;0;0;0.0
2383;ger000217;ger;fuentes;unknown;Gräfin Fuentes;FEMALE;1;1;1;3;0;0;0;0;0.0;0.0;0.0;1.0;0.0;0.0;0.0;0.0;0.0;0.01;0.0;0.0;0.11;2;0;0.0
2384;ger000217;ger;infantin;unknown;Infantin;FEMALE;1;1;3;5;0;0;0;0;0.0;0.0;0.0;1.0;0.0;0.0;0.0;0.0;0.0;0.01;0.0;0.0;0.07;0;0;0.0
2385;ger000217;ger;taxis;unknown;Don Raimond von Taxis;MALE;2;2;11;20;0;0;0;0;0.0;0.0;0.0;0.9;0.1;0.0;0.0;0.0;0.0;0.03;0.01;0.0;0.29;0;3;0.0
2386;ger000217;ger;offizier_5-5;unknown;Offizier (V/5);MALE;1;1;1;9;0;0;0;0;0.0;0.0;0.0;0.0;1.0;0.0;0.0;0.0;0.0;0.01;0.0;0.0;0.18;0;5;0.0
2387;ger000217;ger;merkado;unknown;Don Ludwig Merkado;MALE;1;1;6;40;0;0;0;0;0.0;0.0;0.0;0.0;1.0;0.0;0.0;0.0;0.0;0.01;0.0;0.01;0.04;0;1;0.0
2388;ger000217;ger;offizier_5-9;unknown;Offizier (V/9);MALE;1;1;4;10;0;0;0;0;0.0;0.0;0.0;0.0;1.0;0.0;0.0;0.0;0.0;0.01;0.0;0.0;0.25;0;1;0.0
2389;ger000217;ger;grossinquisitor;unknown;Großinquisitor;MALE;1;1;27;117;0;0;0;0;0.0;0.0;0.0;0.0;1.0;0.0;0.0;0.0;0.0;0.01;0.02;0.02;0.04;0;1;0.0
2390;ger000217;ger;parma feria;unknown;UNKNOWN;u;1;1;1;1;0;0;0;0;0.0;0.0;0.0;1.0;0.0;0.0;0.0;0.0;0.0;0.01;0.0;0.0;0.29;0;0;0.0
2391;ger000217;ger;domingo parma feria medina_sidonia die_granden;unknown;UNKNOWN;u;1;1;1;1;0;0;0;0;0.0;0.0;0.0;1.0;0.0;0.0;0.0;0.0;0.0;0.01;0.0;0.0;0.29;0;0;0.0
2392;ger000217;ger;feria taxis domingo;unknown;UNKNOWN;u;1;1;1;1;0;0;0;0;0.0;0.0;0.0;0.0;1.0;0.0;0.0;0.0;0.0;0.01;0.0;0.0;0.25;0;2;0.0
2393;ger000096;ger;miller;unknown;Miller;MALE;3;13;100;100;0;0;0;0;0.24;0.19;0.0;0.0;0.57;0.0;0.0;0.0;0.0;0.35;0.11;0.11;0.29;1;0;0.0
2394;ger000096;ger;millerin;unknown;Millerin;FEMALE;2;7;35;35;0;0;0;0;0.66;0.34;0.0;0.0;0.0;0.0;0.0;0.0;0.0;0.19;0.04;0.04;0.29;0;1;0.0
2395;ger000096;ger;wurm;unknown;Wurm;MALE;3;6;96;96;0;0;0;0;0.23;0.0;0.74;0.0;0.03;0.0;0.0;0.0;0.0;0.16;0.1;0.1;0.41;1;3;0.06
2396;ger000096;ger;luise;unknown;Luise;FEMALE;5;12;176;175;0;0;0;0;0.09;0.1;0.34;0.1;0.38;0.0;0.0;0.0;0.0;0.32;0.19;0.19;0.35;2;1;0.09
2397;ger000096;ger;ferdinand;unknown;Ferdinand;MALE;5;16;201;195;0;0;0;0;0.13;0.28;0.05;0.14;0.4;0.0;0.0;0.0;0.0;0.43;0.22;0.21;0.47;3;4;0.25
2398;ger000096;ger;praesident;unknown;Präsident von Walter;MALE;5;10;137;136;0;0;0;0;0.3;0.19;0.38;0.06;0.07;0.0;0.0;0.0;0.0;0.27;0.15;0.15;0.47;2;4;0.19
2399;ger000096;ger;ein_kammerdiener_1-5;unknown;Ein Kammerdiener (I/5);MALE;1;1;1;1;0;0;0;0;1.0;0.0;0.0;0.0;0.0;0.0;0.0;0.0;0.0;0.03;0.0;0.0;0.12;0;0;0.0
2400;ger000096;ger;hofmarschall;unknown;Hofmarschall von Kalb;MALE;3;4;61;63;0;0;0;0;0.13;0.0;0.48;0.4;0.0;0.0;0.0;0.0;0.0;0.11;0.07;0.07;0.41;0;2;0.19
2401;ger000096;ger;sophie;unknown;Sophie;FEMALE;2;4;22;22;0;0;0;0;0.0;0.73;0.0;0.27;0.0;0.0;0.0;0.0;0.0;0.11;0.02;0.02;0.47;1;3;0.06
2402;ger000096;ger;lady;unknown;Lady Milford;FEMALE;2;6;79;79;0;0;0;0;0.0;0.62;0.0;0.38;0.0;0.0;0.0;0.0;0.0;0.16;0.09;0.08;0.59;0;3;0.34
2403;ger000096;ger;kammerdiener_2-2;unknown;Kammerdiener (II/2);MALE;1;1;8;8;0;0;0;0;0.0;1.0;0.0;0.0;0.0;0.0;0.0;0.0;0.0;0.03;0.01;0.01;0.18;2;1;0.0
2404;ger000096;ger;bedienter;unknown;Bedienter;MALE;1;1;3;3;0;0;0;0;0.0;1.0;0.0;0.0;0.0;0.0;0.0;0.0;0.0;0.03;0.0;0.0;0.18;0;0;0.0
2405;ger000096;ger;kammerdiener_3-1;unknown;Kammerdiener (III/1);MALE;1;1;3;3;0;0;0;0;0.0;0.0;1.0;0.0;0.0;0.0;0.0;0.0;0.0;0.03;0.0;0.0;0.12;0;0;0.0
2406;ger000096;ger;kammerdiener_4-1;unknown;Kammerdiener (IV/1);MALE;1;1;2;2;0;0;0;0;0.0;0.0;0.0;1.0;0.0;0.0;0.0;0.0;0.0;0.03;0.0;0.0;0.06;0;0;0.0
2407;ger000096;ger;ein_kammerdiener_4-6;unknown;Ein Kammerdiener (IV/6);MALE;1;1;1;1;0;0;0;0;0.0;0.0;0.0;1.0;0.0;0.0;0.0;0.0;0.0;0.03;0.0;0.0;0.12;0;0;0.0
2408;ger000096;ger;kammerdiener_4-9;unknown;Kammerdiener (IV/9);MALE;1;1;1;1;0;0;0;0;0.0;0.0;0.0;1.0;0.0;0.0;0.0;0.0;0.0;0.03;0.0;0.0;0.29;2;1;0.0
2409;ger000096;ger;alle_bediente;unknown;Alle Bediente;UNKNOWN;1;1;1;1;0;0;0;0;0.0;0.0;0.0;1.0;0.0;0.0;0.0;0.0;0.0;0.03;0.0;0.0;0.29;0;0;0.0
2410;ger000096;ger;kammerdiener_4-9 sophie;unknown;UNKNOWN;u;1;1;1;1;0;0;0;0;0.0;0.0;0.0;1.0;0.0;0.0;0.0;0.0;0.0;0.03;0.0;0.0;0.29;1;1;0.0
2411;ger000058;ger;wallenstein;unknown;Wallenstein;MALE;5;33;261;1368;0;0;0;0;0.24;0.15;0.39;0.07;0.14;0.0;0.0;0.0;0.0;0.52;0.21;0.32;0.63;3;14;0.29
2412;ger000058;ger;seni;unknown;Seni;MALE;2;3;11;28;0;0;0;0;0.21;0.0;0.0;0.0;0.79;0.0;0.0;0.0;0.0;0.05;0.01;0.01;0.26;2;6;0.01
2413;ger000058;ger;terzky;unknown;Terzky;MALE;4;20;74;155;0;0;0;0;0.24;0.11;0.47;0.18;0.0;0.0;0.0;0.0;0.0;0.32;0.06;0.04;0.42;2;6;0.05
2414;ger000058;ger;illo;unknown;Illo;MALE;4;15;66;191;0;0;0;0;0.29;0.07;0.31;0.33;0.0;0.0;0.0;0.0;0.0;0.24;0.05;0.04;0.42;2;7;0.05
2415;ger000058;ger;wrangel;unknown;Wrangel;MALE;1;1;26;110;0;0;0;0;1.0;0.0;0.0;0.0;0.0;0.0;0.0;0.0;0.0;0.02;0.02;0.03;0.03;0;0;0.0
2416;ger000058;ger;graefin;unknown;Gräfin Terzky;FEMALE;4;21;123;459;0;0;0;0;0.33;0.0;0.36;0.06;0.25;0.0;0.0;0.0;0.0;0.33;0.1;0.11;0.58;2;11;0.19
2417;ger000058;ger;kammerdiener;unknown;Kammerdiener;MALE;2;3;6;7;0;0;0;0;0.43;0.0;0.0;0.0;0.57;0.0;0.0;0.0;0.0;0.05;0.0;0.0;0.21;0;1;0.01
2418;ger000058;ger;octavio;unknown;Octavio;MALE;2;7;78;220;0;0;0;0;0.0;0.84;0.0;0.0;0.16;0.0;0.0;0.0;0.0;0.11;0.06;0.05;0.26;1;6;0.13
2419;ger000058;ger;max;unknown;Max;MALE;2;7;43;319;0;0;0;0;0.0;0.43;0.57;0.0;0.0;0.0;0.0;0.0;0.0;0.11;0.03;0.07;0.26;1;1;0.02
2420;ger000058;ger;adjutant;unknown;Adjutant;MALE;1;1;2;2;0;0;0;0;0.0;1.0;0.0;0.0;0.0;0.0;0.0;0.0;0.0;0.02;0.0;0.0;0.03;0;0;0.0
2421;ger000058;ger;isolani;unknown;Isolani;MALE;1;1;20;50;0;0;0;0;0.0;1.0;0.0;0.0;0.0;0.0;0.0;0.0;0.0;0.02;0.02;0.01;0.03;0;1;0.0
2422;ger000058;ger;buttler;unknown;Buttler;MALE;4;16;162;394;0;0;0;0;0.0;0.14;0.07;0.41;0.38;0.0;0.0;0.0;0.0;0.25;0.13;0.09;0.45;1;7;0.16
2423;ger000058;ger;bedienter_2-6;unknown;Bedienter (II/6);MALE;1;1;1;2;0;0;0;0;0.0;1.0;0.0;0.0;0.0;0.0;0.0;0.0;0.0;0.02;0.0;0.0;0.05;0;0;0.0
2424;ger000058;ger;thekla;unknown;Thekla;FEMALE;2;13;90;225;0;0;0;0;0.0;0.0;0.37;0.63;0.0;0.0;0.0;0.0;0.0;0.21;0.07;0.05;0.26;0;2;0.05
2425;ger000058;ger;herzogin;unknown;Herzogin;FEMALE;2;10;44;116;0;0;0;0;0.0;0.0;0.85;0.15;0.0;0.0;0.0;0.0;0.0;0.16;0.04;0.03;0.26;2;2;0.01
2426;ger000058;ger;page_3-6;unknown;Page (III/6);MALE;1;1;1;1;0;0;0;0;0.0;0.0;1.0;0.0;0.0;0.0;0.0;0.0;0.0;0.02;0.0;0.0;0.13;1;0;0.0
2427;ger000058;ger;gefreiter;unknown;Gefreiter;MALE;1;2;14;63;0;0;0;0;0.0;0.0;1.0;0.0;0.0;0.0;0.0;0.0;0.0;0.03;0.01;0.01;0.11;0;2;0.01
2428;ger000058;ger;zweiter_kuerassier;unknown;Zweiter Kürassier;MALE;1;1;1;1;0;0;0;0;0.0;0.0;1.0;0.0;0.0;0.0;0.0;0.0;0.0;0.02;0.0;0.0;0.08;0;1;0.0
2429;ger000058;ger;dritter_kuerassier;unknown;Dritter Kürassier;MALE;1;1;3;3;0;0;0;0;0.0;0.0;1.0;0.0;0.0;0.0;0.0;0.0;0.0;0.02;0.0;0.0;0.08;0;0;0.0
2430;ger000058;ger;neumann;unknown;Neumann;MALE;1;1;1;4;0;0;0;0;0.0;0.0;1.0;0.0;0.0;0.0;0.0;0.0;0.0;0.02;0.0;0.0;0.13;1;2;0.0
2431;ger000058;ger;gordon;unknown;Gordon;MALE;2;13;80;277;0;0;0;0;0.0;0.0;0.0;0.65;0.35;0.0;0.0;0.0;0.0;0.21;0.06;0.07;0.45;1;6;0.1
2432;ger000058;ger;buergermeister;unknown;Bürgermeister;MALE;2;2;7;14;0;0;0;0;0.0;0.0;0.0;0.79;0.21;0.0;0.0;0.0;0.0;0.03;0.01;0.0;0.26;0;4;0.02
2433;ger000058;ger;neubrunn;unknown;Neubrunn;MALE;1;5;28;35;0;0;0;0;0.0;0.0;0.0;1.0;0.0;0.0;0.0;0.0;0.0;0.08;0.02;0.01;0.29;0;1;0.06
2434;ger000058;ger;hauptmann;unknown;Hauptmann;MALE;1;1;13;68;0;0;0;0;0.0;0.0;0.0;1.0;0.0;0.0;0.0;0.0;0.0;0.02;0.01;0.02;0.05;1;1;0.0
2435;ger000058;ger;stallmeister;unknown;Stallmeister;MALE;1;1;6;7;0;0;0;0;0.0;0.0;0.0;1.0;0.0;0.0;0.0;0.0;0.0;0.02;0.0;0.0;0.05;0;0;0.0
2436;ger000058;ger;geraldin;unknown;Geraldin;MALE;1;1;1;1;0;0;0;0;0.0;0.0;0.0;0.0;1.0;0.0;0.0;0.0;0.0;0.02;0.0;0.0;0.03;0;0;0.0
2437;ger000058;ger;macdonald;unknown;Macdonald;MALE;1;2;27;40;0;0;0;0;0.0;0.0;0.0;0.0;1.0;0.0;0.0;0.0;0.0;0.03;0.02;0.01;0.13;0;2;0.0
2438;ger000058;ger;deveroux;unknown;Deveroux;MALE;1;3;40;77;0;0;0;0;0.0;0.0;0.0;0.0;1.0;0.0;0.0;0.0;0.0;0.05;0.03;0.02;0.16;0;1;0.0
2439;ger000058;ger;page_5-10;unknown;Page (V/10);MALE;1;1;1;1;0;0;0;0;0.0;0.0;0.0;0.0;1.0;0.0;0.0;0.0;0.0;0.02;0.0;0.0;0.21;1;4;0.0
2440;ger000058;ger;kammerfrau;unknown;Kammerfrau;FEMALE;1;1;1;1;0;0;0;0;0.0;0.0;0.0;0.0;1.0;0.0;0.0;0.0;0.0;0.02;0.0;0.0;0.21;0;4;0.0
2441;ger000058;ger;erster_bedienter;unknown;Erster Bedienter;MALE;1;1;1;2;0;0;0;0;0.0;0.0;0.0;0.0;1.0;0.0;0.0;0.0;0.0;0.02;0.0;0.0;0.21;0;1;0.0
2442;ger000058;ger;zweiter_bedienter;unknown;Zweiter Bedienter;MALE;1;1;1;1;0;0;0;0;0.0;0.0;0.0;0.0;1.0;0.0;0.0;0.0;0.0;0.02;0.0;0.0;0.21;0;0;0.0
2443;ger000058;ger;hinter_der_szene;unknown;Hinter der Szene;UNKNOWN;1;1;1;2;0;0;0;0;0.0;0.0;0.0;0.0;1.0;0.0;0.0;0.0;0.0;0.02;0.0;0.0;0.21;0;0;0.0
2444;ger000058;ger;terzky illo;unknown;UNKNOWN;u;1;1;1;1;0;0;0;0;0.0;0.0;1.0;0.0;0.0;0.0;0.0;0.0;0.0;0.02;0.0;0.0;0.11;0;1;0.0
2445;ger000058;ger;herzogin graefin;unknown;UNKNOWN;u;1;2;2;2;0;0;0;0;0.0;0.0;1.0;0.0;0.0;0.0;0.0;0.0;0.0;0.03;0.0;0.0;0.16;0;0;0.0
2446;ger000058;ger;illo terzky;unknown;UNKNOWN;u;1;1;1;1;0;0;0;0;0.0;0.0;0.0;1.0;0.0;0.0;0.0;0.0;0.0;0.02;0.0;0.0;0.13;0;0;0.0
2447;ger000058;ger;wallenstein terzky;unknown;UNKNOWN;u;1;1;1;1;0;0;0;0;0.0;0.0;0.0;1.0;0.0;0.0;0.0;0.0;0.0;0.02;0.0;0.0;0.13;0;0;0.0
2448;ger000058;ger;graefin herzogin;unknown;UNKNOWN;u;1;1;1;1;0;0;0;0;0.0;0.0;0.0;1.0;0.0;0.0;0.0;0.0;0.0;0.02;0.0;0.0;0.13;0;1;0.0
2449;ger000058;ger;macdonald deveroux;unknown;UNKNOWN;u;1;2;5;6;0;0;0;0;0.0;0.0;0.0;0.0;1.0;0.0;0.0;0.0;0.0;0.03;0.0;0.0;0.13;0;1;0.0
2450;ger000072;ger;unsichtbarer_chor;unknown;Unsichtbarer Chor;UNKNOWN;1;2;5;21;0;0;0;0;1.0;0.0;0.0;0.0;0.0;0.0;0.0;0.0;0.0;0.14;0.02;0.08;0.67;0;0;0.0
2451;ger000072;ger;friz;unknown;Friz;MALE;2;3;29;29;0;0;0;0;0.48;0.52;0.0;0.0;0.0;0.0;0.0;0.0;0.0;0.21;0.14;0.1;0.33;0;0;0.0
2452;ger000072;ger;rosalinde;unknown;Rosalinde;FEMALE;2;9;99;139;0;0;0;0;0.36;0.64;0.0;0.0;0.0;0.0;0.0;0.0;0.0;0.64;0.47;0.5;1.0;0;2;0.67
2453;ger000072;ger;faust;unknown;Doktor Faust;MALE;2;9;76;89;0;0;0;0;0.52;0.48;0.0;0.0;0.0;0.0;0.0;0.0;0.0;0.64;0.36;0.32;0.67;0;0;0.0
2454;ger000218;ger;hanswurst;unknown;Hanswurst;MALE;3;19;59;744;0;0;0;0;0.41;0.23;0.36;0.0;0.0;0.0;0.0;0.0;0.0;0.66;0.3;0.36;0.65;4;3;0.32
2455;ger000218;ger;stoffel_knips;unknown;Stoffel Knips;MALE;1;5;15;88;0;0;0;0;1.0;0.0;0.0;0.0;0.0;0.0;0.0;0.0;0.0;0.17;0.08;0.04;0.12;1;1;0.0
2456;ger000218;ger;frau_knips;unknown;Frau Knips;FEMALE;2;10;30;148;0;0;0;0;0.43;0.57;0.0;0.0;0.0;0.0;0.0;0.0;0.0;0.34;0.15;0.07;0.29;1;2;0.02
2457;ger000218;ger;der_erste_tuerke;unknown;Der erste Türke;MALE;1;1;2;29;0;0;0;0;1.0;0.0;0.0;0.0;0.0;0.0;0.0;0.0;0.0;0.03;0.01;0.01;0.06;0;1;0.0
2458;ger000218;ger;der_zweite_tuerke;unknown;Der zweite Türke;MALE;1;1;1;17;0;0;0;0;1.0;0.0;0.0;0.0;0.0;0.0;0.0;0.0;0.0;0.03;0.01;0.01;0.06;0;0;0.0
2459;ger000218;ger;erster_matrose;unknown;Erster Matrose;MALE;1;1;3;33;0;0;0;0;1.0;0.0;0.0;0.0;0.0;0.0;0.0;0.0;0.0;0.03;0.02;0.02;0.06;0;1;0.0
2460;ger000218;ger;zweiter_matrose;unknown;Zweiter Matrose;MALE;1;1;3;16;0;0;0;0;1.0;0.0;0.0;0.0;0.0;0.0;0.0;0.0;0.0;0.03;0.02;0.01;0.06;0;0;0.0
2461;ger000218;ger;das_maedel;unknown;Das Mädel;FEMALE;2;9;21;168;0;0;0;0;0.05;0.95;0.0;0.0;0.0;0.0;0.0;0.0;0.0;0.31;0.11;0.08;0.35;0;1;0.06
2462;ger000218;ger;der_knabe;unknown;Der Knabe;MALE;1;1;1;2;0;0;0;0;1.0;0.0;0.0;0.0;0.0;0.0;0.0;0.0;0.0;0.03;0.01;0.0;0.18;0;0;0.0
2463;ger000218;ger;der_matrose;unknown;Der Matrose;MALE;1;1;1;19;0;0;0;0;1.0;0.0;0.0;0.0;0.0;0.0;0.0;0.0;0.0;0.03;0.01;0.01;0.12;1;1;0.0
2464;ger000218;ger;der_arzt;unknown;Der Arzt;MALE;1;1;5;25;0;0;0;0;0.0;1.0;0.0;0.0;0.0;0.0;0.0;0.0;0.0;0.03;0.03;0.01;0.06;0;0;0.0
2465;ger000218;ger;der_sultan;unknown;Der Sultan;MALE;1;6;19;236;0;0;0;0;0.0;1.0;0.0;0.0;0.0;0.0;0.0;0.0;0.0;0.21;0.1;0.11;0.24;1;1;0.03
2466;ger000218;ger;der_sklav;unknown;Der Sklav;MALE;1;1;1;8;0;0;0;0;0.0;1.0;0.0;0.0;0.0;0.0;0.0;0.0;0.0;0.03;0.01;0.0;0.12;1;1;0.0
2467;ger000218;ger;die_dame;unknown;Die Dame;FEMALE;1;4;20;330;0;0;0;0;0.0;0.0;1.0;0.0;0.0;0.0;0.0;0.0;0.0;0.14;0.1;0.16;0.24;1;2;0.0
2468;ger000218;ger;alt_muetterchen;unknown;Ein alt Mütterchen;FEMALE;1;3;10;32;0;0;0;0;0.0;0.0;1.0;0.0;0.0;0.0;0.0;0.0;0.0;0.1;0.05;0.02;0.24;0;1;0.0
2469;ger000218;ger;der_schwarzrok;unknown;Der Schwarzrok;MALE;1;1;5;49;0;0;0;0;0.0;0.0;1.0;0.0;0.0;0.0;0.0;0.0;0.0;0.03;0.03;0.02;0.24;1;2;0.0
2470;ger000218;ger;der_soufleur;unknown;Der Soufleur;MALE;1;1;1;5;0;0;0;0;0.0;0.0;1.0;0.0;0.0;0.0;0.0;0.0;0.0;0.03;0.01;0.0;0.24;0;0;0.0
2471;ger000417;ger;ulfo;unknown;Ulfo;MALE;5;11;77;404;0;0;0;0;0.16;0.21;0.08;0.37;0.19;0.0;0.0;0.0;0.0;0.48;0.3;0.25;0.67;1;1;0.0
2472;ger000417;ger;estrithe;unknown;Estrithe;FEMALE;5;16;73;568;0;0;0;0;0.27;0.26;0.13;0.16;0.17;0.0;0.0;0.0;0.0;0.7;0.28;0.35;1.0;0;2;0.43
2473;ger000417;ger;gunilde;unknown;Gunilde;FEMALE;1;1;9;29;0;0;0;0;1.0;0.0;0.0;0.0;0.0;0.0;0.0;0.0;0.0;0.04;0.03;0.02;0.17;1;0;0.0
2474;ger000417;ger;godewin;unknown;Godewin;MALE;5;11;40;227;0;0;0;0;0.17;0.38;0.08;0.03;0.35;0.0;0.0;0.0;0.0;0.48;0.15;0.14;0.67;1;1;0.0
2475;ger000417;ger;canut;unknown;Canut;MALE;4;11;43;264;0;0;0;0;0.0;0.17;0.62;0.09;0.11;0.0;0.0;0.0;0.0;0.48;0.17;0.16;0.83;0;3;0.1
2476;ger000417;ger;haqvin;unknown;Haqvin;MALE;2;2;3;28;0;0;0;0;0.0;0.0;0.29;0.71;0.0;0.0;0.0;0.0;0.0;0.09;0.01;0.02;0.33;0;1;0.0
2477;ger000417;ger;godschalk;unknown;Godschalk;MALE;2;4;14;51;0;0;0;0;0.0;0.0;0.0;0.53;0.47;0.0;0.0;0.0;0.0;0.17;0.05;0.03;0.67;1;1;0.0
2478;ger000397;ger;sylvester;unknown;Sylvester;MALE;3;6;80;80;0;0;0;0;0.25;0.0;0.38;0.38;0.0;0.0;0.0;0.0;0.0;0.14;0.08;0.07;0.43;2;1;0.0
2479;ger000397;ger;fortunat;unknown;Fortunat;MALE;4;17;195;216;0;0;0;0;0.5;0.0;0.15;0.12;0.22;0.0;0.0;0.0;0.0;0.39;0.18;0.2;0.57;1;0;0.03
2480;ger000397;ger;cathrine;unknown;Cathrine;FEMALE;4;6;58;58;0;0;0;0;0.28;0.22;0.0;0.21;0.29;0.0;0.0;0.0;0.0;0.14;0.05;0.05;0.29;2;1;0.0
2481;ger000397;ger;friedrich;unknown;Friedrich;MALE;4;7;40;40;0;0;0;0;0.4;0.5;0.03;0.0;0.07;0.0;0.0;0.0;0.0;0.16;0.04;0.04;0.43;5;1;0.01
2482;ger000397;ger;frau_sylvesterinn;unknown;Frau Sylvesterinn;FEMALE;5;32;348;348;0;0;0;0;0.11;0.22;0.31;0.33;0.02;0.0;0.0;0.0;0.0;0.73;0.33;0.32;1.0;0;4;0.39
2483;ger000397;ger;strom;unknown;Strom;MALE;3;6;74;74;0;0;0;0;0.0;0.46;0.0;0.3;0.24;0.0;0.0;0.0;0.0;0.14;0.07;0.07;0.43;2;2;0.02
2484;ger000397;ger;fiekchen;unknown;Fiekchen;FEMALE;3;14;66;66;0;0;0;0;0.0;0.39;0.41;0.0;0.2;0.0;0.0;0.0;0.0;0.32;0.06;0.06;0.79;3;4;0.18
2485;ger000397;ger;goldschmidtsjunge;unknown;Goldschmidtsjunge;MALE;1;1;3;3;0;0;0;0;0.0;1.0;0.0;0.0;0.0;0.0;0.0;0.0;0.0;0.02;0.0;0.0;0.14;1;0;0.0
2486;ger000397;ger;tabletkraemer;unknown;Tabletkrämer;MALE;1;1;4;4;0;0;0;0;0.0;1.0;0.0;0.0;0.0;0.0;0.0;0.0;0.0;0.02;0.0;0.0;0.14;1;0;0.0
2487;ger000397;ger;lackey;unknown;Lackey;MALE;1;1;2;2;0;0;0;0;0.0;1.0;0.0;0.0;0.0;0.0;0.0;0.0;0.0;0.02;0.0;0.0;0.14;0;0;0.0
2488;ger000397;ger;materialistenjunge;unknown;Materialistenjunge;MALE;1;1;2;2;0;0;0;0;0.0;1.0;0.0;0.0;0.0;0.0;0.0;0.0;0.0;0.02;0.0;0.0;0.14;0;0;0.0
2489;ger000397;ger;richardinn;unknown;Richardinn;FEMALE;2;10;55;55;0;0;0;0;0.0;0.0;0.62;0.0;0.38;0.0;0.0;0.0;0.0;0.23;0.05;0.05;0.57;2;2;0.01
2490;ger000397;ger;lieschen;unknown;Lieschen;FEMALE;2;12;73;73;0;0;0;0;0.0;0.0;0.47;0.0;0.53;0.0;0.0;0.0;0.0;0.27;0.07;0.07;0.57;1;1;0.01
2491;ger000397;ger;renner;unknown;Renner;MALE;2;4;25;25;0;0;0;0;0.0;0.0;0.64;0.0;0.36;0.0;0.0;0.0;0.0;0.09;0.02;0.02;0.5;4;3;0.01
2492;ger000397;ger;sorger;unknown;Sorger;MALE;1;2;32;32;0;0;0;0;0.0;0.0;0.0;1.0;0.0;0.0;0.0;0.0;0.0;0.05;0.03;0.03;0.14;1;0;0.0
2493;ger000342;ger;cathrine;unknown;Cathrine;FEMALE;5;26;163;163;0;0;0;0;0.07;0.49;0.13;0.14;0.17;0.0;0.0;0.0;0.0;0.54;0.17;0.17;1.0;3;1;0.21
2494;ger000342;ger;philinte;unknown;Philinte;FEMALE;5;21;183;183;0;0;0;0;0.36;0.07;0.13;0.15;0.3;0.0;0.0;0.0;0.0;0.44;0.19;0.19;0.67;1;1;0.0
2495;ger000342;ger;nicander;unknown;Nicander;MALE;5;20;195;195;0;0;0;0;0.21;0.13;0.24;0.27;0.15;0.0;0.0;0.0;0.0;0.42;0.2;0.2;0.83;2;1;0.1
2496;ger000342;ger;juliane;unknown;Juliane;FEMALE;5;26;206;206;0;0;0;0;0.24;0.2;0.27;0.14;0.16;0.0;0.0;0.0;0.0;0.54;0.22;0.22;0.83;1;0;0.04
2497;ger000342;ger;agenor;unknown;Agenor;MALE;5;16;168;168;0;0;0;0;0.13;0.17;0.26;0.24;0.2;0.0;0.0;0.0;0.0;0.33;0.18;0.18;0.83;3;0;0.04
2498;ger000342;ger;heinrich;unknown;Heinrich;MALE;2;3;27;27;0;0;0;0;0.0;0.44;0.56;0.0;0.0;0.0;0.0;0.0;0.0;0.06;0.03;0.03;0.33;1;1;0.0
2499;ger000342;ger;agathe;unknown;Agathe;FEMALE;1;2;11;11;0;0;0;0;0.0;0.0;0.0;0.0;1.0;0.0;0.0;0.0;0.0;0.04;0.01;0.01;0.5;0;0;0.0
2500;ger000665;ger;foppendorf;unknown;Foppendorf;MALE;0;3;42;120;0;0;0;0;0.0;0.0;0.0;0.0;0.0;0.0;0.0;0.0;0.0;0.75;0.49;0.55;1.0;0;2;0.5
2501;ger000665;ger;glocke;unknown;Glocke;MALE;0;1;13;32;0;0;0;0;0.0;0.0;0.0;0.0;0.0;0.0;0.0;0.0;0.0;0.25;0.15;0.15;0.25;0;0;0.0
2502;ger000665;ger;dratmann;unknown;Dratmann;MALE;0;2;27;53;0;0;0;0;0.0;0.0;0.0;0.0;0.0;0.0;0.0;0.0;0.0;0.5;0.32;0.24;0.75;0;0;0.0
2503;ger000665;ger;charlottchen;unknown;Charlottchen;FEMALE;0;1;1;2;0;0;0;0;0.0;0.0;0.0;0.0;0.0;0.0;0.0;0.0;0.0;0.25;0.01;0.01;0.75;1;2;0.0
2504;ger000665;ger;christinchen;unknown;Christinchen;FEMALE;0;1;2;6;0;0;0;0;0.0;0.0;0.0;0.0;0.0;0.0;0.0;0.0;0.0;0.25;0.02;0.03;0.75;0;2;0.0
2505;ger000328;ger;jacob;unknown;Jacob;MALE;0;4;25;53;0;0;0;0;0.0;0.0;0.0;0.0;0.0;0.0;0.0;0.0;0.0;0.16;0.06;0.06;0.29;1;1;0.0
2506;ger000328;ger;cathrine;unknown;Cathrine;FEMALE;0;7;48;92;0;0;0;0;0.0;0.0;0.0;0.0;0.0;0.0;0.0;0.0;0.0;0.28;0.11;0.1;0.71;1;2;0.07
2507;ger000328;ger;richard;unknown;Richard;MALE;0;9;77;160;0;0;0;0;0.0;0.0;0.0;0.0;0.0;0.0;0.0;0.0;0.0;0.36;0.18;0.18;0.71;2;1;0.0
2508;ger000328;ger;jungwitz;unknown;Jungwitz;MALE;0;14;94;184;0;0;0;0;0.0;0.0;0.0;0.0;0.0;0.0;0.0;0.0;0.0;0.56;0.22;0.2;1.0;1;1;0.19
2509;ger000328;ger;charlotte;unknown;Charlotte;FEMALE;0;9;64;76;0;0;0;0;0.0;0.0;0.0;0.0;0.0;0.0;0.0;0.0;0.0;0.36;0.15;0.08;0.86;0;0;0.02
2510;ger000328;ger;praatgern;unknown;Frau Praatgern;FEMALE;0;9;62;241;0;0;0;0;0.0;0.0;0.0;0.0;0.0;0.0;0.0;0.0;0.0;0.36;0.15;0.27;0.86;3;2;0.02
2511;ger000328;ger;leonore;unknown;Leonore;FEMALE;0;6;43;78;0;0;0;0;0.0;0.0;0.0;0.0;0.0;0.0;0.0;0.0;0.0;0.24;0.1;0.09;0.71;1;1;0.0
2512;ger000328;ger;laconius;unknown;Laconius;MALE;0;3;12;13;0;0;0;0;0.0;0.0;0.0;0.0;0.0;0.0;0.0;0.0;0.0;0.12;0.03;0.01;0.86;3;1;0.02
2513;ger000613;ger;mariane;unknown;Mariane;FEMALE;4;19;75;69;0;0;0;0;0.26;0.33;0.25;0.0;0.16;0.0;0.0;0.0;0.0;0.42;0.18;0.16;0.89;1;3;0.14
2514;ger000613;ger;franz;unknown;Franz;MALE;5;8;13;13;0;0;0;0;0.46;0.08;0.15;0.23;0.08;0.0;0.0;0.0;0.0;0.18;0.03;0.03;0.56;0;0;0.01
2515;ger000613;ger;dueval;unknown;Heinrich Düval;MALE;5;32;152;152;0;0;0;0;0.15;0.08;0.3;0.21;0.26;0.0;0.0;0.0;0.0;0.71;0.36;0.36;0.89;1;2;0.14
2516;ger000613;ger;anton;unknown;Anton;MALE;4;10;17;17;0;0;0;0;0.29;0.06;0.35;0.0;0.29;0.0;0.0;0.0;0.0;0.22;0.04;0.04;0.89;2;4;0.19
2517;ger000613;ger;amalie;unknown;Amalie von Charmille (Mally);FEMALE;3;9;73;70;0;0;0;0;0.2;0.0;0.33;0.0;0.47;0.0;0.0;0.0;0.0;0.2;0.17;0.16;0.44;1;2;0.0
2518;ger000613;ger;graf;unknown;Graf von Sternfeld;MALE;2;4;30;30;0;0;0;0;0.17;0.83;0.0;0.0;0.0;0.0;0.0;0.0;0.0;0.09;0.07;0.07;0.44;0;1;0.01
2519;ger000613;ger;frau_von_doenberg;unknown;Frau von Doenberg;FEMALE;2;4;32;32;0;0;0;0;0.0;0.56;0.44;0.0;0.0;0.0;0.0;0.0;0.0;0.09;0.08;0.07;0.33;0;2;0.0
2520;ger000613;ger;joseph;unknown;Joseph;MALE;2;5;12;12;0;0;0;0;0.0;0.0;0.0;0.58;0.42;0.0;0.0;0.0;0.0;0.11;0.03;0.03;0.67;0;2;0.07
2521;ger000613;ger;hauptmann;unknown;Hauptmann;MALE;2;2;18;18;0;0;0;0;0.0;0.0;0.0;0.83;0.17;0.0;0.0;0.0;0.0;0.04;0.04;0.04;0.44;1;2;0.0
2522;ger000613;ger;anton joseph;unknown;UNKNOWN;u;1;2;2;1;0;0;0;0;0.0;0.0;0.0;0.0;1.0;0.0;0.0;0.0;0.0;0.04;0.0;0.0;0.22;0;2;0.0
2523;ger000635;ger;lisette;unknown;Lisette;FEMALE;0;5;49;47;0;0;0;0;0.0;0.0;0.0;0.0;0.0;0.0;0.0;0.0;0.0;0.36;0.17;0.16;0.83;1;0;0.04
2524;ger000635;ger;lucinde;unknown;Lucinde;FEMALE;0;8;76;75;0;0;0;0;0.0;0.0;0.0;0.0;0.0;0.0;0.0;0.0;0.0;0.57;0.27;0.26;1.0;0;3;0.09
2525;ger000635;ger;valer;unknown;Valer;MALE;0;5;58;60;0;0;0;0;0.0;0.0;0.0;0.0;0.0;0.0;0.0;0.0;0.0;0.36;0.2;0.21;1.0;2;4;0.09
2526;ger000635;ger;geront;unknown;Geront;MALE;0;4;36;36;0;0;0;0;0.0;0.0;0.0;0.0;0.0;0.0;0.0;0.0;0.0;0.29;0.13;0.13;0.67;0;2;0.0
2527;ger000635;ger;lakey;unknown;Lakey;MALE;0;1;2;2;0;0;0;0;0.0;0.0;0.0;0.0;0.0;0.0;0.0;0.0;0.0;0.07;0.01;0.01;0.5;1;0;0.0
2528;ger000635;ger;orgon;unknown;Orgon;MALE;0;5;18;18;0;0;0;0;0.0;0.0;0.0;0.0;0.0;0.0;0.0;0.0;0.0;0.36;0.06;0.06;0.83;1;1;0.02
2529;ger000635;ger;leander;unknown;Leander;MALE;0;5;47;47;0;0;0;0;0.0;0.0;0.0;0.0;0.0;0.0;0.0;0.0;0.0;0.36;0.16;0.16;0.83;2;0;0.02
2530;ger000466;ger;klafter;unknown;Klafter;MALE;3;17;104;107;0;0;0;0;0.67;0.21;0.11;0.0;0.0;0.0;0.0;0.0;0.0;0.35;0.18;0.18;0.41;0;4;0.04
2531;ger000466;ger;belt;unknown;Belt;MALE;3;15;69;69;0;0;0;0;0.67;0.29;0.04;0.0;0.0;0.0;0.0;0.0;0.0;0.31;0.12;0.11;0.55;2;3;0.03
2532;ger000466;ger;leopoldine;unknown;Leopoldine;FEMALE;3;12;47;48;0;0;0;0;0.73;0.12;0.15;0.0;0.0;0.0;0.0;0.0;0.0;0.25;0.08;0.08;0.73;3;6;0.12
2533;ger000466;ger;bedienter;unknown;Thomas (Bedienter);MALE;1;2;3;3;0;0;0;0;1.0;0.0;0.0;0.0;0.0;0.0;0.0;0.0;0.0;0.04;0.01;0.0;0.14;0;0;0.0
2534;ger000466;ger;poell;unknown;Pöll;MALE;3;22;63;63;0;0;0;0;0.17;0.65;0.17;0.0;0.0;0.0;0.0;0.0;0.0;0.46;0.11;0.1;0.86;1;4;0.22
2535;ger000466;ger;amtmann;unknown;Der Oberamtmann;MALE;3;12;69;69;0;0;0;0;0.32;0.29;0.39;0.0;0.0;0.0;0.0;0.0;0.0;0.25;0.12;0.11;0.59;3;3;0.13
2536;ger000466;ger;weiler;unknown;Weiler;MALE;3;10;40;40;0;0;0;0;0.3;0.38;0.33;0.0;0.0;0.0;0.0;0.0;0.0;0.21;0.07;0.07;0.55;3;4;0.04
2537;ger000466;ger;lieschen;unknown;Lieschen;FEMALE;2;12;35;35;0;0;0;0;0.0;0.69;0.31;0.0;0.0;0.0;0.0;0.0;0.0;0.25;0.06;0.06;0.64;2;2;0.05
2538;ger000466;ger;margrethe;unknown;Margrethe;FEMALE;2;13;46;46;0;0;0;0;0.0;0.8;0.2;0.0;0.0;0.0;0.0;0.0;0.0;0.27;0.08;0.08;0.5;0;0;0.01
2539;ger000466;ger;roeschen;unknown;Röschen;FEMALE;2;7;26;33;0;0;0;0;0.0;0.64;0.36;0.0;0.0;0.0;0.0;0.0;0.0;0.15;0.04;0.05;0.59;1;4;0.02
2540;ger000466;ger;fuerst;unknown;Der Fürst von **;MALE;1;5;39;39;0;0;0;0;0.0;0.0;1.0;0.0;0.0;0.0;0.0;0.0;0.0;0.1;0.07;0.06;0.55;3;5;0.07
2541;ger000466;ger;kammerdiener;unknown;Kammerdiener;MALE;1;1;1;1;0;0;0;0;0.0;0.0;1.0;0.0;0.0;0.0;0.0;0.0;0.0;0.02;0.0;0.0;0.14;0;3;0.0
2542;ger000466;ger;ordonanz;unknown;Eine Ordonanz;MALE;1;1;3;3;0;0;0;0;0.0;0.0;1.0;0.0;0.0;0.0;0.0;0.0;0.0;0.02;0.01;0.0;0.09;0;2;0.0
2543;ger000466;ger;kant;unknown;Kant;MALE;1;5;15;15;0;0;0;0;0.0;0.0;1.0;0.0;0.0;0.0;0.0;0.0;0.0;0.1;0.03;0.02;0.5;2;0;0.01
2544;ger000466;ger;willhelm;unknown;Willhelm Kant;MALE;1;3;10;10;0;0;0;0;0.0;0.0;1.0;0.0;0.0;0.0;0.0;0.0;0.0;0.06;0.02;0.02;0.5;2;2;0.01
2545;ger000466;ger;stimmen_von_aussen;unknown;Stimmen von außen;UNKNOWN;1;1;1;1;0;0;0;0;0.0;0.0;1.0;0.0;0.0;0.0;0.0;0.0;0.0;0.02;0.0;0.0;0.14;0;0;0.0
2546;ger000466;ger;margrethe lieschen;unknown;UNKNOWN;u;1;1;1;1;0;0;0;0;0.0;1.0;0.0;0.0;0.0;0.0;0.0;0.0;0.0;0.02;0.0;0.0;0.23;3;2;0.0
2547;ger000466;ger;kant lieschen margrethe roeschen willhelm;unknown;UNKNOWN;u;1;1;1;1;0;0;0;0;0.0;0.0;1.0;0.0;0.0;0.0;0.0;0.0;0.0;0.02;0.0;0.0;0.27;0;0;0.0
2548;ger000466;ger;kant lieschen margrethe roeschen poell willhelm;unknown;UNKNOWN;u;1;1;1;1;0;0;0;0;0.0;0.0;1.0;0.0;0.0;0.0;0.0;0.0;0.0;0.02;0.0;0.0;0.14;1;0;0.0
2549;ger000466;ger;kant lieschen margrethe roeschen poell willhelm belt;unknown;UNKNOWN;u;1;1;1;1;0;0;0;0;0.0;0.0;1.0;0.0;0.0;0.0;0.0;0.0;0.0;0.02;0.0;0.0;0.14;0;1;0.0
2550;ger000466;ger;weiler leopoldine;unknown;UNKNOWN;u;1;1;1;1;0;0;0;0;0.0;0.0;1.0;0.0;0.0;0.0;0.0;0.0;0.0;0.02;0.0;0.0;0.23;0;1;0.0
2551;ger000466;ger;kant lieschen margrethe roeschen poell willhelm belt leopoldine;unknown;UNKNOWN;u;1;1;1;1;0;0;0;0;0.0;0.0;1.0;0.0;0.0;0.0;0.0;0.0;0.0;0.02;0.0;0.0;0.09;0;0;0.0
2552;ger000466;ger;willhelm roeschen;unknown;UNKNOWN;u;1;1;1;1;0;0;0;0;0.0;0.0;1.0;0.0;0.0;0.0;0.0;0.0;0.0;0.02;0.0;0.0;0.36;0;0;0.0
2553;ger000382;ger;wagner;unknown;Wagner;MALE;3;34;208;203;0;0;0;0;0.39;0.23;0.38;0.0;0.0;0.0;0.0;0.0;0.0;0.68;0.27;0.27;0.91;0;1;0.08
2554;ger000382;ger;fritz;unknown;Fritz;MALE;2;10;17;17;0;0;0;0;0.47;0.0;0.53;0.0;0.0;0.0;0.0;0.0;0.0;0.2;0.02;0.02;0.55;0;3;0.01
2555;ger000382;ger;mad_wagner;unknown;Mad. Wagner;FEMALE;3;28;165;165;0;0;0;0;0.55;0.14;0.32;0.0;0.0;0.0;0.0;0.0;0.0;0.56;0.21;0.22;1.0;1;3;0.26
2556;ger000382;ger;sophie;unknown;Sophie;FEMALE;3;17;116;109;0;0;0;0;0.09;0.44;0.47;0.0;0.0;0.0;0.0;0.0;0.0;0.34;0.15;0.14;0.91;0;3;0.08
2557;ger000382;ger;charlotte;unknown;Charlotte;FEMALE;2;12;68;68;0;0;0;0;0.32;0.68;0.0;0.0;0.0;0.0;0.0;0.0;0.0;0.24;0.09;0.09;0.55;2;1;0.01
2558;ger000382;ger;wilhelm;unknown;Wilhelm;MALE;2;7;37;37;0;0;0;0;0.59;0.41;0.0;0.0;0.0;0.0;0.0;0.0;0.0;0.14;0.05;0.05;0.45;3;1;0.0
2559;ger000382;ger;sivers-steinburg;unknown;Sivers (Steinburg);MALE;2;13;105;104;0;0;0;0;0.47;0.0;0.53;0.0;0.0;0.0;0.0;0.0;0.0;0.26;0.14;0.14;0.82;2;2;0.06
2560;ger000382;ger;malldorf;unknown;Malldorf;MALE;2;7;45;44;0;0;0;0;0.0;0.82;0.18;0.0;0.0;0.0;0.0;0.0;0.0;0.14;0.06;0.06;0.45;2;0;0.0
2561;ger000382;ger;kaufmannsdiener;unknown;Kaufmannsdiener;MALE;1;1;4;4;0;0;0;0;0.0;0.0;1.0;0.0;0.0;0.0;0.0;0.0;0.0;0.02;0.01;0.01;0.09;1;0;0.0
2562;ger000382;ger;dienstmaedchen;unknown;Dienstmädchen;FEMALE;1;1;1;1;0;0;0;0;0.0;0.0;1.0;0.0;0.0;0.0;0.0;0.0;0.0;0.02;0.0;0.0;0.45;2;3;0.0
2563;ger000382;ger;gerichtsdiener;unknown;Gerichtsdiener;MALE;1;1;4;4;0;0;0;0;0.0;0.0;1.0;0.0;0.0;0.0;0.0;0.0;0.0;0.02;0.01;0.01;0.36;2;2;0.0
2564;ger000382;ger;wagner mad_wagner sophie;unknown;UNKNOWN;u;1;1;2;2;0;0;0;0;0.0;0.0;1.0;0.0;0.0;0.0;0.0;0.0;0.0;0.02;0.0;0.0;0.36;0;0;0.0
2565;ger000450;ger;brenner;unknown;Brenner;MALE;2;8;82;83;0;0;0;0;0.72;0.28;0.0;0.0;0.0;0.0;0.0;0.0;0.0;0.12;0.06;0.06;0.12;0;3;0.01
2566;ger000450;ger;mephistopheles;unknown;Mephistopheles;MALE;5;20;171;171;0;0;0;0;0.09;0.36;0.21;0.25;0.09;0.0;0.0;0.0;0.0;0.31;0.13;0.13;0.41;2;8;0.06
2567;ger000450;ger;erster_student;unknown;Erster Student;MALE;1;2;18;19;0;0;0;0;1.0;0.0;0.0;0.0;0.0;0.0;0.0;0.0;0.0;0.03;0.01;0.01;0.1;0;3;0.0
2568;ger000450;ger;zweiter_student;unknown;Zweiter Student;MALE;1;2;9;9;0;0;0;0;1.0;0.0;0.0;0.0;0.0;0.0;0.0;0.0;0.0;0.03;0.01;0.01;0.1;0;1;0.0
2569;ger000450;ger;dritter_student;unknown;Dritter Student;MALE;1;1;2;2;0;0;0;0;1.0;0.0;0.0;0.0;0.0;0.0;0.0;0.0;0.0;0.02;0.0;0.0;0.09;0;0;0.0
2570;ger000450;ger;doktor_faust;unknown;Doktor Faust;MALE;5;53;543;564;0;0;0;0;0.19;0.14;0.27;0.2;0.2;0.0;0.0;0.0;0.0;0.82;0.41;0.41;0.94;3;21;0.72
2571;ger000450;ger;fausts_vater;unknown;Fausts Vater;MALE;3;8;120;120;0;0;0;0;0.23;0.0;0.22;0.0;0.55;0.0;0.0;0.0;0.0;0.12;0.09;0.09;0.22;2;2;0.02
2572;ger000450;ger;gerichtsdiener;unknown;Gerichtsdiener;MALE;1;2;6;6;0;0;0;0;1.0;0.0;0.0;0.0;0.0;0.0;0.0;0.0;0.0;0.03;0.0;0.0;0.03;0;1;0.0
2573;ger000450;ger;ithuriel;unknown;Ithuriel;UNKNOWN;5;8;63;63;0;0;0;0;0.32;0.48;0.02;0.03;0.16;0.0;0.0;0.0;0.0;0.12;0.05;0.05;0.04;0;1;0.0
2574;ger000450;ger;stimme;unknown;Stimme;UNKNOWN;1;2;8;8;0;0;0;0;0.0;1.0;0.0;0.0;0.0;0.0;0.0;0.0;0.0;0.03;0.01;0.01;0.12;0;1;0.0
2575;ger000450;ger;erster_geist;unknown;Erster Geist;UNKNOWN;1;1;2;2;0;0;0;0;0.0;1.0;0.0;0.0;0.0;0.0;0.0;0.0;0.0;0.02;0.0;0.0;0.1;0;0;0.0
2576;ger000450;ger;zweiter_geist;unknown;Zweiter Geist;UNKNOWN;1;1;3;3;0;0;0;0;0.0;1.0;0.0;0.0;0.0;0.0;0.0;0.0;0.0;0.02;0.0;0.0;0.1;0;0;0.0
2577;ger000450;ger;dritter_geist;unknown;Dritter Geist;UNKNOWN;1;1;2;2;0;0;0;0;0.0;1.0;0.0;0.0;0.0;0.0;0.0;0.0;0.0;0.02;0.0;0.0;0.1;0;0;0.0
2578;ger000450;ger;vierter_geist;unknown;Vierter Geist;UNKNOWN;1;1;1;1;0;0;0;0;0.0;1.0;0.0;0.0;0.0;0.0;0.0;0.0;0.0;0.02;0.0;0.0;0.1;0;0;0.0
2579;ger000450;ger;siebenter_geist;unknown;Siebenter Geist;UNKNOWN;1;1;4;4;0;0;0;0;0.0;1.0;0.0;0.0;0.0;0.0;0.0;0.0;0.0;0.02;0.0;0.0;0.1;0;0;0.0
2580;ger000450;ger;liese;unknown;Liese;FEMALE;2;8;49;48;0;0;0;0;0.0;0.0;0.56;0.0;0.44;0.0;0.0;0.0;0.0;0.12;0.04;0.04;0.21;0;1;0.01
2581;ger000450;ger;wirt;unknown;Wirt;MALE;1;1;2;2;0;0;0;0;0.0;0.0;1.0;0.0;0.0;0.0;0.0;0.0;0.0;0.02;0.0;0.0;0.01;0;1;0.0
2582;ger000450;ger;eremit;unknown;Eremit;MALE;1;1;12;12;0;0;0;0;0.0;0.0;1.0;0.0;0.0;0.0;0.0;0.0;0.0;0.02;0.01;0.01;0.01;0;0;0.0
2583;ger000450;ger;maedchen;unknown;Ein Mädchen;FEMALE;1;1;5;5;0;0;0;0;0.0;0.0;1.0;0.0;0.0;0.0;0.0;0.0;0.0;0.02;0.0;0.0;0.01;0;1;0.0
2584;ger000450;ger;mann;unknown;Ein Mann in Lumpen;MALE;1;1;4;4;0;0;0;0;0.0;0.0;1.0;0.0;0.0;0.0;0.0;0.0;0.0;0.02;0.0;0.0;0.01;0;0;0.0
2585;ger000450;ger;alter;unknown;Ein Alter;MALE;1;1;6;6;0;0;0;0;0.0;0.0;1.0;0.0;0.0;0.0;0.0;0.0;0.0;0.02;0.0;0.0;0.01;0;1;0.0
2586;ger000450;ger;maler;unknown;Maler;MALE;1;1;8;8;0;0;0;0;0.0;0.0;1.0;0.0;0.0;0.0;0.0;0.0;0.0;0.02;0.01;0.01;0.01;0;1;0.0
2587;ger000450;ger;dame;unknown;Eine Dame;FEMALE;1;1;3;3;0;0;0;0;0.0;0.0;1.0;0.0;0.0;0.0;0.0;0.0;0.0;0.02;0.0;0.0;0.01;0;1;0.0
2588;ger000450;ger;geist;unknown;Geist;UNKNOWN;1;1;24;24;0;0;0;0;0.0;0.0;1.0;0.0;0.0;0.0;0.0;0.0;0.0;0.02;0.02;0.02;0.03;0;0;0.0
2589;ger000450;ger;sokrates;unknown;Sokrates;MALE;1;1;8;8;0;0;0;0;0.0;0.0;0.0;1.0;0.0;0.0;0.0;0.0;0.0;0.02;0.01;0.01;0.03;0;1;0.0
2590;ger000450;ger;cato;unknown;Cato;MALE;1;1;3;3;0;0;0;0;0.0;0.0;0.0;1.0;0.0;0.0;0.0;0.0;0.0;0.02;0.0;0.0;0.01;0;0;0.0
2591;ger000450;ger;solon;unknown;Solon;MALE;1;1;2;2;0;0;0;0;0.0;0.0;0.0;1.0;0.0;0.0;0.0;0.0;0.0;0.02;0.0;0.0;0.01;0;0;0.0
2592;ger000450;ger;erster_hoefling;unknown;Erster Höfling;MALE;1;2;3;3;0;0;0;0;0.0;0.0;0.0;1.0;0.0;0.0;0.0;0.0;0.0;0.03;0.0;0.0;0.18;0;5;0.0
2593;ger000450;ger;zweiter_hoefling;unknown;Zweiter Höfling;MALE;1;1;3;3;0;0;0;0;0.0;0.0;0.0;1.0;0.0;0.0;0.0;0.0;0.0;0.02;0.0;0.0;0.1;0;4;0.0
2594;ger000450;ger;dritter_hoefling;unknown;Dritter Höfling;MALE;1;1;3;3;0;0;0;0;0.0;0.0;0.0;1.0;0.0;0.0;0.0;0.0;0.0;0.02;0.0;0.0;0.1;0;3;0.0
2595;ger000450;ger;vierter_hoefling;unknown;Vierter Höfling;MALE;1;1;3;3;0;0;0;0;0.0;0.0;0.0;1.0;0.0;0.0;0.0;0.0;0.0;0.02;0.0;0.0;0.1;0;2;0.0
2596;ger000450;ger;fuenfter_hoefling;unknown;Fünfter Höfling;MALE;1;1;2;2;0;0;0;0;0.0;0.0;0.0;1.0;0.0;0.0;0.0;0.0;0.0;0.02;0.0;0.0;0.1;0;1;0.0
2597;ger000450;ger;hoeflinge;unknown;Höflinge;MALE;1;2;20;20;0;0;0;0;0.0;0.0;0.0;1.0;0.0;0.0;0.0;0.0;0.0;0.03;0.01;0.01;0.18;0;4;0.0
2598;ger000450;ger;fuerst;unknown;Fürst;MALE;1;1;17;17;0;0;0;0;0.0;0.0;0.0;1.0;0.0;0.0;0.0;0.0;0.0;0.02;0.01;0.01;0.1;0;7;0.0
2599;ger000450;ger;kaemmerer;unknown;Kämmerer;MALE;1;1;1;1;0;0;0;0;0.0;0.0;0.0;1.0;0.0;0.0;0.0;0.0;0.0;0.02;0.0;0.0;0.1;0;4;0.0
2600;ger000450;ger;obrister;unknown;Obrister;MALE;1;1;1;1;0;0;0;0;0.0;0.0;0.0;1.0;0.0;0.0;0.0;0.0;0.0;0.02;0.0;0.0;0.1;0;3;0.0
2601;ger000450;ger;jaegermeister;unknown;Jägermeister;MALE;1;1;1;1;0;0;0;0;0.0;0.0;0.0;1.0;0.0;0.0;0.0;0.0;0.0;0.02;0.0;0.0;0.1;0;2;0.0
2602;ger000450;ger;kanzler;unknown;Kanzler;MALE;1;1;1;1;0;0;0;0;0.0;0.0;0.0;1.0;0.0;0.0;0.0;0.0;0.0;0.02;0.0;0.0;0.1;0;1;0.0
2603;ger000450;ger;helena;unknown;Helena;FEMALE;1;1;1;1;0;0;0;0;0.0;0.0;0.0;1.0;0.0;0.0;0.0;0.0;0.0;0.02;0.0;0.0;0.03;0;0;0.0
2604;ger000450;ger;fausts_mutter;unknown;Fausts Mutter;FEMALE;1;5;37;37;0;0;0;0;0.0;0.0;0.0;0.0;1.0;0.0;0.0;0.0;0.0;0.08;0.03;0.03;0.19;1;1;0.01
2605;ger000450;ger;reisender;unknown;Reisender;MALE;1;1;13;13;0;0;0;0;0.0;0.0;0.0;0.0;1.0;0.0;0.0;0.0;0.0;0.02;0.01;0.01;0.04;2;1;0.0
2606;ger000450;ger;guergel;unknown;Gürgel;MALE;1;1;1;1;0;0;0;0;0.0;0.0;0.0;0.0;1.0;0.0;0.0;0.0;0.0;0.02;0.0;0.0;0.07;0;0;0.0
2607;ger000450;ger;volk;unknown;Volk;UNKNOWN;1;2;31;31;0;0;0;0;0.0;0.0;0.0;0.0;1.0;0.0;0.0;0.0;0.0;0.03;0.02;0.02;0.35;2;4;0.03
2608;ger000450;ger;alle_aussen;unknown;Alle (außen);UNKNOWN;1;1;1;1;0;0;0;0;0.0;0.0;0.0;0.0;1.0;0.0;0.0;0.0;0.0;0.02;0.0;0.0;0.15;2;2;0.0
2609;ger000450;ger;andere_stimme_5-8a;unknown;Andere Stimme (V/8);UNKNOWN;1;1;1;1;0;0;0;0;0.0;0.0;0.0;0.0;1.0;0.0;0.0;0.0;0.0;0.02;0.0;0.0;0.15;2;2;0.0
2610;ger000450;ger;andere_stimme_5-8b;unknown;Andere Stimme (V/8);UNKNOWN;1;1;1;1;0;0;0;0;0.0;0.0;0.0;0.0;1.0;0.0;0.0;0.0;0.0;0.02;0.0;0.0;0.15;2;2;0.0
2611;ger000450;ger;einer_vom_volk_sich_vordraengend;unknown;Einer vom Volk sich vordrängend;MALE;1;1;5;5;0;0;0;0;0.0;0.0;0.0;0.0;1.0;0.0;0.0;0.0;0.0;0.02;0.0;0.0;0.15;2;1;0.0
2612;ger000450;ger;andere_stimme_5-9a;unknown;Andere Stimme (V/9);UNKNOWN;1;1;1;1;0;0;0;0;0.0;0.0;0.0;0.0;1.0;0.0;0.0;0.0;0.0;0.02;0.0;0.0;0.22;0;1;0.0
2613;ger000450;ger;eine_stimme_5-9;unknown;Eine Stimme (V/9);UNKNOWN;1;1;1;1;0;0;0;0;0.0;0.0;0.0;0.0;1.0;0.0;0.0;0.0;0.0;0.02;0.0;0.0;0.22;0;1;0.0
2614;ger000450;ger;andere_stimme_5-9b;unknown;Andere Stimme (V/9);UNKNOWN;1;1;1;1;0;0;0;0;0.0;0.0;0.0;0.0;1.0;0.0;0.0;0.0;0.0;0.02;0.0;0.0;0.22;0;1;0.0
2615;ger000450;ger;andere_stimme_5-9c;unknown;Andere Stimme (V/9);UNKNOWN;1;1;1;1;0;0;0;0;0.0;0.0;0.0;0.0;1.0;0.0;0.0;0.0;0.0;0.02;0.0;0.0;0.22;0;1;0.0
2616;ger000450;ger;andere_stimme_5-9d;unknown;Andere Stimme (V/9);UNKNOWN;1;1;1;1;0;0;0;0;0.0;0.0;0.0;0.0;1.0;0.0;0.0;0.0;0.0;0.02;0.0;0.0;0.22;0;1;0.0
2617;ger000450;ger;andere_stimme_5-9e;unknown;Andere Stimme (V/9);UNKNOWN;1;1;1;1;0;0;0;0;0.0;0.0;0.0;0.0;1.0;0.0;0.0;0.0;0.0;0.02;0.0;0.0;0.22;0;1;0.0
2618;ger000450;ger;andere_stimme_5-9f;unknown;Andere Stimme (V/9);UNKNOWN;1;1;1;1;0;0;0;0;0.0;0.0;0.0;0.0;1.0;0.0;0.0;0.0;0.0;0.02;0.0;0.0;0.22;0;1;0.0
2619;ger000450;ger;andere_stimme_5-9g;unknown;Andere Stimme (V/9);UNKNOWN;1;1;1;1;0;0;0;0;0.0;0.0;0.0;0.0;1.0;0.0;0.0;0.0;0.0;0.02;0.0;0.0;0.22;0;1;0.0
2620;ger000450;ger;andere_stimme_5-9h;unknown;Andere Stimme (V/9);UNKNOWN;1;1;1;1;0;0;0;0;0.0;0.0;0.0;0.0;1.0;0.0;0.0;0.0;0.0;0.02;0.0;0.0;0.22;0;1;0.0
2621;ger000450;ger;andere_stimme_5-9i;unknown;Andere Stimme (V/9);UNKNOWN;1;1;1;1;0;0;0;0;0.0;0.0;0.0;0.0;1.0;0.0;0.0;0.0;0.0;0.02;0.0;0.0;0.22;0;1;0.0
2622;ger000450;ger;stimme_5-9a;unknown;Stimme (V/9);UNKNOWN;1;1;1;1;0;0;0;0;0.0;0.0;0.0;0.0;1.0;0.0;0.0;0.0;0.0;0.02;0.0;0.0;0.22;0;1;0.0
2623;ger000450;ger;stimme_5-9b;unknown;Stimme (V/9);UNKNOWN;1;1;1;1;0;0;0;0;0.0;0.0;0.0;0.0;1.0;0.0;0.0;0.0;0.0;0.02;0.0;0.0;0.22;0;1;0.0
2624;ger000450;ger;stimme_5-9c;unknown;Stimme (V/9);UNKNOWN;1;1;1;1;0;0;0;0;0.0;0.0;0.0;0.0;1.0;0.0;0.0;0.0;0.0;0.02;0.0;0.0;0.22;0;1;0.0
2625;ger000450;ger;zweiter_student dritter_student;unknown;UNKNOWN;u;1;2;2;2;0;0;0;0;1.0;0.0;0.0;0.0;0.0;0.0;0.0;0.0;0.0;0.03;0.0;0.0;0.1;0;3;0.0
2626;ger000450;ger;brenner erster_student zweiter_student dritter_student;unknown;UNKNOWN;u;1;2;3;3;0;0;0;0;1.0;0.0;0.0;0.0;0.0;0.0;0.0;0.0;0.0;0.03;0.0;0.0;0.1;0;0;0.0
2627;ger000450;ger;erster_student zweiter_student dritter_student;unknown;UNKNOWN;u;1;2;10;10;0;0;0;0;1.0;0.0;0.0;0.0;0.0;0.0;0.0;0.0;0.0;0.03;0.01;0.01;0.1;0;0;0.0
2628;ger000450;ger;erster_geist zweiter_geist dritter_geist vierter_geist fuenfter_geist sechster_geist siebenter_geist;unknown;UNKNOWN;u;1;1;1;1;0;0;0;0;0.0;1.0;0.0;0.0;0.0;0.0;0.0;0.0;0.0;0.02;0.0;0.0;0.1;0;0;0.0
2629;ger000450;ger;fausts_vater fausts_mutter;unknown;UNKNOWN;u;1;1;1;1;0;0;0;0;0.0;0.0;0.0;0.0;1.0;0.0;0.0;0.0;0.0;0.02;0.0;0.0;0.07;0;1;0.0
2630;ger000450;ger;fausts_vater fausts_mutter liese guergel;unknown;UNKNOWN;u;1;1;1;1;0;0;0;0;0.0;0.0;0.0;0.0;1.0;0.0;0.0;0.0;0.0;0.02;0.0;0.0;0.15;2;2;0.0
2631;ger000450;ger;fausts_vater fausts_mutter liese;unknown;UNKNOWN;u;1;1;1;1;0;0;0;0;0.0;0.0;0.0;0.0;1.0;0.0;0.0;0.0;0.0;0.02;0.0;0.0;0.15;0;0;0.0
2632;ger000645;ger;viele_1-12;unknown;Viele (I/12);MALE;1;1;1;1;0;0;0;0;1.0;0.0;0.0;0.0;0.0;0.0;0.0;0.0;0.0;0.03;0.0;0.0;0.18;0;0;0.0
2633;ger000645;ger;reisige_4-4;unknown;Reisige (IV/4);MALE;1;1;1;1;0;0;0;0;0.0;0.0;0.0;1.0;0.0;0.0;0.0;0.0;0.0;0.03;0.0;0.0;0.18;0;0;0.0
2634;ger000645;ger;die_uebrigen_reisigen_4-7;unknown;Die übrigen Reisigen (IV/7);MALE;1;1;1;1;0;0;0;0;0.0;0.0;0.0;1.0;0.0;0.0;0.0;0.0;0.0;0.03;0.0;0.0;0.24;0;1;0.0
2635;ger000645;ger;adelungen;unknown;Ursmar von Adelungen;MALE;4;16;156;148;0;0;0;0;0.34;0.29;0.14;0.23;0.0;0.0;0.0;0.0;0.0;0.4;0.21;0.21;0.59;0;7;0.14
2636;ger000645;ger;ullo;unknown;Ullo;MALE;2;7;31;29;0;0;0;0;0.14;0.0;0.0;0.86;0.0;0.0;0.0;0.0;0.0;0.17;0.04;0.04;0.35;0;4;0.03
2637;ger000645;ger;otto;unknown;Otto von Schönborn;MALE;2;9;80;80;0;0;0;0;0.55;0.0;0.0;0.45;0.0;0.0;0.0;0.0;0.0;0.23;0.11;0.11;0.65;1;9;0.36
2638;ger000645;ger;willibald;unknown;Willibald;MALE;1;1;6;6;0;0;0;0;1.0;0.0;0.0;0.0;0.0;0.0;0.0;0.0;0.0;0.03;0.01;0.01;0.12;0;0;0.0
2639;ger000645;ger;klara;unknown;Klara;FEMALE;4;17;144;143;0;0;0;0;0.22;0.32;0.3;0.15;0.0;0.0;0.0;0.0;0.0;0.42;0.2;0.2;0.65;0;8;0.28
2640;ger000645;ger;heinrich;unknown;Heinrich;MALE;4;18;160;158;0;0;0;0;0.18;0.32;0.27;0.23;0.0;0.0;0.0;0.0;0.0;0.45;0.22;0.22;0.47;0;6;0.12
2641;ger000645;ger;gotthard;unknown;Gotthard;MALE;1;1;4;4;0;0;0;0;1.0;0.0;0.0;0.0;0.0;0.0;0.0;0.0;0.0;0.03;0.01;0.01;0.12;0;0;0.0
2642;ger000645;ger;marie;unknown;Marie;FEMALE;2;4;7;7;0;0;0;0;0.57;0.43;0.0;0.0;0.0;0.0;0.0;0.0;0.0;0.1;0.01;0.01;0.12;1;0;0.0
2643;ger000645;ger;wolfgang;unknown;Wolfgang;MALE;1;2;6;6;0;0;0;0;1.0;0.0;0.0;0.0;0.0;0.0;0.0;0.0;0.0;0.05;0.01;0.01;0.24;2;0;0.03
2644;ger000645;ger;einer_aus_ihnen_1-12;unknown;Einer aus ihnen (I/12);MALE;1;1;1;1;0;0;0;0;1.0;0.0;0.0;0.0;0.0;0.0;0.0;0.0;0.0;0.03;0.0;0.0;0.18;0;1;0.0
2645;ger000645;ger;bruno;unknown;Bruno von Hildersweil;MALE;3;17;126;125;0;0;0;0;0.0;0.57;0.21;0.22;0.0;0.0;0.0;0.0;0.0;0.42;0.17;0.17;0.47;0;1;0.07
2646;ger000645;ger;robert;unknown;Robert;MALE;3;6;7;4;0;0;0;0;0.0;0.0;0.5;0.5;0.0;0.0;0.0;0.0;0.0;0.15;0.01;0.01;0.24;0;2;0.0
2647;ger000645;ger;ein_reisiger_4-3;unknown;Ein Reisiger (IV/3);MALE;1;1;1;1;0;0;0;0;0.0;0.0;0.0;1.0;0.0;0.0;0.0;0.0;0.0;0.03;0.0;0.0;0.06;0;0;0.0
2648;ger000645;ger;einer_der_reisigen_4-4;unknown;Einer der Reisigen (IV/4);MALE;1;1;1;1;0;0;0;0;0.0;0.0;0.0;1.0;0.0;0.0;0.0;0.0;0.0;0.03;0.0;0.0;0.18;0;1;0.0
2649;ger000716;ger;montenegro;unknown;Montenegro;MALE;2;18;71;71;0;0;0;0;0.58;0.0;0.42;0.0;0.0;0.0;0.0;0.0;0.0;0.35;0.15;0.15;0.54;1;1;0.3
2650;ger000716;ger;katelli;unknown;Katelli;MALE;4;26;123;123;0;0;0;0;0.39;0.0;0.16;0.26;0.19;0.0;0.0;0.0;0.0;0.5;0.26;0.26;0.69;0;2;0.34
2651;ger000716;ger;anton;unknown;Anton;MALE;3;12;56;55;0;0;0;0;0.69;0.0;0.16;0.15;0.0;0.0;0.0;0.0;0.0;0.23;0.12;0.12;0.62;0;4;0.26
2652;ger000716;ger;franziska;unknown;Franziska;FEMALE;3;11;51;50;0;0;0;0;0.42;0.0;0.18;0.0;0.4;0.0;0.0;0.0;0.0;0.21;0.11;0.11;0.38;0;3;0.03
2653;ger000716;ger;kamilla;unknown;Kamilla;FEMALE;2;2;29;29;0;0;0;0;0.41;0.59;0.0;0.0;0.0;0.0;0.0;0.0;0.0;0.04;0.06;0.06;0.23;0;2;0.01
2654;ger000716;ger;bedienter_1-16;unknown;Bedienter (I/16);MALE;1;1;1;1;0;0;0;0;1.0;0.0;0.0;0.0;0.0;0.0;0.0;0.0;0.0;0.02;0.0;0.0;0.08;0;1;0.0
2655;ger000716;ger;niklas_zisterzius;unknown;Niklas/Zisterzius;MALE;3;9;42;41;0;0;0;0;0.24;0.61;0.15;0.0;0.0;0.0;0.0;0.0;0.0;0.17;0.09;0.09;0.38;1;2;0.05
2656;ger000716;ger;pedrillo;unknown;Pedrillo;MALE;4;12;73;72;0;0;0;0;0.0;0.5;0.07;0.32;0.11;0.0;0.0;0.0;0.0;0.23;0.15;0.15;0.38;0;2;0.04
2657;ger000716;ger;bedienter_3-4;unknown;Bedienter (III/4);MALE;1;1;2;2;0;0;0;0;0.0;0.0;1.0;0.0;0.0;0.0;0.0;0.0;0.0;0.02;0.0;0.0;0.08;0;0;0.0
2658;ger000716;ger;priester;unknown;Priester;MALE;1;2;11;11;0;0;0;0;0.0;0.0;1.0;0.0;0.0;0.0;0.0;0.0;0.0;0.04;0.02;0.02;0.31;1;3;0.0
2659;ger000716;ger;hieronimus;unknown;Hieronimus;MALE;1;1;10;10;0;0;0;0;0.0;0.0;1.0;0.0;0.0;0.0;0.0;0.0;0.0;0.02;0.02;0.02;0.08;0;1;0.0
2660;ger000716;ger;der_vermummte;unknown;Der Vermummte;MALE;1;1;1;1;0;0;0;0;0.0;0.0;0.0;1.0;0.0;0.0;0.0;0.0;0.0;0.02;0.0;0.0;0.15;0;0;0.0
2661;ger000716;ger;gefangenwaerter;unknown;Gefangenwärter;MALE;1;1;2;2;0;0;0;0;0.0;0.0;0.0;0.0;1.0;0.0;0.0;0.0;0.0;0.02;0.0;0.0;0.08;0;1;0.0
2662;ger000033;ger;puf;unknown;Puf;MALE;0;10;70;76;0;0;0;0;0.0;0.0;0.0;0.0;0.0;0.0;0.0;0.0;0.0;1.0;0.19;0.18;1.0;1;2;0.03
2663;ger000033;ger;frank;unknown;Frank;MALE;0;10;41;41;0;0;0;0;0.0;0.0;0.0;0.0;0.0;0.0;0.0;0.0;0.0;1.0;0.11;0.1;1.0;2;2;0.03
2664;ger000033;ger;eiler;unknown;Eiler;MALE;0;4;54;59;0;0;0;0;0.0;0.0;0.0;0.0;0.0;0.0;0.0;0.0;0.0;0.4;0.15;0.14;0.85;4;3;0.0
2665;ger000033;ger;madame_pfeil;unknown;Madame Pfeil;FEMALE;0;3;52;52;0;0;0;0;0.0;0.0;0.0;0.0;0.0;0.0;0.0;0.0;0.0;0.3;0.14;0.12;0.85;4;4;0.0
2666;ger000033;ger;madame_krone;unknown;Madame Krone;FEMALE;0;4;38;38;0;0;0;0;0.0;0.0;0.0;0.0;0.0;0.0;0.0;0.0;0.0;0.4;0.11;0.09;0.92;2;2;0.02
2667;ger000033;ger;herz;unknown;Herz;MALE;0;3;34;34;0;0;0;0;0.0;0.0;0.0;0.0;0.0;0.0;0.0;0.0;0.0;0.3;0.09;0.08;0.38;2;1;0.0
2668;ger000033;ger;madame_vogelsang;unknown;Madame Vogelsang;FEMALE;0;3;39;39;0;0;0;0;0.0;0.0;0.0;0.0;0.0;0.0;0.0;0.0;0.0;0.3;0.11;0.09;1.0;3;3;0.03
2669;ger000033;ger;madame_herz;unknown;Madame Herz;FEMALE;0;3;10;29;0;0;0;0;0.0;0.0;0.0;0.0;0.0;0.0;0.0;0.0;0.0;0.3;0.03;0.07;1.0;0;2;0.03
2670;ger000033;ger;mademoiselle_silberklang;unknown;Mademoiselle Silberklang;FEMALE;0;3;12;29;0;0;0;0;0.0;0.0;0.0;0.0;0.0;0.0;0.0;0.0;0.0;0.3;0.03;0.07;0.92;1;3;0.01
2671;ger000033;ger;monsieur_vogelsang;unknown;Monsieur Vogelsang;MALE;0;2;4;11;0;0;0;0;0.0;0.0;0.0;0.0;0.0;0.0;0.0;0.0;0.0;0.2;0.01;0.03;0.92;0;0;0.01
2672;ger000033;ger;mademoiselle_silberklang madame_herz;unknown;UNKNOWN;u;0;1;1;1;0;0;0;0;0.0;0.0;0.0;0.0;0.0;0.0;0.0;0.0;0.0;0.1;0.0;0.0;0.46;0;0;0.0
2673;ger000033;ger;madame_krone madame_vogelsang;unknown;UNKNOWN;u;0;1;1;1;0;0;0;0;0.0;0.0;0.0;0.0;0.0;0.0;0.0;0.0;0.0;0.1;0.0;0.0;0.85;4;2;0.0
2674;ger000033;ger;madame_herz mademoiselle_silberklang;unknown;UNKNOWN;u;0;1;1;1;0;0;0;0;0.0;0.0;0.0;0.0;0.0;0.0;0.0;0.0;0.0;0.1;0.0;0.0;0.85;4;2;0.0
2675;ger000033;ger;frank puf herz madame_herz mademoiselle_silberklang madame_vogelsang monsieur_vogelsang eiler madame_pfeil madame_krone;unknown;UNKNOWN;u;0;1;4;8;0;0;0;0;0.0;0.0;0.0;0.0;0.0;0.0;0.0;0.0;0.0;0.1;0.01;0.02;0.85;0;1;0.0
2676;ger000381;ger;belmonte;unknown;Belmonte;MALE;3;15;75;143;0;0;0;0;0.47;0.26;0.27;0.0;0.0;0.0;0.0;0.0;0.0;0.54;0.18;0.19;0.81;2;0;0.04
2677;ger000381;ger;osmin;unknown;Osmin;MALE;3;8;95;181;0;0;0;0;0.49;0.25;0.26;0.0;0.0;0.0;0.0;0.0;0.0;0.29;0.22;0.24;0.69;1;3;0.05
2678;ger000381;ger;pedrillo;unknown;Pedrillo;MALE;3;16;91;140;0;0;0;0;0.21;0.44;0.35;0.0;0.0;0.0;0.0;0.0;0.0;0.57;0.21;0.18;0.94;2;3;0.22
2679;ger000381;ger;chor;unknown;Chor (Janitscharen);MALE;1;1;3;16;0;0;0;0;1.0;0.0;0.0;0.0;0.0;0.0;0.0;0.0;0.0;0.04;0.01;0.02;0.0;0;0;0.0
2680;ger000381;ger;selim;unknown;Selim;MALE;3;6;34;35;0;0;0;0;0.34;0.17;0.49;0.0;0.0;0.0;0.0;0.0;0.0;0.21;0.08;0.05;0.44;2;4;0.0
2681;ger000381;ger;konstanze;unknown;Konstanze;FEMALE;3;9;47;105;0;0;0;0;0.18;0.62;0.2;0.0;0.0;0.0;0.0;0.0;0.0;0.32;0.11;0.14;0.81;0;0;0.04
2682;ger000381;ger;blonde;unknown;Blonde;FEMALE;2;8;51;84;0;0;0;0;0.0;0.9;0.1;0.0;0.0;0.0;0.0;0.0;0.0;0.29;0.12;0.11;0.81;1;2;0.04
2683;ger000381;ger;klaas;unknown;Klaas;MALE;1;1;3;3;0;0;0;0;0.0;0.0;1.0;0.0;0.0;0.0;0.0;0.0;0.0;0.04;0.01;0.0;0.06;0;0;0.0
2684;ger000381;ger;wache;unknown;Wache;MALE;1;2;5;8;0;0;0;0;0.0;0.0;1.0;0.0;0.0;0.0;0.0;0.0;0.0;0.07;0.01;0.01;0.56;1;1;0.01
2685;ger000381;ger;belmonte pedrillo;unknown;UNKNOWN;u;2;2;6;10;0;0;0;0;0.6;0.4;0.0;0.0;0.0;0.0;0.0;0.0;0.0;0.07;0.01;0.01;0.56;0;0;0.0
2686;ger000381;ger;pedrillo osmin;unknown;UNKNOWN;u;1;1;2;7;0;0;0;0;0.0;1.0;0.0;0.0;0.0;0.0;0.0;0.0;0.0;0.04;0.0;0.01;0.12;0;0;0.0
2687;ger000381;ger;pedrillo belmonte konstanze blonde;unknown;UNKNOWN;u;1;1;2;9;0;0;0;0;0.0;1.0;0.0;0.0;0.0;0.0;0.0;0.0;0.0;0.04;0.0;0.01;0.5;0;0;0.0
2688;ger000381;ger;belmonte konstanze;unknown;UNKNOWN;u;2;3;6;16;0;0;0;0;0.0;0.25;0.75;0.0;0.0;0.0;0.0;0.0;0.0;0.11;0.01;0.02;0.69;0;0;0.02
2689;ger000381;ger;pedrillo belmonte;unknown;UNKNOWN;u;1;1;1;2;0;0;0;0;0.0;1.0;0.0;0.0;0.0;0.0;0.0;0.0;0.0;0.04;0.0;0.0;0.5;0;0;0.0
2690;ger000381;ger;konstanze blonde;unknown;UNKNOWN;u;1;1;1;2;0;0;0;0;0.0;1.0;0.0;0.0;0.0;0.0;0.0;0.0;0.0;0.04;0.0;0.0;0.5;0;0;0.0
2691;ger000381;ger;pedrillo blonde;unknown;UNKNOWN;u;1;1;1;1;0;0;0;0;0.0;0.0;1.0;0.0;0.0;0.0;0.0;0.0;0.0;0.04;0.0;0.0;0.44;1;2;0.0
2692;ger000381;ger;belmonte konstanze pedrillo blonde;unknown;UNKNOWN;u;1;1;2;7;0;0;0;0;0.0;0.0;1.0;0.0;0.0;0.0;0.0;0.0;0.0;0.04;0.0;0.01;0.44;1;1;0.0
2693;ger000133;ger;constanze;unknown;Constanze;FEMALE;2;21;87;144;0;0;0;0;0.59;0.41;0.0;0.0;0.0;0.0;0.0;0.0;0.0;0.51;0.12;0.12;0.66;2;4;0.05
2694;ger000133;ger;claerchen;unknown;Clärchen;FEMALE;2;31;156;237;0;0;0;0;0.4;0.6;0.0;0.0;0.0;0.0;0.0;0.0;0.0;0.76;0.22;0.2;0.9;2;3;0.18
2695;ger000133;ger;bast;unknown;Bast;MALE;2;14;89;146;0;0;0;0;0.69;0.31;0.0;0.0;0.0;0.0;0.0;0.0;0.0;0.34;0.12;0.12;0.72;1;4;0.06
2696;ger000133;ger;erster_poet;unknown;Erster Poet;MALE;2;4;18;29;0;0;0;0;0.76;0.24;0.0;0.0;0.0;0.0;0.0;0.0;0.0;0.1;0.03;0.02;0.32;4;3;0.0
2697;ger000133;ger;zweyter_poet;unknown;Zweyter Poet;MALE;2;4;17;31;0;0;0;0;0.77;0.23;0.0;0.0;0.0;0.0;0.0;0.0;0.0;0.1;0.02;0.03;0.32;2;1;0.0
2698;ger000133;ger;nikolo;unknown;Nikolo;MALE;2;14;58;70;0;0;0;0;0.5;0.5;0.0;0.0;0.0;0.0;0.0;0.0;0.0;0.34;0.08;0.06;0.74;3;1;0.09
2699;ger000133;ger;albert;unknown;Albert;MALE;2;15;45;93;0;0;0;0;0.57;0.43;0.0;0.0;0.0;0.0;0.0;0.0;0.0;0.37;0.06;0.08;0.72;4;3;0.08
2700;ger000133;ger;truebe;unknown;Trübe;MALE;2;17;74;100;0;0;0;0;0.46;0.54;0.0;0.0;0.0;0.0;0.0;0.0;0.0;0.41;0.1;0.08;0.6;2;4;0.04
2701;ger000133;ger;lukrezia;unknown;Lukrezia;FEMALE;2;6;9;36;0;0;0;0;0.69;0.31;0.0;0.0;0.0;0.0;0.0;0.0;0.0;0.15;0.01;0.03;0.46;1;1;0.01
2702;ger000133;ger;virginia;unknown;Virginia;FEMALE;2;6;11;27;0;0;0;0;0.52;0.48;0.0;0.0;0.0;0.0;0.0;0.0;0.0;0.15;0.02;0.02;0.46;1;4;0.01
2703;ger000133;ger;orpheus;unknown;Orpheus;MALE;2;10;42;59;0;0;0;0;0.36;0.64;0.0;0.0;0.0;0.0;0.0;0.0;0.0;0.24;0.06;0.05;0.56;0;1;0.04
2704;ger000133;ger;claerchen constanze;unknown;UNKNOWN;u;1;5;7;14;0;0;0;0;1.0;0.0;0.0;0.0;0.0;0.0;0.0;0.0;0.0;0.12;0.01;0.01;0.28;0;2;0.0
2705;ger000133;ger;constanze claerchen;unknown;UNKNOWN;u;2;4;10;20;0;0;0;0;0.95;0.05;0.0;0.0;0.0;0.0;0.0;0.0;0.0;0.1;0.01;0.02;0.32;1;2;0.01
2706;ger000133;ger;truebe bast;unknown;UNKNOWN;u;1;2;2;4;0;0;0;0;1.0;0.0;0.0;0.0;0.0;0.0;0.0;0.0;0.0;0.05;0.0;0.0;0.28;0;0;0.0
2707;ger000133;ger;bast truebe;unknown;UNKNOWN;u;2;5;8;20;0;0;0;0;0.95;0.05;0.0;0.0;0.0;0.0;0.0;0.0;0.0;0.12;0.01;0.02;0.5;0;2;0.03
2708;ger000133;ger;bast truebe nikolo;unknown;UNKNOWN;u;1;1;5;9;0;0;0;0;1.0;0.0;0.0;0.0;0.0;0.0;0.0;0.0;0.0;0.02;0.01;0.01;0.18;3;0;0.0
2709;ger000133;ger;lukrezia virginia;unknown;UNKNOWN;u;2;3;9;17;0;0;0;0;0.88;0.12;0.0;0.0;0.0;0.0;0.0;0.0;0.0;0.07;0.01;0.01;0.48;1;1;0.02
2710;ger000133;ger;albert constanze;unknown;UNKNOWN;u;2;4;5;10;0;0;0;0;0.8;0.2;0.0;0.0;0.0;0.0;0.0;0.0;0.0;0.1;0.01;0.01;0.5;1;1;0.02
2711;ger000133;ger;truebe bast nikolo;unknown;UNKNOWN;u;1;1;1;2;0;0;0;0;1.0;0.0;0.0;0.0;0.0;0.0;0.0;0.0;0.0;0.02;0.0;0.0;0.18;0;0;0.0
2712;ger000133;ger;bast nikolo;unknown;UNKNOWN;u;2;3;4;8;0;0;0;0;0.5;0.5;0.0;0.0;0.0;0.0;0.0;0.0;0.0;0.07;0.01;0.01;0.48;0;0;0.02
2713;ger000133;ger;claerchen constanze albert;unknown;UNKNOWN;u;1;1;1;3;0;0;0;0;1.0;0.0;0.0;0.0;0.0;0.0;0.0;0.0;0.0;0.02;0.0;0.0;0.08;0;0;0.0
2714;ger000133;ger;nikolo constanze claerchen albert;unknown;UNKNOWN;u;1;1;1;1;0;0;0;0;1.0;0.0;0.0;0.0;0.0;0.0;0.0;0.0;0.0;0.02;0.0;0.0;0.18;0;0;0.0
2715;ger000133;ger;albert constanze claerchen;unknown;UNKNOWN;u;2;2;3;10;0;0;0;0;0.3;0.7;0.0;0.0;0.0;0.0;0.0;0.0;0.0;0.05;0.0;0.01;0.2;0;0;0.0
2716;ger000133;ger;erster_poet zweyter_poet;unknown;UNKNOWN;u;2;4;10;21;0;0;0;0;0.52;0.48;0.0;0.0;0.0;0.0;0.0;0.0;0.0;0.1;0.01;0.02;0.44;2;2;0.02
2717;ger000133;ger;virginia lukrezia;unknown;UNKNOWN;u;1;2;4;6;0;0;0;0;1.0;0.0;0.0;0.0;0.0;0.0;0.0;0.0;0.0;0.05;0.01;0.01;0.22;0;1;0.0
2718;ger000133;ger;erster_poet zweyter_poet virginia lukrezia;unknown;UNKNOWN;u;2;2;2;6;0;0;0;0;0.5;0.5;0.0;0.0;0.0;0.0;0.0;0.0;0.0;0.05;0.0;0.01;0.36;0;0;0.0
2719;ger000133;ger;erster_poet zweyter_poet lukrezia virginia orpheus;unknown;UNKNOWN;u;1;1;1;1;0;0;0;0;1.0;0.0;0.0;0.0;0.0;0.0;0.0;0.0;0.0;0.02;0.0;0.0;0.16;0;0;0.0
2720;ger000133;ger;orpheus erster_poet zweyter_poet;unknown;UNKNOWN;u;1;2;2;3;0;0;0;0;1.0;0.0;0.0;0.0;0.0;0.0;0.0;0.0;0.0;0.05;0.0;0.0;0.34;0;1;0.01
2721;ger000133;ger;erster_poet zweyter_poet lukrezia virginia orpheus bast truebe;unknown;UNKNOWN;u;1;1;1;3;0;0;0;0;1.0;0.0;0.0;0.0;0.0;0.0;0.0;0.0;0.0;0.02;0.0;0.0;0.1;0;0;0.0
2722;ger000133;ger;bast truebe nikolo albert constanze claerchen;unknown;UNKNOWN;u;1;1;1;3;0;0;0;0;1.0;0.0;0.0;0.0;0.0;0.0;0.0;0.0;0.0;0.02;0.0;0.0;0.26;1;2;0.0
2723;ger000133;ger;erster_poet zweyter_poet orpheus virginia lukrezia;unknown;UNKNOWN;u;1;1;2;6;0;0;0;0;1.0;0.0;0.0;0.0;0.0;0.0;0.0;0.0;0.0;0.02;0.0;0.01;0.26;1;2;0.0
2724;ger000133;ger;erster_poet zweyter_poet lukrezia virginia orpheus truebe nikolo claerchen albert;unknown;UNKNOWN;u;1;1;1;1;0;0;0;0;1.0;0.0;0.0;0.0;0.0;0.0;0.0;0.0;0.0;0.02;0.0;0.0;0.26;0;1;0.0
2725;ger000133;ger;truebe constanze claerchen nikolo;unknown;UNKNOWN;u;1;1;1;3;0;0;0;0;1.0;0.0;0.0;0.0;0.0;0.0;0.0;0.0;0.0;0.02;0.0;0.0;0.26;0;1;0.0
2726;ger000133;ger;truebe claerchen;unknown;UNKNOWN;u;1;1;1;3;0;0;0;0;1.0;0.0;0.0;0.0;0.0;0.0;0.0;0.0;0.0;0.02;0.0;0.0;0.26;0;0;0.0
2727;ger000133;ger;bast constanze albert truebe claerchen;unknown;UNKNOWN;u;1;1;1;3;0;0;0;0;1.0;0.0;0.0;0.0;0.0;0.0;0.0;0.0;0.0;0.02;0.0;0.0;0.26;0;0;0.0
2728;ger000133;ger;orpheus claerchen;unknown;UNKNOWN;u;1;1;1;3;0;0;0;0;0.0;1.0;0.0;0.0;0.0;0.0;0.0;0.0;0.0;0.02;0.0;0.0;0.14;0;0;0.0
2729;ger000133;ger;albert constanze orpheus;unknown;UNKNOWN;u;1;2;5;7;0;0;0;0;0.0;1.0;0.0;0.0;0.0;0.0;0.0;0.0;0.0;0.05;0.01;0.01;0.2;0;0;0.01
2730;ger000133;ger;claerchen albert constanze orpheus;unknown;UNKNOWN;u;1;1;1;3;0;0;0;0;0.0;1.0;0.0;0.0;0.0;0.0;0.0;0.0;0.0;0.02;0.0;0.0;0.12;0;0;0.0
2731;ger000133;ger;albert constanze claerchen orpheus;unknown;UNKNOWN;u;1;2;2;4;0;0;0;0;0.0;1.0;0.0;0.0;0.0;0.0;0.0;0.0;0.0;0.05;0.0;0.0;0.24;0;0;0.0
2732;ger000133;ger;nikolo albert constanze orpheus;unknown;UNKNOWN;u;1;1;1;1;0;0;0;0;0.0;1.0;0.0;0.0;0.0;0.0;0.0;0.0;0.0;0.02;0.0;0.0;0.1;0;0;0.0
2733;ger000133;ger;orpheus albert constanze;unknown;UNKNOWN;u;1;1;1;3;0;0;0;0;0.0;1.0;0.0;0.0;0.0;0.0;0.0;0.0;0.0;0.02;0.0;0.0;0.1;0;0;0.0
2734;ger000133;ger;claerchen nikolo;unknown;UNKNOWN;u;1;1;1;3;0;0;0;0;0.0;1.0;0.0;0.0;0.0;0.0;0.0;0.0;0.0;0.02;0.0;0.0;0.1;0;0;0.0
2735;ger000133;ger;albert orpheus;unknown;UNKNOWN;u;1;1;1;1;0;0;0;0;0.0;1.0;0.0;0.0;0.0;0.0;0.0;0.0;0.0;0.02;0.0;0.0;0.14;1;2;0.0
2736;ger000133;ger;orpheus nikolo;unknown;UNKNOWN;u;1;1;1;1;0;0;0;0;0.0;1.0;0.0;0.0;0.0;0.0;0.0;0.0;0.0;0.02;0.0;0.0;0.14;0;1;0.0
2737;ger000133;ger;albert constanze orpheus claerchen;unknown;UNKNOWN;u;1;2;5;9;0;0;0;0;0.0;1.0;0.0;0.0;0.0;0.0;0.0;0.0;0.0;0.05;0.01;0.01;0.22;0;0;0.0
2738;ger000133;ger;albert orpheus constanze claerchen;unknown;UNKNOWN;u;1;1;1;1;0;0;0;0;0.0;1.0;0.0;0.0;0.0;0.0;0.0;0.0;0.0;0.02;0.0;0.0;0.14;0;0;0.0
2739;ger000133;ger;constanze albert orpheus claerchen;unknown;UNKNOWN;u;1;1;1;4;0;0;0;0;0.0;1.0;0.0;0.0;0.0;0.0;0.0;0.0;0.0;0.02;0.0;0.0;0.14;0;0;0.0
2740;ger000133;ger;erster_poet zweyter_poet lukrezia virginia;unknown;UNKNOWN;u;1;1;1;2;0;0;0;0;0.0;1.0;0.0;0.0;0.0;0.0;0.0;0.0;0.0;0.02;0.0;0.0;0.28;1;1;0.0
2741;ger000133;ger;albert constanze orpheus nikolo erster_poet zweyter_poet lukrezia virginia;unknown;UNKNOWN;u;1;1;1;2;0;0;0;0;0.0;1.0;0.0;0.0;0.0;0.0;0.0;0.0;0.0;0.02;0.0;0.0;0.28;0;0;0.0
2742;ger000133;ger;truebe albert constanze orpheus claerchen;unknown;UNKNOWN;u;1;1;1;3;0;0;0;0;0.0;1.0;0.0;0.0;0.0;0.0;0.0;0.0;0.0;0.02;0.0;0.0;0.28;0;0;0.0
2743;ger000133;ger;albert constanze orpheus claerchen truebe bast nikolo erster_poet zweyter_poet lukrezia virginia;unknown;UNKNOWN;u;1;1;1;4;0;0;0;0;0.0;1.0;0.0;0.0;0.0;0.0;0.0;0.0;0.0;0.02;0.0;0.0;0.28;0;0;0.0
2744;ger000344;ger;sturmwald;unknown;Sturmwald;MALE;2;12;61;142;0;0;0;0;0.45;0.55;0.0;0.0;0.0;0.0;0.0;0.0;0.0;0.27;0.07;0.09;0.73;3;3;0.03
2745;ger000344;ger;leonore;unknown;Leonore;FEMALE;2;14;76;118;0;0;0;0;0.53;0.47;0.0;0.0;0.0;0.0;0.0;0.0;0.0;0.31;0.08;0.07;0.52;2;2;0.03
2746;ger000344;ger;claudia;unknown;Claudia;FEMALE;2;14;117;205;0;0;0;0;0.6;0.4;0.0;0.0;0.0;0.0;0.0;0.0;0.0;0.31;0.13;0.13;0.94;1;3;0.1
2747;ger000344;ger;rosalie;unknown;Rosalie;FEMALE;2;17;77;129;0;0;0;0;0.6;0.4;0.0;0.0;0.0;0.0;0.0;0.0;0.0;0.38;0.08;0.08;0.52;0;2;0.03
2748;ger000344;ger;gotthold;unknown;Gotthold;MALE;2;18;91;121;0;0;0;0;0.56;0.44;0.0;0.0;0.0;0.0;0.0;0.0;0.0;0.4;0.1;0.08;0.85;0;1;0.09
2749;ger000344;ger;sichel;unknown;Sichel;MALE;2;19;135;223;0;0;0;0;0.43;0.57;0.0;0.0;0.0;0.0;0.0;0.0;0.0;0.42;0.15;0.14;0.83;0;2;0.06
2750;ger000344;ger;krautmann;unknown;Krautmann;MALE;1;5;48;91;0;0;0;0;0.0;1.0;0.0;0.0;0.0;0.0;0.0;0.0;0.0;0.11;0.05;0.06;0.58;1;5;0.05
2751;ger000344;ger;gallus;unknown;Gallus;MALE;1;1;18;27;0;0;0;0;0.0;1.0;0.0;0.0;0.0;0.0;0.0;0.0;0.0;0.02;0.02;0.02;0.02;0;1;0.0
2752;ger000344;ger;stoessel;unknown;Stößel;MALE;2;20;142;239;0;0;0;0;0.59;0.41;0.0;0.0;0.0;0.0;0.0;0.0;0.0;0.44;0.15;0.15;0.85;3;1;0.09
2753;ger000344;ger;kommissaer;unknown;Kommissär;MALE;1;3;12;20;0;0;0;0;0.0;1.0;0.0;0.0;0.0;0.0;0.0;0.0;0.0;0.07;0.01;0.01;0.62;0;3;0.01
2754;ger000344;ger;sturmwald stoessel claudia rosalie leonore;unknown;UNKNOWN;u;1;1;3;13;0;0;0;0;1.0;0.0;0.0;0.0;0.0;0.0;0.0;0.0;0.0;0.02;0.0;0.01;0.15;3;2;0.0
2755;ger000344;ger;rosalie leonore;unknown;UNKNOWN;u;2;8;14;20;0;0;0;0;0.75;0.25;0.0;0.0;0.0;0.0;0.0;0.0;0.0;0.18;0.02;0.01;0.46;3;3;0.02
2756;ger000344;ger;stoessel claudia;unknown;UNKNOWN;u;2;3;3;5;0;0;0;0;0.6;0.4;0.0;0.0;0.0;0.0;0.0;0.0;0.0;0.07;0.0;0.0;0.73;3;1;0.03
2757;ger000344;ger;gotthold sichel;unknown;UNKNOWN;u;2;7;13;31;0;0;0;0;0.84;0.16;0.0;0.0;0.0;0.0;0.0;0.0;0.0;0.16;0.01;0.02;0.69;0;1;0.02
2758;ger000344;ger;leonore rosalie;unknown;UNKNOWN;u;2;4;21;57;0;0;0;0;0.88;0.12;0.0;0.0;0.0;0.0;0.0;0.0;0.0;0.09;0.02;0.04;0.69;3;2;0.02
2759;ger000344;ger;sichel gotthold rosalie;unknown;UNKNOWN;u;1;1;2;2;0;0;0;0;1.0;0.0;0.0;0.0;0.0;0.0;0.0;0.0;0.0;0.02;0.0;0.0;0.19;2;2;0.0
2760;ger000344;ger;rosalie sichel gotthold;unknown;UNKNOWN;u;1;1;1;4;0;0;0;0;1.0;0.0;0.0;0.0;0.0;0.0;0.0;0.0;0.0;0.02;0.0;0.0;0.19;0;0;0.0
2761;ger000344;ger;sichel gotthold;unknown;UNKNOWN;u;2;3;7;7;0;0;0;0;0.43;0.57;0.0;0.0;0.0;0.0;0.0;0.0;0.0;0.07;0.01;0.0;0.33;0;2;0.01
2762;ger000344;ger;sichel gotthold leonore rosalie;unknown;UNKNOWN;u;1;1;2;8;0;0;0;0;1.0;0.0;0.0;0.0;0.0;0.0;0.0;0.0;0.0;0.02;0.0;0.0;0.19;0;0;0.0
2763;ger000344;ger;leonore gotthold sichel;unknown;UNKNOWN;u;1;1;2;2;0;0;0;0;1.0;0.0;0.0;0.0;0.0;0.0;0.0;0.0;0.0;0.02;0.0;0.0;0.19;2;2;0.0
2764;ger000344;ger;rosalie leonore gotthold sichel;unknown;UNKNOWN;u;1;1;2;3;0;0;0;0;1.0;0.0;0.0;0.0;0.0;0.0;0.0;0.0;0.0;0.02;0.0;0.0;0.19;0;2;0.0
2765;ger000344;ger;stoessel sturmwald;unknown;UNKNOWN;u;1;1;3;8;0;0;0;0;1.0;0.0;0.0;0.0;0.0;0.0;0.0;0.0;0.0;0.02;0.0;0.0;0.17;3;0;0.0
2766;ger000344;ger;claudia sturmwald;unknown;UNKNOWN;u;1;1;6;8;0;0;0;0;1.0;0.0;0.0;0.0;0.0;0.0;0.0;0.0;0.0;0.02;0.01;0.0;0.17;0;0;0.0
2767;ger000344;ger;claudia stoessel;unknown;UNKNOWN;u;1;1;10;23;0;0;0;0;0.0;1.0;0.0;0.0;0.0;0.0;0.0;0.0;0.0;0.02;0.01;0.01;0.23;1;3;0.0
2768;ger000344;ger;rosalie gotthold;unknown;UNKNOWN;u;1;1;2;6;0;0;0;0;0.0;1.0;0.0;0.0;0.0;0.0;0.0;0.0;0.0;0.02;0.0;0.0;0.23;1;2;0.0
2769;ger000344;ger;gotthold rosalie;unknown;UNKNOWN;u;1;1;6;8;0;0;0;0;0.0;1.0;0.0;0.0;0.0;0.0;0.0;0.0;0.0;0.02;0.01;0.0;0.23;0;1;0.0
2770;ger000344;ger;leonore claudia stoessel gotthold rosalie;unknown;UNKNOWN;u;1;1;1;1;0;0;0;0;0.0;1.0;0.0;0.0;0.0;0.0;0.0;0.0;0.0;0.02;0.0;0.0;0.23;0;0;0.0
2771;ger000344;ger;leonore claudia sichel stoessel gotthold rosalie;unknown;UNKNOWN;u;1;1;1;4;0;0;0;0;0.0;1.0;0.0;0.0;0.0;0.0;0.0;0.0;0.0;0.02;0.0;0.0;0.23;0;0;0.0
2772;ger000344;ger;stoessel krautmann;unknown;UNKNOWN;u;1;1;1;6;0;0;0;0;0.0;1.0;0.0;0.0;0.0;0.0;0.0;0.0;0.0;0.02;0.0;0.0;0.04;0;0;0.0
2773;ger000344;ger;leonore gotthold;unknown;UNKNOWN;u;1;1;2;8;0;0;0;0;0.0;1.0;0.0;0.0;0.0;0.0;0.0;0.0;0.0;0.02;0.0;0.0;0.06;0;0;0.0
2774;ger000344;ger;stoessel kommissaer;unknown;UNKNOWN;u;1;2;2;2;0;0;0;0;0.0;1.0;0.0;0.0;0.0;0.0;0.0;0.0;0.0;0.04;0.0;0.0;0.19;0;2;0.0
2775;ger000344;ger;rosalie leonore sichel gotthold;unknown;UNKNOWN;u;1;1;3;7;0;0;0;0;0.0;1.0;0.0;0.0;0.0;0.0;0.0;0.0;0.0;0.02;0.0;0.0;0.19;0;3;0.0
2776;ger000344;ger;sturmwald stoessel kommissaer;unknown;UNKNOWN;u;1;2;5;6;0;0;0;0;0.0;1.0;0.0;0.0;0.0;0.0;0.0;0.0;0.0;0.04;0.01;0.0;0.62;0;5;0.01
2777;ger000344;ger;sturmwald stoessel;unknown;UNKNOWN;u;1;2;8;13;0;0;0;0;0.0;1.0;0.0;0.0;0.0;0.0;0.0;0.0;0.0;0.04;0.01;0.01;0.62;0;2;0.01
2778;ger000344;ger;claudia leonore rosalie;unknown;UNKNOWN;u;1;1;3;3;0;0;0;0;0.0;1.0;0.0;0.0;0.0;0.0;0.0;0.0;0.0;0.02;0.0;0.0;0.54;1;5;0.0
2779;ger000344;ger;gotthold sichel claudia leonore rosalie;unknown;UNKNOWN;u;1;1;1;2;0;0;0;0;0.0;1.0;0.0;0.0;0.0;0.0;0.0;0.0;0.0;0.02;0.0;0.0;0.54;1;4;0.0
2780;ger000344;ger;sichel rosalie gotthold leonore;unknown;UNKNOWN;u;1;1;1;1;0;0;0;0;0.0;1.0;0.0;0.0;0.0;0.0;0.0;0.0;0.0;0.02;0.0;0.0;0.54;0;1;0.0
2781;ger000344;ger;rosalie leonore gotthold sichel stoessel sturmwald claudia krautmann;unknown;UNKNOWN;u;1;1;4;9;0;0;0;0;0.0;1.0;0.0;0.0;0.0;0.0;0.0;0.0;0.0;0.02;0.0;0.01;0.54;0;0;0.0
2782;ger000344;ger;krautmann stoessel;unknown;UNKNOWN;u;1;1;2;3;0;0;0;0;0.0;1.0;0.0;0.0;0.0;0.0;0.0;0.0;0.0;0.02;0.0;0.0;0.54;0;0;0.0
2783;ger000344;ger;kommissaer krautmann;unknown;UNKNOWN;u;1;1;1;1;0;0;0;0;0.0;1.0;0.0;0.0;0.0;0.0;0.0;0.0;0.0;0.02;0.0;0.0;0.54;0;0;0.0
2784;ger000344;ger;gotthold leonore;unknown;UNKNOWN;u;1;1;1;1;0;0;0;0;0.0;1.0;0.0;0.0;0.0;0.0;0.0;0.0;0.0;0.02;0.0;0.0;0.54;0;0;0.0
2785;ger000344;ger;stoessel claudia sichel rosalie;unknown;UNKNOWN;u;1;1;1;1;0;0;0;0;0.0;1.0;0.0;0.0;0.0;0.0;0.0;0.0;0.0;0.02;0.0;0.0;0.54;0;0;0.0
2786;ger000344;ger;kommissaer gotthold sichel stoessel;unknown;UNKNOWN;u;1;1;1;4;0;0;0;0;0.0;1.0;0.0;0.0;0.0;0.0;0.0;0.0;0.0;0.02;0.0;0.0;0.54;0;0;0.0
2787;ger000344;ger;rosalie leonore gotthold sichel stoessel kommissaer sturmwald claudia krautmann;unknown;UNKNOWN;u;1;1;1;1;0;0;0;0;0.0;1.0;0.0;0.0;0.0;0.0;0.0;0.0;0.0;0.02;0.0;0.0;0.54;0;0;0.0
2788;ger000344;ger;rosalie leonore gotthold stoessel kommissaer sturmwald claudia krautmann;unknown;UNKNOWN;u;1;1;2;2;0;0;0;0;0.0;1.0;0.0;0.0;0.0;0.0;0.0;0.0;0.0;0.02;0.0;0.0;0.54;0;0;0.0
2789;ger000344;ger;sturmwald claudia gotthold leonore rosalie;unknown;UNKNOWN;u;1;1;1;2;0;0;0;0;0.0;1.0;0.0;0.0;0.0;0.0;0.0;0.0;0.0;0.02;0.0;0.0;0.54;0;0;0.0
2790;ger000344;ger;sturmwald krautmann stoessel claudia;unknown;UNKNOWN;u;1;1;3;3;0;0;0;0;0.0;1.0;0.0;0.0;0.0;0.0;0.0;0.0;0.0;0.02;0.0;0.0;0.54;0;0;0.0
2791;ger000344;ger;gotthold leonore sichel rosalie;unknown;UNKNOWN;u;1;1;1;1;0;0;0;0;0.0;1.0;0.0;0.0;0.0;0.0;0.0;0.0;0.0;0.02;0.0;0.0;0.54;0;0;0.0
2792;ger000344;ger;claudia gotthold leonore sichel rosalie;unknown;UNKNOWN;u;1;1;1;3;0;0;0;0;0.0;1.0;0.0;0.0;0.0;0.0;0.0;0.0;0.0;0.02;0.0;0.0;0.54;0;0;0.0
2793;ger000066;ger;frau_von_wichmann;unknown;Frau von Wichmann;FEMALE;4;14;45;45;0;0;0;0;0.36;0.0;0.11;0.18;0.36;0.0;0.0;0.0;0.0;0.29;0.12;0.12;0.67;2;1;0.05
2794;ger000066;ger;julie;unknown;Julie;FEMALE;5;16;66;65;0;0;0;0;0.12;0.32;0.34;0.02;0.2;0.0;0.0;0.0;0.0;0.33;0.18;0.17;0.67;1;2;0.05
2795;ger000066;ger;wohlau;unknown;Herr von Wohlau;MALE;4;20;70;70;0;0;0;0;0.34;0.24;0.0;0.3;0.11;0.0;0.0;0.0;0.0;0.41;0.19;0.19;0.78;3;3;0.27
2796;ger000066;ger;der_capitain;unknown;Der Capitain;MALE;3;5;30;30;0;0;0;0;0.4;0.47;0.0;0.13;0.0;0.0;0.0;0.0;0.0;0.1;0.08;0.08;0.33;1;0;0.0
2797;ger000066;ger;peter;unknown;Peter;MALE;4;10;38;38;0;0;0;0;0.34;0.0;0.03;0.26;0.37;0.0;0.0;0.0;0.0;0.2;0.1;0.1;0.67;1;1;0.25
2798;ger000066;ger;werneck;unknown;Werneck;MALE;2;3;14;14;0;0;0;0;0.64;0.0;0.36;0.0;0.0;0.0;0.0;0.0;0.0;0.06;0.04;0.04;0.22;0;2;0.0
2799;ger000066;ger;belmont;unknown;Belmont;MALE;3;7;39;39;0;0;0;0;0.51;0.0;0.13;0.36;0.0;0.0;0.0;0.0;0.0;0.14;0.1;0.1;0.33;0;2;0.03
2800;ger000066;ger;dalton;unknown;Dalton;FEMALE;3;9;34;33;0;0;0;0;0.0;0.18;0.42;0.0;0.39;0.0;0.0;0.0;0.0;0.18;0.09;0.09;0.56;0;0;0.01
2801;ger000066;ger;woldemar;unknown;Woldemar;MALE;3;7;36;36;0;0;0;0;0.0;0.33;0.28;0.39;0.0;0.0;0.0;0.0;0.0;0.14;0.1;0.1;0.56;3;0;0.08
2802;ger000066;ger;der_bediente;unknown;Der Bediente;MALE;2;2;2;2;0;0;0;0;0.0;0.0;0.0;0.5;0.5;0.0;0.0;0.0;0.0;0.04;0.01;0.01;0.11;0;0;0.0
2803;ger000714;ger;luise;unknown;Luise;FEMALE;2;10;147;151;0;0;0;0;0.55;0.45;0.0;0.0;0.0;0.0;0.0;0.0;0.0;0.71;0.45;0.45;0.67;0;1;0.0
2804;ger000714;ger;waller;unknown;Waller;MALE;2;6;89;89;0;0;0;0;0.56;0.44;0.0;0.0;0.0;0.0;0.0;0.0;0.0;0.43;0.27;0.26;0.67;1;1;0.0
2805;ger000714;ger;aufwaerter;unknown;Aufwärter;MALE;1;1;2;2;0;0;0;0;1.0;0.0;0.0;0.0;0.0;0.0;0.0;0.0;0.0;0.07;0.01;0.01;0.33;0;1;0.0
2806;ger000714;ger;ramstein;unknown;Ramstein;MALE;2;7;90;90;0;0;0;0;0.67;0.33;0.0;0.0;0.0;0.0;0.0;0.0;0.0;0.5;0.27;0.27;1.0;0;0;0.67
2807;ger000285;ger;die_kunstrichter;unknown;Die Kunstrichter;MALE;1;1;1;1;0;0;0;0;1.0;0.0;0.0;0.0;0.0;0.0;0.0;0.0;0.0;0.07;0.0;0.0;0.18;0;1;0.0
2808;ger000285;ger;das_parterre;unknown;Das Parterre;UNKNOWN;1;1;1;1;0;0;0;0;0.0;1.0;0.0;0.0;0.0;0.0;0.0;0.0;0.0;0.07;0.0;0.0;0.33;0;4;0.0
2809;ger000285;ger;alle_2-4;unknown;Alle (II/4);UNKNOWN;1;1;1;1;0;0;0;0;0.0;1.0;0.0;0.0;0.0;0.0;0.0;0.0;0.0;0.07;0.0;0.0;0.33;0;1;0.0
2810;ger000285;ger;die_vierfuessigen;unknown;Die Vierfüßigen;UNKNOWN;1;1;1;1;0;0;0;0;0.0;1.0;0.0;0.0;0.0;0.0;0.0;0.0;0.0;0.07;0.0;0.0;0.33;0;1;0.0
2811;ger000285;ger;die_voegel;unknown;Die Vögel;UNKNOWN;1;1;1;1;0;0;0;0;0.0;1.0;0.0;0.0;0.0;0.0;0.0;0.0;0.0;0.07;0.0;0.0;0.33;0;1;0.0
2812;ger000285;ger;fischer;unknown;Fischer;MALE;3;10;23;23;0;0;0;0;0.3;0.26;0.43;0.0;0.0;0.0;0.0;0.0;0.0;0.71;0.03;0.03;0.71;0;9;0.06
2813;ger000285;ger;mueller;unknown;Müller;MALE;3;7;18;18;0;0;0;0;0.39;0.17;0.44;0.0;0.0;0.0;0.0;0.0;0.0;0.5;0.02;0.02;0.51;0;13;0.02
2814;ger000285;ger;schlosser;unknown;Schlosser;MALE;3;10;24;24;0;0;0;0;0.29;0.17;0.54;0.0;0.0;0.0;0.0;0.0;0.0;0.71;0.03;0.03;0.59;0;12;0.04
2815;ger000285;ger;leutner;unknown;Leutner;MALE;3;8;14;14;0;0;0;0;0.43;0.29;0.29;0.0;0.0;0.0;0.0;0.0;0.0;0.57;0.02;0.02;0.57;0;11;0.03
2816;ger000285;ger;boetticher;unknown;Bötticher;MALE;1;4;12;12;0;0;0;0;0.0;0.0;1.0;0.0;0.0;0.0;0.0;0.0;0.0;0.29;0.01;0.01;0.41;0;2;0.01
2817;ger000285;ger;wiesener;unknown;Wiesener;MALE;2;5;7;7;0;0;0;0;0.0;0.43;0.57;0.0;0.0;0.0;0.0;0.0;0.0;0.36;0.01;0.01;0.53;0;7;0.01
2818;ger000285;ger;dichter;unknown;Dichter;MALE;2;2;6;6;0;0;0;0;0.0;0.5;0.5;0.0;0.0;0.0;0.0;0.0;0.0;0.14;0.01;0.01;0.49;0;5;0.01
2819;ger000285;ger;nachbar;unknown;Nachbar;MALE;2;4;4;4;0;0;0;0;0.0;0.5;0.5;0.0;0.0;0.0;0.0;0.0;0.0;0.29;0.0;0.0;0.47;0;6;0.01
2820;ger000285;ger;lorenz;unknown;Lorenz;MALE;1;2;8;8;0;0;0;0;1.0;0.0;0.0;0.0;0.0;0.0;0.0;0.0;0.0;0.14;0.01;0.01;0.31;0;15;0.06
2821;ger000285;ger;barthel;unknown;Barthel;MALE;1;1;1;1;0;0;0;0;1.0;0.0;0.0;0.0;0.0;0.0;0.0;0.0;0.0;0.07;0.0;0.0;0.18;0;5;0.0
2822;ger000285;ger;gottlieb;unknown;Gottlieb;MALE;3;5;61;60;0;0;0;0;0.53;0.15;0.32;0.0;0.0;0.0;0.0;0.0;0.0;0.36;0.08;0.07;0.43;1;10;0.01
2823;ger000285;ger;hinze;unknown;Hinze;MALE;3;12;103;102;0;0;0;0;0.25;0.29;0.45;0.0;0.0;0.0;0.0;0.0;0.0;0.86;0.13;0.12;0.76;1;12;0.1
2824;ger000285;ger;schuhmacher;unknown;Schuhmacher;MALE;1;1;8;8;0;0;0;0;1.0;0.0;0.0;0.0;0.0;0.0;0.0;0.0;0.0;0.07;0.01;0.01;0.18;0;0;0.0
2825;ger000285;ger;koenig;unknown;König;MALE;3;8;84;92;0;0;0;0;0.15;0.6;0.25;0.0;0.0;0.0;0.0;0.0;0.0;0.57;0.1;0.11;0.61;1;18;0.04
2826;ger000285;ger;prinzessin;unknown;Prinzessin;FEMALE;3;8;27;27;0;0;0;0;0.48;0.19;0.33;0.0;0.0;0.0;0.0;0.0;0.0;0.57;0.03;0.03;0.61;0;15;0.04
2827;ger000285;ger;leander;unknown;Leander;MALE;3;4;35;49;0;0;0;0;0.18;0.31;0.51;0.0;0.0;0.0;0.0;0.0;0.0;0.29;0.04;0.06;0.53;0;9;0.01
2828;ger000285;ger;kammerdiener;unknown;Kammerdiener;MALE;2;2;3;3;0;0;0;0;0.33;0.67;0.0;0.0;0.0;0.0;0.0;0.0;0.0;0.14;0.0;0.0;0.22;0;4;0.0
2829;ger000285;ger;nathanael;unknown;Nathanael;MALE;2;2;11;10;0;0;0;0;0.9;0.1;0.0;0.0;0.0;0.0;0.0;0.0;0.0;0.14;0.01;0.01;0.22;0;2;0.0
2830;ger000285;ger;wirt;unknown;Wirt;MALE;2;2;20;20;0;0;0;0;0.65;0.0;0.35;0.0;0.0;0.0;0.0;0.0;0.0;0.14;0.02;0.02;0.18;1;7;0.02
2831;ger000285;ger;kunz;unknown;Kunz;MALE;2;2;8;8;0;0;0;0;0.12;0.0;0.88;0.0;0.0;0.0;0.0;0.0;0.0;0.14;0.01;0.01;0.22;1;8;0.04
2832;ger000285;ger;michel;unknown;Michel;MALE;1;1;2;2;0;0;0;0;1.0;0.0;0.0;0.0;0.0;0.0;0.0;0.0;0.0;0.07;0.0;0.0;0.12;0;3;0.0
2833;ger000285;ger;soldat;unknown;Soldat;MALE;1;1;6;6;0;0;0;0;1.0;0.0;0.0;0.0;0.0;0.0;0.0;0.0;0.0;0.07;0.01;0.01;0.12;0;2;0.0
2834;ger000285;ger;erster_husar;unknown;Erster Husar;MALE;1;1;3;3;0;0;0;0;1.0;0.0;0.0;0.0;0.0;0.0;0.0;0.0;0.0;0.07;0.0;0.0;0.12;0;1;0.0
2835;ger000285;ger;zweiter_husar;unknown;Zweiter Husar;MALE;1;1;2;2;0;0;0;0;1.0;0.0;0.0;0.0;0.0;0.0;0.0;0.0;0.0;0.07;0.0;0.0;0.12;0;0;0.0
2836;ger000285;ger;er;unknown;Er;MALE;2;2;13;13;0;0;0;0;0.0;0.54;0.46;0.0;0.0;0.0;0.0;0.0;0.0;0.14;0.02;0.02;0.2;1;7;0.0
2837;ger000285;ger;sie;unknown;Sie;FEMALE;2;2;12;12;0;0;0;0;0.0;0.5;0.5;0.0;0.0;0.0;0.0;0.0;0.0;0.14;0.01;0.01;0.2;0;7;0.0
2838;ger000285;ger;koch;unknown;Koch;MALE;1;1;2;2;0;0;0;0;0.0;1.0;0.0;0.0;0.0;0.0;0.0;0.0;0.0;0.07;0.0;0.0;0.18;1;7;0.0
2839;ger000285;ger;historiograph;unknown;Historiograph;MALE;1;1;2;1;0;0;0;0;0.0;1.0;0.0;0.0;0.0;0.0;0.0;0.0;0.0;0.07;0.0;0.0;0.18;0;2;0.0
2840;ger000285;ger;ein_bedienter;unknown;Ein Bedienter;MALE;2;2;3;3;0;0;0;0;0.0;0.33;0.67;0.0;0.0;0.0;0.0;0.0;0.0;0.14;0.0;0.0;0.37;1;10;0.0
2841;ger000285;ger;hanswurst;unknown;Hanswurst;MALE;2;2;34;34;0;0;0;0;0.0;0.59;0.41;0.0;0.0;0.0;0.0;0.0;0.0;0.14;0.04;0.04;0.41;1;12;0.0
2842;ger000285;ger;ein_hofmann;unknown;Ein Hofmann;MALE;1;1;1;1;0;0;0;0;0.0;1.0;0.0;0.0;0.0;0.0;0.0;0.0;0.0;0.07;0.0;0.0;0.33;0;5;0.0
2843;ger000285;ger;besaenftiger;unknown;Der Besänftiger;MALE;2;2;4;21;0;0;0;0;0.0;0.29;0.71;0.0;0.0;0.0;0.0;0.0;0.0;0.14;0.0;0.03;0.49;0;1;0.01
2844;ger000285;ger;bauer;unknown;Bauer;MALE;1;1;3;2;0;0;0;0;0.0;0.0;1.0;0.0;0.0;0.0;0.0;0.0;0.0;0.07;0.0;0.0;0.31;1;13;0.0
2845;ger000285;ger;popanz;unknown;Popanz;UNKNOWN;1;1;15;14;0;0;0;0;0.0;0.0;1.0;0.0;0.0;0.0;0.0;0.0;0.0;0.07;0.02;0.02;0.31;1;13;0.0
2846;ger000285;ger;amtmann;unknown;Amtmann;MALE;1;1;5;5;0;0;0;0;0.0;0.0;1.0;0.0;0.0;0.0;0.0;0.0;0.0;0.07;0.01;0.01;0.31;1;12;0.0
2847;ger000285;ger;die_vierfuessigen die_voegel;unknown;UNKNOWN;u;1;1;1;1;0;0;0;0;0.0;1.0;0.0;0.0;0.0;0.0;0.0;0.0;0.0;0.07;0.0;0.0;0.33;0;1;0.0
2848;ger000285;ger;er sie;unknown;UNKNOWN;u;1;1;1;1;0;0;0;0;0.0;0.0;1.0;0.0;0.0;0.0;0.0;0.0;0.0;0.07;0.0;0.0;0.1;0;2;0.0
2849;ger000496;ger;werner_wahrsagerin;unknown;Werner/Wahrsagerin;MALE;0;8;122;122;0;0;0;0;0.0;0.0;0.0;0.0;0.0;0.0;0.0;0.0;0.0;0.44;0.21;0.21;0.91;1;5;0.08
2850;ger000496;ger;ehlert;unknown;Ehlert;MALE;0;8;90;90;0;0;0;0;0.0;0.0;0.0;0.0;0.0;0.0;0.0;0.0;0.0;0.44;0.16;0.16;0.91;1;3;0.01
2851;ger000496;ger;rothmann;unknown;Rothmann;MALE;0;10;75;75;0;0;0;0;0.0;0.0;0.0;0.0;0.0;0.0;0.0;0.0;0.0;0.56;0.13;0.13;0.91;1;7;0.01
2852;ger000496;ger;ahlfeld;unknown;Ahlfeld;MALE;0;10;104;104;0;0;0;0;0.0;0.0;0.0;0.0;0.0;0.0;0.0;0.0;0.0;0.56;0.18;0.18;1.0;1;2;0.1
2853;ger000496;ger;walther;unknown;Walther;MALE;0;3;9;8;0;0;0;0;0.0;0.0;0.0;0.0;0.0;0.0;0.0;0.0;0.0;0.17;0.02;0.01;0.73;1;0;0.0
2854;ger000496;ger;julie;unknown;Julie;FEMALE;0;11;63;61;0;0;0;0;0.0;0.0;0.0;0.0;0.0;0.0;0.0;0.0;0.0;0.61;0.11;0.11;0.91;0;0;0.01
2855;ger000496;ger;dornberg;unknown;Dornberg;MALE;0;9;63;63;0;0;0;0;0.0;0.0;0.0;0.0;0.0;0.0;0.0;0.0;0.0;0.5;0.11;0.11;0.91;1;2;0.01
2856;ger000496;ger;berger;unknown;Berger;MALE;0;4;9;9;0;0;0;0;0.0;0.0;0.0;0.0;0.0;0.0;0.0;0.0;0.0;0.22;0.02;0.02;0.64;1;4;0.0
2857;ger000496;ger;wagemann;unknown;Wagemann;MALE;0;7;25;24;0;0;0;0;0.0;0.0;0.0;0.0;0.0;0.0;0.0;0.0;0.0;0.39;0.04;0.04;0.91;1;4;0.01
2858;ger000496;ger;baeckerknecht;unknown;Bäckerknecht;MALE;0;1;9;9;0;0;0;0;0.0;0.0;0.0;0.0;0.0;0.0;0.0;0.0;0.0;0.06;0.02;0.02;0.18;0;2;0.0
2859;ger000496;ger;ahlfeld julie;unknown;UNKNOWN;u;0;1;1;1;0;0;0;0;0.0;0.0;0.0;0.0;0.0;0.0;0.0;0.0;0.0;0.06;0.0;0.0;0.73;0;2;0.0
2860;ger000496;ger;ahlfeld julie rothmann wagemann ehlert;unknown;UNKNOWN;u;0;1;1;1;0;0;0;0;0.0;0.0;0.0;0.0;0.0;0.0;0.0;0.0;0.0;0.06;0.0;0.0;0.73;0;2;0.0
2861;ger000259;ger;die_ganze_gesellschaft;unknown;Die ganze Gesellschaft;UNKNOWN;1;1;5;5;0;0;0;0;0.0;1.0;0.0;0.0;0.0;0.0;0.0;0.0;0.0;0.02;0.0;0.0;0.09;0;5;0.0
2862;ger000259;ger;raete;unknown;Räte;MALE;1;1;3;3;0;0;0;0;0.0;1.0;0.0;0.0;0.0;0.0;0.0;0.0;0.0;0.02;0.0;0.0;0.01;0;0;0.0
2863;ger000259;ger;die_leute;unknown;Die Leute;UNKNOWN;1;1;14;14;0;0;0;0;0.0;0.0;0.0;1.0;0.0;0.0;0.0;0.0;0.0;0.02;0.01;0.0;0.14;2;14;0.0
2864;ger000259;ger;chor_4-8;unknown;Chor (IV/8);UNKNOWN;1;1;1;5;0;0;0;0;0.0;0.0;0.0;1.0;0.0;0.0;0.0;0.0;0.0;0.02;0.0;0.0;0.14;0;5;0.0
2865;ger000259;ger;die_genien;unknown;Die Genien;UNKNOWN;1;1;1;7;0;0;0;0;0.0;0.0;0.0;1.0;0.0;0.0;0.0;0.0;0.0;0.02;0.0;0.0;0.14;0;2;0.0
2866;ger000259;ger;die_ganze_nation;unknown;Die ganze Nation;UNKNOWN;1;1;3;3;0;0;0;0;0.0;0.0;0.0;0.0;0.0;1.0;0.0;0.0;0.0;0.02;0.0;0.0;0.02;0;1;0.0
2867;ger000259;ger;die_poetischen;unknown;Die Poetischen;MALE;1;1;1;1;0;0;0;0;0.0;0.0;0.0;0.0;0.0;1.0;0.0;0.0;0.0;0.02;0.0;0.0;0.02;0;0;0.0
2868;ger000259;ger;der_jaeger;unknown;Der Jäger;MALE;4;5;5;262;0;0;0;0;0.07;0.0;0.62;0.14;0.17;0.0;0.0;0.0;0.0;0.1;0.0;0.05;0.01;0;0;0.0
2869;ger000259;ger;curio;unknown;Curio;MALE;4;6;58;58;0;0;0;0;0.34;0.29;0.07;0.29;0.0;0.0;0.0;0.0;0.0;0.12;0.02;0.01;0.16;1;16;0.01
2870;ger000259;ger;selinus;unknown;Selinus;MALE;4;5;30;30;0;0;0;0;0.37;0.0;0.17;0.3;0.0;0.17;0.0;0.0;0.0;0.1;0.01;0.01;0.15;1;13;0.0
2871;ger000259;ger;sicamber;unknown;Sicamber;MALE;2;3;14;14;0;0;0;0;0.93;0.0;0.07;0.0;0.0;0.0;0.0;0.0;0.0;0.06;0.01;0.0;0.11;0;7;0.0
2872;ger000259;ger;arzt;unknown;Arzt;MALE;2;4;49;49;0;0;0;0;0.86;0.14;0.0;0.0;0.0;0.0;0.0;0.0;0.0;0.08;0.02;0.01;0.13;0;12;0.01
2873;ger000259;ger;hanswurst;unknown;Hanswurst;MALE;5;7;139;156;0;0;0;0;0.33;0.24;0.14;0.07;0.0;0.22;0.0;0.0;0.0;0.14;0.06;0.03;0.19;0;14;0.01
2874;ger000259;ger;leander;unknown;Leander;MALE;6;10;65;65;0;0;0;0;0.22;0.54;0.06;0.02;0.05;0.12;0.0;0.0;0.0;0.2;0.03;0.01;0.19;1;16;0.01
2875;ger000259;ger;zerbino;unknown;Zerbino;MALE;5;11;175;184;0;0;0;0;0.11;0.0;0.09;0.38;0.15;0.27;0.0;0.0;0.0;0.22;0.07;0.04;0.34;0;18;0.19
2876;ger000259;ger;nestor;unknown;Nestor;MALE;6;13;202;223;0;0;0;0;0.05;0.06;0.02;0.11;0.6;0.17;0.0;0.0;0.0;0.26;0.08;0.04;0.57;2;21;0.53
2877;ger000259;ger;der_general;unknown;Der General;MALE;1;1;4;4;0;0;0;0;1.0;0.0;0.0;0.0;0.0;0.0;0.0;0.0;0.0;0.02;0.0;0.0;0.06;0;8;0.0
2878;ger000259;ger;ein_kapitaen;unknown;Ein Kapitän;MALE;1;1;1;1;0;0;0;0;1.0;0.0;0.0;0.0;0.0;0.0;0.0;0.0;0.0;0.02;0.0;0.0;0.06;0;7;0.0
2879;ger000259;ger;erster_buerger;unknown;Erster Bürger;MALE;1;1;11;11;0;0;0;0;1.0;0.0;0.0;0.0;0.0;0.0;0.0;0.0;0.0;0.02;0.0;0.0;0.06;0;6;0.0
2880;ger000259;ger;zweiter_buerger;unknown;Zweiter Bürger;MALE;1;1;5;5;0;0;0;0;1.0;0.0;0.0;0.0;0.0;0.0;0.0;0.0;0.0;0.02;0.0;0.0;0.06;0;5;0.0
2881;ger000259;ger;dritter_buerger;unknown;Dritter Bürger;MALE;1;1;6;6;0;0;0;0;1.0;0.0;0.0;0.0;0.0;0.0;0.0;0.0;0.0;0.02;0.0;0.0;0.06;0;4;0.0
2882;ger000259;ger;vierter_buerger;unknown;Vierter Bürger;MALE;1;1;5;5;0;0;0;0;1.0;0.0;0.0;0.0;0.0;0.0;0.0;0.0;0.0;0.02;0.0;0.0;0.06;0;3;0.0
2883;ger000259;ger;gottlieb;unknown;Gottlieb;MALE;6;10;150;178;0;0;0;0;0.07;0.35;0.2;0.04;0.1;0.24;0.0;0.0;0.0;0.2;0.06;0.03;0.23;1;16;0.13
2884;ger000259;ger;soldat_1-2;unknown;Soldat (I/2);MALE;1;1;2;2;0;0;0;0;1.0;0.0;0.0;0.0;0.0;0.0;0.0;0.0;0.0;0.02;0.0;0.0;0.06;0;1;0.0
2885;ger000259;ger;bauer_1-2;unknown;Bauer (I/2);MALE;1;1;8;8;0;0;0;0;1.0;0.0;0.0;0.0;0.0;0.0;0.0;0.0;0.0;0.02;0.0;0.0;0.06;0;0;0.0
2886;ger000259;ger;fremder_doktor;unknown;Fremder Doktor;MALE;1;1;4;4;0;0;0;0;1.0;0.0;0.0;0.0;0.0;0.0;0.0;0.0;0.0;0.02;0.0;0.0;0.07;0;2;0.0
2887;ger000259;ger;hinzenfeld;unknown;Hinze von Hinzenfeld;MALE;4;5;58;58;0;0;0;0;0.05;0.64;0.0;0.0;0.07;0.24;0.0;0.0;0.0;0.1;0.02;0.01;0.18;0;11;0.01
2888;ger000259;ger;dorus;unknown;Dorus;MALE;6;7;56;263;0;0;0;0;0.31;0.04;0.07;0.06;0.12;0.4;0.0;0.0;0.0;0.14;0.02;0.05;0.12;2;10;0.02
2889;ger000259;ger;lila;unknown;Lila;FEMALE;5;5;49;255;0;0;0;0;0.3;0.32;0.04;0.0;0.24;0.1;0.0;0.0;0.0;0.1;0.02;0.05;0.09;1;9;0.01
2890;ger000259;ger;alter_koenig;unknown;Alter König;MALE;4;4;72;182;0;0;0;0;0.0;0.43;0.31;0.05;0.0;0.2;0.0;0.0;0.0;0.08;0.03;0.03;0.13;1;10;0.0
2891;ger000259;ger;lysippus;unknown;Lysippus;MALE;3;5;107;113;0;0;0;0;0.0;0.15;0.83;0.02;0.0;0.0;0.0;0.0;0.0;0.1;0.04;0.02;0.3;0;12;0.11
2892;ger000259;ger;sappi;unknown;Sappi;MALE;1;1;17;17;0;0;0;0;0.0;1.0;0.0;0.0;0.0;0.0;0.0;0.0;0.0;0.02;0.01;0.0;0.09;0;6;0.0
2893;ger000259;ger;simonides;unknown;Simonides;MALE;2;4;57;63;0;0;0;0;0.0;0.08;0.92;0.0;0.0;0.0;0.0;0.0;0.0;0.08;0.02;0.01;0.18;0;9;0.02
2894;ger000259;ger;erster_bedienter;unknown;Erster Bedienter;MALE;1;1;3;3;0;0;0;0;0.0;1.0;0.0;0.0;0.0;0.0;0.0;0.0;0.0;0.02;0.0;0.0;0.09;0;3;0.0
2895;ger000259;ger;zweiter_bedienter;unknown;Zweiter Bedienter;MALE;1;1;2;2;0;0;0;0;0.0;1.0;0.0;0.0;0.0;0.0;0.0;0.0;0.0;0.02;0.0;0.0;0.09;0;2;0.0
2896;ger000259;ger;dritter_bedienter;unknown;Dritter Bedienter;MALE;1;1;3;3;0;0;0;0;0.0;1.0;0.0;0.0;0.0;0.0;0.0;0.0;0.0;0.02;0.0;0.0;0.09;0;1;0.0
2897;ger000259;ger;stallmeister;unknown;Stallmeister;MALE;4;9;104;104;0;0;0;0;0.0;0.01;0.0;0.18;0.46;0.35;0.0;0.0;0.0;0.18;0.04;0.02;0.18;0;6;0.02
2898;ger000259;ger;waldbruder;unknown;Waldbruder;MALE;5;7;60;285;0;0;0;0;0.0;0.24;0.12;0.2;0.16;0.28;0.0;0.0;0.0;0.14;0.02;0.05;0.18;0;11;0.04
2899;ger000259;ger;helikanus;unknown;Helikanus;MALE;5;9;81;448;0;0;0;0;0.0;0.34;0.1;0.13;0.23;0.2;0.0;0.0;0.0;0.18;0.03;0.09;0.15;1;11;0.03
2900;ger000259;ger;bauer_2-3_und_2-6;unknown;Bauer (II/3 und II/6);MALE;1;2;14;14;0;0;0;0;0.0;1.0;0.0;0.0;0.0;0.0;0.0;0.0;0.0;0.04;0.01;0.0;0.03;0;0;0.0
2901;ger000259;ger;tuersteher;unknown;Türsteher;MALE;1;1;5;5;0;0;0;0;0.0;1.0;0.0;0.0;0.0;0.0;0.0;0.0;0.0;0.02;0.0;0.0;0.01;0;1;0.0
2902;ger000259;ger;koenigin;unknown;Königin;FEMALE;3;3;24;31;0;0;0;0;0.0;0.52;0.1;0.0;0.0;0.39;0.0;0.0;0.0;0.06;0.01;0.01;0.13;0;11;0.0
2903;ger000259;ger;polykomikus;unknown;Polykomikus;MALE;4;8;92;178;0;0;0;0;0.0;0.0;0.62;0.15;0.15;0.08;0.0;0.0;0.0;0.16;0.04;0.03;0.24;0;9;0.11
2904;ger000259;ger;jeremias;unknown;Jeremias;MALE;4;9;166;242;0;0;0;0;0.0;0.0;0.44;0.17;0.3;0.1;0.0;0.0;0.0;0.18;0.07;0.05;0.27;2;17;0.06
2905;ger000259;ger;satan;unknown;Satan;MALE;3;3;33;51;0;0;0;0;0.0;0.0;0.84;0.12;0.0;0.04;0.0;0.0;0.0;0.06;0.01;0.01;0.16;0;9;0.0
2906;ger000259;ger;schmied_meister;unknown;Schmied/Meister;MALE;2;2;28;81;0;0;0;0;0.0;0.0;0.36;0.64;0.0;0.0;0.0;0.0;0.0;0.04;0.01;0.02;0.03;0;2;0.0
2907;ger000259;ger;peter;unknown;Peter;MALE;1;2;5;5;0;0;0;0;0.0;0.0;0.0;1.0;0.0;0.0;0.0;0.0;0.0;0.04;0.0;0.0;0.16;2;14;0.01
2908;ger000259;ger;michel;unknown;Michel;MALE;1;2;2;2;0;0;0;0;0.0;0.0;0.0;1.0;0.0;0.0;0.0;0.0;0.0;0.04;0.0;0.0;0.16;0;9;0.01
2909;ger000259;ger;cleon;unknown;Cleon;MALE;3;3;31;229;0;0;0;0;0.0;0.0;0.0;0.18;0.4;0.42;0.0;0.0;0.0;0.06;0.01;0.04;0.09;1;6;0.02
2910;ger000259;ger;mueller;unknown;Müller;MALE;1;1;34;137;0;0;0;0;0.0;0.0;0.0;1.0;0.0;0.0;0.0;0.0;0.0;0.02;0.01;0.03;0.03;0;3;0.0
2911;ger000259;ger;der_starke;unknown;Der Starke;MALE;1;1;1;1;0;0;0;0;0.0;0.0;0.0;1.0;0.0;0.0;0.0;0.0;0.0;0.02;0.0;0.0;0.03;0;2;0.0
2912;ger000259;ger;der_grosse;unknown;Der Große;MALE;1;1;1;1;0;0;0;0;0.0;0.0;0.0;1.0;0.0;0.0;0.0;0.0;0.0;0.02;0.0;0.0;0.03;0;1;0.0
2913;ger000259;ger;der_fessler;unknown;Der Fessler;MALE;1;1;1;1;0;0;0;0;0.0;0.0;0.0;1.0;0.0;0.0;0.0;0.0;0.0;0.02;0.0;0.0;0.03;0;0;0.0
2914;ger000259;ger;wirt;unknown;Wirt;MALE;1;2;18;18;0;0;0;0;0.0;0.0;0.0;1.0;0.0;0.0;0.0;0.0;0.0;0.04;0.01;0.0;0.01;0;0;0.0
2915;ger000259;ger;caspar;unknown;Caspar;MALE;1;1;10;10;0;0;0;0;0.0;0.0;0.0;1.0;0.0;0.0;0.0;0.0;0.0;0.02;0.0;0.0;0.14;2;12;0.0
2916;ger000259;ger;koenigin_marionette;unknown;Königin (Marionette);FEMALE;1;1;3;8;0;0;0;0;0.0;0.0;0.0;1.0;0.0;0.0;0.0;0.0;0.0;0.02;0.0;0.0;0.14;1;12;0.0
2917;ger000259;ger;koenig_marionette;unknown;König (Marionette);MALE;1;1;4;16;0;0;0;0;0.0;0.0;0.0;1.0;0.0;0.0;0.0;0.0;0.0;0.02;0.0;0.0;0.14;1;11;0.0
2918;ger000259;ger;bote;unknown;Bote;MALE;1;1;3;14;0;0;0;0;0.0;0.0;0.0;1.0;0.0;0.0;0.0;0.0;0.0;0.02;0.0;0.0;0.14;1;10;0.0
2919;ger000259;ger;mann_marionette;unknown;Mann (Marionette);MALE;1;1;4;4;0;0;0;0;0.0;0.0;0.0;1.0;0.0;0.0;0.0;0.0;0.0;0.02;0.0;0.0;0.14;1;9;0.0
2920;ger000259;ger;frau_marionette;unknown;Frau (Marionette);FEMALE;1;1;3;3;0;0;0;0;0.0;0.0;0.0;1.0;0.0;0.0;0.0;0.0;0.0;0.02;0.0;0.0;0.14;0;9;0.0
2921;ger000259;ger;vater_marionette;unknown;Vater (Marionette);MALE;1;1;6;6;0;0;0;0;0.0;0.0;0.0;1.0;0.0;0.0;0.0;0.0;0.0;0.02;0.0;0.0;0.14;0;6;0.0
2922;ger000259;ger;sohn_marionette;unknown;Sohn (Marionette);MALE;1;1;11;11;0;0;0;0;0.0;0.0;0.0;1.0;0.0;0.0;0.0;0.0;0.0;0.02;0.0;0.0;0.14;0;5;0.0
2923;ger000259;ger;bramarbas;unknown;Bramarbas;MALE;1;1;4;4;0;0;0;0;0.0;0.0;0.0;1.0;0.0;0.0;0.0;0.0;0.0;0.02;0.0;0.0;0.14;0;4;0.0
2924;ger000259;ger;soldat_4-8;unknown;Ein Soldat (IV/8);MALE;1;1;2;2;0;0;0;0;0.0;0.0;0.0;1.0;0.0;0.0;0.0;0.0;0.0;0.02;0.0;0.0;0.14;0;3;0.0
2925;ger000259;ger;theon;unknown;Theon;MALE;1;1;2;2;0;0;0;0;0.0;0.0;0.0;1.0;0.0;0.0;0.0;0.0;0.0;0.02;0.0;0.0;0.14;0;2;0.0
2926;ger000259;ger;erster_gesell;unknown;Erster Gesell;MALE;1;1;9;9;0;0;0;0;0.0;0.0;0.0;0.0;1.0;0.0;0.0;0.0;0.0;0.02;0.0;0.0;0.07;0;3;0.0
2927;ger000259;ger;zweiter_gesell;unknown;Zweiter Gesell;MALE;1;1;3;3;0;0;0;0;0.0;0.0;0.0;0.0;1.0;0.0;0.0;0.0;0.0;0.02;0.0;0.0;0.07;0;2;0.0
2928;ger000259;ger;dritter_gesell;unknown;Dritter Gesell;MALE;1;1;2;2;0;0;0;0;0.0;0.0;0.0;0.0;1.0;0.0;0.0;0.0;0.0;0.02;0.0;0.0;0.07;0;1;0.0
2929;ger000259;ger;vierter_gesell;unknown;Vierter Gesell;MALE;1;1;16;16;0;0;0;0;0.0;0.0;0.0;0.0;1.0;0.0;0.0;0.0;0.0;0.02;0.01;0.0;0.07;0;0;0.0
2930;ger000259;ger;schaefer;unknown;Ein Schäfer;MALE;1;1;15;155;0;0;0;0;0.0;0.0;0.0;0.0;1.0;0.0;0.0;0.0;0.0;0.02;0.01;0.03;0.01;1;1;0.0
2931;ger000259;ger;cleora;unknown;Cleora;FEMALE;2;2;6;83;0;0;0;0;0.0;0.0;0.0;0.0;0.86;0.14;0.0;0.0;0.0;0.04;0.0;0.02;0.04;0;0;0.01
2932;ger000259;ger;der_wald;unknown;Der Wald;UNKNOWN;1;1;5;66;0;0;0;0;0.0;0.0;0.0;0.0;1.0;0.0;0.0;0.0;0.0;0.02;0.0;0.01;0.15;1;9;0.0
2933;ger000259;ger;rosen;unknown;Rosen;UNKNOWN;1;1;3;30;0;0;0;0;0.0;0.0;0.0;0.0;1.0;0.0;0.0;0.0;0.0;0.02;0.0;0.01;0.15;1;9;0.0
2934;ger000259;ger;lilien;unknown;Lilien;UNKNOWN;1;1;3;19;0;0;0;0;0.0;0.0;0.0;0.0;1.0;0.0;0.0;0.0;0.0;0.02;0.0;0.0;0.15;1;9;0.0
2935;ger000259;ger;die_gebuesche;unknown;Die Gebüsche;UNKNOWN;1;1;1;11;0;0;0;0;0.0;0.0;0.0;0.0;1.0;0.0;0.0;0.0;0.0;0.02;0.0;0.0;0.15;1;9;0.0
2936;ger000259;ger;die_tulpen;unknown;Die Tulpen;UNKNOWN;1;1;1;23;0;0;0;0;0.0;0.0;0.0;0.0;1.0;0.0;0.0;0.0;0.0;0.02;0.0;0.0;0.15;1;9;0.0
2937;ger000259;ger;veilchen;unknown;Veilchen;UNKNOWN;1;1;1;10;0;0;0;0;0.0;0.0;0.0;0.0;1.0;0.0;0.0;0.0;0.0;0.02;0.0;0.0;0.15;1;9;0.0
2938;ger000259;ger;vergissmeinnicht;unknown;Vergißmeinnicht;UNKNOWN;1;1;1;12;0;0;0;0;0.0;0.0;0.0;0.0;1.0;0.0;0.0;0.0;0.0;0.02;0.0;0.0;0.15;1;9;0.0
2939;ger000259;ger;feldblumen;unknown;Feldblumen;UNKNOWN;1;1;1;8;0;0;0;0;0.0;0.0;0.0;0.0;1.0;0.0;0.0;0.0;0.0;0.02;0.0;0.0;0.15;1;9;0.0
2940;ger000259;ger;vogelgesang;unknown;Vogelgesang;UNKNOWN;1;1;1;11;0;0;0;0;0.0;0.0;0.0;0.0;1.0;0.0;0.0;0.0;0.0;0.02;0.0;0.0;0.15;1;9;0.0
2941;ger000259;ger;das_himmelblau;unknown;Das Himmelblau;UNKNOWN;1;1;1;19;0;0;0;0;0.0;0.0;0.0;0.0;1.0;0.0;0.0;0.0;0.0;0.02;0.0;0.0;0.15;1;9;0.0
2942;ger000259;ger;goettin;unknown;Göttin;FEMALE;1;1;22;38;0;0;0;0;0.0;0.0;0.0;0.0;1.0;0.0;0.0;0.0;0.0;0.02;0.01;0.01;0.15;0;9;0.0
2943;ger000259;ger;dante;unknown;Dante;MALE;1;1;9;23;0;0;0;0;0.0;0.0;0.0;0.0;1.0;0.0;0.0;0.0;0.0;0.02;0.0;0.0;0.15;0;8;0.0
2944;ger000259;ger;ariost;unknown;Ariost;MALE;1;1;12;12;0;0;0;0;0.0;0.0;0.0;0.0;1.0;0.0;0.0;0.0;0.0;0.02;0.0;0.0;0.15;0;7;0.0
2945;ger000259;ger;gozzi;unknown;Gozzi;MALE;1;1;1;1;0;0;0;0;0.0;0.0;0.0;0.0;1.0;0.0;0.0;0.0;0.0;0.02;0.0;0.0;0.15;0;6;0.0
2946;ger000259;ger;petrarca;unknown;Petrarca;MALE;1;1;2;2;0;0;0;0;0.0;0.0;0.0;0.0;1.0;0.0;0.0;0.0;0.0;0.02;0.0;0.0;0.15;0;5;0.0
2947;ger000259;ger;tasso;unknown;Tasso;MALE;1;1;2;2;0;0;0;0;0.0;0.0;0.0;0.0;1.0;0.0;0.0;0.0;0.0;0.02;0.0;0.0;0.15;0;4;0.0
2948;ger000259;ger;cervantes;unknown;Cervantes;MALE;1;1;8;8;0;0;0;0;0.0;0.0;0.0;0.0;1.0;0.0;0.0;0.0;0.0;0.02;0.0;0.0;0.15;0;3;0.0
2949;ger000259;ger;hans_sachs;unknown;Hans Sachs;MALE;1;1;1;1;0;0;0;0;0.0;0.0;0.0;0.0;1.0;0.0;0.0;0.0;0.0;0.02;0.0;0.0;0.15;0;2;0.0
2950;ger000259;ger;buerger;unknown;Bürger;MALE;1;1;1;1;0;0;0;0;0.0;0.0;0.0;0.0;1.0;0.0;0.0;0.0;0.0;0.02;0.0;0.0;0.15;0;1;0.0
2951;ger000259;ger;sophokles;unknown;Sophokles;MALE;1;1;4;4;0;0;0;0;0.0;0.0;0.0;0.0;1.0;0.0;0.0;0.0;0.0;0.02;0.0;0.0;0.15;0;0;0.0
2952;ger000259;ger;erster_genius;unknown;Erster Genius;MALE;1;1;4;4;0;0;0;0;0.0;0.0;0.0;0.0;1.0;0.0;0.0;0.0;0.0;0.02;0.0;0.0;0.12;0;1;0.0
2953;ger000259;ger;zweiter_genius;unknown;Zweiter Genius;MALE;1;1;1;1;0;0;0;0;0.0;0.0;0.0;0.0;1.0;0.0;0.0;0.0;0.0;0.02;0.0;0.0;0.12;0;0;0.0
2954;ger000259;ger;der_tisch;unknown;Der Tisch;UNKNOWN;1;1;7;7;0;0;0;0;0.0;0.0;0.0;0.0;1.0;0.0;0.0;0.0;0.0;0.02;0.0;0.0;0.12;0;0;0.0
2955;ger000259;ger;der_stuhl;unknown;Der Stuhl;UNKNOWN;1;1;4;4;0;0;0;0;0.0;0.0;0.0;0.0;1.0;0.0;0.0;0.0;0.0;0.02;0.0;0.0;0.12;0;0;0.0
2956;ger000259;ger;ein_schrank;unknown;Ein Schrank;UNKNOWN;1;1;2;2;0;0;0;0;0.0;0.0;0.0;0.0;1.0;0.0;0.0;0.0;0.0;0.02;0.0;0.0;0.12;0;0;0.0
2957;ger000259;ger;der_spiegel;unknown;Der Spiegel;UNKNOWN;1;1;1;1;0;0;0;0;0.0;0.0;0.0;0.0;1.0;0.0;0.0;0.0;0.0;0.02;0.0;0.0;0.12;0;0;0.0
2958;ger000259;ger;der_braten;unknown;Der Braten;UNKNOWN;1;1;1;1;0;0;0;0;0.0;0.0;0.0;0.0;1.0;0.0;0.0;0.0;0.0;0.02;0.0;0.0;0.12;0;0;0.0
2959;ger000259;ger;schuesseln;unknown;Schüsseln;UNKNOWN;1;1;2;2;0;0;0;0;0.0;0.0;0.0;0.0;1.0;0.0;0.0;0.0;0.0;0.02;0.0;0.0;0.12;0;0;0.0
2960;ger000259;ger;der_wein_die_flaschen;unknown;Der Wein/Die Flaschen;UNKNOWN;1;1;2;2;0;0;0;0;0.0;0.0;0.0;0.0;1.0;0.0;0.0;0.0;0.0;0.02;0.0;0.0;0.12;0;0;0.0
2961;ger000259;ger;die_geige;unknown;Die Geige;UNKNOWN;1;1;2;38;0;0;0;0;0.0;0.0;0.0;0.0;1.0;0.0;0.0;0.0;0.0;0.02;0.0;0.01;0.12;0;0;0.0
2962;ger000259;ger;die_harfe;unknown;Die Harfe;UNKNOWN;1;1;2;26;0;0;0;0;0.0;0.0;0.0;0.0;1.0;0.0;0.0;0.0;0.0;0.02;0.0;0.0;0.12;0;0;0.0
2963;ger000259;ger;floete;unknown;Flöte;UNKNOWN;1;1;1;10;0;0;0;0;0.0;0.0;0.0;0.0;1.0;0.0;0.0;0.0;0.0;0.02;0.0;0.0;0.12;0;0;0.0
2964;ger000259;ger;oboe;unknown;Oboe;UNKNOWN;1;1;1;7;0;0;0;0;0.0;0.0;0.0;0.0;1.0;0.0;0.0;0.0;0.0;0.02;0.0;0.0;0.12;0;0;0.0
2965;ger000259;ger;trompete;unknown;Trompete;UNKNOWN;1;1;1;4;0;0;0;0;0.0;0.0;0.0;0.0;1.0;0.0;0.0;0.0;0.0;0.02;0.0;0.0;0.12;0;0;0.0
2966;ger000259;ger;waldhorn;unknown;Waldhorn;UNKNOWN;1;1;1;2;0;0;0;0;0.0;0.0;0.0;0.0;1.0;0.0;0.0;0.0;0.0;0.02;0.0;0.0;0.12;0;0;0.0
2967;ger000259;ger;die_moebel;unknown;Die Möbel;UNKNOWN;1;1;1;1;0;0;0;0;0.0;0.0;0.0;0.0;1.0;0.0;0.0;0.0;0.0;0.02;0.0;0.0;0.12;0;0;0.0
2968;ger000259;ger;die_quellen;unknown;Die Quellen;UNKNOWN;1;1;1;15;0;0;0;0;0.0;0.0;0.0;0.0;1.0;0.0;0.0;0.0;0.0;0.02;0.0;0.0;0.04;0;1;0.0
2969;ger000259;ger;bergstrom;unknown;Bergstrom;UNKNOWN;1;1;1;14;0;0;0;0;0.0;0.0;0.0;0.0;1.0;0.0;0.0;0.0;0.0;0.02;0.0;0.0;0.04;0;1;0.0
2970;ger000259;ger;der_sturm;unknown;Der Sturm;UNKNOWN;1;1;1;12;0;0;0;0;0.0;0.0;0.0;0.0;1.0;0.0;0.0;0.0;0.0;0.02;0.0;0.0;0.04;0;1;0.0
2971;ger000259;ger;die_berggeister;unknown;Die Berggeister;UNKNOWN;1;1;1;14;0;0;0;0;0.0;0.0;0.0;0.0;1.0;0.0;0.0;0.0;0.0;0.02;0.0;0.0;0.04;0;1;0.0
2972;ger000259;ger;shakespeare;unknown;Shakespeare;MALE;1;1;10;10;0;0;0;0;0.0;0.0;0.0;0.0;1.0;0.0;0.0;0.0;0.0;0.02;0.0;0.0;0.04;0;0;0.0
2973;ger000259;ger;wirtin;unknown;Wirtin;FEMALE;1;1;12;12;0;0;0;0;0.0;0.0;0.0;0.0;1.0;0.0;0.0;0.0;0.0;0.02;0.0;0.0;0.07;3;4;0.0
2974;ger000259;ger;erster_herr;unknown;Erster Herr;MALE;1;1;3;3;0;0;0;0;0.0;0.0;0.0;0.0;1.0;0.0;0.0;0.0;0.0;0.02;0.0;0.0;0.07;3;3;0.0
2975;ger000259;ger;bedienter;unknown;Bedienter;MALE;1;1;2;2;0;0;0;0;0.0;0.0;0.0;0.0;1.0;0.0;0.0;0.0;0.0;0.02;0.0;0.0;0.07;3;2;0.0
2976;ger000259;ger;erste_dame;unknown;Erste Dame;FEMALE;1;1;2;2;0;0;0;0;0.0;0.0;0.0;0.0;1.0;0.0;0.0;0.0;0.0;0.02;0.0;0.0;0.07;2;2;0.0
2977;ger000259;ger;zweite_dame;unknown;Zweite Dame;FEMALE;1;1;1;1;0;0;0;0;0.0;0.0;0.0;0.0;1.0;0.0;0.0;0.0;0.0;0.02;0.0;0.0;0.07;1;2;0.0
2978;ger000259;ger;dritte_dame;unknown;Dritte Dame;FEMALE;1;1;1;1;0;0;0;0;0.0;0.0;0.0;0.0;1.0;0.0;0.0;0.0;0.0;0.02;0.0;0.0;0.07;0;2;0.0
2979;ger000259;ger;poet;unknown;Poet;MALE;1;1;16;16;0;0;0;0;0.0;0.0;0.0;0.0;0.0;1.0;0.0;0.0;0.0;0.02;0.01;0.0;0.01;0;0;0.0
2980;ger000259;ger;drinnen;unknown;Drinnen;UNKNOWN;1;1;2;2;0;0;0;0;0.0;0.0;0.0;0.0;0.0;1.0;0.0;0.0;0.0;0.02;0.0;0.0;0.07;0;6;0.0
2981;ger000259;ger;verfasser;unknown;Verfasser;MALE;1;1;20;20;0;0;0;0;0.0;0.0;0.0;0.0;0.0;1.0;0.0;0.0;0.0;0.02;0.01;0.0;0.07;0;3;0.0
2982;ger000259;ger;setzer;unknown;Setzer;MALE;1;1;1;1;0;0;0;0;0.0;0.0;0.0;0.0;0.0;1.0;0.0;0.0;0.0;0.02;0.0;0.0;0.07;0;2;0.0
2983;ger000259;ger;kritiker;unknown;Kritiker;MALE;1;1;8;8;0;0;0;0;0.0;0.0;0.0;0.0;0.0;1.0;0.0;0.0;0.0;0.02;0.0;0.0;0.07;0;1;0.0
2984;ger000259;ger;leser;unknown;Leser;MALE;1;1;6;6;0;0;0;0;0.0;0.0;0.0;0.0;0.0;1.0;0.0;0.0;0.0;0.02;0.0;0.0;0.07;0;0;0.0
2985;ger000259;ger;nathanael;unknown;Nathanael von Malsinki;MALE;1;1;8;8;0;0;0;0;0.0;0.0;0.0;0.0;0.0;1.0;0.0;0.0;0.0;0.02;0.0;0.0;0.09;0;0;0.0
2986;ger000259;ger;lysippus simonides;unknown;UNKNOWN;u;1;1;2;3;0;0;0;0;0.0;0.0;1.0;0.0;0.0;0.0;0.0;0.0;0.0;0.02;0.0;0.0;0.04;0;0;0.0
2987;ger000259;ger;lysippus simonides jeremias;unknown;UNKNOWN;u;1;1;1;7;0;0;0;0;0.0;0.0;1.0;0.0;0.0;0.0;0.0;0.0;0.0;0.02;0.0;0.0;0.04;0;0;0.0
2988;ger000259;ger;peter michel;unknown;UNKNOWN;u;1;1;1;20;0;0;0;0;0.0;0.0;0.0;1.0;0.0;0.0;0.0;0.0;0.0;0.02;0.0;0.0;0.03;0;4;0.0
2989;ger000259;ger;curio selinus;unknown;UNKNOWN;u;1;1;1;1;0;0;0;0;0.0;0.0;0.0;1.0;0.0;0.0;0.0;0.0;0.0;0.02;0.0;0.0;0.04;0;4;0.0
2990;ger000259;ger;erster_gesell zweiter_gesell dritter_gesell vierter_gesell;unknown;UNKNOWN;u;1;1;4;24;0;0;0;0;0.0;0.0;0.0;0.0;1.0;0.0;0.0;0.0;0.0;0.02;0.0;0.0;0.07;0;5;0.0
2991;ger000259;ger;rosen lilien die_tulpen veilchen vergissmeinnicht feldblumen;unknown;UNKNOWN;u;1;1;1;8;0;0;0;0;0.0;0.0;0.0;0.0;1.0;0.0;0.0;0.0;0.0;0.02;0.0;0.0;0.15;0;0;0.0
2992;ger000259;ger;erster_genius zweiter_genius;unknown;UNKNOWN;u;1;1;1;1;0;0;0;0;0.0;0.0;0.0;0.0;1.0;0.0;0.0;0.0;0.0;0.02;0.0;0.0;0.12;0;0;0.0
2993;ger000259;ger;erster_herr erste_dame zweite_dame dritte_dame;unknown;UNKNOWN;u;1;1;1;1;0;0;0;0;0.0;0.0;0.0;0.0;1.0;0.0;0.0;0.0;0.0;0.02;0.0;0.0;0.07;0;0;0.0
2994;ger000259;ger;zerbino nestor;unknown;UNKNOWN;u;1;1;1;1;0;0;0;0;0.0;0.0;0.0;0.0;1.0;0.0;0.0;0.0;0.0;0.02;0.0;0.0;0.07;0;0;0.0
2995;ger000259;ger;waldbruder helikanus;unknown;UNKNOWN;u;1;1;1;1;0;0;0;0;0.0;0.0;0.0;0.0;0.0;1.0;0.0;0.0;0.0;0.02;0.0;0.0;0.07;0;4;0.0
2996;ger000259;ger;leser setzer kritiker;unknown;UNKNOWN;u;1;1;1;1;0;0;0;0;0.0;0.0;0.0;0.0;0.0;1.0;0.0;0.0;0.0;0.02;0.0;0.0;0.07;0;3;0.0
2997;ger000259;ger;stallmeister leander;unknown;UNKNOWN;u;1;1;1;1;0;0;0;0;0.0;0.0;0.0;0.0;0.0;1.0;0.0;0.0;0.0;0.02;0.0;0.0;0.09;0;5;0.0
2998;ger000259;ger;alter_koenig hanswurst;unknown;UNKNOWN;u;1;1;1;1;0;0;0;0;0.0;0.0;0.0;0.0;0.0;1.0;0.0;0.0;0.0;0.02;0.0;0.0;0.09;0;5;0.0
2999;ger000274;ger;knechte;unknown;Knechte;MALE;1;1;1;1;0;0;0;0;1.0;0.0;0.0;0.0;0.0;0.0;0.0;0.0;0.0;0.07;0.0;0.0;0.33;0;2;0.0
3000;ger000274;ger;chor_3-1;unknown;Chor (III/1);UNKNOWN;1;1;3;16;0;0;0;0;0.0;0.0;1.0;0.0;0.0;0.0;0.0;0.0;0.0;0.07;0.0;0.01;0.25;0;0;0.0
3001;ger000274;ger;chor_3-2;unknown;Chor (III/2);MALE;1;1;2;4;0;0;0;0;0.0;0.0;1.0;0.0;0.0;0.0;0.0;0.0;0.0;0.07;0.0;0.0;0.17;1;2;0.0
3002;ger000274;ger;heymon;unknown;Heymon;MALE;1;2;31;31;0;0;0;0;1.0;0.0;0.0;0.0;0.0;0.0;0.0;0.0;0.0;0.13;0.03;0.03;0.42;0;10;0.01
3003;ger000274;ger;martin;unknown;Martin;MALE;1;2;16;16;0;0;0;0;1.0;0.0;0.0;0.0;0.0;0.0;0.0;0.0;0.0;0.13;0.02;0.01;0.42;0;9;0.01
3004;ger000274;ger;konrad;unknown;Konrad;MALE;1;2;36;36;0;0;0;0;1.0;0.0;0.0;0.0;0.0;0.0;0.0;0.0;0.0;0.13;0.04;0.03;0.42;0;8;0.01
3005;ger000274;ger;klaus;unknown;Klaus;MALE;4;6;62;62;0;0;0;0;0.5;0.19;0.29;0.02;0.0;0.0;0.0;0.0;0.0;0.4;0.06;0.06;0.83;1;7;0.23
3006;ger000274;ger;ratgeber;unknown;Ratgeber;MALE;4;5;43;43;0;0;0;0;0.23;0.26;0.49;0.02;0.0;0.0;0.0;0.0;0.0;0.33;0.04;0.04;0.67;1;1;0.1
3007;ger000274;ger;ein_ritter;unknown;Ein Ritter;MALE;1;1;1;1;0;0;0;0;1.0;0.0;0.0;0.0;0.0;0.0;0.0;0.0;0.0;0.07;0.0;0.0;0.21;0;0;0.0
3008;ger000274;ger;agnes;unknown;Agnes;FEMALE;4;8;178;210;0;0;0;0;0.27;0.12;0.24;0.37;0.0;0.0;0.0;0.0;0.0;0.53;0.18;0.19;0.54;2;9;0.02
3009;ger000274;ger;anne;unknown;Anne;FEMALE;4;8;95;109;0;0;0;0;0.27;0.09;0.17;0.47;0.0;0.0;0.0;0.0;0.0;0.53;0.1;0.1;0.54;1;6;0.02
3010;ger000274;ger;anton;unknown;Anton;MALE;3;5;45;45;0;0;0;0;0.27;0.38;0.0;0.36;0.0;0.0;0.0;0.0;0.0;0.33;0.05;0.04;0.46;1;7;0.0
3011;ger000274;ger;leopold;unknown;Leopold;MALE;4;5;34;50;0;0;0;0;0.2;0.02;0.52;0.26;0.0;0.0;0.0;0.0;0.0;0.33;0.03;0.05;0.54;0;6;0.06
3012;ger000274;ger;simon;unknown;Simon;MALE;3;5;73;73;0;0;0;0;0.4;0.27;0.0;0.33;0.0;0.0;0.0;0.0;0.0;0.33;0.07;0.07;0.46;1;5;0.0
3013;ger000274;ger;arzt;unknown;Arzt;MALE;2;2;34;34;0;0;0;0;0.44;0.56;0.0;0.0;0.0;0.0;0.0;0.0;0.0;0.13;0.03;0.03;0.29;0;1;0.0
3014;ger000274;ger;peter;unknown;Peter;MALE;4;5;139;139;0;0;0;0;0.26;0.32;0.16;0.27;0.0;0.0;0.0;0.0;0.0;0.33;0.14;0.13;0.71;1;9;0.13
3015;ger000274;ger;knecht_1-3a;unknown;Knecht (I/3);MALE;1;1;5;5;0;0;0;0;1.0;0.0;0.0;0.0;0.0;0.0;0.0;0.0;0.0;0.07;0.01;0.0;0.33;0;3;0.0
3016;ger000274;ger;ein_knecht_1-3b;unknown;Ein Knecht (I/3);MALE;1;1;1;1;0;0;0;0;1.0;0.0;0.0;0.0;0.0;0.0;0.0;0.0;0.0;0.07;0.0;0.0;0.33;0;1;0.0
3017;ger000274;ger;ein_knecht_1-3c;unknown;Ein Knecht (I/3);MALE;1;1;2;2;0;0;0;0;1.0;0.0;0.0;0.0;0.0;0.0;0.0;0.0;0.0;0.07;0.0;0.0;0.33;0;0;0.0
3018;ger000274;ger;brigitte;unknown;Brigitte;FEMALE;3;4;27;27;0;0;0;0;0.0;0.41;0.22;0.37;0.0;0.0;0.0;0.0;0.0;0.27;0.03;0.02;0.5;0;7;0.05
3019;ger000274;ger;hans;unknown;Hans;MALE;3;6;60;80;0;0;0;0;0.0;0.55;0.21;0.24;0.0;0.0;0.0;0.0;0.0;0.4;0.06;0.07;0.58;0;6;0.09
3020;ger000274;ger;kaspar;unknown;Kaspar;MALE;3;3;45;45;0;0;0;0;0.0;0.29;0.47;0.24;0.0;0.0;0.0;0.0;0.0;0.2;0.05;0.04;0.25;0;3;0.0
3021;ger000274;ger;knecht_2-1;unknown;Knecht (II/1);MALE;1;1;2;2;0;0;0;0;0.0;1.0;0.0;0.0;0.0;0.0;0.0;0.0;0.0;0.07;0.0;0.0;0.17;0;1;0.0
3022;ger000274;ger;mechthilde;unknown;Mechthilde;FEMALE;2;4;29;31;0;0;0;0;0.0;0.0;0.61;0.39;0.0;0.0;0.0;0.0;0.0;0.27;0.03;0.03;0.25;2;3;0.0
3023;ger000274;ger;reinhold;unknown;Reinhold;MALE;1;2;16;16;0;0;0;0;0.0;0.0;0.0;1.0;0.0;0.0;0.0;0.0;0.0;0.13;0.02;0.01;0.42;0;2;0.01
3024;ger000404;ger;die_ritter;unknown;Die Ritter;MALE;2;2;2;2;0;0;0;0;0.0;0.5;0.5;0.0;0.0;0.0;0.0;0.0;0.0;0.06;0.0;0.0;0.43;0;4;0.02
3025;ger000404;ger;frauen;unknown;Frauen;FEMALE;1;1;1;1;0;0;0;0;0.0;0.0;0.0;1.0;0.0;0.0;0.0;0.0;0.0;0.03;0.0;0.0;0.03;0;0;0.0
3026;ger000404;ger;albrecht;unknown;Albrecht;MALE;5;19;152;153;0;0;0;0;0.28;0.07;0.34;0.22;0.1;0.0;0.0;0.0;0.0;0.53;0.27;0.27;0.67;1;17;0.13
3027;ger000404;ger;hans_zenger;unknown;Hans Zenger;MALE;5;14;50;50;0;0;0;0;0.24;0.22;0.12;0.36;0.06;0.0;0.0;0.0;0.0;0.39;0.09;0.09;0.3;1;3;0.06
3028;ger000404;ger;percifal_zenger;unknown;Percifal Zenger;MALE;4;8;21;21;0;0;0;0;0.29;0.0;0.05;0.38;0.29;0.0;0.0;0.0;0.0;0.22;0.04;0.04;0.27;1;2;0.02
3029;ger000404;ger;agnes;unknown;Agnes;FEMALE;5;19;110;108;0;0;0;0;0.21;0.11;0.1;0.42;0.16;0.0;0.0;0.0;0.0;0.53;0.19;0.19;0.4;1;4;0.2
3030;ger000404;ger;emershofen;unknown;Emershofen;MALE;1;1;5;5;0;0;0;0;1.0;0.0;0.0;0.0;0.0;0.0;0.0;0.0;0.0;0.03;0.01;0.01;0.1;0;2;0.0
3031;ger000404;ger;preisinger;unknown;Preisinger;MALE;2;2;7;7;0;0;0;0;0.86;0.14;0.0;0.0;0.0;0.0;0.0;0.0;0.0;0.06;0.01;0.01;0.43;0;1;0.03
3032;ger000404;ger;ernst;unknown;Ernst;MALE;4;4;30;30;0;0;0;0;0.23;0.3;0.17;0.0;0.3;0.0;0.0;0.0;0.0;0.11;0.05;0.05;0.57;0;11;0.02
3033;ger000404;ger;sandizeller;unknown;Sandizeller;MALE;2;2;3;3;0;0;0;0;0.67;0.0;0.0;0.0;0.33;0.0;0.0;0.0;0.0;0.06;0.01;0.01;0.4;0;7;0.01
3034;ger000404;ger;tuchsenhauser;unknown;Tuchsenhauser;MALE;4;9;61;61;0;0;0;0;0.05;0.0;0.08;0.8;0.07;0.0;0.0;0.0;0.0;0.25;0.11;0.11;0.4;1;6;0.02
3035;ger000404;ger;pienzenauer;unknown;Pienzenauer;MALE;3;3;5;5;0;0;0;0;0.4;0.4;0.2;0.0;0.0;0.0;0.0;0.0;0.0;0.08;0.01;0.01;0.5;0;7;0.01
3036;ger000404;ger;tore;unknown;Tore;MALE;2;6;18;18;0;0;0;0;0.11;0.0;0.0;0.89;0.0;0.0;0.0;0.0;0.0;0.17;0.03;0.03;0.4;1;5;0.02
3037;ger000404;ger;maxelrainer;unknown;Maxelrainer;MALE;3;3;5;5;0;0;0;0;0.4;0.4;0.2;0.0;0.0;0.0;0.0;0.0;0.0;0.08;0.01;0.01;0.5;0;4;0.01
3038;ger000404;ger;gundelfing;unknown;Gundelfing;MALE;4;5;30;30;0;0;0;0;0.03;0.23;0.63;0.0;0.1;0.0;0.0;0.0;0.0;0.14;0.05;0.05;0.6;0;4;0.05
3039;ger000404;ger;seibelstorfer;unknown;Seibelstorfer;MALE;3;3;3;3;0;0;0;0;0.33;0.33;0.33;0.0;0.0;0.0;0.0;0.0;0.0;0.08;0.01;0.01;0.5;0;2;0.01
3040;ger000404;ger;vicedom;unknown;Der Vicedom zu Straubing;MALE;4;7;24;24;0;0;0;0;0.04;0.17;0.21;0.0;0.58;0.0;0.0;0.0;0.0;0.19;0.04;0.04;0.63;0;4;0.19
3041;ger000404;ger;wache;unknown;Wache;MALE;1;1;1;1;0;0;0;0;0.0;1.0;0.0;0.0;0.0;0.0;0.0;0.0;0.0;0.03;0.0;0.0;0.07;0;0;0.0
3042;ger000404;ger;erster_marschall;unknown;Erster Marschall;MALE;1;1;3;3;0;0;0;0;0.0;1.0;0.0;0.0;0.0;0.0;0.0;0.0;0.0;0.03;0.01;0.01;0.37;0;9;0.0
3043;ger000404;ger;zweiter_marschall;unknown;Zweiter Marschall;MALE;1;1;2;2;0;0;0;0;0.0;1.0;0.0;0.0;0.0;0.0;0.0;0.0;0.0;0.03;0.0;0.0;0.37;0;8;0.0
3044;ger000404;ger;thorringer;unknown;Thorringer;MALE;1;1;20;20;0;0;0;0;0.0;0.0;1.0;0.0;0.0;0.0;0.0;0.0;0.0;0.03;0.04;0.03;0.07;0;1;0.0
3045;ger000404;ger;waffenknecht;unknown;Waffenknecht;MALE;1;1;1;1;0;0;0;0;0.0;0.0;0.0;0.0;1.0;0.0;0.0;0.0;0.0;0.03;0.0;0.0;0.03;0;0;0.0
3046;ger000404;ger;buergermeister;unknown;Bürgermeister;MALE;1;1;1;1;0;0;0;0;0.0;0.0;0.0;0.0;1.0;0.0;0.0;0.0;0.0;0.03;0.0;0.0;0.07;0;1;0.0
3047;ger000404;ger;zweiter_buergermeister;unknown;Zweiter Bürgermeister;MALE;1;1;1;1;0;0;0;0;0.0;0.0;0.0;0.0;1.0;0.0;0.0;0.0;0.0;0.03;0.0;0.0;0.07;0;0;0.0
3048;ger000404;ger;oberrichter;unknown;Oberrichter;MALE;1;1;11;11;0;0;0;0;0.0;0.0;0.0;0.0;1.0;0.0;0.0;0.0;0.0;0.03;0.02;0.02;0.07;1;1;0.0
3049;ger000404;ger;sandizeller tore pienzenauer maxelrainer;unknown;UNKNOWN;u;1;1;1;1;0;0;0;0;1.0;0.0;0.0;0.0;0.0;0.0;0.0;0.0;0.0;0.03;0.0;0.0;0.3;0;3;0.0
3050;ger000404;ger;erster_marschall zweiter_marschall;unknown;UNKNOWN;u;1;1;1;1;0;0;0;0;0.0;1.0;0.0;0.0;0.0;0.0;0.0;0.0;0.0;0.03;0.0;0.0;0.37;0;5;0.0
3051;ger000404;ger;wachen knechte;unknown;UNKNOWN;u;1;1;1;1;0;0;0;0;0.0;0.0;1.0;0.0;0.0;0.0;0.0;0.0;0.0;0.03;0.0;0.0;0.07;1;0;0.0
3052;ger000404;ger;percifal_zenger ernst gundelfing preisinger maxelrainer pienzenauer sandizeller tore die_ritter;unknown;UNKNOWN;u;1;1;1;1;0;0;0;0;0.0;0.0;0.0;0.0;1.0;0.0;0.0;0.0;0.0;0.03;0.0;0.0;0.17;0;0;0.0
3053;ger000554;ger;schnapps;unknown;Schnapps;MALE;0;6;41;41;0;0;0;0;0.0;0.0;0.0;0.0;0.0;0.0;0.0;0.0;0.0;0.5;0.12;0.12;0.88;1;3;0.03
3054;ger000554;ger;knallerpaller;unknown;Knallerpaller;MALE;0;6;94;94;0;0;0;0;0.0;0.0;0.0;0.0;0.0;0.0;0.0;0.0;0.0;0.5;0.27;0.27;0.88;1;4;0.03
3055;ger000554;ger;maerten;unknown;Märten;MALE;0;8;108;108;0;0;0;0;0.0;0.0;0.0;0.0;0.0;0.0;0.0;0.0;0.0;0.67;0.31;0.31;1.0;0;1;0.07
3056;ger000554;ger;roese;unknown;Röse;FEMALE;0;7;48;46;0;0;0;0;0.0;0.0;0.0;0.0;0.0;0.0;0.0;0.0;0.0;0.58;0.14;0.13;1.0;0;3;0.07
3057;ger000554;ger;herr_von_lilienstern;unknown;Herr von Lilienstern;MALE;0;3;26;26;0;0;0;0;0.0;0.0;0.0;0.0;0.0;0.0;0.0;0.0;0.0;0.25;0.07;0.07;0.88;0;1;0.03
3058;ger000554;ger;guerge;unknown;Gürge;MALE;0;3;34;34;0;0;0;0;0.0;0.0;0.0;0.0;0.0;0.0;0.0;0.0;0.0;0.25;0.1;0.1;0.88;0;1;0.03
3059;ger000554;ger;maerten roese;unknown;UNKNOWN;u;0;1;1;1;0;0;0;0;0.0;0.0;0.0;0.0;0.0;0.0;0.0;0.0;0.0;0.08;0.0;0.0;0.5;1;2;0.0
3060;ger000554;ger;roese maerten;unknown;UNKNOWN;u;0;1;1;1;0;0;0;0;0.0;0.0;0.0;0.0;0.0;0.0;0.0;0.0;0.0;0.08;0.0;0.0;0.5;0;0;0.0
3061;ger000554;ger;schnapps knallerpaller;unknown;UNKNOWN;u;0;1;1;1;0;0;0;0;0.0;0.0;0.0;0.0;0.0;0.0;0.0;0.0;0.0;0.08;0.0;0.0;0.75;0;0;0.0
3062;ger000426;ger;voltaire;unknown;Voltaire;MALE;0;1;29;53;0;0;0;0;0.0;0.0;0.0;0.0;0.0;0.0;0.0;0.0;0.0;1.0;0.51;0.61;1.0;1;0;0.0
3063;ger000426;ger;amme;unknown;Amme;FEMALE;0;1;17;17;0;0;0;0;0.0;0.0;0.0;0.0;0.0;0.0;0.0;0.0;0.0;1.0;0.3;0.2;1.0;0;0;0.0
3064;ger000426;ger;gespenst;unknown;Gespenst;UNKNOWN;0;1;11;11;0;0;0;0;0.0;0.0;0.0;0.0;0.0;0.0;0.0;0.0;0.0;1.0;0.19;0.13;1.0;0;0;0.0
3065;ger000718;ger;christian;unknown;Christian;MALE;3;21;120;114;0;0;0;0;0.46;0.16;0.38;0.0;0.0;0.0;0.0;0.0;0.0;0.6;0.18;0.18;0.65;0;3;0.24
3066;ger000718;ger;walid;unknown;Walid;MALE;3;9;70;70;0;0;0;0;0.54;0.37;0.09;0.0;0.0;0.0;0.0;0.0;0.0;0.26;0.11;0.11;0.59;1;4;0.08
3067;ger000718;ger;timur_sohn;unknown;Timur (Sohn);MALE;3;23;204;198;0;0;0;0;0.38;0.34;0.27;0.0;0.0;0.0;0.0;0.0;0.0;0.66;0.31;0.31;0.76;1;8;0.33
3068;ger000718;ger;vagabund;unknown;Vagabund;MALE;1;1;1;1;0;0;0;0;1.0;0.0;0.0;0.0;0.0;0.0;0.0;0.0;0.0;0.03;0.0;0.0;0.18;0;1;0.0
3069;ger000718;ger;steinheim;unknown;Steinheim;MALE;3;6;69;71;0;0;0;0;0.2;0.39;0.41;0.0;0.0;0.0;0.0;0.0;0.0;0.17;0.11;0.11;0.35;0;5;0.13
3070;ger000718;ger;juwelier;unknown;Juwelier;MALE;2;2;13;13;0;0;0;0;0.46;0.54;0.0;0.0;0.0;0.0;0.0;0.0;0.0;0.06;0.02;0.02;0.12;0;0;0.0
3071;ger000718;ger;traetoer;unknown;Trätör;MALE;1;2;9;9;0;0;0;0;0.0;1.0;0.0;0.0;0.0;0.0;0.0;0.0;0.0;0.06;0.01;0.01;0.47;2;5;0.02
3072;ger000718;ger;julie;unknown;Julie;FEMALE;2;7;37;37;0;0;0;0;0.0;0.89;0.11;0.0;0.0;0.0;0.0;0.0;0.0;0.2;0.06;0.06;0.53;0;4;0.05
3073;ger000718;ger;regierungsrath;unknown;Regierungsrath;MALE;2;6;51;51;0;0;0;0;0.0;0.9;0.1;0.0;0.0;0.0;0.0;0.0;0.0;0.17;0.08;0.08;0.53;2;5;0.05
3074;ger000718;ger;ein_bedienter_2-9;unknown;Ein Bedienter (II/9);MALE;1;1;2;2;0;0;0;0;0.0;1.0;0.0;0.0;0.0;0.0;0.0;0.0;0.0;0.03;0.0;0.0;0.18;0;0;0.0
3075;ger000718;ger;karoline;unknown;Karoline;FEMALE;1;3;22;23;0;0;0;0;0.0;1.0;0.0;0.0;0.0;0.0;0.0;0.0;0.0;0.09;0.03;0.04;0.41;1;4;0.01
3076;ger000718;ger;ludwig;unknown;Ludwig;MALE;1;2;4;4;0;0;0;0;0.0;1.0;0.0;0.0;0.0;0.0;0.0;0.0;0.0;0.06;0.01;0.01;0.41;0;1;0.01
3077;ger000718;ger;ein_bedienter_2-10;unknown;Ein Bedienter (II/10);MALE;1;1;2;2;0;0;0;0;0.0;1.0;0.0;0.0;0.0;0.0;0.0;0.0;0.0;0.03;0.0;0.0;0.35;0;0;0.0
3078;ger000718;ger;ein_brieftraeger;unknown;Ein Briefträger;MALE;1;1;3;1;0;0;0;0;0.0;0.0;1.0;0.0;0.0;0.0;0.0;0.0;0.0;0.03;0.0;0.0;0.06;0;0;0.0
3079;ger000718;ger;isaak;unknown;Isaak;MALE;1;1;17;17;0;0;0;0;0.0;0.0;1.0;0.0;0.0;0.0;0.0;0.0;0.0;0.03;0.03;0.03;0.18;0;3;0.0
3080;ger000718;ger;bedienter_3-11;unknown;Bedienter (III/11);MALE;1;1;2;2;0;0;0;0;0.0;0.0;1.0;0.0;0.0;0.0;0.0;0.0;0.0;0.03;0.0;0.0;0.12;0;2;0.0
3081;ger000718;ger;timur_vater;unknown;Timur (Vater);MALE;1;3;29;29;0;0;0;0;0.0;0.0;1.0;0.0;0.0;0.0;0.0;0.0;0.0;0.09;0.04;0.04;0.29;0;1;0.02
3082;ger000718;ger;einer_von_der_wache;unknown;Einer von der Wache;MALE;1;1;1;1;0;0;0;0;0.0;0.0;1.0;0.0;0.0;0.0;0.0;0.0;0.0;0.03;0.0;0.0;0.18;0;1;0.0
3083;ger000257;ger;bauern;unknown;Bauern;UNKNOWN;0;3;11;16;0;0;0;0;0.0;0.0;0.0;0.0;0.0;0.0;0.0;0.0;0.0;0.23;0.04;0.03;0.59;1;4;0.0
3084;ger000257;ger;chor;unknown;Chor;UNKNOWN;0;1;1;4;0;0;0;0;0.0;0.0;0.0;0.0;0.0;0.0;0.0;0.0;0.0;0.08;0.0;0.01;0.0;0;0;0.0
3085;ger000257;ger;lux;unknown;Lux;MALE;0;11;130;210;0;0;0;0;0.0;0.0;0.0;0.0;0.0;0.0;0.0;0.0;0.0;0.85;0.41;0.4;0.94;1;6;0.2
3086;ger000257;ger;adam;unknown;Adam;MALE;0;9;36;90;0;0;0;0;0.0;0.0;0.0;0.0;0.0;0.0;0.0;0.0;0.0;0.69;0.11;0.17;0.88;1;3;0.15
3087;ger000257;ger;margarethe;unknown;Margarethe;FEMALE;0;2;8;8;0;0;0;0;0.0;0.0;0.0;0.0;0.0;0.0;0.0;0.0;0.0;0.15;0.03;0.02;0.41;1;1;0.01
3088;ger000257;ger;peter;unknown;Peter;MALE;0;1;4;9;0;0;0;0;0.0;0.0;0.0;0.0;0.0;0.0;0.0;0.0;0.0;0.08;0.01;0.02;0.35;0;0;0.0
3089;ger000257;ger;suschen;unknown;Suschen;FEMALE;0;7;27;47;0;0;0;0;0.0;0.0;0.0;0.0;0.0;0.0;0.0;0.0;0.0;0.54;0.09;0.09;0.71;0;6;0.05
3090;ger000257;ger;joseph;unknown;Joseph;MALE;0;6;39;43;0;0;0;0;0.0;0.0;0.0;0.0;0.0;0.0;0.0;0.0;0.0;0.46;0.12;0.08;0.65;0;4;0.02
3091;ger000257;ger;rund;unknown;Rund;MALE;0;5;39;53;0;0;0;0;0.0;0.0;0.0;0.0;0.0;0.0;0.0;0.0;0.0;0.38;0.12;0.1;0.59;0;3;0.0
3092;ger000257;ger;thomas;unknown;Thomas;MALE;0;2;4;4;0;0;0;0;0.0;0.0;0.0;0.0;0.0;0.0;0.0;0.0;0.0;0.15;0.01;0.01;0.47;0;1;0.0
3093;ger000257;ger;philipp;unknown;Philipp;MALE;0;2;3;3;0;0;0;0;0.0;0.0;0.0;0.0;0.0;0.0;0.0;0.0;0.0;0.15;0.01;0.01;0.47;0;0;0.0
3094;ger000257;ger;adam margarethe;unknown;UNKNOWN;u;0;1;1;2;0;0;0;0;0.0;0.0;0.0;0.0;0.0;0.0;0.0;0.0;0.0;0.08;0.0;0.0;0.35;0;1;0.0
3095;ger000257;ger;adam peter;unknown;UNKNOWN;u;0;1;3;9;0;0;0;0;0.0;0.0;0.0;0.0;0.0;0.0;0.0;0.0;0.0;0.08;0.01;0.02;0.35;0;0;0.0
3096;ger000257;ger;lux adam margarethe peter;unknown;UNKNOWN;u;0;1;1;4;0;0;0;0;0.0;0.0;0.0;0.0;0.0;0.0;0.0;0.0;0.0;0.08;0.0;0.01;0.35;0;0;0.0
3097;ger000257;ger;suschen lux;unknown;UNKNOWN;u;0;1;2;6;0;0;0;0;0.0;0.0;0.0;0.0;0.0;0.0;0.0;0.0;0.0;0.08;0.01;0.01;0.18;0;1;0.0
3098;ger000257;ger;joseph suschen;unknown;UNKNOWN;u;0;2;3;10;0;0;0;0;0.0;0.0;0.0;0.0;0.0;0.0;0.0;0.0;0.0;0.15;0.01;0.02;0.59;0;4;0.0
3099;ger000257;ger;bauern joseph suschen rund adam;unknown;UNKNOWN;u;0;1;1;1;0;0;0;0;0.0;0.0;0.0;0.0;0.0;0.0;0.0;0.0;0.0;0.08;0.0;0.0;0.47;0;0;0.0
3100;ger000257;ger;rund joseph suschen;unknown;UNKNOWN;u;0;1;1;1;0;0;0;0;0.0;0.0;0.0;0.0;0.0;0.0;0.0;0.0;0.0;0.08;0.0;0.0;0.47;0;0;0.0
3101;ger000677;ger;wagviel;unknown;Wagviel;MALE;0;10;52;52;0;0;0;0;0.0;0.0;0.0;0.0;0.0;0.0;0.0;0.0;0.0;0.71;0.22;0.22;1.0;0;2;0.05
3102;ger000677;ger;konrad;unknown;Konrad;MALE;0;6;44;42;0;0;0;0;0.0;0.0;0.0;0.0;0.0;0.0;0.0;0.0;0.0;0.43;0.19;0.18;1.0;2;1;0.05
3103;ger000677;ger;elisabeth;unknown;Elisabeth;FEMALE;0;7;47;45;0;0;0;0;0.0;0.0;0.0;0.0;0.0;0.0;0.0;0.0;0.0;0.5;0.2;0.19;1.0;0;3;0.05
3104;ger000677;ger;sophie;unknown;Sophie;FEMALE;0;4;10;10;0;0;0;0;0.0;0.0;0.0;0.0;0.0;0.0;0.0;0.0;0.0;0.29;0.04;0.04;0.78;1;4;0.0
3105;ger000677;ger;fritz;unknown;Fritz;MALE;0;4;5;5;0;0;0;0;0.0;0.0;0.0;0.0;0.0;0.0;0.0;0.0;0.0;0.29;0.02;0.02;0.78;1;3;0.0
3106;ger000677;ger;blaese;unknown;Bläse;MALE;0;5;8;7;0;0;0;0;0.0;0.0;0.0;0.0;0.0;0.0;0.0;0.0;0.0;0.36;0.03;0.03;0.78;0;3;0.01
3107;ger000677;ger;glueckspiel;unknown;Glückspiel;MALE;0;7;63;63;0;0;0;0;0.0;0.0;0.0;0.0;0.0;0.0;0.0;0.0;0.0;0.5;0.27;0.27;1.0;0;1;0.05
3108;ger000677;ger;sophie fritz;unknown;UNKNOWN;u;0;2;2;2;0;0;0;0;0.0;0.0;0.0;0.0;0.0;0.0;0.0;0.0;0.0;0.14;0.01;0.01;0.67;0;2;0.0
3109;ger000677;ger;wagviel elisabeth;unknown;UNKNOWN;u;0;2;2;2;0;0;0;0;0.0;0.0;0.0;0.0;0.0;0.0;0.0;0.0;0.0;0.14;0.01;0.01;0.67;0;0;0.01
3110;ger000677;ger;wagviel elisabeth glueckspiel;unknown;UNKNOWN;u;0;1;2;2;0;0;0;0;0.0;0.0;0.0;0.0;0.0;0.0;0.0;0.0;0.0;0.07;0.01;0.01;0.56;1;0;0.0
3111;ger000014;ger;chor_3-4;unknown;Chor (III/4);UNKNOWN;1;1;1;4;0;0;0;0;0.0;0.0;1.0;0.0;0.0;0.0;0.0;0.0;0.0;0.03;0.0;0.01;0.17;0;0;0.0
3112;ger000014;ger;wagner;unknown;Wagner;MALE;5;11;33;51;0;0;0;0;0.49;0.24;0.22;0.04;0.02;0.0;0.0;0.0;0.0;0.3;0.07;0.1;0.56;1;2;0.31
3113;ger000014;ger;theodor;unknown;Theodor;MALE;4;8;36;36;0;0;0;0;0.22;0.0;0.47;0.14;0.17;0.0;0.0;0.0;0.0;0.22;0.08;0.07;0.44;1;2;0.02
3114;ger000014;ger;elisabeth;unknown;Elisabeth;FEMALE;4;8;25;25;0;0;0;0;0.2;0.0;0.52;0.2;0.08;0.0;0.0;0.0;0.0;0.22;0.05;0.05;0.44;0;1;0.02
3115;ger000014;ger;donnerschlag;unknown;Donnerschlag;MALE;1;2;8;8;0;0;0;0;1.0;0.0;0.0;0.0;0.0;0.0;0.0;0.0;0.0;0.05;0.02;0.02;0.11;0;2;0.0
3116;ger000014;ger;spuraus;unknown;Spuraus;MALE;1;2;13;13;0;0;0;0;1.0;0.0;0.0;0.0;0.0;0.0;0.0;0.0;0.0;0.05;0.03;0.03;0.17;1;1;0.0
3117;ger000014;ger;emilie;unknown;Emilie;FEMALE;1;1;7;8;0;0;0;0;1.0;0.0;0.0;0.0;0.0;0.0;0.0;0.0;0.0;0.03;0.02;0.02;0.11;0;0;0.0
3118;ger000014;ger;faust;unknown;Faust;MALE;5;24;117;117;0;0;0;0;0.22;0.27;0.15;0.19;0.17;0.0;0.0;0.0;0.0;0.65;0.26;0.24;0.83;1;4;0.35
3119;ger000014;ger;ithuriel;unknown;Ithuriel;MALE;5;9;50;50;0;0;0;0;0.24;0.26;0.36;0.12;0.02;0.0;0.0;0.0;0.0;0.24;0.11;0.1;0.39;1;0;0.01
3120;ger000014;ger;helena;unknown;Helena;FEMALE;4;9;52;52;0;0;0;0;0.15;0.0;0.15;0.42;0.27;0.0;0.0;0.0;0.0;0.24;0.11;0.11;0.39;1;5;0.01
3121;ger000014;ger;mephistopheles;unknown;Mephistopheles;MALE;5;18;89;89;0;0;0;0;0.08;0.44;0.16;0.1;0.22;0.0;0.0;0.0;0.0;0.49;0.19;0.18;0.72;2;7;0.24
3122;ger000014;ger;friedreich;unknown;Friedreich;MALE;1;1;7;7;0;0;0;0;0.0;1.0;0.0;0.0;0.0;0.0;0.0;0.0;0.0;0.03;0.02;0.01;0.11;0;1;0.0
3123;ger000014;ger;silbergeitz;unknown;Silbergeitz;MALE;1;1;6;6;0;0;0;0;0.0;1.0;0.0;0.0;0.0;0.0;0.0;0.0;0.0;0.03;0.01;0.01;0.11;0;1;0.0
3124;ger000014;ger;schoenheitlieb;unknown;Schönheitlieb;FEMALE;1;1;3;3;0;0;0;0;0.0;1.0;0.0;0.0;0.0;0.0;0.0;0.0;0.0;0.03;0.01;0.01;0.11;0;1;0.0
3125;ger000014;ger;raufgern;unknown;Raufgern;MALE;1;1;3;3;0;0;0;0;0.0;1.0;0.0;0.0;0.0;0.0;0.0;0.0;0.0;0.03;0.01;0.01;0.11;0;1;0.0
3126;ger000014;ger;sorgenvoll;unknown;Sorgenvoll;MALE;1;1;3;3;0;0;0;0;0.0;1.0;0.0;0.0;0.0;0.0;0.0;0.0;0.0;0.03;0.01;0.01;0.11;0;1;0.0
3127;ger000014;ger;waisenplag;unknown;Waisenplag;MALE;1;1;2;2;0;0;0;0;0.0;1.0;0.0;0.0;0.0;0.0;0.0;0.0;0.0;0.03;0.0;0.0;0.11;0;1;0.0
3128;ger000014;ger;mephistopheles wagner helena;unknown;UNKNOWN;u;1;1;1;1;0;0;0;0;0.0;0.0;1.0;0.0;0.0;0.0;0.0;0.0;0.0;0.03;0.0;0.0;0.22;1;2;0.0
3129;ger000014;ger;theodor elisabeth;unknown;UNKNOWN;u;1;1;1;1;0;0;0;0;0.0;0.0;0.0;1.0;0.0;0.0;0.0;0.0;0.0;0.03;0.0;0.0;0.22;0;0;0.0
3130;ger000594;ger;etliche_buerger;unknown;Etliche Bürger;MALE;1;1;2;2;0;0;0;0;1.0;0.0;0.0;0.0;0.0;0.0;0.0;0.0;0.0;0.01;0.0;0.0;0.06;0;2;0.0
3131;ger000594;ger;die_geistlichen;unknown;Die Geistlichen;MALE;1;1;1;1;0;0;0;0;0.0;0.0;1.0;0.0;0.0;0.0;0.0;0.0;0.0;0.01;0.0;0.0;0.05;0;0;0.0
3132;ger000594;ger;die_umstehenden;unknown;Die Umstehenden;UNKNOWN;1;1;1;1;0;0;0;0;0.0;0.0;0.0;0.0;1.0;0.0;0.0;0.0;0.0;0.01;0.0;0.0;0.06;0;0;0.0
3133;ger000594;ger;erster_tenoristen;unknown;Erster Tenorist;MALE;1;2;8;8;0;0;0;0;0.0;0.0;0.0;0.0;0.0;1.0;0.0;0.0;0.0;0.02;0.0;0.0;0.03;0;1;0.0
3134;ger000594;ger;zweiter_tenoristen;unknown;Zweiter Tenorist;MALE;1;2;8;8;0;0;0;0;0.0;0.0;0.0;0.0;0.0;1.0;0.0;0.0;0.0;0.02;0.0;0.0;0.03;0;0;0.0
3135;ger000594;ger;roderigo;unknown;Roderigo;MALE;3;15;78;80;0;0;0;0;0.68;0.0;0.0;0.06;0.26;0.0;0.0;0.0;0.0;0.15;0.05;0.05;0.31;2;17;0.02
3136;ger000594;ger;leonisse;unknown;Leonisse;FEMALE;2;6;26;26;0;0;0;0;0.46;0.0;0.0;0.0;0.54;0.0;0.0;0.0;0.0;0.06;0.02;0.02;0.17;1;7;0.0
3137;ger000594;ger;anaclerio;unknown;Anaclerio;MALE;3;8;37;37;0;0;0;0;0.32;0.16;0.0;0.0;0.51;0.0;0.0;0.0;0.0;0.08;0.02;0.02;0.18;0;5;0.0
3138;ger000594;ger;ferrante;unknown;Ferrante;MALE;3;7;37;37;0;0;0;0;0.62;0.22;0.0;0.0;0.16;0.0;0.0;0.0;0.0;0.07;0.02;0.02;0.17;0;7;0.0
3139;ger000594;ger;roccella;unknown;Roccella;MALE;3;6;43;43;0;0;0;0;0.42;0.0;0.0;0.35;0.23;0.0;0.0;0.0;0.0;0.06;0.03;0.02;0.18;0;6;0.0
3140;ger000594;ger;torrecuso;unknown;Torrecuso;MALE;2;4;11;11;0;0;0;0;0.45;0.0;0.0;0.0;0.55;0.0;0.0;0.0;0.0;0.04;0.01;0.01;0.17;0;4;0.0
3141;ger000594;ger;allegro;unknown;Allegro;MALE;5;28;164;173;0;0;0;0;0.18;0.25;0.24;0.15;0.18;0.0;0.0;0.0;0.0;0.29;0.1;0.1;0.68;1;10;0.27
3142;ger000594;ger;celinde;unknown;Celinde;FEMALE;3;5;22;22;0;0;0;0;0.36;0.14;0.0;0.0;0.5;0.0;0.0;0.0;0.0;0.05;0.01;0.01;0.39;1;20;0.03
3143;ger000594;ger;arcos;unknown;Arcos;MALE;2;6;22;22;0;0;0;0;0.18;0.0;0.0;0.0;0.82;0.0;0.0;0.0;0.0;0.06;0.01;0.01;0.18;0;6;0.0
3144;ger000594;ger;donato;unknown;Donato;MALE;4;5;37;37;0;0;0;0;0.38;0.0;0.22;0.35;0.05;0.0;0.0;0.0;0.0;0.05;0.02;0.02;0.18;0;4;0.0
3145;ger000594;ger;prospero;unknown;Prospero;MALE;2;6;27;27;0;0;0;0;0.19;0.0;0.0;0.0;0.81;0.0;0.0;0.0;0.0;0.06;0.02;0.02;0.18;1;3;0.0
3146;ger000594;ger;peronne;unknown;Peronne;MALE;3;6;21;21;0;0;0;0;0.29;0.33;0.38;0.0;0.0;0.0;0.0;0.0;0.0;0.06;0.01;0.01;0.18;0;11;0.01
3147;ger000594;ger;formaggio;unknown;Formaggio;MALE;4;8;23;23;0;0;0;0;0.39;0.22;0.22;0.0;0.17;0.0;0.0;0.0;0.0;0.08;0.01;0.01;0.3;0;7;0.01
3148;ger000594;ger;bravo;unknown;Bravo;MALE;5;9;43;45;0;0;0;0;0.31;0.02;0.51;0.07;0.09;0.0;0.0;0.0;0.0;0.09;0.03;0.03;0.36;3;12;0.04
3149;ger000594;ger;piconne;unknown;Piconne;MALE;4;6;18;18;0;0;0;0;0.44;0.11;0.33;0.11;0.0;0.0;0.0;0.0;0.0;0.06;0.01;0.01;0.31;2;13;0.02
3150;ger000594;ger;masaniello;unknown;Masaniello;MALE;5;18;99;100;0;0;0;0;0.09;0.22;0.19;0.18;0.32;0.0;0.0;0.0;0.0;0.18;0.06;0.06;0.52;2;22;0.16
3151;ger000594;ger;geonino;unknown;Geonino;MALE;3;7;19;19;0;0;0;0;0.21;0.42;0.37;0.0;0.0;0.0;0.0;0.0;0.0;0.07;0.01;0.01;0.31;2;16;0.01
3152;ger000594;ger;vitale;unknown;Vitale;MALE;4;8;22;24;0;0;0;0;0.08;0.29;0.46;0.0;0.17;0.0;0.0;0.0;0.0;0.08;0.01;0.01;0.29;2;15;0.0
3153;ger000594;ger;arpaja;unknown;Arpaja;MALE;5;8;28;28;0;0;0;0;0.18;0.25;0.14;0.11;0.32;0.0;0.0;0.0;0.0;0.08;0.02;0.02;0.34;3;18;0.02
3154;ger000594;ger;furfante;unknown;Furfante;MALE;4;5;15;15;0;0;0;0;0.27;0.2;0.33;0.0;0.2;0.0;0.0;0.0;0.0;0.05;0.01;0.01;0.32;1;11;0.02
3155;ger000594;ger;caraffa;unknown;Caraffa;MALE;3;9;58;58;0;0;0;0;0.16;0.41;0.43;0.0;0.0;0.0;0.0;0.0;0.0;0.09;0.03;0.03;0.18;0;7;0.01
3156;ger000594;ger;ristaldi;unknown;Ristaldi;MALE;3;4;24;24;0;0;0;0;0.21;0.12;0.0;0.67;0.0;0.0;0.0;0.0;0.0;0.04;0.01;0.01;0.1;0;1;0.0
3157;ger000594;ger;bonavita;unknown;Bonavita;MALE;4;7;47;47;0;0;0;0;0.51;0.11;0.13;0.26;0.0;0.0;0.0;0.0;0.0;0.07;0.03;0.03;0.16;1;6;0.01
3158;ger000594;ger;xaverio;unknown;Xaverio;MALE;4;7;26;26;0;0;0;0;0.27;0.0;0.38;0.15;0.19;0.0;0.0;0.0;0.0;0.07;0.02;0.02;0.18;4;7;0.01
3159;ger000594;ger;francesco;unknown;Francesco;MALE;2;4;16;16;0;0;0;0;0.62;0.0;0.0;0.0;0.38;0.0;0.0;0.0;0.0;0.04;0.01;0.01;0.16;2;6;0.01
3160;ger000594;ger;domenico;unknown;Domenico;MALE;3;4;13;13;0;0;0;0;0.46;0.31;0.23;0.0;0.0;0.0;0.0;0.0;0.0;0.04;0.01;0.01;0.14;3;4;0.01
3161;ger000594;ger;philomarini;unknown;Philomarini;MALE;5;14;60;60;0;0;0;0;0.08;0.22;0.2;0.42;0.08;0.0;0.0;0.0;0.0;0.14;0.04;0.03;0.39;2;14;0.05
3162;ger000594;ger;carlo;unknown;Carlo;MALE;4;5;24;24;0;0;0;0;0.12;0.25;0.38;0.0;0.25;0.0;0.0;0.0;0.0;0.05;0.01;0.01;0.18;0;7;0.0
3163;ger000594;ger;bianca;unknown;Bianca;FEMALE;1;2;8;8;0;0;0;0;1.0;0.0;0.0;0.0;0.0;0.0;0.0;0.0;0.0;0.02;0.0;0.0;0.09;3;3;0.0
3164;ger000594;ger;rossana;unknown;Rossana;FEMALE;3;7;22;22;0;0;0;0;0.36;0.18;0.0;0.45;0.0;0.0;0.0;0.0;0.0;0.07;0.01;0.01;0.16;2;4;0.01
3165;ger000594;ger;flavia;unknown;Flavia;FEMALE;4;5;30;30;0;0;0;0;0.37;0.33;0.0;0.17;0.13;0.0;0.0;0.0;0.0;0.05;0.02;0.02;0.17;3;5;0.02
3166;ger000594;ger;marina;unknown;Marina;FEMALE;2;3;32;32;0;0;0;0;0.59;0.0;0.0;0.41;0.0;0.0;0.0;0.0;0.0;0.03;0.02;0.02;0.09;0;0;0.0
3167;ger000594;ger;pazzo;unknown;Pazzo;MALE;1;1;5;5;0;0;0;0;0.0;0.0;0.0;0.0;1.0;0.0;0.0;0.0;0.0;0.01;0.0;0.0;0.04;0;1;0.0
3168;ger000594;ger;matelone;unknown;Matelone;MALE;3;5;27;27;0;0;0;0;0.0;0.59;0.15;0.0;0.26;0.0;0.0;0.0;0.0;0.05;0.02;0.02;0.23;2;10;0.01
3169;ger000594;ger;roberto;unknown;Roberto;MALE;3;3;17;17;0;0;0;0;0.0;0.47;0.0;0.35;0.18;0.0;0.0;0.0;0.0;0.03;0.01;0.01;0.08;2;3;0.0
3170;ger000594;ger;zeppa;unknown;Zeppa;MALE;2;4;23;23;0;0;0;0;0.0;0.52;0.0;0.48;0.0;0.0;0.0;0.0;0.0;0.04;0.01;0.01;0.25;0;4;0.0
3171;ger000594;ger;pasqvella;unknown;Pasqvella;MALE;2;4;23;24;0;0;0;0;0.0;0.42;0.0;0.58;0.0;0.0;0.0;0.0;0.0;0.04;0.01;0.01;0.25;0;6;0.0
3172;ger000594;ger;villanella;unknown;Villanella;MALE;2;4;14;14;0;0;0;0;0.0;0.5;0.0;0.5;0.0;0.0;0.0;0.0;0.0;0.04;0.01;0.01;0.25;0;2;0.0
3173;ger000594;ger;ghirardini;unknown;Ghirardini;MALE;2;5;20;20;0;0;0;0;0.0;0.45;0.0;0.55;0.0;0.0;0.0;0.0;0.0;0.05;0.01;0.01;0.08;0;2;0.0
3174;ger000594;ger;laudato;unknown;Laudato;MALE;4;5;25;25;0;0;0;0;0.0;0.16;0.12;0.52;0.2;0.0;0.0;0.0;0.0;0.05;0.01;0.01;0.16;1;8;0.01
3175;ger000594;ger;angelo;unknown;Angelo;MALE;3;3;17;17;0;0;0;0;0.0;0.41;0.0;0.35;0.24;0.0;0.0;0.0;0.0;0.03;0.01;0.01;0.16;0;10;0.01
3176;ger000594;ger;afflitto;unknown;Afflitto;MALE;3;3;14;14;0;0;0;0;0.0;0.43;0.21;0.0;0.36;0.0;0.0;0.0;0.0;0.03;0.01;0.01;0.08;0;1;0.0
3177;ger000594;ger;titta;unknown;Titta;MALE;1;1;3;3;0;0;0;0;0.0;1.0;0.0;0.0;0.0;0.0;0.0;0.0;0.0;0.01;0.0;0.0;0.23;1;10;0.0
3178;ger000594;ger;rubina;unknown;Rubina;FEMALE;1;1;5;5;0;0;0;0;0.0;1.0;0.0;0.0;0.0;0.0;0.0;0.0;0.0;0.01;0.0;0.0;0.23;0;9;0.0
3179;ger000594;ger;sarpi;unknown;Sarpi;MALE;1;1;5;5;0;0;0;0;0.0;1.0;0.0;0.0;0.0;0.0;0.0;0.0;0.0;0.01;0.0;0.0;0.23;0;7;0.0
3180;ger000594;ger;picolo;unknown;Picolo;MALE;1;1;4;4;0;0;0;0;0.0;1.0;0.0;0.0;0.0;0.0;0.0;0.0;0.0;0.01;0.0;0.0;0.23;0;5;0.0
3181;ger000594;ger;paolo;unknown;Paolo;MALE;1;1;4;4;0;0;0;0;0.0;1.0;0.0;0.0;0.0;0.0;0.0;0.0;0.0;0.01;0.0;0.0;0.23;0;4;0.0
3182;ger000594;ger;neri;unknown;Neri;MALE;2;4;13;14;0;0;0;0;0.0;0.64;0.0;0.36;0.0;0.0;0.0;0.0;0.0;0.04;0.01;0.01;0.3;0;6;0.01
3183;ger000594;ger;bruno;unknown;Bruno;MALE;2;2;5;5;0;0;0;0;0.0;0.6;0.0;0.4;0.0;0.0;0.0;0.0;0.0;0.02;0.0;0.0;0.08;0;3;0.0
3184;ger000594;ger;buffone;unknown;Buffone;MALE;2;3;32;32;0;0;0;0;0.0;0.59;0.0;0.41;0.0;0.0;0.0;0.0;0.0;0.03;0.02;0.02;0.04;0;2;0.0
3185;ger000594;ger;lurcone;unknown;Lurcone;MALE;2;4;22;22;0;0;0;0;0.0;0.32;0.0;0.0;0.68;0.0;0.0;0.0;0.0;0.04;0.01;0.01;0.08;0;4;0.0
3186;ger000594;ger;poltrone;unknown;Poltrone;MALE;1;2;7;7;0;0;0;0;0.0;1.0;0.0;0.0;0.0;0.0;0.0;0.0;0.0;0.02;0.0;0.0;0.04;0;0;0.0
3187;ger000594;ger;antimo;unknown;Antimo;MALE;1;2;8;8;0;0;0;0;0.0;0.0;1.0;0.0;0.0;0.0;0.0;0.0;0.0;0.02;0.0;0.0;0.05;0;3;0.0
3188;ger000594;ger;corraggio;unknown;Corraggio;MALE;1;2;6;6;0;0;0;0;0.0;0.0;1.0;0.0;0.0;0.0;0.0;0.0;0.0;0.02;0.0;0.0;0.05;0;2;0.0
3189;ger000594;ger;bizzaro;unknown;Bizzaro;MALE;1;3;12;12;0;0;0;0;0.0;0.0;1.0;0.0;0.0;0.0;0.0;0.0;0.0;0.03;0.01;0.01;0.1;0;5;0.0
3190;ger000594;ger;salvador;unknown;Salvador;MALE;3;4;26;26;0;0;0;0;0.0;0.0;0.5;0.23;0.27;0.0;0.0;0.0;0.0;0.04;0.02;0.02;0.09;0;5;0.0
3191;ger000594;ger;bardassa;unknown;Bardassa;FEMALE;1;3;23;23;0;0;0;0;0.0;0.0;1.0;0.0;0.0;0.0;0.0;0.0;0.0;0.03;0.01;0.01;0.06;0;2;0.0
3192;ger000594;ger;mattheo;unknown;Mattheo;MALE;3;4;25;25;0;0;0;0;0.0;0.0;0.56;0.24;0.2;0.0;0.0;0.0;0.0;0.04;0.01;0.01;0.17;1;7;0.01
3193;ger000594;ger;truffaldino;unknown;Truffaldino;MALE;2;2;16;15;0;0;0;0;0.0;0.0;0.87;0.0;0.13;0.0;0.0;0.0;0.0;0.02;0.01;0.01;0.05;0;0;0.0
3194;ger000594;ger;lubrano;unknown;Lubrano;MALE;1;2;12;12;0;0;0;0;0.0;0.0;0.0;1.0;0.0;0.0;0.0;0.0;0.0;0.02;0.01;0.01;0.08;0;2;0.0
3195;ger000594;ger;conversano;unknown;Conversano;MALE;1;3;15;15;0;0;0;0;0.0;0.0;0.0;1.0;0.0;0.0;0.0;0.0;0.0;0.03;0.01;0.01;0.09;0;1;0.0
3196;ger000594;ger;elisa;unknown;Elisa;FEMALE;2;2;11;11;0;0;0;0;0.0;0.0;0.0;0.73;0.27;0.0;0.0;0.0;0.0;0.02;0.01;0.01;0.06;1;1;0.0
3197;ger000594;ger;laura;unknown;Laura;FEMALE;2;2;9;9;0;0;0;0;0.0;0.0;0.0;0.67;0.33;0.0;0.0;0.0;0.0;0.02;0.01;0.01;0.06;0;1;0.0
3198;ger000594;ger;pinto;unknown;Pinto;MALE;1;1;12;12;0;0;0;0;0.0;0.0;0.0;1.0;0.0;0.0;0.0;0.0;0.0;0.01;0.01;0.01;0.01;0;1;0.0
3199;ger000594;ger;baldo;unknown;Baldo;MALE;1;1;11;11;0;0;0;0;0.0;0.0;0.0;1.0;0.0;0.0;0.0;0.0;0.0;0.01;0.01;0.01;0.01;0;0;0.0
3200;ger000594;ger;girolomo;unknown;Girolomo;MALE;1;1;11;11;0;0;0;0;0.0;0.0;0.0;0.0;1.0;0.0;0.0;0.0;0.0;0.01;0.01;0.01;0.03;0;2;0.0
3201;ger000594;ger;tambourino;unknown;Tambourino;MALE;1;4;9;9;0;0;0;0;0.0;0.0;0.0;0.0;1.0;0.0;0.0;0.0;0.0;0.04;0.01;0.01;0.06;0;2;0.0
3202;ger000594;ger;saldo;unknown;Saldo;MALE;1;3;10;10;0;0;0;0;0.0;0.0;0.0;0.0;1.0;0.0;0.0;0.0;0.0;0.03;0.01;0.01;0.04;0;1;0.0
3203;ger000594;ger;bardassa bravo furfante formaggio bruno;unknown;UNKNOWN;u;1;1;1;1;0;0;0;0;0.0;0.0;1.0;0.0;0.0;0.0;0.0;0.0;0.0;0.01;0.0;0.0;0.06;1;2;0.0
3204;ger000594;ger;elisa laura andere_weiber;unknown;UNKNOWN;u;1;1;1;1;0;0;0;0;0.0;0.0;0.0;0.0;1.0;0.0;0.0;0.0;0.0;0.01;0.0;0.0;0.04;0;1;0.0
3205;ger000594;ger;erster_tenoristen zweiter_tenoristen;unknown;UNKNOWN;u;1;2;4;16;0;0;0;0;0.0;0.0;0.0;0.0;0.0;1.0;0.0;0.0;0.0;0.02;0.0;0.01;0.03;0;2;0.0
3206;ger000291;ger;atreus;unknown;Atreus;MALE;5;14;112;573;0;0;0;0;0.39;0.15;0.1;0.27;0.1;0.0;0.0;0.0;0.0;0.47;0.24;0.27;1.0;1;2;0.12
3207;ger000291;ger;priester;unknown;Priester;MALE;3;10;77;420;0;0;0;0;0.28;0.0;0.67;0.0;0.05;0.0;0.0;0.0;0.0;0.33;0.16;0.19;0.8;0;2;0.03
3208;ger000291;ger;aegisth;unknown;Aegisth;MALE;5;18;112;361;0;0;0;0;0.29;0.1;0.18;0.2;0.22;0.0;0.0;0.0;0.0;0.6;0.24;0.17;1.0;0;1;0.12
3209;ger000291;ger;thyest;unknown;Thyest;MALE;3;7;81;381;0;0;0;0;0.0;0.44;0.29;0.0;0.27;0.0;0.0;0.0;0.0;0.23;0.17;0.18;0.8;0;1;0.03
3210;ger000291;ger;pelopia;unknown;Pelopia;FEMALE;3;11;92;423;0;0;0;0;0.0;0.46;0.0;0.36;0.18;0.0;0.0;0.0;0.0;0.37;0.19;0.2;0.6;0;2;0.0
3211;ger000291;ger;atreus priester;unknown;UNKNOWN;u;1;1;1;1;0;0;0;0;1.0;0.0;0.0;0.0;0.0;0.0;0.0;0.0;0.0;0.03;0.0;0.0;0.6;0;0;0.0
3212;ger000186;ger;alle_1-9_bis_1-11;unknown;Alle (I/9–11);UNKNOWN;1;2;3;24;0;0;0;0;1.0;0.0;0.0;0.0;0.0;0.0;0.0;0.0;0.0;0.06;0.0;0.02;0.17;0;1;0.0
3213;ger000186;ger;chor_alle_3-9;unknown;Chor/Alle (III/9);UNKNOWN;1;1;4;7;0;0;0;0;0.0;0.0;1.0;0.0;0.0;0.0;0.0;0.0;0.0;0.03;0.01;0.01;0.21;0;0;0.0
3214;ger000186;ger;alle_bauren;unknown;Alle Bauren (III/12);UNKNOWN;1;1;1;1;0;0;0;0;0.0;0.0;1.0;0.0;0.0;0.0;0.0;0.0;0.0;0.03;0.0;0.0;0.42;2;0;0.0
3215;ger000186;ger;chor_3-14;unknown;Chor (III/14);UNKNOWN;1;1;6;9;0;0;0;0;0.0;0.0;1.0;0.0;0.0;0.0;0.0;0.0;0.0;0.03;0.01;0.01;0.25;3;2;0.0
3216;ger000186;ger;roeschen;unknown;Röschen;FEMALE;3;21;180;296;0;0;0;0;0.33;0.36;0.31;0.0;0.0;0.0;0.0;0.0;0.0;0.62;0.23;0.22;0.75;1;2;0.13
3217;ger000186;ger;marthe;unknown;Marthe;FEMALE;2;13;61;78;0;0;0;0;0.36;0.0;0.64;0.0;0.0;0.0;0.0;0.0;0.0;0.38;0.08;0.06;0.62;0;2;0.06
3218;ger000186;ger;michel;unknown;Michel;MALE;3;16;144;181;0;0;0;0;0.24;0.18;0.58;0.0;0.0;0.0;0.0;0.0;0.0;0.47;0.19;0.13;0.62;3;3;0.06
3219;ger000186;ger;toeffel;unknown;Töffel;MALE;3;14;104;176;0;0;0;0;0.71;0.21;0.08;0.0;0.0;0.0;0.0;0.0;0.0;0.41;0.13;0.13;0.75;2;6;0.24
3220;ger000186;ger;hannchen;unknown;Hannchen;FEMALE;3;8;59;179;0;0;0;0;0.15;0.77;0.08;0.0;0.0;0.0;0.0;0.0;0.0;0.24;0.08;0.13;0.62;2;5;0.08
3221;ger000186;ger;guerge;unknown;Gürge;MALE;1;1;7;7;0;0;0;0;1.0;0.0;0.0;0.0;0.0;0.0;0.0;0.0;0.0;0.03;0.01;0.01;0.08;0;1;0.0
3222;ger000186;ger;quaas;unknown;Quaas;MALE;1;1;5;5;0;0;0;0;1.0;0.0;0.0;0.0;0.0;0.0;0.0;0.0;0.0;0.03;0.01;0.0;0.08;0;0;0.0
3223;ger000186;ger;christel;unknown;Christel;MALE;2;13;73;150;0;0;0;0;0.0;0.58;0.42;0.0;0.0;0.0;0.0;0.0;0.0;0.38;0.09;0.11;0.67;0;1;0.1
3224;ger000186;ger;der_koenig;unknown;Der König;MALE;2;13;104;145;0;0;0;0;0.0;0.38;0.62;0.0;0.0;0.0;0.0;0.0;0.0;0.38;0.13;0.11;0.58;0;1;0.18
3225;ger000186;ger;der_erste_wilddieb;unknown;Der erste Wilddieb;MALE;1;1;4;4;0;0;0;0;0.0;1.0;0.0;0.0;0.0;0.0;0.0;0.0;0.0;0.03;0.01;0.0;0.08;0;2;0.0
3226;ger000186;ger;der_zweyte_wilddieb;unknown;Der zweyte Wilddieb;MALE;1;1;3;3;0;0;0;0;0.0;1.0;0.0;0.0;0.0;0.0;0.0;0.0;0.0;0.03;0.0;0.0;0.08;0;1;0.0
3227;ger000186;ger;graf_von_schmetterling;unknown;Graf von Schmetterling;MALE;1;1;7;7;0;0;0;0;0.0;0.0;1.0;0.0;0.0;0.0;0.0;0.0;0.0;0.03;0.01;0.01;0.42;2;4;0.0
3228;ger000186;ger;von_treuwerth;unknown;von Treuwerth;MALE;1;1;3;4;0;0;0;0;0.0;0.0;1.0;0.0;0.0;0.0;0.0;0.0;0.0;0.03;0.0;0.0;0.42;2;2;0.0
3229;ger000186;ger;roeschen marthe;unknown;UNKNOWN;u;1;1;1;1;0;0;0;0;1.0;0.0;0.0;0.0;0.0;0.0;0.0;0.0;0.0;0.03;0.0;0.0;0.12;0;0;0.0
3230;ger000186;ger;toeffel roeschen;unknown;UNKNOWN;u;1;1;1;1;0;0;0;0;1.0;0.0;0.0;0.0;0.0;0.0;0.0;0.0;0.0;0.03;0.0;0.0;0.12;0;0;0.0
3231;ger000186;ger;christel hannchen roeschen;unknown;UNKNOWN;u;1;1;1;6;0;0;0;0;0.0;1.0;0.0;0.0;0.0;0.0;0.0;0.0;0.0;0.03;0.0;0.0;0.12;0;0;0.0
3232;ger000186;ger;christel hannchen;unknown;UNKNOWN;u;1;1;1;2;0;0;0;0;0.0;1.0;0.0;0.0;0.0;0.0;0.0;0.0;0.0;0.03;0.0;0.0;0.08;0;0;0.0
3233;ger000186;ger;marthe roeschen;unknown;UNKNOWN;u;1;1;1;1;0;0;0;0;0.0;0.0;1.0;0.0;0.0;0.0;0.0;0.0;0.0;0.03;0.0;0.0;0.12;0;3;0.0
3234;ger000186;ger;roeschen hannchen;unknown;UNKNOWN;u;1;1;1;1;0;0;0;0;0.0;0.0;1.0;0.0;0.0;0.0;0.0;0.0;0.0;0.03;0.0;0.0;0.42;2;0;0.0
3235;ger000186;ger;christel hannchen toeffel roeschen;unknown;UNKNOWN;u;1;1;1;2;0;0;0;0;0.0;0.0;1.0;0.0;0.0;0.0;0.0;0.0;0.0;0.03;0.0;0.0;0.21;0;0;0.0
3236;ger000186;ger;roeschen hannchen toeffel christel;unknown;UNKNOWN;u;1;1;1;2;0;0;0;0;0.0;0.0;1.0;0.0;0.0;0.0;0.0;0.0;0.0;0.03;0.0;0.0;0.21;0;0;0.0
3237;ger000726;ger;die_prinzessinn;unknown;Die Prinzessinn;FEMALE;4;14;160;151;0;0;0;0;0.11;0.28;0.32;0.0;0.29;0.0;0.0;0.0;0.0;0.29;0.15;0.14;0.62;0;1;0.0
3238;ger000726;ger;humfred;unknown;Humfred;MALE;5;16;163;157;0;0;0;0;0.14;0.29;0.04;0.45;0.08;0.0;0.0;0.0;0.0;0.33;0.15;0.15;0.75;0;1;0.05
3239;ger000726;ger;der_herzog;unknown;Der Herzog;MALE;5;13;169;162;0;0;0;0;0.49;0.07;0.26;0.13;0.05;0.0;0.0;0.0;0.0;0.27;0.16;0.16;0.62;1;2;0.0
3240;ger000726;ger;trickwell;unknown;Trickwell;MALE;5;22;190;180;0;0;0;0;0.1;0.24;0.21;0.39;0.06;0.0;0.0;0.0;0.0;0.46;0.18;0.17;0.75;2;0;0.05
3241;ger000726;ger;die_herzoginn;unknown;Die Herzoginn;FEMALE;4;17;245;244;0;0;0;0;0.28;0.13;0.3;0.3;0.0;0.0;0.0;0.0;0.0;0.35;0.23;0.23;0.88;1;3;0.3
3242;ger000726;ger;hofkavalier;unknown;Hofkavalier;MALE;1;1;2;1;0;0;0;0;1.0;0.0;0.0;0.0;0.0;0.0;0.0;0.0;0.0;0.02;0.0;0.0;0.12;1;0;0.0
3243;ger000726;ger;graf_von_wickham;unknown;Graf von Wickham;MALE;4;13;153;145;0;0;0;0;0.08;0.27;0.3;0.0;0.35;0.0;0.0;0.0;0.0;0.27;0.14;0.14;0.75;1;3;0.25
3244;ger000726;ger;jackson;unknown;Jackson;MALE;1;2;2;2;0;0;0;0;0.0;0.0;0.0;0.0;1.0;0.0;0.0;0.0;0.0;0.04;0.0;0.0;0.12;0;1;0.0
3245;ger000726;ger;humfred trickwell;unknown;UNKNOWN;u;1;1;1;1;0;0;0;0;0.0;0.0;0.0;1.0;0.0;0.0;0.0;0.0;0.0;0.02;0.0;0.0;0.38;0;2;0.0
3246;ger000148;ger;belvedere;unknown;Belvedere;MALE;3;7;26;25;0;0;0;0;0.64;0.0;0.28;0.08;0.0;0.0;0.0;0.0;0.0;0.11;0.07;0.07;0.6;1;2;0.01
3247;ger000148;ger;pater_mareskotti;unknown;Pater Mareskotti;MALE;5;11;17;17;0;0;0;0;0.29;0.18;0.29;0.18;0.06;0.0;0.0;0.0;0.0;0.17;0.05;0.05;1.0;1;2;0.06
3248;ger000148;ger;der_bischof;unknown;Der Bischof;MALE;5;16;32;32;0;0;0;0;0.31;0.25;0.06;0.25;0.12;0.0;0.0;0.0;0.0;0.25;0.09;0.09;0.9;0;5;0.03
3249;ger000148;ger;grandison;unknown;Grandison;MALE;5;33;94;97;0;0;0;0;0.18;0.2;0.15;0.15;0.32;0.0;0.0;0.0;0.0;0.52;0.25;0.26;1.0;2;1;0.06
3250;ger000148;ger;kamilla;unknown;Kamilla;FEMALE;4;10;20;20;0;0;0;0;0.25;0.1;0.35;0.0;0.3;0.0;0.0;0.0;0.0;0.16;0.05;0.05;0.7;1;3;0.01
3251;ger000148;ger;jeronymo;unknown;Jeronymo;MALE;3;19;35;35;0;0;0;0;0.0;0.51;0.37;0.11;0.0;0.0;0.0;0.0;0.0;0.3;0.09;0.09;0.7;2;2;0.0
3252;ger000148;ger;der_markgraf;unknown;Der Markgraf;MALE;3;7;20;20;0;0;0;0;0.0;0.35;0.3;0.0;0.35;0.0;0.0;0.0;0.0;0.11;0.05;0.05;0.8;2;3;0.02
3253;ger000148;ger;die_markgraefin;unknown;Die Markgräfin;FEMALE;4;15;38;39;0;0;0;0;0.0;0.41;0.26;0.08;0.26;0.0;0.0;0.0;0.0;0.24;0.1;0.1;0.9;0;3;0.03
3254;ger000148;ger;laura;unknown;Laura;FEMALE;3;3;3;3;0;0;0;0;0.0;0.33;0.33;0.33;0.0;0.0;0.0;0.0;0.0;0.05;0.01;0.01;0.5;1;4;0.01
3255;ger000148;ger;klementina;unknown;Klementina;FEMALE;4;17;65;67;0;0;0;0;0.0;0.21;0.06;0.16;0.57;0.0;0.0;0.0;0.0;0.27;0.18;0.18;0.9;2;3;0.04
3256;ger000148;ger;der_general;unknown;Der General;MALE;2;5;19;19;0;0;0;0;0.0;0.0;0.0;0.84;0.16;0.0;0.0;0.0;0.0;0.08;0.05;0.05;0.6;1;2;0.0
3257;ger000445;ger;sidney;unknown;Sidney;FEMALE;3;5;13;139;0;0;0;0;0.47;0.0;0.14;0.0;0.38;0.0;0.0;0.0;0.0;0.17;0.06;0.06;0.25;1;0;0.0
3258;ger000445;ger;lady_johanna;unknown;Lady Johanna Gray;FEMALE;5;27;86;855;0;0;0;0;0.21;0.23;0.22;0.21;0.13;0.0;0.0;0.0;0.0;0.9;0.39;0.4;1.0;0;2;0.35
3259;ger000445;ger;guilford;unknown;Lord Guilford;MALE;5;15;43;427;0;0;0;0;0.14;0.11;0.39;0.28;0.09;0.0;0.0;0.0;0.0;0.5;0.2;0.2;0.62;1;1;0.02
3260;ger000445;ger;der_officier;unknown;Der Officier;MALE;2;2;2;3;0;0;0;0;0.33;0.0;0.0;0.0;0.67;0.0;0.0;0.0;0.0;0.07;0.01;0.0;0.38;1;0;0.0
3261;ger000445;ger;northumberland;unknown;Northumberland;MALE;1;3;11;170;0;0;0;0;0.0;1.0;0.0;0.0;0.0;0.0;0.0;0.0;0.0;0.1;0.05;0.08;0.38;1;1;0.0
3262;ger000445;ger;lady_suffolk;unknown;Lady Suffolk;FEMALE;4;8;25;206;0;0;0;0;0.0;0.32;0.18;0.12;0.38;0.0;0.0;0.0;0.0;0.27;0.11;0.1;0.75;2;1;0.1
3263;ger000445;ger;suffolk;unknown;Suffolk;MALE;3;10;24;160;0;0;0;0;0.0;0.19;0.36;0.44;0.0;0.0;0.0;0.0;0.0;0.33;0.11;0.07;0.75;1;1;0.11
3264;ger000445;ger;gardiner;unknown;Gardiner;MALE;2;3;15;190;0;0;0;0;0.0;0.0;0.1;0.9;0.0;0.0;0.0;0.0;0.0;0.1;0.07;0.09;0.5;2;2;0.0
3265;ger000445;ger;suffolk lady_suffolk guilford;unknown;UNKNOWN;u;1;1;1;1;0;0;0;0;0.0;1.0;0.0;0.0;0.0;0.0;0.0;0.0;0.0;0.03;0.0;0.0;0.38;1;0;0.0
3266;ger000275;ger;die_verschwornen;unknown;Die Verschwornen;MALE;1;1;1;4;0;0;0;0;0.0;0.0;0.0;0.0;1.0;0.0;0.0;0.0;0.0;0.03;0.0;0.0;0.43;0;0;0.0
3267;ger000275;ger;abellino;unknown;Abellino;MALE;5;9;113;731;0;0;0;0;0.43;0.15;0.15;0.11;0.15;0.0;0.0;0.0;0.0;0.23;0.12;0.14;0.67;0;9;0.07
3268;ger000275;ger;matteo;unknown;Matteo;MALE;1;3;35;195;0;0;0;0;1.0;0.0;0.0;0.0;0.0;0.0;0.0;0.0;0.0;0.08;0.04;0.04;0.1;1;0;0.0
3269;ger000275;ger;doge;unknown;Doge;MALE;5;21;178;1060;0;0;0;0;0.06;0.07;0.46;0.2;0.21;0.0;0.0;0.0;0.0;0.54;0.19;0.2;0.76;1;6;0.18
3270;ger000275;ger;dandolo;unknown;Dandolo;MALE;4;5;30;269;0;0;0;0;0.36;0.15;0.45;0.0;0.04;0.0;0.0;0.0;0.0;0.13;0.03;0.05;0.29;1;2;0.0
3271;ger000275;ger;canari;unknown;Canari;MALE;3;6;37;255;0;0;0;0;0.18;0.73;0.0;0.0;0.08;0.0;0.0;0.0;0.0;0.15;0.04;0.05;0.33;2;3;0.01
3272;ger000275;ger;iduella;unknown;Iduella;FEMALE;3;3;38;200;0;0;0;0;0.38;0.17;0.46;0.0;0.0;0.0;0.0;0.0;0.0;0.08;0.04;0.04;0.14;1;0;0.0
3273;ger000275;ger;rosamunde;unknown;Rosamunde;FEMALE;5;12;101;534;0;0;0;0;0.32;0.23;0.08;0.31;0.06;0.0;0.0;0.0;0.0;0.31;0.11;0.1;0.71;0;7;0.12
3274;ger000275;ger;flodoardo;unknown;Flodoardo;MALE;4;13;113;680;0;0;0;0;0.0;0.31;0.07;0.4;0.22;0.0;0.0;0.0;0.0;0.33;0.12;0.13;0.62;0;4;0.04
3275;ger000275;ger;parozzi;unknown;Parozzi;MALE;3;13;92;519;0;0;0;0;0.0;0.32;0.0;0.46;0.22;0.0;0.0;0.0;0.0;0.33;0.1;0.1;0.81;1;10;0.1
3276;ger000275;ger;memmo;unknown;Memmo;MALE;3;9;49;150;0;0;0;0;0.0;0.58;0.0;0.2;0.22;0.0;0.0;0.0;0.0;0.23;0.05;0.03;0.71;1;6;0.04
3277;ger000275;ger;falieri;unknown;Falieri;MALE;3;9;33;129;0;0;0;0;0.0;0.43;0.0;0.29;0.28;0.0;0.0;0.0;0.0;0.23;0.04;0.02;0.71;0;4;0.04
3278;ger000275;ger;contarino;unknown;Contarino;MALE;3;7;43;259;0;0;0;0;0.0;0.53;0.0;0.31;0.17;0.0;0.0;0.0;0.0;0.18;0.05;0.05;0.71;1;4;0.04
3279;ger000275;ger;tolomeo;unknown;Tolomeo;MALE;3;6;44;302;0;0;0;0;0.0;0.0;0.75;0.12;0.13;0.0;0.0;0.0;0.0;0.15;0.05;0.06;0.67;0;3;0.03
3280;ger000275;ger;ein_senator;unknown;Ein Senator;MALE;2;4;11;26;0;0;0;0;0.0;0.0;0.0;0.54;0.46;0.0;0.0;0.0;0.0;0.1;0.01;0.0;0.52;0;3;0.01
3281;ger000275;ger;parozzi memmo falieri contarino;unknown;UNKNOWN;u;1;1;2;4;0;0;0;0;0.0;1.0;0.0;0.0;0.0;0.0;0.0;0.0;0.0;0.03;0.0;0.0;0.24;0;4;0.0
3282;ger000275;ger;parozzi memmo falieri tolomeo abellino;unknown;UNKNOWN;u;1;1;4;4;0;0;0;0;0.0;0.0;0.0;1.0;0.0;0.0;0.0;0.0;0.0;0.03;0.0;0.0;0.38;0;2;0.0
3283;ger000275;ger;memmo falieri tolomeo abellino;unknown;UNKNOWN;u;1;1;2;2;0;0;0;0;0.0;0.0;0.0;1.0;0.0;0.0;0.0;0.0;0.0;0.03;0.0;0.0;0.38;0;1;0.0
3284;ger000275;ger;parozzi memmo falieri tolomeo;unknown;UNKNOWN;u;1;1;1;1;0;0;0;0;0.0;0.0;0.0;1.0;0.0;0.0;0.0;0.0;0.0;0.03;0.0;0.0;0.38;0;0;0.0
