;play_id;corpus;character_id;genre;name;gender;acts;scenes;speech turns;lines;tokens;types;tok-types;prologue;act 1;act 2;act 3;act 4;act 5;act 6;act 7;act 8;act 9;scenes (rel);speech turns (rel);lines (rel);degree (rel);female edges;male edges;betweenness
0;cal000001;cal;tres-mujeres-que-cantan;unknown;Tres mujeres que cantan;FEMALE;1;1;2;7;0;0;0;0;1.0;0.0;0.0;0.0;0.0;0.0;0.0;0.0;0.0;0.08;0.0;0.0;0.22;1;2;0.0
1;cal000001;cal;músicos;unknown;Coros de Música;UNKNOWN;1;4;19;40;0;0;0;0;1.0;0.0;0.0;0.0;0.0;0.0;0.0;0.0;0.0;0.33;0.04;0.02;0.35;3;3;0.01
2;cal000001;cal;ingenio;unknown;El Ingenio;MALE;1;11;164;735;0;0;0;0;1.0;0.0;0.0;0.0;0.0;0.0;0.0;0.0;0.0;0.92;0.35;0.37;0.91;0;2;0.12
3;cal000001;cal;pensamiento;unknown;El Pensamiento;MALE;1;10;71;220;0;0;0;0;1.0;0.0;0.0;0.0;0.0;0.0;0.0;0.0;0.0;0.83;0.15;0.11;0.83;0;1;0.08
4;cal000001;cal;gentilidad;unknown;La Gentilidad;FEMALE;1;5;54;280;0;0;0;0;1.0;0.0;0.0;0.0;0.0;0.0;0.0;0.0;0.0;0.42;0.11;0.14;0.96;2;3;0.19
5;cal000001;cal;sinagoga;unknown;La Sinagoga;FEMALE;1;4;54;269;0;0;0;0;1.0;0.0;0.0;0.0;0.0;0.0;0.0;0.0;0.0;0.33;0.11;0.13;0.7;5;7;0.02
6;cal000001;cal;áfrica;unknown;África;FEMALE;1;2;22;108;0;0;0;0;1.0;0.0;0.0;0.0;0.0;0.0;0.0;0.0;0.0;0.17;0.05;0.05;0.7;1;4;0.03
7;cal000001;cal;ateísmo;unknown;El Ateísmo;MALE;1;2;23;73;0;0;0;0;1.0;0.0;0.0;0.0;0.0;0.0;0.0;0.0;0.0;0.17;0.05;0.04;0.61;1;1;0.0
8;cal000001;cal;pablo;unknown;San Pablo;MALE;1;7;45;179;0;0;0;0;1.0;0.0;0.0;0.0;0.0;0.0;0.0;0.0;0.0;0.58;0.09;0.09;0.83;1;2;0.1
9;cal000001;cal;bautismo;unknown;El Bautismo;MALE;1;1;1;3;0;0;0;0;1.0;0.0;0.0;0.0;0.0;0.0;0.0;0.0;0.0;0.08;0.0;0.0;0.61;5;6;0.0
10;cal000001;cal;confirmación;unknown;La Confirmación;FEMALE;1;1;1;6;0;0;0;0;1.0;0.0;0.0;0.0;0.0;0.0;0.0;0.0;0.0;0.08;0.0;0.0;0.61;4;6;0.0
11;cal000001;cal;penitencia;unknown;La Penitencia;FEMALE;1;1;1;4;0;0;0;0;1.0;0.0;0.0;0.0;0.0;0.0;0.0;0.0;0.0;0.08;0.0;0.0;0.61;3;6;0.0
12;cal000001;cal;extremaunción;unknown;La Extremaunción;FEMALE;1;1;1;4;0;0;0;0;1.0;0.0;0.0;0.0;0.0;0.0;0.0;0.0;0.0;0.08;0.0;0.0;0.61;2;6;0.0
13;cal000001;cal;orden-sacerdotal;unknown;El Orden Sacerdotal;MALE;1;1;1;4;0;0;0;0;1.0;0.0;0.0;0.0;0.0;0.0;0.0;0.0;0.0;0.08;0.0;0.0;0.61;2;5;0.0
14;cal000001;cal;matrimonio;unknown;El Matrimonio;MALE;1;1;1;16;0;0;0;0;1.0;0.0;0.0;0.0;0.0;0.0;0.0;0.0;0.0;0.08;0.0;0.01;0.61;2;4;0.0
15;cal000001;cal;ley-natural;unknown;La Ley Natural;FEMALE;1;1;2;12;0;0;0;0;1.0;0.0;0.0;0.0;0.0;0.0;0.0;0.0;0.0;0.08;0.0;0.01;0.13;1;1;0.0
16;cal000001;cal;ley-escrita;unknown;La Ley Escrita;FEMALE;1;1;1;11;0;0;0;0;1.0;0.0;0.0;0.0;0.0;0.0;0.0;0.0;0.0;0.08;0.0;0.01;0.13;0;0;0.0
17;cal000001;cal;ley-de-gracia;unknown;La Ley de Gracia;FEMALE;1;1;1;11;0;0;0;0;1.0;0.0;0.0;0.0;0.0;0.0;0.0;0.0;0.0;0.08;0.0;0.01;0.61;6;7;0.0
18;cal000001;cal;ingenio gentilidad músicos pensamiento tres-mujeres-que-cantan;unknown;UNKNOWN;u;1;1;5;6;0;0;0;0;1.0;0.0;0.0;0.0;0.0;0.0;0.0;0.0;0.0;0.08;0.01;0.0;0.22;0;0;0.0
19;cal000001;cal;gentilidad ingenio;unknown;UNKNOWN;u;1;1;1;2;0;0;0;0;1.0;0.0;0.0;0.0;0.0;0.0;0.0;0.0;0.0;0.08;0.0;0.0;0.13;0;0;0.0
20;cal000001;cal;gentilidad pensamiento ingenio áfrica músicos;unknown;UNKNOWN;u;1;1;1;1;0;0;0;0;1.0;0.0;0.0;0.0;0.0;0.0;0.0;0.0;0.0;0.08;0.0;0.0;0.17;0;0;0.0
21;cal000001;cal;gentilidad áfrica ateísmo;unknown;UNKNOWN;u;1;1;1;1;0;0;0;0;1.0;0.0;0.0;0.0;0.0;0.0;0.0;0.0;0.0;0.08;0.0;0.0;0.22;2;2;0.0
22;cal000001;cal;áfrica ateísmo;unknown;UNKNOWN;u;1;1;1;1;0;0;0;0;1.0;0.0;0.0;0.0;0.0;0.0;0.0;0.0;0.0;0.08;0.0;0.0;0.22;1;1;0.0
23;cal000001;cal;penitencia áfrica ingenio pensamiento gentilidad bautismo ateísmo confirmación extremaunción ley-de-gracia ley-escrita ley-natural sinagoga matrimonio orden-sacerdotal pablo;unknown;UNKNOWN;u;1;1;1;6;0;0;0;0;1.0;0.0;0.0;0.0;0.0;0.0;0.0;0.0;0.0;0.08;0.0;0.0;0.61;0;0;0.0
24;cal000002;cal;el-furor;unknown;El Furor;MALE;1;13;48;285;0;0;0;0;1.0;0.0;0.0;0.0;0.0;0.0;0.0;0.0;0.0;0.38;0.11;0.17;0.68;0;0;0.19
25;cal000002;cal;la-culpa;unknown;La Culpa;FEMALE;1;18;63;307;0;0;0;0;1.0;0.0;0.0;0.0;0.0;0.0;0.0;0.0;0.0;0.53;0.15;0.18;0.63;2;2;0.08
26;cal000002;cal;la-soberbia;unknown;La Soberbia;FEMALE;1;6;49;216;0;0;0;0;1.0;0.0;0.0;0.0;0.0;0.0;0.0;0.0;0.0;0.18;0.11;0.13;0.55;0;3;0.08
27;cal000002;cal;la-avaricia;unknown;La Avaricia;FEMALE;1;3;7;32;0;0;0;0;1.0;0.0;0.0;0.0;0.0;0.0;0.0;0.0;0.0;0.09;0.02;0.02;0.21;2;0;0.0
28;cal000002;cal;la-lascivia;unknown;La Lascivia;FEMALE;1;3;5;12;0;0;0;0;1.0;0.0;0.0;0.0;0.0;0.0;0.0;0.0;0.0;0.09;0.01;0.01;0.26;5;1;0.01
29;cal000002;cal;la-ira;unknown;La Ira;FEMALE;1;8;25;75;0;0;0;0;1.0;0.0;0.0;0.0;0.0;0.0;0.0;0.0;0.0;0.24;0.06;0.04;0.61;1;3;0.09
30;cal000002;cal;envidia;unknown;Envidia;FEMALE;1;3;6;12;0;0;0;0;1.0;0.0;0.0;0.0;0.0;0.0;0.0;0.0;0.0;0.09;0.01;0.01;0.21;3;1;0.0
31;cal000002;cal;la-gula;unknown;La Gula;FEMALE;1;3;5;9;0;0;0;0;1.0;0.0;0.0;0.0;0.0;0.0;0.0;0.0;0.0;0.09;0.01;0.01;0.26;4;1;0.01
32;cal000002;cal;la-pereza;unknown;La Pereza;FEMALE;1;1;1;3;0;0;0;0;1.0;0.0;0.0;0.0;0.0;0.0;0.0;0.0;0.0;0.03;0.0;0.0;0.0;0;0;0.0
33;cal000002;cal;el-peregrino;unknown;El Peregrino;MALE;1;7;75;309;0;0;0;0;1.0;0.0;0.0;0.0;0.0;0.0;0.0;0.0;0.0;0.21;0.17;0.18;0.61;3;3;0.08
34;cal000002;cal;el-pensamiento;unknown;El Pensamiento;MALE;1;9;32;79;0;0;0;0;1.0;0.0;0.0;0.0;0.0;0.0;0.0;0.0;0.0;0.26;0.07;0.05;0.61;3;2;0.08
35;cal000002;cal;laureta;unknown;Laureta;FEMALE;1;3;5;130;0;0;0;0;1.0;0.0;0.0;0.0;0.0;0.0;0.0;0.0;0.0;0.09;0.01;0.08;0.24;1;1;0.02
36;cal000002;cal;el-ángel;unknown;El Ángel;MALE;1;7;31;120;0;0;0;0;1.0;0.0;0.0;0.0;0.0;0.0;0.0;0.0;0.0;0.21;0.07;0.07;0.53;1;1;0.05
37;cal000002;cal;música;unknown;Música;UNKNOWN;1;9;40;73;0;0;0;0;1.0;0.0;0.0;0.0;0.0;0.0;0.0;0.0;0.0;0.26;0.09;0.04;0.61;2;1;0.11
38;cal000002;cal;el-ángel música el-furor;unknown;UNKNOWN;u;1;1;1;6;0;0;0;0;1.0;0.0;0.0;0.0;0.0;0.0;0.0;0.0;0.0;0.03;0.0;0.0;0.08;0;0;0.0
39;cal000002;cal;la-gula la-lascivia;unknown;UNKNOWN;u;1;1;1;1;0;0;0;0;1.0;0.0;0.0;0.0;0.0;0.0;0.0;0.0;0.0;0.03;0.0;0.0;0.11;0;1;0.0
40;cal000002;cal;la-lascivia la-gula el-furor envidia la-avaricia la-culpa la-ira la-pereza la-soberbia;unknown;UNKNOWN;u;1;1;3;4;0;0;0;0;1.0;0.0;0.0;0.0;0.0;0.0;0.0;0.0;0.0;0.03;0.01;0.0;0.11;0;0;0.0
41;cal000002;cal;la-lascivia la-gula el-furor envidia la-avaricia la-culpa la-ira la-pereza la-soberbia el-pensamiento el-peregrino;unknown;UNKNOWN;u;1;1;1;2;0;0;0;0;1.0;0.0;0.0;0.0;0.0;0.0;0.0;0.0;0.0;0.03;0.0;0.0;0.13;1;1;0.0
42;cal000002;cal;el-pensamiento música;unknown;UNKNOWN;u;1;1;1;2;0;0;0;0;1.0;0.0;0.0;0.0;0.0;0.0;0.0;0.0;0.0;0.03;0.0;0.0;0.13;0;0;0.0
43;cal000002;cal;la-avaricia la-lascivia;unknown;UNKNOWN;u;1;1;1;1;0;0;0;0;1.0;0.0;0.0;0.0;0.0;0.0;0.0;0.0;0.0;0.03;0.0;0.0;0.21;0;0;0.0
44;cal000002;cal;la-pereza la-soberbia;unknown;UNKNOWN;u;1;1;1;1;0;0;0;0;1.0;0.0;0.0;0.0;0.0;0.0;0.0;0.0;0.0;0.03;0.0;0.0;0.21;0;0;0.0
45;cal000002;cal;el-furor la-culpa;unknown;UNKNOWN;u;1;2;7;8;0;0;0;0;1.0;0.0;0.0;0.0;0.0;0.0;0.0;0.0;0.0;0.06;0.02;0.0;0.34;0;0;0.01
46;cal000002;cal;la-soberbia la-ira;unknown;UNKNOWN;u;1;1;2;2;0;0;0;0;1.0;0.0;0.0;0.0;0.0;0.0;0.0;0.0;0.0;0.03;0.0;0.0;0.18;3;1;0.0
47;cal000002;cal;la-ira la-soberbia;unknown;UNKNOWN;u;1;2;3;4;0;0;0;0;1.0;0.0;0.0;0.0;0.0;0.0;0.0;0.0;0.0;0.06;0.01;0.0;0.32;0;0;0.01
48;cal000002;cal;el-furor la-culpa la-ira la-soberbia música;unknown;UNKNOWN;u;1;1;1;2;0;0;0;0;1.0;0.0;0.0;0.0;0.0;0.0;0.0;0.0;0.0;0.03;0.0;0.0;0.18;0;0;0.0
49;cal000002;cal;la-soberbia la-lascivia;unknown;UNKNOWN;u;1;2;2;2;0;0;0;0;1.0;0.0;0.0;0.0;0.0;0.0;0.0;0.0;0.0;0.06;0.0;0.0;0.18;0;0;0.0
50;cal000002;cal;la-avaricia la-pereza;unknown;UNKNOWN;u;1;2;2;2;0;0;0;0;1.0;0.0;0.0;0.0;0.0;0.0;0.0;0.0;0.0;0.06;0.0;0.0;0.18;0;0;0.0
51;cal000002;cal;la-culpa el-furor;unknown;UNKNOWN;u;1;1;1;1;0;0;0;0;1.0;0.0;0.0;0.0;0.0;0.0;0.0;0.0;0.0;0.03;0.0;0.0;0.13;0;0;0.0
52;cal000002;cal;el-pensamiento el-peregrino;unknown;UNKNOWN;u;1;1;1;1;0;0;0;0;1.0;0.0;0.0;0.0;0.0;0.0;0.0;0.0;0.0;0.03;0.0;0.0;0.11;0;0;0.0
53;cal000002;cal;la-ira la-culpa;unknown;UNKNOWN;u;1;1;1;1;0;0;0;0;1.0;0.0;0.0;0.0;0.0;0.0;0.0;0.0;0.0;0.03;0.0;0.0;0.21;2;3;0.0
54;cal000002;cal;el-peregrino la-ira la-culpa;unknown;UNKNOWN;u;1;1;1;1;0;0;0;0;1.0;0.0;0.0;0.0;0.0;0.0;0.0;0.0;0.0;0.03;0.0;0.0;0.21;2;2;0.0
55;cal000002;cal;música el-peregrino la-ira la-culpa;unknown;UNKNOWN;u;1;1;1;1;0;0;0;0;1.0;0.0;0.0;0.0;0.0;0.0;0.0;0.0;0.0;0.03;0.0;0.0;0.21;2;2;0.0
56;cal000002;cal;la-ira el-pensamiento el-furor la-culpa;unknown;UNKNOWN;u;1;1;1;2;0;0;0;0;1.0;0.0;0.0;0.0;0.0;0.0;0.0;0.0;0.0;0.03;0.0;0.0;0.05;0;0;0.0
57;cal000002;cal;la-soberbia música;unknown;UNKNOWN;u;1;1;1;4;0;0;0;0;1.0;0.0;0.0;0.0;0.0;0.0;0.0;0.0;0.0;0.03;0.0;0.0;0.05;0;0;0.0
58;cal000002;cal;la-soberbia la-lascivia la-gula envidia la-avaricia la-ira;unknown;UNKNOWN;u;1;1;2;5;0;0;0;0;1.0;0.0;0.0;0.0;0.0;0.0;0.0;0.0;0.0;0.03;0.0;0.0;0.18;0;0;0.0
59;cal000002;cal;la-avaricia la-soberbia;unknown;UNKNOWN;u;1;1;1;1;0;0;0;0;1.0;0.0;0.0;0.0;0.0;0.0;0.0;0.0;0.0;0.03;0.0;0.0;0.29;1;0;0.0
60;cal000002;cal;la-lascivia la-pereza;unknown;UNKNOWN;u;1;1;1;1;0;0;0;0;1.0;0.0;0.0;0.0;0.0;0.0;0.0;0.0;0.0;0.03;0.0;0.0;0.29;1;0;0.0
61;cal000002;cal;la-soberbia la-lascivia la-gula envidia la-avaricia la-ira el-ángel la-culpa el-peregrino;unknown;UNKNOWN;u;1;1;1;1;0;0;0;0;1.0;0.0;0.0;0.0;0.0;0.0;0.0;0.0;0.0;0.03;0.0;0.0;0.29;0;0;0.0
62;cal000002;cal;la-soberbia la-lascivia la-gula envidia la-avaricia la-ira el-ángel la-culpa el-peregrino música;unknown;UNKNOWN;u;1;1;1;4;0;0;0;0;1.0;0.0;0.0;0.0;0.0;0.0;0.0;0.0;0.0;0.03;0.0;0.0;0.29;0;0;0.0
63;cal000055;cal;rey;unknown;El Rey Don Sebastián;MALE;2;5;16;78;0;0;0;0;0.06;0.0;0.94;0.0;0.0;0.0;0.0;0.0;0.0;0.1;0.05;0.03;0.31;0;0;0.12
64;cal000055;cal;don-lope;unknown;Don Lope de Almeida;MALE;3;26;82;999;0;0;0;0;0.16;0.34;0.5;0.0;0.0;0.0;0.0;0.0;0.0;0.52;0.23;0.35;0.77;0;4;0.29
65;cal000055;cal;don-juan;unknown;Don Juan de Silva;MALE;3;15;45;510;0;0;0;0;0.44;0.11;0.45;0.0;0.0;0.0;0.0;0.0;0.0;0.3;0.13;0.18;0.69;2;7;0.28
66;cal000055;cal;don-luis;unknown;Don Luis de Benavides;MALE;3;10;30;281;0;0;0;0;0.45;0.38;0.17;0.0;0.0;0.0;0.0;0.0;0.0;0.2;0.09;0.1;0.62;2;3;0.19
67;cal000055;cal;don-bernardino;unknown;Don Bernardino;MALE;1;3;9;57;0;0;0;0;1.0;0.0;0.0;0.0;0.0;0.0;0.0;0.0;0.0;0.06;0.03;0.02;0.38;2;1;0.0
68;cal000055;cal;duque;unknown;Duque [de Berganza];MALE;1;2;5;13;0;0;0;0;0.0;0.0;1.0;0.0;0.0;0.0;0.0;0.0;0.0;0.04;0.01;0.0;0.23;0;1;0.04
69;cal000055;cal;leonor;unknown;Leonor;FEMALE;3;20;60;464;0;0;0;0;0.37;0.49;0.14;0.0;0.0;0.0;0.0;0.0;0.0;0.4;0.17;0.16;0.46;1;1;0.0
70;cal000055;cal;sirena;unknown;Sirena;FEMALE;3;12;48;135;0;0;0;0;0.11;0.75;0.14;0.0;0.0;0.0;0.0;0.0;0.0;0.24;0.14;0.05;0.46;0;2;0.0
71;cal000055;cal;celio;unknown;Celio;MALE;1;1;3;9;0;0;0;0;1.0;0.0;0.0;0.0;0.0;0.0;0.0;0.0;0.0;0.02;0.01;0.0;0.08;0;1;0.0
72;cal000055;cal;barquero;unknown;Un Barquero;MALE;1;2;7;22;0;0;0;0;0.0;0.0;1.0;0.0;0.0;0.0;0.0;0.0;0.0;0.04;0.02;0.01;0.15;0;1;0.0
73;cal000055;cal;soldado-1;unknown;Soldado Uno;MALE;1;1;1;1;0;0;0;0;0.0;0.0;1.0;0.0;0.0;0.0;0.0;0.0;0.0;0.02;0.0;0.0;0.23;0;2;0.0
74;cal000055;cal;soldado-2;unknown;Soldado 2.º;MALE;1;1;1;1;0;0;0;0;0.0;0.0;1.0;0.0;0.0;0.0;0.0;0.0;0.0;0.02;0.0;0.0;0.23;0;0;0.0
75;cal000055;cal;manrique;unknown;Manrique;MALE;3;15;43;289;0;0;0;0;0.31;0.46;0.23;0.0;0.0;0.0;0.0;0.0;0.0;0.3;0.12;0.1;0.46;1;1;0.0
76;cal000055;cal;voces;unknown;UNKNOWN;u;1;1;1;1;0;0;0;0;0.0;0.0;1.0;0.0;0.0;0.0;0.0;0.0;0.0;0.02;0.0;0.0;0.15;0;0;0.0
77;cal000003;cal;sigismundo;unknown;Sigismundo;MALE;3;29;93;461;0;0;0;0;0.25;0.39;0.36;0.0;0.0;0.0;0.0;0.0;0.0;0.32;0.11;0.11;0.45;1;4;0.02
78;cal000003;cal;casimiro;unknown;Casimiro;MALE;3;42;184;1011;0;0;0;0;0.39;0.36;0.25;0.0;0.0;0.0;0.0;0.0;0.0;0.47;0.22;0.25;0.69;2;4;0.18
79;cal000003;cal;federico;unknown;Federico;MALE;3;21;48;285;0;0;0;0;0.31;0.25;0.44;0.0;0.0;0.0;0.0;0.0;0.0;0.23;0.06;0.07;0.62;4;3;0.17
80;cal000003;cal;roberto;unknown;Roberto;MALE;2;3;9;34;0;0;0;0;0.21;0.79;0.0;0.0;0.0;0.0;0.0;0.0;0.0;0.03;0.01;0.01;0.07;1;1;0.0
81;cal000003;cal;arnesto;unknown;Arnesto;MALE;3;8;19;120;0;0;0;0;0.09;0.27;0.64;0.0;0.0;0.0;0.0;0.0;0.0;0.09;0.02;0.03;0.31;1;1;0.01
82;cal000003;cal;turín;unknown;Turín;MALE;3;28;70;316;0;0;0;0;0.39;0.43;0.17;0.0;0.0;0.0;0.0;0.0;0.0;0.31;0.09;0.08;0.52;3;3;0.05
83;cal000003;cal;auristela;unknown;Auristela;FEMALE;3;32;122;637;0;0;0;0;0.35;0.37;0.28;0.0;0.0;0.0;0.0;0.0;0.0;0.36;0.15;0.16;0.62;0;7;0.16
84;cal000003;cal;cristerna;unknown;Cristerna;FEMALE;3;42;191;920;0;0;0;0;0.2;0.43;0.37;0.0;0.0;0.0;0.0;0.0;0.0;0.47;0.23;0.22;0.72;4;2;0.25
85;cal000003;cal;lesbia;unknown;Lesbia;FEMALE;3;16;36;199;0;0;0;0;0.4;0.33;0.27;0.0;0.0;0.0;0.0;0.0;0.0;0.18;0.04;0.05;0.31;1;1;0.02
86;cal000003;cal;flora;unknown;Flora;FEMALE;2;3;5;28;0;0;0;0;0.18;0.0;0.82;0.0;0.0;0.0;0.0;0.0;0.0;0.03;0.01;0.01;0.14;2;0;0.0
87;cal000003;cal;nise;unknown;Nise;FEMALE;2;3;5;14;0;0;0;0;0.21;0.0;0.79;0.0;0.0;0.0;0.0;0.0;0.0;0.03;0.01;0.0;0.14;1;0;0.0
88;cal000003;cal;soldado-1;unknown;Soldado 1;MALE;3;7;11;30;0;0;0;0;0.23;0.7;0.07;0.0;0.0;0.0;0.0;0.0;0.0;0.08;0.01;0.01;0.45;0;6;0.07
89;cal000003;cal;soldado-2;unknown;Soldado 2;MALE;3;3;3;4;0;0;0;0;0.5;0.25;0.25;0.0;0.0;0.0;0.0;0.0;0.0;0.03;0.0;0.0;0.31;0;2;0.01
90;cal000003;cal;soldado-3;unknown;Soldado 3;MALE;1;1;1;1;0;0;0;0;0.0;1.0;0.0;0.0;0.0;0.0;0.0;0.0;0.0;0.01;0.0;0.0;0.17;0;0;0.0
91;cal000003;cal;cristerna federico;unknown;UNKNOWN;u;1;1;1;1;0;0;0;0;1.0;0.0;0.0;0.0;0.0;0.0;0.0;0.0;0.0;0.01;0.0;0.0;0.1;0;0;0.0
92;cal000003;cal;soldado-1 soldado-2 soldado-3 flora nise lesbia;unknown;UNKNOWN;u;1;1;2;2;0;0;0;0;1.0;0.0;0.0;0.0;0.0;0.0;0.0;0.0;0.0;0.01;0.0;0.0;0.03;0;0;0.0
93;cal000003;cal;soldado-1 soldado-2 flora;unknown;UNKNOWN;u;1;2;2;2;0;0;0;0;1.0;0.0;0.0;0.0;0.0;0.0;0.0;0.0;0.0;0.02;0.0;0.0;0.14;1;0;0.0
94;cal000003;cal;soldado-3 nise lesbia;unknown;UNKNOWN;u;1;2;2;3;0;0;0;0;1.0;0.0;0.0;0.0;0.0;0.0;0.0;0.0;0.0;0.02;0.0;0.0;0.14;1;0;0.0
95;cal000003;cal;casimiro sigismundo;unknown;UNKNOWN;u;1;1;1;1;0;0;0;0;1.0;0.0;0.0;0.0;0.0;0.0;0.0;0.0;0.0;0.01;0.0;0.0;0.14;0;1;0.0
96;cal000003;cal;federico sigismundo casimiro turín soldado-1 soldado-2;unknown;UNKNOWN;u;1;1;1;1;0;0;0;0;1.0;0.0;0.0;0.0;0.0;0.0;0.0;0.0;0.0;0.01;0.0;0.0;0.14;0;1;0.0
97;cal000003;cal;auristela soldado-2 soldado-3 flora nise lesbia;unknown;UNKNOWN;u;1;1;2;5;0;0;0;0;0.0;1.0;0.0;0.0;0.0;0.0;0.0;0.0;0.0;0.01;0.0;0.0;0.1;0;1;0.0
98;cal000003;cal;soldado-2 soldado-3 flora nise lesbia;unknown;UNKNOWN;u;1;1;2;3;0;0;0;0;0.0;1.0;0.0;0.0;0.0;0.0;0.0;0.0;0.0;0.01;0.0;0.0;0.1;0;0;0.0
99;cal000003;cal;arnesto casimiro roberto soldado-1 soldado-2 soldado-3;unknown;UNKNOWN;u;1;1;1;1;0;0;0;0;0.0;1.0;0.0;0.0;0.0;0.0;0.0;0.0;0.0;0.01;0.0;0.0;0.1;0;1;0.0
100;cal000003;cal;auristela casimiro roberto soldado-1 soldado-2 soldado-3;unknown;UNKNOWN;u;1;1;1;1;0;0;0;0;0.0;1.0;0.0;0.0;0.0;0.0;0.0;0.0;0.0;0.01;0.0;0.0;0.17;1;4;0.0
101;cal000003;cal;arnesto federico soldado-3;unknown;UNKNOWN;u;1;1;1;2;0;0;0;0;0.0;0.0;1.0;0.0;0.0;0.0;0.0;0.0;0.0;0.01;0.0;0.0;0.1;0;0;0.0
102;cal000003;cal;roberto soldado-1 soldado-2;unknown;UNKNOWN;u;1;1;1;1;0;0;0;0;0.0;0.0;1.0;0.0;0.0;0.0;0.0;0.0;0.0;0.01;0.0;0.0;0.1;0;0;0.0
103;cal000003;cal;auristela sigismundo;unknown;UNKNOWN;u;1;2;2;2;0;0;0;0;0.0;0.0;1.0;0.0;0.0;0.0;0.0;0.0;0.0;0.02;0.0;0.0;0.31;3;4;0.0
104;cal000003;cal;lesbia soldado-1 soldado-2;unknown;UNKNOWN;u;1;1;1;1;0;0;0;0;0.0;0.0;1.0;0.0;0.0;0.0;0.0;0.0;0.0;0.01;0.0;0.0;0.03;0;0;0.0
105;cal000003;cal;sigismundo federico;unknown;UNKNOWN;u;1;1;1;1;0;0;0;0;0.0;0.0;1.0;0.0;0.0;0.0;0.0;0.0;0.0;0.01;0.0;0.0;0.14;0;0;0.0
106;cal000003;cal;cristerna turín casimiro federico sigismundo auristela;unknown;UNKNOWN;u;1;1;1;3;0;0;0;0;0.0;0.0;1.0;0.0;0.0;0.0;0.0;0.0;0.0;0.01;0.0;0.0;0.21;0;0;0.0
107;cal000056;cal;música;unknown;Músicos;UNKNOWN;2;5;6;22;0;0;0;0;0.82;0.18;0.0;0.0;0.0;0.0;0.0;0.0;0.0;0.07;0.01;0.01;0.39;1;0;0.03
108;cal000056;cal;laurencio;unknown;Laurencio;MALE;3;35;214;942;0;0;0;0;0.55;0.2;0.25;0.0;0.0;0.0;0.0;0.0;0.0;0.47;0.26;0.26;0.72;3;3;0.13
109;cal000056;cal;roberto;unknown;Roberto;MALE;3;22;133;532;0;0;0;0;0.42;0.21;0.37;0.0;0.0;0.0;0.0;0.0;0.0;0.3;0.16;0.15;0.44;3;3;0.01
110;cal000056;cal;príncipe;unknown;El Príncipe de Ursino;MALE;3;21;80;476;0;0;0;0;0.04;0.77;0.19;0.0;0.0;0.0;0.0;0.0;0.0;0.28;0.1;0.13;0.5;3;0;0.02
111;cal000056;cal;lisardo;unknown;Lisardo;MALE;3;14;65;197;0;0;0;0;0.01;0.82;0.17;0.0;0.0;0.0;0.0;0.0;0.0;0.19;0.08;0.06;0.5;3;1;0.02
112;cal000056;cal;fabio;unknown;Fabio;MALE;3;10;34;103;0;0;0;0;0.35;0.31;0.34;0.0;0.0;0.0;0.0;0.0;0.0;0.14;0.04;0.03;0.44;0;3;0.01
113;cal000056;cal;flérida;unknown;Flérida;FEMALE;3;38;155;750;0;0;0;0;0.28;0.26;0.45;0.0;0.0;0.0;0.0;0.0;0.0;0.51;0.19;0.21;0.89;3;3;0.27
114;cal000056;cal;lísida;unknown;Lísida;FEMALE;3;26;108;463;0;0;0;0;0.21;0.47;0.32;0.0;0.0;0.0;0.0;0.0;0.0;0.35;0.13;0.13;0.78;0;1;0.21
115;cal000056;cal;ismenia;unknown;Ismenia;FEMALE;2;4;6;9;0;0;0;0;0.67;0.33;0.0;0.0;0.0;0.0;0.0;0.0;0.0;0.05;0.01;0.0;0.28;2;0;0.0
116;cal000056;cal;flora;unknown;Flora;FEMALE;3;11;20;66;0;0;0;0;0.18;0.06;0.76;0.0;0.0;0.0;0.0;0.0;0.0;0.15;0.02;0.02;0.44;1;1;0.0
117;cal000056;cal;voces;unknown;UNKNOWN;u;1;1;1;1;0;0;0;0;1.0;0.0;0.0;0.0;0.0;0.0;0.0;0.0;0.0;0.01;0.0;0.0;0.22;0;0;0.0
118;cal000056;cal;laurencio música;unknown;UNKNOWN;u;1;1;1;2;0;0;0;0;1.0;0.0;0.0;0.0;0.0;0.0;0.0;0.0;0.0;0.01;0.0;0.0;0.28;0;0;0.0
119;cal000056;cal;flérida música;unknown;UNKNOWN;u;1;1;1;2;0;0;0;0;1.0;0.0;0.0;0.0;0.0;0.0;0.0;0.0;0.0;0.01;0.0;0.0;0.28;0;0;0.0
120;cal000056;cal;flérida laurencio música;unknown;UNKNOWN;u;1;1;1;2;0;0;0;0;1.0;0.0;0.0;0.0;0.0;0.0;0.0;0.0;0.0;0.01;0.0;0.0;0.28;0;0;0.0
121;cal000056;cal;todas;unknown;UNKNOWN;u;1;1;1;1;0;0;0;0;1.0;0.0;0.0;0.0;0.0;0.0;0.0;0.0;0.0;0.01;0.0;0.0;0.22;2;2;0.0
122;cal000056;cal;lísida música;unknown;UNKNOWN;u;1;1;1;4;0;0;0;0;0.0;1.0;0.0;0.0;0.0;0.0;0.0;0.0;0.0;0.01;0.0;0.0;0.11;0;0;0.0
123;cal000056;cal;uno;unknown;UNKNOWN;u;1;1;1;1;0;0;0;0;0.0;0.0;1.0;0.0;0.0;0.0;0.0;0.0;0.0;0.01;0.0;0.0;0.22;0;0;0.0
124;cal000056;cal;otro;unknown;UNKNOWN;u;1;1;1;2;0;0;0;0;0.0;0.0;1.0;0.0;0.0;0.0;0.0;0.0;0.0;0.01;0.0;0.0;0.22;0;0;0.0
125;cal000056;cal;todos;unknown;UNKNOWN;u;1;1;1;1;0;0;0;0;0.0;0.0;1.0;0.0;0.0;0.0;0.0;0.0;0.0;0.01;0.0;0.0;0.22;0;0;0.0
126;cal000057;cal;dante;unknown;Dante;MALE;3;40;184;954;0;0;0;0;0.35;0.25;0.4;0.0;0.0;0.0;0.0;0.0;0.0;0.48;0.2;0.24;0.9;4;0;0.1
127;cal000057;cal;aurelio;unknown;Aurelio;MALE;3;16;42;283;0;0;0;0;0.76;0.13;0.11;0.0;0.0;0.0;0.0;0.0;0.0;0.19;0.05;0.07;0.67;4;1;0.02
128;cal000057;cal;lidoro;unknown;Lidoro;MALE;3;33;117;495;0;0;0;0;0.04;0.59;0.37;0.0;0.0;0.0;0.0;0.0;0.0;0.4;0.13;0.12;0.83;7;3;0.07
129;cal000057;cal;rey;unknown;Rey de Chipre;MALE;3;19;80;432;0;0;0;0;0.52;0.26;0.22;0.0;0.0;0.0;0.0;0.0;0.0;0.23;0.09;0.11;0.7;7;4;0.09
130;cal000057;cal;malandrín;unknown;Malandrín;MALE;3;19;95;421;0;0;0;0;0.19;0.63;0.18;0.0;0.0;0.0;0.0;0.0;0.0;0.23;0.1;0.1;0.77;4;3;0.05
131;cal000057;cal;aminta;unknown;Aminta;FEMALE;3;40;150;537;0;0;0;0;0.14;0.37;0.48;0.0;0.0;0.0;0.0;0.0;0.0;0.48;0.16;0.13;0.87;6;3;0.08
132;cal000057;cal;irene;unknown;Irene;FEMALE;3;34;128;652;0;0;0;0;0.36;0.24;0.4;0.0;0.0;0.0;0.0;0.0;0.0;0.41;0.14;0.16;0.9;5;1;0.1
133;cal000057;cal;flora;unknown;Flora;FEMALE;3;7;11;24;0;0;0;0;0.25;0.38;0.38;0.0;0.0;0.0;0.0;0.0;0.0;0.08;0.01;0.01;0.7;4;3;0.04
134;cal000057;cal;nise;unknown;Nise;FEMALE;3;7;10;21;0;0;0;0;0.19;0.62;0.19;0.0;0.0;0.0;0.0;0.0;0.0;0.08;0.01;0.01;0.7;6;3;0.04
135;cal000057;cal;laura;unknown;Laura;FEMALE;2;3;3;4;0;0;0;0;0.0;0.25;0.75;0.0;0.0;0.0;0.0;0.0;0.0;0.04;0.0;0.0;0.4;0;3;0.0
136;cal000057;cal;clori;unknown;Clori;FEMALE;2;4;4;4;0;0;0;0;0.0;0.5;0.5;0.0;0.0;0.0;0.0;0.0;0.0;0.05;0.0;0.0;0.4;2;1;0.0
137;cal000057;cal;diana;unknown;Diana;FEMALE;3;5;14;39;0;0;0;0;0.1;0.13;0.77;0.0;0.0;0.0;0.0;0.0;0.0;0.06;0.02;0.01;0.47;1;0;0.0
138;cal000057;cal;venus;unknown;Venus;FEMALE;3;5;14;44;0;0;0;0;0.09;0.16;0.75;0.0;0.0;0.0;0.0;0.0;0.0;0.06;0.02;0.01;0.47;0;0;0.0
139;cal000057;cal;libio;unknown;Libio;MALE;1;4;6;19;0;0;0;0;0.0;0.0;1.0;0.0;0.0;0.0;0.0;0.0;0.0;0.05;0.01;0.0;0.3;2;3;0.0
140;cal000057;cal;criado;unknown;Criado;MALE;1;1;1;2;0;0;0;0;0.0;0.0;1.0;0.0;0.0;0.0;0.0;0.0;0.0;0.01;0.0;0.0;0.17;2;3;0.0
141;cal000057;cal;música;unknown;Música;UNKNOWN;1;5;20;72;0;0;0;0;0.0;0.0;1.0;0.0;0.0;0.0;0.0;0.0;0.0;0.06;0.02;0.02;0.5;2;1;0.0
142;cal000057;cal;aurelio dante;unknown;UNKNOWN;u;1;3;4;4;0;0;0;0;1.0;0.0;0.0;0.0;0.0;0.0;0.0;0.0;0.0;0.04;0.0;0.0;0.27;0;0;0.0
143;cal000057;cal;flora nise;unknown;UNKNOWN;u;1;1;1;1;0;0;0;0;1.0;0.0;0.0;0.0;0.0;0.0;0.0;0.0;0.0;0.01;0.0;0.0;0.23;3;2;0.0
144;cal000057;cal;voz;unknown;UNKNOWN;u;1;1;1;2;0;0;0;0;1.0;0.0;0.0;0.0;0.0;0.0;0.0;0.0;0.0;0.01;0.0;0.0;0.23;0;0;0.0
145;cal000057;cal;uno;unknown;UNKNOWN;u;2;3;3;3;0;0;0;0;0.33;0.67;0.0;0.0;0.0;0.0;0.0;0.0;0.0;0.04;0.0;0.0;0.5;5;2;0.0
146;cal000057;cal;otro;unknown;UNKNOWN;u;2;2;6;6;0;0;0;0;0.67;0.33;0.0;0.0;0.0;0.0;0.0;0.0;0.0;0.02;0.01;0.0;0.5;5;2;0.0
147;cal000057;cal;todos;unknown;UNKNOWN;u;3;4;8;8;0;0;0;0;0.38;0.5;0.12;0.0;0.0;0.0;0.0;0.0;0.0;0.05;0.01;0.0;0.63;5;2;0.01
148;cal000057;cal;unos;unknown;UNKNOWN;u;2;3;3;3;0;0;0;0;0.0;0.67;0.33;0.0;0.0;0.0;0.0;0.0;0.0;0.04;0.0;0.0;0.27;2;0;0.0
149;cal000057;cal;otros;unknown;UNKNOWN;u;2;3;3;3;0;0;0;0;0.0;0.67;0.33;0.0;0.0;0.0;0.0;0.0;0.0;0.04;0.0;0.0;0.27;2;0;0.0
150;cal000057;cal;nise flora;unknown;UNKNOWN;u;1;1;1;1;0;0;0;0;0.0;1.0;0.0;0.0;0.0;0.0;0.0;0.0;0.0;0.01;0.0;0.0;0.2;0;0;0.0
151;cal000057;cal;lidoro malandrín;unknown;UNKNOWN;u;1;1;1;1;0;0;0;0;0.0;1.0;0.0;0.0;0.0;0.0;0.0;0.0;0.0;0.01;0.0;0.0;0.17;0;0;0.0
152;cal000057;cal;coro-1;unknown;UNKNOWN;u;1;1;2;2;0;0;0;0;0.0;1.0;0.0;0.0;0.0;0.0;0.0;0.0;0.0;0.01;0.0;0.0;0.3;2;0;0.0
153;cal000057;cal;coro-2;unknown;UNKNOWN;u;1;1;2;2;0;0;0;0;0.0;1.0;0.0;0.0;0.0;0.0;0.0;0.0;0.0;0.01;0.0;0.0;0.3;2;0;0.0
154;cal000057;cal;aminta irene;unknown;UNKNOWN;u;2;2;3;7;0;0;0;0;0.0;0.14;0.86;0.0;0.0;0.0;0.0;0.0;0.0;0.02;0.0;0.0;0.2;0;0;0.0
155;cal000057;cal;irene aminta;unknown;UNKNOWN;u;1;2;2;2;0;0;0;0;0.0;0.0;1.0;0.0;0.0;0.0;0.0;0.0;0.0;0.02;0.0;0.0;0.23;0;0;0.0
156;cal000057;cal;diana venus;unknown;UNKNOWN;u;1;1;1;4;0;0;0;0;0.0;0.0;1.0;0.0;0.0;0.0;0.0;0.0;0.0;0.01;0.0;0.0;0.03;0;0;0.0
157;cal000058;cal;soldado-1;unknown;Soldados moriscos;MALE;2;10;20;63;0;0;0;0;0.0;0.03;0.97;0.0;0.0;0.0;0.0;0.0;0.0;0.19;0.03;0.02;0.5;2;10;0.03
158;cal000058;cal;don-álvaro;unknown;Don Álvaro Tuzaní;MALE;3;28;195;840;0;0;0;0;0.23;0.18;0.58;0.0;0.0;0.0;0.0;0.0;0.0;0.52;0.27;0.25;0.66;3;4;0.11
159;cal000058;cal;malec;unknown;Don Juan Malec;MALE;3;4;20;178;0;0;0;0;0.89;0.06;0.05;0.0;0.0;0.0;0.0;0.0;0.0;0.07;0.03;0.05;0.5;3;6;0.05
160;cal000058;cal;válor;unknown;Don Fernando de Válor;MALE;3;7;34;169;0;0;0;0;0.49;0.41;0.09;0.0;0.0;0.0;0.0;0.0;0.0;0.13;0.05;0.05;0.31;1;2;0.02
161;cal000058;cal;alcuzcuz;unknown;Alcuzcuz;MALE;3;22;94;413;0;0;0;0;0.11;0.48;0.4;0.0;0.0;0.0;0.0;0.0;0.0;0.41;0.13;0.12;0.66;3;4;0.11
162;cal000058;cal;cadí;unknown;Cadí;MALE;1;2;11;36;0;0;0;0;1.0;0.0;0.0;0.0;0.0;0.0;0.0;0.0;0.0;0.04;0.02;0.01;0.19;1;1;0.0
163;cal000058;cal;mendoza;unknown;Don Juan de Mendoza;MALE;3;18;63;475;0;0;0;0;0.24;0.57;0.2;0.0;0.0;0.0;0.0;0.0;0.0;0.33;0.09;0.14;0.53;1;1;0.09
164;cal000058;cal;don-juan;unknown;El Señor Don Juan de Austria;MALE;2;12;46;207;0;0;0;0;0.0;0.5;0.5;0.0;0.0;0.0;0.0;0.0;0.0;0.22;0.06;0.06;0.28;0;2;0.0
165;cal000058;cal;don-lope;unknown;Don Lope de Figueroa;MALE;2;13;26;96;0;0;0;0;0.0;0.33;0.67;0.0;0.0;0.0;0.0;0.0;0.0;0.24;0.04;0.03;0.41;1;4;0.01
166;cal000058;cal;don-alonso;unknown;Don Alonso de Zúñiga;MALE;1;4;12;48;0;0;0;0;1.0;0.0;0.0;0.0;0.0;0.0;0.0;0.0;0.0;0.07;0.02;0.01;0.22;0;3;0.01
167;cal000058;cal;garcés;unknown;Garcés;MALE;3;12;51;361;0;0;0;0;0.1;0.3;0.6;0.0;0.0;0.0;0.0;0.0;0.0;0.22;0.07;0.11;0.44;1;5;0.01
168;cal000058;cal;doña-isabel;unknown;Doña Isabel Tuzaní;FEMALE;3;12;29;168;0;0;0;0;0.33;0.21;0.45;0.0;0.0;0.0;0.0;0.0;0.0;0.22;0.04;0.05;0.47;0;4;0.07
169;cal000058;cal;doña-clara;unknown;Doña Clara Malec;FEMALE;3;11;80;278;0;0;0;0;0.52;0.36;0.12;0.0;0.0;0.0;0.0;0.0;0.0;0.2;0.11;0.08;0.44;2;2;0.04
170;cal000058;cal;beatriz;unknown;Beatriz;FEMALE;2;2;5;19;0;0;0;0;0.16;0.84;0.0;0.0;0.0;0.0;0.0;0.0;0.0;0.04;0.01;0.01;0.09;0;1;0.0
171;cal000058;cal;inés;unknown;Inés;FEMALE;1;1;2;3;0;0;0;0;1.0;0.0;0.0;0.0;0.0;0.0;0.0;0.0;0.0;0.02;0.0;0.0;0.06;1;1;0.0
172;cal000058;cal;criado;unknown;Un Criado;MALE;1;1;1;1;0;0;0;0;1.0;0.0;0.0;0.0;0.0;0.0;0.0;0.0;0.0;0.02;0.0;0.0;0.06;0;2;0.0
173;cal000058;cal;morisco;unknown;Un Morisco;MALE;1;2;2;2;0;0;0;0;0.0;0.0;1.0;0.0;0.0;0.0;0.0;0.0;0.0;0.04;0.0;0.0;0.16;1;1;0.0
174;cal000058;cal;morisca;unknown;Una Morisca;FEMALE;1;1;1;3;0;0;0;0;1.0;0.0;0.0;0.0;0.0;0.0;0.0;0.0;0.0;0.02;0.0;0.0;0.16;0;0;0.0
175;cal000058;cal;soldado-2;unknown;Soldado 2;MALE;1;3;7;16;0;0;0;0;0.0;0.0;1.0;0.0;0.0;0.0;0.0;0.0;0.0;0.06;0.01;0.0;0.31;0;6;0.0
176;cal000058;cal;soldado-3;unknown;Soldado 3;MALE;1;1;2;2;0;0;0;0;0.0;0.0;1.0;0.0;0.0;0.0;0.0;0.0;0.0;0.02;0.0;0.0;0.12;0;2;0.0
177;cal000058;cal;música;unknown;Música;UNKNOWN;1;1;1;4;0;0;0;0;0.0;1.0;0.0;0.0;0.0;0.0;0.0;0.0;0.0;0.02;0.0;0.0;0.06;0;0;0.0
178;cal000058;cal;todos;unknown;UNKNOWN;u;2;2;5;5;0;0;0;0;0.8;0.2;0.0;0.0;0.0;0.0;0.0;0.0;0.0;0.04;0.01;0.0;0.28;0;0;0.01
179;cal000058;cal;uno;unknown;UNKNOWN;u;1;2;6;13;0;0;0;0;1.0;0.0;0.0;0.0;0.0;0.0;0.0;0.0;0.0;0.04;0.01;0.0;0.19;1;0;0.0
180;cal000058;cal;otro;unknown;UNKNOWN;u;3;4;7;9;0;0;0;0;0.56;0.11;0.33;0.0;0.0;0.0;0.0;0.0;0.0;0.07;0.01;0.0;0.47;1;1;0.04
181;cal000058;cal;don-álvaro malec;unknown;UNKNOWN;u;1;1;1;1;0;0;0;0;0.0;1.0;0.0;0.0;0.0;0.0;0.0;0.0;0.0;0.02;0.0;0.0;0.19;0;0;0.0
182;cal000058;cal;don-álvaro doña-clara;unknown;UNKNOWN;u;1;1;1;3;0;0;0;0;0.0;1.0;0.0;0.0;0.0;0.0;0.0;0.0;0.0;0.02;0.0;0.0;0.06;0;0;0.0
183;cal000058;cal;soldado-1 soldado-3 soldado-3;unknown;UNKNOWN;u;1;1;1;1;0;0;0;0;0.0;1.0;0.0;0.0;0.0;0.0;0.0;0.0;0.0;0.02;0.0;0.0;0.19;0;0;0.0
184;cal000058;cal;soldado-1 soldado-2 soldado-3;unknown;UNKNOWN;u;2;3;3;4;0;0;0;0;0.0;0.5;0.5;0.0;0.0;0.0;0.0;0.0;0.0;0.06;0.0;0.0;0.28;0;1;0.0
185;cal000058;cal;otros;unknown;UNKNOWN;u;1;1;1;1;0;0;0;0;0.0;0.0;1.0;0.0;0.0;0.0;0.0;0.0;0.0;0.02;0.0;0.0;0.22;0;5;0.0
186;cal000152;cal;soldados;unknown;Soldados;MALE;1;1;1;1;0;0;0;0;1.0;0.0;0.0;0.0;0.0;0.0;0.0;0.0;0.0;0.02;0.0;0.0;0.12;0;0;0.0
187;cal000152;cal;ecos;unknown;Ecos;MALE;1;3;3;3;0;0;0;0;1.0;0.0;0.0;0.0;0.0;0.0;0.0;0.0;0.0;0.06;0.01;0.0;0.12;1;0;0.0
188;cal000152;cal;sentidos;unknown;Sentidos;MALE;1;5;6;8;0;0;0;0;1.0;0.0;0.0;0.0;0.0;0.0;0.0;0.0;0.0;0.1;0.01;0.0;0.31;4;5;0.03
189;cal000152;cal;virtudes;unknown;Virtudes;FEMALE;1;4;4;6;0;0;0;0;1.0;0.0;0.0;0.0;0.0;0.0;0.0;0.0;0.0;0.08;0.01;0.0;0.25;2;0;0.01
190;cal000152;cal;demonio;unknown;Demonio;MALE;1;17;57;529;0;0;0;0;1.0;0.0;0.0;0.0;0.0;0.0;0.0;0.0;0.0;0.33;0.13;0.25;0.59;7;5;0.15
191;cal000152;cal;mundo;unknown;Mundo;MALE;1;10;19;130;0;0;0;0;1.0;0.0;0.0;0.0;0.0;0.0;0.0;0.0;0.0;0.2;0.04;0.06;0.39;7;6;0.03
192;cal000152;cal;lascivia;unknown;Lascivia;FEMALE;1;8;15;93;0;0;0;0;1.0;0.0;0.0;0.0;0.0;0.0;0.0;0.0;0.0;0.16;0.03;0.04;0.49;4;5;0.09
193;cal000152;cal;vista;unknown;Vista;FEMALE;1;3;9;12;0;0;0;0;1.0;0.0;0.0;0.0;0.0;0.0;0.0;0.0;0.0;0.06;0.02;0.01;0.27;1;5;0.02
194;cal000152;cal;oido;unknown;Oído;MALE;1;8;16;42;0;0;0;0;1.0;0.0;0.0;0.0;0.0;0.0;0.0;0.0;0.0;0.16;0.04;0.02;0.41;3;6;0.05
195;cal000152;cal;filotea;unknown;Filotea;FEMALE;1;13;37;202;0;0;0;0;1.0;0.0;0.0;0.0;0.0;0.0;0.0;0.0;0.0;0.25;0.08;0.09;0.64;5;3;0.25
196;cal000152;cal;fe;unknown;Fe;FEMALE;1;16;51;157;0;0;0;0;1.0;0.0;0.0;0.0;0.0;0.0;0.0;0.0;0.0;0.31;0.11;0.07;0.37;2;2;0.05
197;cal000152;cal;esperanza;unknown;Esperanza;FEMALE;1;7;12;31;0;0;0;0;1.0;0.0;0.0;0.0;0.0;0.0;0.0;0.0;0.0;0.14;0.03;0.01;0.29;2;4;0.02
198;cal000152;cal;caridad;unknown;Caridad;FEMALE;1;6;11;30;0;0;0;0;1.0;0.0;0.0;0.0;0.0;0.0;0.0;0.0;0.0;0.12;0.02;0.01;0.27;1;5;0.01
199;cal000152;cal;principe;unknown;Príncipe;MALE;1;8;22;219;0;0;0;0;1.0;0.0;0.0;0.0;0.0;0.0;0.0;0.0;0.0;0.16;0.05;0.1;0.46;6;7;0.07
200;cal000152;cal;ateismo;unknown;Ateísmo;MALE;1;4;11;42;0;0;0;0;1.0;0.0;0.0;0.0;0.0;0.0;0.0;0.0;0.0;0.08;0.02;0.02;0.27;1;1;0.02
201;cal000152;cal;gentilidad;unknown;Gentilidad;FEMALE;1;4;12;48;0;0;0;0;1.0;0.0;0.0;0.0;0.0;0.0;0.0;0.0;0.0;0.08;0.03;0.02;0.27;3;6;0.01
202;cal000152;cal;judaismo;unknown;Judaísmo;MALE;1;2;3;30;0;0;0;0;1.0;0.0;0.0;0.0;0.0;0.0;0.0;0.0;0.0;0.04;0.01;0.01;0.2;3;4;0.0
203;cal000152;cal;apostasia;unknown;Apostasía;FEMALE;1;15;40;211;0;0;0;0;1.0;0.0;0.0;0.0;0.0;0.0;0.0;0.0;0.0;0.29;0.09;0.1;0.32;5;5;0.02
204;cal000152;cal;entendimiento;unknown;Entendimiento;MALE;1;20;52;215;0;0;0;0;1.0;0.0;0.0;0.0;0.0;0.0;0.0;0.0;0.0;0.39;0.12;0.1;0.39;5;4;0.03
205;cal000152;cal;hebraismo;unknown;Hebraísmo;MALE;1;3;12;46;0;0;0;0;1.0;0.0;0.0;0.0;0.0;0.0;0.0;0.0;0.0;0.06;0.03;0.02;0.19;3;2;0.0
206;cal000152;cal;olfato;unknown;Olfato;MALE;1;2;2;2;0;0;0;0;1.0;0.0;0.0;0.0;0.0;0.0;0.0;0.0;0.0;0.04;0.0;0.0;0.15;1;2;0.0
207;cal000152;cal;gusto;unknown;Gusto;MALE;1;2;2;2;0;0;0;0;1.0;0.0;0.0;0.0;0.0;0.0;0.0;0.0;0.0;0.04;0.0;0.0;0.15;1;1;0.0
208;cal000152;cal;tacto;unknown;Tacto;MALE;1;2;2;2;0;0;0;0;1.0;0.0;0.0;0.0;0.0;0.0;0.0;0.0;0.0;0.04;0.0;0.0;0.15;1;0;0.0
209;cal000152;cal;nino;unknown;Niño;MALE;1;1;1;16;0;0;0;0;1.0;0.0;0.0;0.0;0.0;0.0;0.0;0.0;0.0;0.02;0.0;0.01;0.02;0;0;0.0
210;cal000152;cal;oido vista;unknown;UNKNOWN;u;1;1;3;6;0;0;0;0;1.0;0.0;0.0;0.0;0.0;0.0;0.0;0.0;0.0;0.02;0.01;0.0;0.12;1;0;0.0
211;cal000152;cal;musicos lascivia demonio oido filotea vista;unknown;UNKNOWN;u;1;1;1;6;0;0;0;0;1.0;0.0;0.0;0.0;0.0;0.0;0.0;0.0;0.0;0.02;0.0;0.0;0.12;0;0;0.0
212;cal000152;cal;olfato oido vista gusto tacto;unknown;UNKNOWN;u;1;1;1;3;0;0;0;0;1.0;0.0;0.0;0.0;0.0;0.0;0.0;0.0;0.0;0.02;0.0;0.0;0.08;3;0;0.0
213;cal000152;cal;musicos lascivia oido vista tacto gusto olfato fe esperanza caridad filotea demonio;unknown;UNKNOWN;u;1;1;2;2;0;0;0;0;1.0;0.0;0.0;0.0;0.0;0.0;0.0;0.0;0.0;0.02;0.0;0.0;0.07;1;0;0.0
214;cal000152;cal;musicos filotea;unknown;UNKNOWN;u;1;1;1;1;0;0;0;0;1.0;0.0;0.0;0.0;0.0;0.0;0.0;0.0;0.0;0.02;0.0;0.0;0.07;0;0;0.0
215;cal000152;cal;musicos lascivia oido vista tacto gusto olfato fe esperanza caridad demonio filotea;unknown;UNKNOWN;u;1;1;7;9;0;0;0;0;1.0;0.0;0.0;0.0;0.0;0.0;0.0;0.0;0.0;0.02;0.02;0.0;0.07;0;0;0.0
216;cal000152;cal;musicos lascivia oido vista fe tacto gusto olfato esperanza caridad demonio filotea;unknown;UNKNOWN;u;1;1;1;1;0;0;0;0;1.0;0.0;0.0;0.0;0.0;0.0;0.0;0.0;0.0;0.02;0.0;0.0;0.07;0;0;0.0
217;cal000152;cal;musicos lascivia oido vista tacto gusto olfato fe esperanza caridad filotea principe demonio;unknown;UNKNOWN;u;1;1;2;2;0;0;0;0;1.0;0.0;0.0;0.0;0.0;0.0;0.0;0.0;0.0;0.02;0.0;0.0;0.03;0;0;0.0
218;cal000152;cal;oido vista tacto gusto olfato fe esperanza caridad filotea principe ateismo gentilidad judaismo mundo apostasia demonio;unknown;UNKNOWN;u;1;1;1;1;0;0;0;0;1.0;0.0;0.0;0.0;0.0;0.0;0.0;0.0;0.0;0.02;0.0;0.0;0.12;1;5;0.0
219;cal000152;cal;hebraismo gentilidad;unknown;UNKNOWN;u;1;1;1;1;0;0;0;0;1.0;0.0;0.0;0.0;0.0;0.0;0.0;0.0;0.0;0.02;0.0;0.0;0.07;1;0;0.0
220;cal000152;cal;apostasia entendimiento;unknown;UNKNOWN;u;1;1;1;1;0;0;0;0;1.0;0.0;0.0;0.0;0.0;0.0;0.0;0.0;0.0;0.02;0.0;0.0;0.07;1;0;0.0
221;cal000152;cal;oido vista tacto gusto olfato fe esperanza caridad filotea principe judaismo mundo soldados ateismo hebraismo gentilidad apostasia entendimiento demonio lascivia;unknown;UNKNOWN;u;1;1;1;3;0;0;0;0;1.0;0.0;0.0;0.0;0.0;0.0;0.0;0.0;0.0;0.02;0.0;0.0;0.07;0;0;0.0
222;cal000152;cal;ecos musicos;unknown;UNKNOWN;u;1;1;1;1;0;0;0;0;1.0;0.0;0.0;0.0;0.0;0.0;0.0;0.0;0.0;0.02;0.0;0.0;0.05;0;0;0.0
223;cal000152;cal;gentilidad lascivia apostasia filotea esperanza caridad fe;unknown;UNKNOWN;u;1;1;1;1;0;0;0;0;1.0;0.0;0.0;0.0;0.0;0.0;0.0;0.0;0.0;0.02;0.0;0.0;0.03;0;0;0.0
224;cal000152;cal;apostasia gentilidad fe;unknown;UNKNOWN;u;1;1;1;1;0;0;0;0;1.0;0.0;0.0;0.0;0.0;0.0;0.0;0.0;0.0;0.02;0.0;0.0;0.1;0;0;0.0
225;cal000152;cal;vista principe judaismo mundo soldados demonio musicos lascivia filotea ateismo gentilidad ecos hebraismo entendimiento fe esperanza caridad apostasia;unknown;UNKNOWN;u;1;1;1;1;0;0;0;0;1.0;0.0;0.0;0.0;0.0;0.0;0.0;0.0;0.0;0.02;0.0;0.0;0.05;3;0;0.0
226;cal000152;cal;acompanamiento;unknown;UNKNOWN;u;1;3;3;3;0;0;0;0;1.0;0.0;0.0;0.0;0.0;0.0;0.0;0.0;0.0;0.06;0.01;0.0;0.2;3;3;0.01
227;cal000152;cal;vista principe judaismo mundo soldados demonio musicos ateismo gentilidad ecos hebraismo caridad apostasia filotea fe esperanza lascivia acompanamiento sentidos entendimiento;unknown;UNKNOWN;u;1;1;1;1;0;0;0;0;1.0;0.0;0.0;0.0;0.0;0.0;0.0;0.0;0.0;0.02;0.0;0.0;0.12;2;1;0.0
228;cal000152;cal;oido vista judaismo mundo soldados musicos ateismo gentilidad ecos hebraismo caridad apostasia fe esperanza lascivia acompanamiento entendimiento demonio filotea principe virtudes sentidos;unknown;UNKNOWN;u;1;1;1;1;0;0;0;0;1.0;0.0;0.0;0.0;0.0;0.0;0.0;0.0;0.0;0.02;0.0;0.0;0.05;0;0;0.0
229;cal000152;cal;judaismo soldados musicos ateismo gentilidad ecos hebraismo caridad apostasia esperanza lascivia acompanamiento entendimiento virtudes sentidos mundo principe filotea fe oido demonio;unknown;UNKNOWN;u;1;1;1;1;0;0;0;0;1.0;0.0;0.0;0.0;0.0;0.0;0.0;0.0;0.0;0.02;0.0;0.0;0.05;0;2;0.0
230;cal000152;cal;judaismo soldados musicos ateismo gentilidad ecos hebraismo caridad apostasia esperanza lascivia acompanamiento entendimiento virtudes mundo principe fe demonio oido sentidos filotea;unknown;UNKNOWN;u;1;1;1;1;0;0;0;0;1.0;0.0;0.0;0.0;0.0;0.0;0.0;0.0;0.0;0.02;0.0;0.0;0.1;1;3;0.0
231;cal000152;cal;judaismo soldados musicos ateismo gentilidad ecos hebraismo caridad apostasia esperanza lascivia acompanamiento entendimiento fe oido sentidos filotea mundo virtudes principe demonio;unknown;UNKNOWN;u;1;1;1;1;0;0;0;0;1.0;0.0;0.0;0.0;0.0;0.0;0.0;0.0;0.0;0.02;0.0;0.0;0.1;0;0;0.0
232;cal000152;cal;judaismo soldados musicos ateismo ecos esperanza acompanamiento fe oido sentidos filotea mundo principe gentilidad caridad hebraismo apostasia lascivia entendimiento demonio virtudes;unknown;UNKNOWN;u;1;1;1;1;0;0;0;0;1.0;0.0;0.0;0.0;0.0;0.0;0.0;0.0;0.0;0.02;0.0;0.0;0.08;2;1;0.0
233;cal000152;cal;judaismo soldados musicos ateismo ecos esperanza acompanamiento oido sentidos filotea mundo principe gentilidad caridad hebraismo apostasia lascivia entendimiento demonio virtudes fe;unknown;UNKNOWN;u;1;1;1;1;0;0;0;0;1.0;0.0;0.0;0.0;0.0;0.0;0.0;0.0;0.0;0.02;0.0;0.0;0.08;1;1;0.0
234;cal000152;cal;soldados musicos ateismo ecos esperanza acompanamiento mundo gentilidad caridad hebraismo apostasia lascivia demonio virtudes fe principe entendimiento filotea sentidos vista oido olfato gusto tacto;unknown;UNKNOWN;u;1;1;1;2;0;0;0;0;1.0;0.0;0.0;0.0;0.0;0.0;0.0;0.0;0.0;0.02;0.0;0.0;0.15;1;0;0.0
235;cal000152;cal;tacto filotea vista;unknown;UNKNOWN;u;1;1;1;2;0;0;0;0;1.0;0.0;0.0;0.0;0.0;0.0;0.0;0.0;0.0;0.02;0.0;0.0;0.15;0;0;0.0
236;cal000152;cal;tacto filotea vista oido;unknown;UNKNOWN;u;1;1;1;2;0;0;0;0;1.0;0.0;0.0;0.0;0.0;0.0;0.0;0.0;0.0;0.02;0.0;0.0;0.15;0;0;0.0
237;cal000152;cal;soldados musicos ateismo ecos esperanza acompanamiento mundo gentilidad caridad hebraismo lascivia demonio virtudes principe sentidos filotea vista tacto olfato gusto apostasia oido entendimiento fe;unknown;UNKNOWN;u;1;1;1;2;0;0;0;0;1.0;0.0;0.0;0.0;0.0;0.0;0.0;0.0;0.0;0.02;0.0;0.0;0.12;1;2;0.0
238;cal000152;cal;soldados musicos ateismo ecos esperanza acompanamiento mundo gentilidad caridad hebraismo demonio virtudes principe sentidos filotea vista tacto olfato gusto apostasia oido entendimiento fe lascivia;unknown;UNKNOWN;u;1;1;1;1;0;0;0;0;1.0;0.0;0.0;0.0;0.0;0.0;0.0;0.0;0.0;0.02;0.0;0.0;0.12;0;2;0.0
239;cal000152;cal;soldados musicos ateismo ecos esperanza acompanamiento mundo gentilidad caridad hebraismo virtudes sentidos filotea vista tacto olfato gusto apostasia oido entendimiento fe lascivia demonio principe;unknown;UNKNOWN;u;1;1;1;1;0;0;0;0;1.0;0.0;0.0;0.0;0.0;0.0;0.0;0.0;0.0;0.02;0.0;0.0;0.12;0;0;0.0
240;cal000152;cal;otros;unknown;UNKNOWN;u;1;1;1;1;0;0;0;0;1.0;0.0;0.0;0.0;0.0;0.0;0.0;0.0;0.0;0.02;0.0;0.0;0.12;0;0;0.0
241;cal000152;cal;judaismo ateismo gentilidad hebraismo sentidos filotea vista tacto olfato gusto apostasia oido demonio mundo lascivia;unknown;UNKNOWN;u;1;1;1;4;0;0;0;0;1.0;0.0;0.0;0.0;0.0;0.0;0.0;0.0;0.0;0.02;0.0;0.0;0.07;1;0;0.0
242;cal000152;cal;musicos sentidos;unknown;UNKNOWN;u;1;1;1;4;0;0;0;0;1.0;0.0;0.0;0.0;0.0;0.0;0.0;0.0;0.0;0.02;0.0;0.0;0.07;1;0;0.0
243;cal000152;cal;ecos hebraismo virtudes vista tacto olfato gusto acompanamiento otros lascivia musicos sentidos esperanza caridad judaismo gentilidad oido entendimiento mundo demonio apostasia ateismo fe filotea principe;unknown;UNKNOWN;u;1;1;1;1;0;0;0;0;1.0;0.0;0.0;0.0;0.0;0.0;0.0;0.0;0.0;0.02;0.0;0.0;0.0;0;0;0.0
244;cal000152;cal;ecos hebraismo virtudes vista tacto olfato gusto acompanamiento otros lascivia musicos sentidos esperanza caridad judaismo gentilidad oido entendimiento mundo demonio apostasia ateismo fe filotea principe nino;unknown;UNKNOWN;u;1;1;1;5;0;0;0;0;1.0;0.0;0.0;0.0;0.0;0.0;0.0;0.0;0.0;0.02;0.0;0.0;0.02;0;0;0.0
245;cal000059;cal;príncipe;unknown;Alejandro;MALE;3;24;98;550;0;0;0;0;0.35;0.33;0.32;0.0;0.0;0.0;0.0;0.0;0.0;0.44;0.15;0.15;0.88;1;2;0.11
246;cal000059;cal;félix;unknown;Félix;MALE;3;31;195;1080;0;0;0;0;0.36;0.28;0.36;0.0;0.0;0.0;0.0;0.0;0.0;0.57;0.3;0.3;0.88;1;1;0.25
247;cal000059;cal;arias;unknown;Arias;MALE;3;15;59;534;0;0;0;0;0.38;0.19;0.43;0.0;0.0;0.0;0.0;0.0;0.0;0.28;0.09;0.15;0.75;2;2;0.0
248;cal000059;cal;meco;unknown;Meco;MALE;3;16;84;379;0;0;0;0;0.47;0.32;0.21;0.0;0.0;0.0;0.0;0.0;0.0;0.3;0.13;0.1;0.75;1;1;0.0
249;cal000059;cal;aurora;unknown;Aurora;FEMALE;3;21;119;624;0;0;0;0;0.24;0.43;0.33;0.0;0.0;0.0;0.0;0.0;0.0;0.39;0.19;0.17;0.75;2;3;0.0
250;cal000059;cal;estela;unknown;Estela;FEMALE;3;9;42;394;0;0;0;0;0.19;0.6;0.21;0.0;0.0;0.0;0.0;0.0;0.0;0.17;0.07;0.11;0.88;1;2;0.11
251;cal000059;cal;laura;unknown;Laura;FEMALE;3;14;32;63;0;0;0;0;0.16;0.22;0.62;0.0;0.0;0.0;0.0;0.0;0.0;0.26;0.05;0.02;0.75;0;2;0.0
252;cal000059;cal;jacinta;unknown;Jacinta;FEMALE;2;3;11;22;0;0;0;0;0.0;0.86;0.14;0.0;0.0;0.0;0.0;0.0;0.0;0.06;0.02;0.01;0.25;1;1;0.0
253;cal000059;cal;criado;unknown;Un Criado;MALE;1;1;1;4;0;0;0;0;0.0;1.0;0.0;0.0;0.0;0.0;0.0;0.0;0.0;0.02;0.0;0.0;0.12;0;1;0.0
254;cal000004;cal;rey;unknown;El Rey;MALE;3;24;123;593;0;0;0;0;0.42;0.42;0.16;0.0;0.0;0.0;0.0;0.0;0.0;0.48;0.21;0.2;0.89;1;1;0.1
255;cal000004;cal;teobaldo;unknown;Teobaldo;MALE;3;9;27;141;0;0;0;0;0.15;0.45;0.4;0.0;0.0;0.0;0.0;0.0;0.0;0.18;0.05;0.05;0.78;1;3;0.0
256;cal000004;cal;conde;unknown;El Conde;MALE;3;5;17;64;0;0;0;0;0.45;0.17;0.38;0.0;0.0;0.0;0.0;0.0;0.0;0.1;0.03;0.02;0.78;2;4;0.0
257;cal000004;cal;ludovico;unknown;Ludovico;MALE;3;18;56;246;0;0;0;0;0.48;0.04;0.48;0.0;0.0;0.0;0.0;0.0;0.0;0.36;0.09;0.08;0.78;1;2;0.0
258;cal000004;cal;enrico;unknown;Enrico;MALE;3;21;136;773;0;0;0;0;0.28;0.44;0.28;0.0;0.0;0.0;0.0;0.0;0.0;0.42;0.23;0.26;0.78;2;3;0.0
259;cal000004;cal;estela;unknown;Estela;FEMALE;3;21;69;462;0;0;0;0;0.41;0.21;0.38;0.0;0.0;0.0;0.0;0.0;0.0;0.42;0.12;0.16;0.78;0;3;0.0
260;cal000004;cal;infanta;unknown;Infanta;FEMALE;3;17;87;365;0;0;0;0;0.29;0.41;0.3;0.0;0.0;0.0;0.0;0.0;0.0;0.34;0.15;0.12;0.89;1;2;0.1
261;cal000004;cal;cazador;unknown;Un Cazador;MALE;1;1;8;25;0;0;0;0;1.0;0.0;0.0;0.0;0.0;0.0;0.0;0.0;0.0;0.02;0.01;0.01;0.11;0;1;0.0
262;cal000004;cal;tosco;unknown;Tosco;MALE;3;11;69;293;0;0;0;0;0.32;0.46;0.23;0.0;0.0;0.0;0.0;0.0;0.0;0.22;0.12;0.1;0.89;0;2;0.22
263;cal000004;cal;ludovico infanta teobaldo;unknown;UNKNOWN;u;1;1;1;1;0;0;0;0;0.0;0.0;1.0;0.0;0.0;0.0;0.0;0.0;0.0;0.02;0.0;0.0;0.22;1;1;0.0
264;cal000005;cal;andrómeda;unknown;Andrómeda;FEMALE;1;16;108;523;0;0;0;0;1.0;0.0;0.0;0.0;0.0;0.0;0.0;0.0;0.0;0.7;0.26;0.27;0.94;6;7;0.07
265;cal000005;cal;medusa;unknown;Medusa;FEMALE;1;5;45;251;0;0;0;0;1.0;0.0;0.0;0.0;0.0;0.0;0.0;0.0;0.0;0.22;0.11;0.13;0.59;0;2;0.03
266;cal000005;cal;gracia;unknown;Gracia;FEMALE;1;5;14;34;0;0;0;0;1.0;0.0;0.0;0.0;0.0;0.0;0.0;0.0;0.0;0.22;0.03;0.02;0.88;5;5;0.03
267;cal000005;cal;ciencia;unknown;Ciencia;FEMALE;1;4;21;97;0;0;0;0;1.0;0.0;0.0;0.0;0.0;0.0;0.0;0.0;0.0;0.17;0.05;0.05;0.88;2;5;0.03
268;cal000005;cal;ignociencia;unknown;Ignociencia;FEMALE;1;5;7;15;0;0;0;0;1.0;0.0;0.0;0.0;0.0;0.0;0.0;0.0;0.0;0.22;0.02;0.01;0.88;4;5;0.03
269;cal000005;cal;voluntad;unknown;Voluntad;FEMALE;1;5;10;21;0;0;0;0;1.0;0.0;0.0;0.0;0.0;0.0;0.0;0.0;0.0;0.22;0.02;0.01;0.88;3;5;0.03
270;cal000005;cal;fuego;unknown;Fuego;MALE;1;5;8;18;0;0;0;0;1.0;0.0;0.0;0.0;0.0;0.0;0.0;0.0;0.0;0.22;0.02;0.01;0.59;1;1;0.0
271;cal000005;cal;aire;unknown;Aire;MALE;1;5;8;14;0;0;0;0;1.0;0.0;0.0;0.0;0.0;0.0;0.0;0.0;0.0;0.22;0.02;0.01;0.59;1;0;0.0
272;cal000005;cal;agua;unknown;Agua;MALE;1;7;9;20;0;0;0;0;1.0;0.0;0.0;0.0;0.0;0.0;0.0;0.0;0.0;0.3;0.02;0.01;0.79;1;4;0.02
273;cal000005;cal;tierra;unknown;Tierra;FEMALE;1;7;9;19;0;0;0;0;1.0;0.0;0.0;0.0;0.0;0.0;0.0;0.0;0.0;0.3;0.02;0.01;0.68;1;4;0.01
274;cal000005;cal;centro;unknown;Centro;MALE;1;6;14;47;0;0;0;0;1.0;0.0;0.0;0.0;0.0;0.0;0.0;0.0;0.0;0.26;0.03;0.02;0.94;2;3;0.12
275;cal000005;cal;albedrío;unknown;Albedrío;MALE;1;11;32;117;0;0;0;0;1.0;0.0;0.0;0.0;0.0;0.0;0.0;0.0;0.0;0.48;0.08;0.06;0.76;6;6;0.02
276;cal000005;cal;perseo;unknown;Perseo;MALE;1;9;30;239;0;0;0;0;1.0;0.0;0.0;0.0;0.0;0.0;0.0;0.0;0.0;0.39;0.07;0.12;0.56;5;3;0.03
277;cal000005;cal;demonio;unknown;Demonio;MALE;1;7;42;307;0;0;0;0;1.0;0.0;0.0;0.0;0.0;0.0;0.0;0.0;0.0;0.3;0.1;0.16;0.85;0;4;0.03
278;cal000005;cal;mercurio;unknown;Mercurio;MALE;1;1;2;80;0;0;0;0;1.0;0.0;0.0;0.0;0.0;0.0;0.0;0.0;0.0;0.04;0.0;0.04;0.12;1;1;0.0
279;cal000005;cal;música;unknown;Música;UNKNOWN;1;1;2;16;0;0;0;0;1.0;0.0;0.0;0.0;0.0;0.0;0.0;0.0;0.0;0.04;0.0;0.01;0.44;5;4;0.0
280;cal000005;cal;andrómeda música;unknown;UNKNOWN;u;1;1;2;8;0;0;0;0;1.0;0.0;0.0;0.0;0.0;0.0;0.0;0.0;0.0;0.04;0.0;0.0;0.44;4;4;0.0
281;cal000005;cal;albedrío música;unknown;UNKNOWN;u;1;1;1;4;0;0;0;0;1.0;0.0;0.0;0.0;0.0;0.0;0.0;0.0;0.0;0.04;0.0;0.0;0.44;3;3;0.0
282;cal000005;cal;albedrío andrómeda ciencia gracia ignociencia voluntad demonio;unknown;UNKNOWN;u;1;1;1;1;0;0;0;0;1.0;0.0;0.0;0.0;0.0;0.0;0.0;0.0;0.0;0.04;0.0;0.0;0.44;0;1;0.0
283;cal000005;cal;albedrío ciencia gracia ignociencia voluntad demonio;unknown;UNKNOWN;u;1;1;2;3;0;0;0;0;1.0;0.0;0.0;0.0;0.0;0.0;0.0;0.0;0.0;0.04;0.0;0.0;0.44;0;1;0.0
284;cal000005;cal;andrómeda ciencia gracia ignociencia voluntad demonio;unknown;UNKNOWN;u;1;1;1;1;0;0;0;0;1.0;0.0;0.0;0.0;0.0;0.0;0.0;0.0;0.0;0.04;0.0;0.0;0.44;0;1;0.0
285;cal000005;cal;gracia voluntad ciencia;unknown;UNKNOWN;u;1;1;1;2;0;0;0;0;1.0;0.0;0.0;0.0;0.0;0.0;0.0;0.0;0.0;0.04;0.0;0.0;0.44;0;1;0.0
286;cal000005;cal;gracia ciencia voluntad ignociencia;unknown;UNKNOWN;u;1;4;13;21;0;0;0;0;1.0;0.0;0.0;0.0;0.0;0.0;0.0;0.0;0.0;0.17;0.03;0.01;0.68;1;4;0.01
287;cal000005;cal;fuego aire agua tierra;unknown;UNKNOWN;u;1;6;7;14;0;0;0;0;1.0;0.0;0.0;0.0;0.0;0.0;0.0;0.0;0.0;0.26;0.02;0.01;0.74;1;3;0.03
288;cal000005;cal;ignociencia voluntad;unknown;UNKNOWN;u;1;1;1;2;0;0;0;0;1.0;0.0;0.0;0.0;0.0;0.0;0.0;0.0;0.0;0.04;0.0;0.0;0.38;5;3;0.0
289;cal000005;cal;fuego aire agua tierra centro;unknown;UNKNOWN;u;1;2;12;20;0;0;0;0;1.0;0.0;0.0;0.0;0.0;0.0;0.0;0.0;0.0;0.09;0.03;0.01;0.47;4;1;0.0
290;cal000005;cal;fuego aire agua tierra centro mercurio;unknown;UNKNOWN;u;1;1;1;2;0;0;0;0;1.0;0.0;0.0;0.0;0.0;0.0;0.0;0.0;0.0;0.04;0.0;0.0;0.12;0;0;0.0
291;cal000005;cal;fuego aire agua tierra mercurio andrómeda;unknown;UNKNOWN;u;1;1;1;3;0;0;0;0;1.0;0.0;0.0;0.0;0.0;0.0;0.0;0.0;0.0;0.04;0.0;0.0;0.03;0;0;0.0
292;cal000005;cal;perseo medusa;unknown;UNKNOWN;u;1;1;1;2;0;0;0;0;1.0;0.0;0.0;0.0;0.0;0.0;0.0;0.0;0.0;0.04;0.0;0.0;0.06;1;1;0.0
293;cal000005;cal;andrómeda fuego aire agua tierra centro;unknown;UNKNOWN;u;1;1;2;2;0;0;0;0;1.0;0.0;0.0;0.0;0.0;0.0;0.0;0.0;0.0;0.04;0.0;0.0;0.38;0;1;0.0
294;cal000005;cal;andrómeda gracia ciencia voluntad ignociencia;unknown;UNKNOWN;u;1;1;1;1;0;0;0;0;1.0;0.0;0.0;0.0;0.0;0.0;0.0;0.0;0.0;0.04;0.0;0.0;0.38;0;1;0.0
295;cal000005;cal;gracia ciencia voluntad ignociencia centro fuego aire agua tierra;unknown;UNKNOWN;u;1;1;2;5;0;0;0;0;1.0;0.0;0.0;0.0;0.0;0.0;0.0;0.0;0.0;0.04;0.0;0.0;0.38;0;1;0.0
296;cal000005;cal;fuego aire agua tierra gracia ciencia voluntad ignociencia andrómeda centro;unknown;UNKNOWN;u;1;1;4;4;0;0;0;0;1.0;0.0;0.0;0.0;0.0;0.0;0.0;0.0;0.0;0.04;0.01;0.0;0.53;6;5;0.0
297;cal000005;cal;música fuego aire agua tierra gracia ciencia voluntad ignociencia andrómeda centro perseo demonio medusa;unknown;UNKNOWN;u;1;1;1;5;0;0;0;0;1.0;0.0;0.0;0.0;0.0;0.0;0.0;0.0;0.0;0.04;0.0;0.0;0.53;5;3;0.0
298;cal000005;cal;música fuego aire agua tierra gracia ciencia voluntad ignociencia andrómeda centro perseo demonio medusa albedrío;unknown;UNKNOWN;u;1;1;2;6;0;0;0;0;1.0;0.0;0.0;0.0;0.0;0.0;0.0;0.0;0.0;0.04;0.0;0.0;0.53;0;0;0.0
299;cal000060;cal;algunos;unknown;Algunos;MALE;1;1;1;1;0;0;0;0;0.0;0.0;1.0;0.0;0.0;0.0;0.0;0.0;0.0;0.01;0.0;0.0;0.18;0;2;0.0
300;cal000060;cal;don-félix;unknown;Don Félix de Toledo;MALE;3;41;165;881;0;0;0;0;0.38;0.25;0.37;0.0;0.0;0.0;0.0;0.0;0.0;0.5;0.19;0.22;0.91;2;5;0.05
301;cal000060;cal;lisardo;unknown;Lisardo;MALE;3;29;146;809;0;0;0;0;0.38;0.36;0.26;0.0;0.0;0.0;0.0;0.0;0.0;0.35;0.17;0.21;0.82;1;3;0.03
302;cal000060;cal;don-antonio;unknown;Don Antonio;MALE;2;14;67;326;0;0;0;0;0.0;0.66;0.34;0.0;0.0;0.0;0.0;0.0;0.0;0.17;0.08;0.08;0.73;3;1;0.01
303;cal000060;cal;don-íñigo;unknown;Don Íñigo;MALE;3;26;116;549;0;0;0;0;0.11;0.35;0.54;0.0;0.0;0.0;0.0;0.0;0.0;0.32;0.13;0.14;0.91;1;2;0.13
304;cal000060;cal;hernando;unknown;Hernando;MALE;3;20;73;303;0;0;0;0;0.46;0.33;0.21;0.0;0.0;0.0;0.0;0.0;0.0;0.24;0.08;0.08;0.73;0;2;0.07
305;cal000060;cal;laura;unknown;Laura;FEMALE;3;38;154;483;0;0;0;0;0.31;0.4;0.29;0.0;0.0;0.0;0.0;0.0;0.0;0.46;0.18;0.12;0.82;3;1;0.04
306;cal000060;cal;clara;unknown;Doña Clara;FEMALE;3;13;40;241;0;0;0;0;0.39;0.48;0.12;0.0;0.0;0.0;0.0;0.0;0.0;0.16;0.05;0.06;0.73;1;3;0.02
307;cal000060;cal;beatriz;unknown;Beatriz;FEMALE;3;30;66;233;0;0;0;0;0.48;0.3;0.21;0.0;0.0;0.0;0.0;0.0;0.0;0.37;0.08;0.06;0.91;0;3;0.05
308;cal000060;cal;leonor;unknown;Leonor;FEMALE;2;4;6;14;0;0;0;0;0.57;0.43;0.0;0.0;0.0;0.0;0.0;0.0;0.0;0.05;0.01;0.0;0.45;2;2;0.0
309;cal000060;cal;mendoza;unknown;Mendoza;MALE;3;11;37;101;0;0;0;0;0.64;0.17;0.19;0.0;0.0;0.0;0.0;0.0;0.0;0.13;0.04;0.03;0.55;2;1;0.0
310;cal000060;cal;laura don-íñigo;unknown;UNKNOWN;u;1;1;1;1;0;0;0;0;0.0;1.0;0.0;0.0;0.0;0.0;0.0;0.0;0.0;0.01;0.0;0.0;0.45;0;0;0.0
311;cal000061;cal;coro-primero;unknown;Coro Primero;UNKNOWN;1;2;3;4;0;0;0;0;0.0;0.0;1.0;0.0;0.0;0.0;0.0;0.0;0.0;0.05;0.0;0.0;0.24;0;1;0.0
312;cal000061;cal;coro-segundo;unknown;Coro Segundo;UNKNOWN;1;2;2;3;0;0;0;0;0.0;0.0;1.0;0.0;0.0;0.0;0.0;0.0;0.0;0.05;0.0;0.0;0.24;0;1;0.0
313;cal000061;cal;apolo;unknown;Apolo;MALE;3;17;162;995;0;0;0;0;0.19;0.3;0.5;0.0;0.0;0.0;0.0;0.0;0.0;0.4;0.2;0.23;0.9;6;3;0.16
314;cal000061;cal;climene;unknown;Climene;FEMALE;3;25;152;1131;0;0;0;0;0.49;0.35;0.16;0.0;0.0;0.0;0.0;0.0;0.0;0.58;0.19;0.26;0.93;5;4;0.13
315;cal000061;cal;céfiro;unknown;Céfiro;MALE;3;14;67;307;0;0;0;0;0.31;0.59;0.1;0.0;0.0;0.0;0.0;0.0;0.0;0.33;0.08;0.07;0.68;5;2;0.03
316;cal000061;cal;sátiro;unknown;Sátiro;MALE;3;12;54;297;0;0;0;0;0.36;0.17;0.47;0.0;0.0;0.0;0.0;0.0;0.0;0.28;0.07;0.07;0.78;0;1;0.09
317;cal000061;cal;admeto;unknown;Admeto;MALE;3;9;37;331;0;0;0;0;0.07;0.67;0.25;0.0;0.0;0.0;0.0;0.0;0.0;0.21;0.05;0.08;0.46;2;3;0.01
318;cal000061;cal;cintia;unknown;Cintia;FEMALE;2;5;14;71;0;0;0;0;0.87;0.13;0.0;0.0;0.0;0.0;0.0;0.0;0.0;0.12;0.02;0.02;0.51;3;1;0.01
319;cal000061;cal;lesbia;unknown;Lesbia;FEMALE;2;5;11;47;0;0;0;0;0.85;0.15;0.0;0.0;0.0;0.0;0.0;0.0;0.0;0.12;0.01;0.01;0.49;2;1;0.01
320;cal000061;cal;flora;unknown;Flora;FEMALE;3;18;71;316;0;0;0;0;0.22;0.69;0.09;0.0;0.0;0.0;0.0;0.0;0.0;0.42;0.09;0.07;0.73;0;2;0.04
321;cal000061;cal;clicie;unknown;Clicie;FEMALE;3;18;73;362;0;0;0;0;0.25;0.63;0.12;0.0;0.0;0.0;0.0;0.0;0.0;0.42;0.09;0.08;0.8;1;1;0.07
322;cal000061;cal;erídano;unknown;Erídano;MALE;1;2;6;29;0;0;0;0;0.0;1.0;0.0;0.0;0.0;0.0;0.0;0.0;0.0;0.05;0.01;0.01;0.39;2;4;0.0
323;cal000061;cal;fitón;unknown;Fitón;MALE;1;4;34;223;0;0;0;0;0.0;0.0;1.0;0.0;0.0;0.0;0.0;0.0;0.0;0.09;0.04;0.05;0.39;2;2;0.01
324;cal000061;cal;mercurio;unknown;Mercurio;MALE;1;2;16;22;0;0;0;0;0.0;0.0;1.0;0.0;0.0;0.0;0.0;0.0;0.0;0.05;0.02;0.01;0.17;2;1;0.0
325;cal000061;cal;iris;unknown;Iris;FEMALE;1;2;16;23;0;0;0;0;0.0;0.0;1.0;0.0;0.0;0.0;0.0;0.0;0.0;0.05;0.02;0.01;0.17;1;1;0.0
326;cal000061;cal;música;unknown;Música;UNKNOWN;2;5;20;49;0;0;0;0;0.0;0.49;0.51;0.0;0.0;0.0;0.0;0.0;0.0;0.12;0.02;0.01;0.51;4;6;0.02
327;cal000061;cal;todos;unknown;UNKNOWN;u;3;10;25;35;0;0;0;0;0.26;0.46;0.29;0.0;0.0;0.0;0.0;0.0;0.0;0.23;0.03;0.01;0.71;0;2;0.04
328;cal000061;cal;uno;unknown;UNKNOWN;u;2;5;6;13;0;0;0;0;0.23;0.77;0.0;0.0;0.0;0.0;0.0;0.0;0.0;0.12;0.01;0.0;0.39;1;4;0.0
329;cal000061;cal;todas;unknown;UNKNOWN;u;2;3;3;7;0;0;0;0;0.43;0.57;0.0;0.0;0.0;0.0;0.0;0.0;0.0;0.07;0.0;0.0;0.44;3;1;0.01
330;cal000061;cal;clicie cintia climene lesbia;unknown;UNKNOWN;u;1;1;1;2;0;0;0;0;1.0;0.0;0.0;0.0;0.0;0.0;0.0;0.0;0.0;0.02;0.0;0.0;0.32;0;1;0.0
331;cal000061;cal;hombres;unknown;UNKNOWN;u;1;1;1;1;0;0;0;0;1.0;0.0;0.0;0.0;0.0;0.0;0.0;0.0;0.0;0.02;0.0;0.0;0.32;0;1;0.0
332;cal000061;cal;mujeres;unknown;UNKNOWN;u;1;1;1;2;0;0;0;0;1.0;0.0;0.0;0.0;0.0;0.0;0.0;0.0;0.0;0.02;0.0;0.0;0.32;0;1;0.0
333;cal000061;cal;voz;unknown;UNKNOWN;u;1;1;1;4;0;0;0;0;1.0;0.0;0.0;0.0;0.0;0.0;0.0;0.0;0.0;0.02;0.0;0.0;0.32;0;0;0.0
334;cal000061;cal;voces;unknown;UNKNOWN;u;2;2;3;7;0;0;0;0;0.57;0.43;0.0;0.0;0.0;0.0;0.0;0.0;0.0;0.05;0.0;0.0;0.49;0;2;0.01
335;cal000061;cal;lesbia flora;unknown;UNKNOWN;u;1;1;1;1;0;0;0;0;1.0;0.0;0.0;0.0;0.0;0.0;0.0;0.0;0.0;0.02;0.0;0.0;0.2;0;0;0.0
336;cal000061;cal;clicie cintia lesbia flora;unknown;UNKNOWN;u;1;1;1;1;0;0;0;0;1.0;0.0;0.0;0.0;0.0;0.0;0.0;0.0;0.0;0.02;0.0;0.0;0.2;0;0;0.0
337;cal000061;cal;lesbia cintia flora clicie;unknown;UNKNOWN;u;1;1;1;1;0;0;0;0;1.0;0.0;0.0;0.0;0.0;0.0;0.0;0.0;0.0;0.02;0.0;0.0;0.17;3;0;0.0
338;cal000061;cal;lesbia cintia;unknown;UNKNOWN;u;1;1;1;2;0;0;0;0;1.0;0.0;0.0;0.0;0.0;0.0;0.0;0.0;0.0;0.02;0.0;0.0;0.17;0;0;0.0
339;cal000061;cal;flora clicie;unknown;UNKNOWN;u;2;2;3;5;0;0;0;0;0.6;0.4;0.0;0.0;0.0;0.0;0.0;0.0;0.0;0.05;0.0;0.0;0.32;0;0;0.0
340;cal000061;cal;céfiro flora;unknown;UNKNOWN;u;2;2;2;2;0;0;0;0;0.0;0.5;0.5;0.0;0.0;0.0;0.0;0.0;0.0;0.05;0.0;0.0;0.22;0;1;0.0
341;cal000061;cal;otro;unknown;UNKNOWN;u;1;1;1;3;0;0;0;0;0.0;1.0;0.0;0.0;0.0;0.0;0.0;0.0;0.0;0.02;0.0;0.0;0.2;2;0;0.0
342;cal000061;cal;cintia lesbia;unknown;UNKNOWN;u;1;1;1;1;0;0;0;0;0.0;1.0;0.0;0.0;0.0;0.0;0.0;0.0;0.0;0.02;0.0;0.0;0.17;0;0;0.0
343;cal000061;cal;unos;unknown;UNKNOWN;u;1;2;2;2;0;0;0;0;0.0;1.0;0.0;0.0;0.0;0.0;0.0;0.0;0.0;0.05;0.0;0.0;0.34;2;2;0.0
344;cal000061;cal;otros;unknown;UNKNOWN;u;1;1;1;1;0;0;0;0;0.0;1.0;0.0;0.0;0.0;0.0;0.0;0.0;0.0;0.02;0.0;0.0;0.15;0;0;0.0
345;cal000061;cal;apolo todos;unknown;UNKNOWN;u;1;1;1;1;0;0;0;0;0.0;1.0;0.0;0.0;0.0;0.0;0.0;0.0;0.0;0.02;0.0;0.0;0.32;0;1;0.0
346;cal000061;cal;fitón música;unknown;UNKNOWN;u;1;1;1;4;0;0;0;0;0.0;0.0;1.0;0.0;0.0;0.0;0.0;0.0;0.0;0.02;0.0;0.0;0.1;0;0;0.0
347;cal000061;cal;sátiro música;unknown;UNKNOWN;u;1;1;1;3;0;0;0;0;0.0;0.0;1.0;0.0;0.0;0.0;0.0;0.0;0.0;0.02;0.0;0.0;0.1;0;0;0.0
348;cal000061;cal;coro-primero coro-segundo;unknown;UNKNOWN;u;1;1;1;12;0;0;0;0;0.0;0.0;1.0;0.0;0.0;0.0;0.0;0.0;0.0;0.02;0.0;0.0;0.22;0;1;0.0
349;cal000061;cal;apolo climene;unknown;UNKNOWN;u;1;1;1;2;0;0;0;0;0.0;0.0;1.0;0.0;0.0;0.0;0.0;0.0;0.0;0.02;0.0;0.0;0.22;0;1;0.0
350;cal000061;cal;climene apolo música;unknown;UNKNOWN;u;1;1;1;4;0;0;0;0;0.0;0.0;1.0;0.0;0.0;0.0;0.0;0.0;0.0;0.02;0.0;0.0;0.15;0;0;0.0
351;cal000061;cal;iris mercurio;unknown;UNKNOWN;u;1;2;10;19;0;0;0;0;0.0;0.0;1.0;0.0;0.0;0.0;0.0;0.0;0.0;0.05;0.01;0.0;0.24;3;3;0.0
352;cal000061;cal;climene mercurio;unknown;UNKNOWN;u;1;1;1;2;0;0;0;0;0.0;0.0;1.0;0.0;0.0;0.0;0.0;0.0;0.0;0.02;0.0;0.0;0.15;1;1;0.0
353;cal000062;cal;dama;unknown;Dos damas suyas;FEMALE;2;3;7;23;0;0;0;0;0.0;0.48;0.52;0.0;0.0;0.0;0.0;0.0;0.0;0.09;0.01;0.01;0.39;2;2;0.0
354;cal000062;cal;rey;unknown;Meleandro;MALE;3;11;53;196;0;0;0;0;0.38;0.18;0.43;0.0;0.0;0.0;0.0;0.0;0.0;0.33;0.08;0.05;0.56;1;4;0.01
355;cal000062;cal;argenis;unknown;Argenis;MALE;3;16;114;483;0;0;0;0;0.23;0.41;0.37;0.0;0.0;0.0;0.0;0.0;0.0;0.48;0.18;0.13;0.61;0;1;0.02
356;cal000062;cal;timoclea;unknown;Timoclea;FEMALE;3;9;27;179;0;0;0;0;0.7;0.25;0.05;0.0;0.0;0.0;0.0;0.0;0.0;0.27;0.04;0.05;0.61;1;5;0.02
357;cal000062;cal;selenisa;unknown;Selenisa;FEMALE;3;7;26;101;0;0;0;0;0.16;0.67;0.17;0.0;0.0;0.0;0.0;0.0;0.0;0.21;0.04;0.03;0.56;0;1;0.01
358;cal000062;cal;poliarco;unknown;Poliarco;MALE;3;9;143;1109;0;0;0;0;0.33;0.31;0.36;0.0;0.0;0.0;0.0;0.0;0.0;0.27;0.22;0.3;0.83;2;4;0.11
359;cal000062;cal;arcombroto;unknown;Arcombroto;MALE;3;18;109;660;0;0;0;0;0.26;0.43;0.31;0.0;0.0;0.0;0.0;0.0;0.0;0.55;0.17;0.18;0.89;5;3;0.13
360;cal000062;cal;arsidas;unknown;Arsidas;MALE;3;10;30;116;0;0;0;0;0.47;0.43;0.1;0.0;0.0;0.0;0.0;0.0;0.0;0.3;0.05;0.03;0.56;1;4;0.01
361;cal000062;cal;eristenes;unknown;Eristenes;MALE;2;4;8;61;0;0;0;0;0.25;0.75;0.0;0.0;0.0;0.0;0.0;0.0;0.0;0.12;0.01;0.02;0.61;4;3;0.03
362;cal000062;cal;lidoro;unknown;Lidoro;MALE;2;2;6;15;0;0;0;0;0.13;0.87;0.0;0.0;0.0;0.0;0.0;0.0;0.0;0.06;0.01;0.0;0.39;3;3;0.0
363;cal000062;cal;gelanor;unknown;Gelanor;MALE;3;11;44;277;0;0;0;0;0.65;0.19;0.16;0.0;0.0;0.0;0.0;0.0;0.0;0.33;0.07;0.08;0.89;1;2;0.12
364;cal000062;cal;hianisbe;unknown;Hianisbe;FEMALE;2;4;40;362;0;0;0;0;0.0;0.45;0.55;0.0;0.0;0.0;0.0;0.0;0.0;0.12;0.06;0.1;0.44;1;2;0.01
365;cal000062;cal;timonides;unknown;Timonides;MALE;2;5;18;48;0;0;0;0;0.92;0.08;0.0;0.0;0.0;0.0;0.0;0.0;0.0;0.15;0.03;0.01;0.44;1;6;0.0
366;cal000062;cal;criada;unknown;Criada;FEMALE;1;1;1;11;0;0;0;0;0.0;1.0;0.0;0.0;0.0;0.0;0.0;0.0;0.0;0.03;0.0;0.0;0.39;0;2;0.0
367;cal000062;cal;dentro;unknown;UNKNOWN;u;1;3;5;6;0;0;0;0;1.0;0.0;0.0;0.0;0.0;0.0;0.0;0.0;0.0;0.09;0.01;0.0;0.33;1;1;0.0
368;cal000062;cal;poliarco arcombroto;unknown;UNKNOWN;u;1;1;2;2;0;0;0;0;1.0;0.0;0.0;0.0;0.0;0.0;0.0;0.0;0.0;0.03;0.0;0.0;0.22;1;0;0.0
369;cal000062;cal;arcombroto poliarco;unknown;UNKNOWN;u;1;1;2;2;0;0;0;0;0.0;0.0;1.0;0.0;0.0;0.0;0.0;0.0;0.0;0.03;0.0;0.0;0.17;0;0;0.0
370;cal000062;cal;todos;unknown;UNKNOWN;u;1;1;1;2;0;0;0;0;0.0;0.0;1.0;0.0;0.0;0.0;0.0;0.0;0.0;0.03;0.0;0.0;0.33;0;2;0.0
371;cal000063;cal;música;unknown;Músicos;UNKNOWN;2;6;12;38;0;0;0;0;0.0;0.39;0.61;0.0;0.0;0.0;0.0;0.0;0.0;0.08;0.01;0.01;0.7;3;4;0.05
372;cal000063;cal;lisidante;unknown;Lisidante;MALE;3;39;243;988;0;0;0;0;0.15;0.54;0.31;0.0;0.0;0.0;0.0;0.0;0.0;0.51;0.2;0.21;0.86;4;6;0.11
373;cal000063;cal;merlín;unknown;Merlín;MALE;3;16;70;305;0;0;0;0;0.14;0.58;0.28;0.0;0.0;0.0;0.0;0.0;0.0;0.21;0.06;0.06;0.42;3;3;0.0
374;cal000063;cal;auristela;unknown;Auristela;FEMALE;3;28;165;587;0;0;0;0;0.54;0.34;0.12;0.0;0.0;0.0;0.0;0.0;0.0;0.36;0.14;0.12;0.74;1;8;0.08
375;cal000063;cal;estela;unknown;Estela;FEMALE;3;10;16;72;0;0;0;0;0.49;0.49;0.03;0.0;0.0;0.0;0.0;0.0;0.0;0.13;0.01;0.02;0.28;1;4;0.0
376;cal000063;cal;arsidas;unknown;Arsidas;MALE;3;31;191;781;0;0;0;0;0.16;0.31;0.53;0.0;0.0;0.0;0.0;0.0;0.0;0.4;0.16;0.16;0.81;4;7;0.08
377;cal000063;cal;celio;unknown;Celio;MALE;2;7;7;24;0;0;0;0;0.54;0.0;0.46;0.0;0.0;0.0;0.0;0.0;0.0;0.09;0.01;0.01;0.47;0;1;0.0
378;cal000063;cal;clariana;unknown;Clariana;FEMALE;3;29;133;440;0;0;0;0;0.49;0.19;0.32;0.0;0.0;0.0;0.0;0.0;0.0;0.38;0.11;0.09;0.67;3;6;0.04
379;cal000063;cal;flérida;unknown;Flérida;FEMALE;2;10;18;49;0;0;0;0;0.73;0.27;0.0;0.0;0.0;0.0;0.0;0.0;0.0;0.13;0.01;0.01;0.37;1;3;0.01
380;cal000063;cal;licanoro;unknown;Licanoro;MALE;3;14;31;254;0;0;0;0;0.4;0.5;0.11;0.0;0.0;0.0;0.0;0.0;0.0;0.18;0.03;0.05;0.6;0;3;0.01
381;cal000063;cal;brunel;unknown;Brunel;MALE;3;22;63;231;0;0;0;0;0.3;0.17;0.52;0.0;0.0;0.0;0.0;0.0;0.0;0.29;0.05;0.05;0.47;3;8;0.01
382;cal000063;cal;aurora;unknown;Aurora;FEMALE;1;5;27;96;0;0;0;0;0.0;0.0;1.0;0.0;0.0;0.0;0.0;0.0;0.0;0.06;0.02;0.02;0.47;2;5;0.0
383;cal000063;cal;sargento;unknown;Un Sargento;MALE;1;1;2;4;0;0;0;0;0.0;1.0;0.0;0.0;0.0;0.0;0.0;0.0;0.0;0.01;0.0;0.0;0.07;0;3;0.0
384;cal000063;cal;milor;unknown;Milor;MALE;3;15;40;283;0;0;0;0;0.57;0.15;0.28;0.0;0.0;0.0;0.0;0.0;0.0;0.19;0.03;0.06;0.63;0;4;0.04
385;cal000063;cal;timantes;unknown;Timantes;MALE;3;21;55;329;0;0;0;0;0.3;0.35;0.35;0.0;0.0;0.0;0.0;0.0;0.0;0.27;0.05;0.07;0.6;2;1;0.01
386;cal000063;cal;cintia;unknown;Cintia;FEMALE;1;4;25;79;0;0;0;0;0.0;0.0;1.0;0.0;0.0;0.0;0.0;0.0;0.0;0.05;0.02;0.02;0.47;3;5;0.0
387;cal000063;cal;soldado-1;unknown;Soldado 1;MALE;2;5;8;20;0;0;0;0;0.55;0.45;0.0;0.0;0.0;0.0;0.0;0.0;0.0;0.06;0.01;0.0;0.35;0;3;0.01
388;cal000063;cal;soldado-2;unknown;Soldado 1;MALE;1;1;1;5;0;0;0;0;1.0;0.0;0.0;0.0;0.0;0.0;0.0;0.0;0.0;0.01;0.0;0.0;0.19;0;2;0.0
389;cal000063;cal;unos;unknown;UNKNOWN;u;3;7;15;17;0;0;0;0;0.59;0.35;0.06;0.0;0.0;0.0;0.0;0.0;0.0;0.09;0.01;0.0;0.67;3;7;0.04
390;cal000063;cal;todos;unknown;UNKNOWN;u;3;9;13;18;0;0;0;0;0.39;0.33;0.28;0.0;0.0;0.0;0.0;0.0;0.0;0.12;0.01;0.0;0.74;2;9;0.06
391;cal000063;cal;otros;unknown;UNKNOWN;u;3;8;19;22;0;0;0;0;0.64;0.32;0.05;0.0;0.0;0.0;0.0;0.0;0.0;0.1;0.02;0.0;0.7;3;5;0.05
392;cal000063;cal;licanoro milor;unknown;UNKNOWN;u;1;1;1;1;0;0;0;0;1.0;0.0;0.0;0.0;0.0;0.0;0.0;0.0;0.0;0.01;0.0;0.0;0.14;3;0;0.0
393;cal000063;cal;clariana auristela;unknown;UNKNOWN;u;1;3;3;5;0;0;0;0;1.0;0.0;0.0;0.0;0.0;0.0;0.0;0.0;0.0;0.04;0.0;0.0;0.21;0;0;0.0
394;cal000063;cal;auristela clariana;unknown;UNKNOWN;u;3;5;8;9;0;0;0;0;0.56;0.22;0.22;0.0;0.0;0.0;0.0;0.0;0.0;0.06;0.01;0.0;0.51;0;4;0.01
395;cal000063;cal;estela flérida;unknown;UNKNOWN;u;1;1;1;1;0;0;0;0;1.0;0.0;0.0;0.0;0.0;0.0;0.0;0.0;0.0;0.01;0.0;0.0;0.07;0;0;0.0
396;cal000063;cal;voces;unknown;UNKNOWN;u;1;1;1;1;0;0;0;0;1.0;0.0;0.0;0.0;0.0;0.0;0.0;0.0;0.0;0.01;0.0;0.0;0.12;0;1;0.0
397;cal000063;cal;dentro;unknown;UNKNOWN;u;2;2;2;2;0;0;0;0;0.5;0.5;0.0;0.0;0.0;0.0;0.0;0.0;0.0;0.03;0.0;0.0;0.26;1;2;0.0
398;cal000063;cal;uno;unknown;UNKNOWN;u;1;1;1;1;0;0;0;0;1.0;0.0;0.0;0.0;0.0;0.0;0.0;0.0;0.0;0.01;0.0;0.0;0.12;0;3;0.0
399;cal000063;cal;arsidas brunel;unknown;UNKNOWN;u;1;1;1;1;0;0;0;0;1.0;0.0;0.0;0.0;0.0;0.0;0.0;0.0;0.0;0.01;0.0;0.0;0.12;0;0;0.0
400;cal000063;cal;voz;unknown;UNKNOWN;u;3;4;8;23;0;0;0;0;0.04;0.43;0.52;0.0;0.0;0.0;0.0;0.0;0.0;0.05;0.01;0.0;0.65;2;3;0.03
401;cal000063;cal;auristela lisidante;unknown;UNKNOWN;u;2;3;3;3;0;0;0;0;0.33;0.67;0.0;0.0;0.0;0.0;0.0;0.0;0.0;0.04;0.0;0.0;0.16;1;0;0.0
402;cal000063;cal;música lisidante;unknown;UNKNOWN;u;1;1;4;4;0;0;0;0;0.0;1.0;0.0;0.0;0.0;0.0;0.0;0.0;0.0;0.01;0.0;0.0;0.12;0;0;0.0
403;cal000063;cal;música auristela;unknown;UNKNOWN;u;1;1;4;4;0;0;0;0;0.0;1.0;0.0;0.0;0.0;0.0;0.0;0.0;0.0;0.01;0.0;0.0;0.12;0;0;0.0
404;cal000063;cal;auristela licanoro;unknown;UNKNOWN;u;1;1;1;1;0;0;0;0;0.0;1.0;0.0;0.0;0.0;0.0;0.0;0.0;0.0;0.01;0.0;0.0;0.23;1;0;0.0
405;cal000063;cal;arsidas lisidante;unknown;UNKNOWN;u;1;1;1;2;0;0;0;0;0.0;1.0;0.0;0.0;0.0;0.0;0.0;0.0;0.0;0.01;0.0;0.0;0.3;0;0;0.0
406;cal000063;cal;coro-1;unknown;UNKNOWN;u;1;1;3;3;0;0;0;0;0.0;1.0;0.0;0.0;0.0;0.0;0.0;0.0;0.0;0.01;0.0;0.0;0.3;0;0;0.0
407;cal000063;cal;coro-2;unknown;UNKNOWN;u;1;1;4;6;0;0;0;0;0.0;1.0;0.0;0.0;0.0;0.0;0.0;0.0;0.0;0.01;0.0;0.0;0.3;0;0;0.0
408;cal000063;cal;coro-3;unknown;UNKNOWN;u;1;1;1;5;0;0;0;0;0.0;1.0;0.0;0.0;0.0;0.0;0.0;0.0;0.0;0.01;0.0;0.0;0.3;0;0;0.0
409;cal000063;cal;voz-1;unknown;UNKNOWN;u;1;1;1;4;0;0;0;0;0.0;1.0;0.0;0.0;0.0;0.0;0.0;0.0;0.0;0.01;0.0;0.0;0.3;0;0;0.0
410;cal000063;cal;voz-2;unknown;UNKNOWN;u;1;1;1;4;0;0;0;0;0.0;1.0;0.0;0.0;0.0;0.0;0.0;0.0;0.0;0.01;0.0;0.0;0.3;0;0;0.0
411;cal000063;cal;voz-3;unknown;UNKNOWN;u;1;1;1;4;0;0;0;0;0.0;1.0;0.0;0.0;0.0;0.0;0.0;0.0;0.0;0.01;0.0;0.0;0.3;0;0;0.0
412;cal000063;cal;aurora cintia;unknown;UNKNOWN;u;1;1;1;1;0;0;0;0;0.0;0.0;1.0;0.0;0.0;0.0;0.0;0.0;0.0;0.01;0.0;0.0;0.35;2;4;0.0
413;cal000063;cal;auristela música;unknown;UNKNOWN;u;1;1;1;4;0;0;0;0;0.0;0.0;1.0;0.0;0.0;0.0;0.0;0.0;0.0;0.01;0.0;0.0;0.35;0;4;0.0
414;cal000063;cal;clariana música;unknown;UNKNOWN;u;1;1;1;4;0;0;0;0;0.0;0.0;1.0;0.0;0.0;0.0;0.0;0.0;0.0;0.01;0.0;0.0;0.35;0;2;0.0
415;cal000064;cal;margarita;unknown;Margarita;FEMALE;3;22;137;685;0;0;0;0;0.59;0.13;0.28;0.0;0.0;0.0;0.0;0.0;0.0;0.27;0.13;0.15;0.86;2;0;0.12
416;cal000064;cal;flora;unknown;Flora;FEMALE;3;16;50;119;0;0;0;0;0.63;0.24;0.13;0.0;0.0;0.0;0.0;0.0;0.0;0.19;0.05;0.03;0.52;0;3;0.03
417;cal000064;cal;serafina;unknown;Serafina;FEMALE;3;24;111;440;0;0;0;0;0.14;0.34;0.52;0.0;0.0;0.0;0.0;0.0;0.0;0.29;0.1;0.1;0.9;1;1;0.16
418;cal000064;cal;césar;unknown;César;MALE;3;42;215;1132;0;0;0;0;0.48;0.31;0.21;0.0;0.0;0.0;0.0;0.0;0.0;0.51;0.2;0.25;0.86;2;2;0.18
419;cal000064;cal;duque;unknown;Enrique;MALE;3;19;136;545;0;0;0;0;0.24;0.39;0.37;0.0;0.0;0.0;0.0;0.0;0.0;0.23;0.13;0.12;0.62;2;3;0.04
420;cal000064;cal;conde;unknown;Federico;MALE;3;13;48;200;0;0;0;0;0.07;0.55;0.39;0.0;0.0;0.0;0.0;0.0;0.0;0.16;0.04;0.04;0.71;3;1;0.04
421;cal000064;cal;carlos;unknown;Carlos;MALE;3;24;97;409;0;0;0;0;0.17;0.68;0.15;0.0;0.0;0.0;0.0;0.0;0.0;0.29;0.09;0.09;0.48;2;3;0.03
422;cal000064;cal;capricho;unknown;Capricho;MALE;3;30;150;559;0;0;0;0;0.25;0.44;0.31;0.0;0.0;0.0;0.0;0.0;0.0;0.36;0.14;0.12;0.71;4;5;0.04
423;cal000064;cal;roberto;unknown;Roberto;MALE;3;14;56;238;0;0;0;0;0.13;0.22;0.64;0.0;0.0;0.0;0.0;0.0;0.0;0.17;0.05;0.05;0.48;1;3;0.0
424;cal000064;cal;celio;unknown;Celio;MALE;1;2;14;49;0;0;0;0;0.0;1.0;0.0;0.0;0.0;0.0;0.0;0.0;0.0;0.02;0.01;0.01;0.1;0;2;0.0
425;cal000064;cal;estela;unknown;Estela;FEMALE;2;8;28;57;0;0;0;0;0.0;0.58;0.42;0.0;0.0;0.0;0.0;0.0;0.0;0.1;0.03;0.01;0.43;3;4;0.0
426;cal000064;cal;fabio;unknown;Fabio;MALE;1;6;14;38;0;0;0;0;0.0;1.0;0.0;0.0;0.0;0.0;0.0;0.0;0.0;0.07;0.01;0.01;0.43;3;2;0.0
427;cal000064;cal;nise;unknown;Nise;FEMALE;2;2;10;47;0;0;0;0;0.0;0.23;0.77;0.0;0.0;0.0;0.0;0.0;0.0;0.02;0.01;0.01;0.14;1;2;0.0
428;cal000064;cal;música;unknown;Música;UNKNOWN;2;3;7;14;0;0;0;0;0.29;0.0;0.71;0.0;0.0;0.0;0.0;0.0;0.0;0.04;0.01;0.0;0.38;1;2;0.0
429;cal000064;cal;césar serafina;unknown;UNKNOWN;u;1;1;1;1;0;0;0;0;1.0;0.0;0.0;0.0;0.0;0.0;0.0;0.0;0.0;0.01;0.0;0.0;0.1;0;0;0.0
430;cal000064;cal;césar música;unknown;UNKNOWN;u;1;1;4;4;0;0;0;0;1.0;0.0;0.0;0.0;0.0;0.0;0.0;0.0;0.0;0.01;0.0;0.0;0.19;1;0;0.0
431;cal000064;cal;serafina césar música;unknown;UNKNOWN;u;1;1;1;4;0;0;0;0;1.0;0.0;0.0;0.0;0.0;0.0;0.0;0.0;0.0;0.01;0.0;0.0;0.19;0;0;0.0
432;cal000064;cal;estela flora;unknown;UNKNOWN;u;1;2;2;4;0;0;0;0;0.0;1.0;0.0;0.0;0.0;0.0;0.0;0.0;0.0;0.02;0.0;0.0;0.33;0;0;0.0
433;cal000064;cal;todos;unknown;UNKNOWN;u;2;2;3;5;0;0;0;0;0.0;0.4;0.6;0.0;0.0;0.0;0.0;0.0;0.0;0.02;0.0;0.0;0.38;0;4;0.0
434;cal000064;cal;duque margarita;unknown;UNKNOWN;u;1;1;1;1;0;0;0;0;0.0;0.0;1.0;0.0;0.0;0.0;0.0;0.0;0.0;0.01;0.0;0.0;0.14;0;0;0.0
435;cal000064;cal;serafina conde margarita flora duque música;unknown;UNKNOWN;u;1;1;1;3;0;0;0;0;0.0;0.0;1.0;0.0;0.0;0.0;0.0;0.0;0.0;0.01;0.0;0.0;0.24;0;0;0.0
436;cal000064;cal;césar duque conde;unknown;UNKNOWN;u;1;1;1;1;0;0;0;0;0.0;0.0;1.0;0.0;0.0;0.0;0.0;0.0;0.0;0.01;0.0;0.0;0.33;0;0;0.0
437;cal000065;cal;guzman;unknown;Guzmán;MALE;1;3;17;61;0;0;0;0;1.0;0.0;0.0;0.0;0.0;0.0;0.0;0.0;0.0;0.05;0.02;0.02;0.2;0;1;0.0
438;cal000065;cal;don-luis;unknown;Don Luis;MALE;3;12;58;241;0;0;0;0;0.36;0.12;0.52;0.0;0.0;0.0;0.0;0.0;0.0;0.2;0.08;0.07;1.0;2;3;0.23
439;cal000065;cal;uno;unknown;Uno;MALE;1;1;1;2;0;0;0;0;1.0;0.0;0.0;0.0;0.0;0.0;0.0;0.0;0.0;0.02;0.0;0.0;0.2;0;1;0.0
440;cal000065;cal;don-juan;unknown;Don Juan;MALE;3;20;79;450;0;0;0;0;0.24;0.25;0.52;0.0;0.0;0.0;0.0;0.0;0.0;0.34;0.11;0.14;0.8;2;1;0.08
441;cal000065;cal;espinel;unknown;Espinel;MALE;3;18;75;354;0;0;0;0;0.29;0.35;0.36;0.0;0.0;0.0;0.0;0.0;0.0;0.31;0.11;0.11;0.7;0;3;0.06
442;cal000065;cal;ines;unknown;Inés;FEMALE;3;13;57;198;0;0;0;0;0.59;0.26;0.15;0.0;0.0;0.0;0.0;0.0;0.0;0.22;0.08;0.06;0.5;1;1;0.0
443;cal000065;cal;ana;unknown;Ana;FEMALE;3;31;177;782;0;0;0;0;0.33;0.43;0.24;0.0;0.0;0.0;0.0;0.0;0.0;0.53;0.26;0.24;0.8;0;3;0.02
444;cal000065;cal;maria;unknown;María;FEMALE;3;15;70;350;0;0;0;0;0.47;0.16;0.37;0.0;0.0;0.0;0.0;0.0;0.0;0.25;0.1;0.11;0.8;3;1;0.02
445;cal000065;cal;don-bernardo;unknown;Don Bernardo;MALE;3;12;49;226;0;0;0;0;0.38;0.37;0.25;0.0;0.0;0.0;0.0;0.0;0.0;0.2;0.07;0.07;0.7;2;1;0.01
446;cal000065;cal;don-diego;unknown;Don Diego;MALE;3;14;102;628;0;0;0;0;0.29;0.39;0.31;0.0;0.0;0.0;0.0;0.0;0.0;0.24;0.15;0.19;0.8;4;4;0.02
447;cal000065;cal;juana;unknown;Juana;FEMALE;1;3;5;8;0;0;0;0;0.0;0.0;1.0;0.0;0.0;0.0;0.0;0.0;0.0;0.05;0.01;0.0;0.5;1;1;0.0
448;cal000066;cal;don-felix;unknown;Don Félix;MALE;3;60;315;1057;0;0;0;0;0.3;0.34;0.36;0.0;0.0;0.0;0.0;0.0;0.0;0.59;0.26;0.25;0.95;3;4;0.08
449;cal000066;cal;hernando;unknown;Hernando;MALE;3;49;172;563;0;0;0;0;0.42;0.35;0.23;0.0;0.0;0.0;0.0;0.0;0.0;0.49;0.14;0.13;0.95;3;7;0.08
450;cal000066;cal;violante;unknown;Violante;FEMALE;3;32;102;388;0;0;0;0;0.13;0.49;0.38;0.0;0.0;0.0;0.0;0.0;0.0;0.32;0.09;0.09;0.89;3;5;0.1
451;cal000066;cal;uno;unknown;Uno;MALE;2;5;8;16;0;0;0;0;0.94;0.06;0.0;0.0;0.0;0.0;0.0;0.0;0.0;0.05;0.01;0.0;0.32;0;2;0.0
452;cal000066;cal;don-carlos;unknown;Don Carlos;MALE;3;18;99;691;0;0;0;0;0.48;0.32;0.2;0.0;0.0;0.0;0.0;0.0;0.0;0.18;0.08;0.16;0.89;3;3;0.06
453;cal000066;cal;ines;unknown;Inés;FEMALE;3;13;20;36;0;0;0;0;0.11;0.58;0.31;0.0;0.0;0.0;0.0;0.0;0.0;0.13;0.02;0.01;0.53;1;3;0.03
454;cal000066;cal;otro;unknown;Otro;MALE;1;3;6;11;0;0;0;0;1.0;0.0;0.0;0.0;0.0;0.0;0.0;0.0;0.0;0.03;0.01;0.0;0.21;0;1;0.0
455;cal000066;cal;simon;unknown;Simón;MALE;3;15;31;62;0;0;0;0;0.27;0.27;0.45;0.0;0.0;0.0;0.0;0.0;0.0;0.15;0.03;0.01;0.68;0;2;0.0
456;cal000066;cal;don-enrique;unknown;Don Enrique;MALE;3;22;128;525;0;0;0;0;0.17;0.44;0.38;0.0;0.0;0.0;0.0;0.0;0.0;0.22;0.11;0.12;0.79;1;2;0.03
457;cal000066;cal;juana;unknown;Juana;FEMALE;3;20;62;171;0;0;0;0;0.78;0.09;0.13;0.0;0.0;0.0;0.0;0.0;0.0;0.2;0.05;0.04;0.74;1;3;0.0
458;cal000066;cal;leonor;unknown;Leonor;FEMALE;3;36;156;442;0;0;0;0;0.4;0.3;0.3;0.0;0.0;0.0;0.0;0.0;0.0;0.36;0.13;0.1;0.79;1;3;0.01
459;cal000066;cal;don-diego;unknown;Don Diego;MALE;3;11;41;187;0;0;0;0;0.51;0.14;0.35;0.0;0.0;0.0;0.0;0.0;0.0;0.11;0.03;0.04;0.74;2;2;0.0
460;cal000066;cal;don-luis;unknown;Don Luis;MALE;2;10;37;139;0;0;0;0;0.0;0.3;0.7;0.0;0.0;0.0;0.0;0.0;0.0;0.1;0.03;0.03;0.79;2;5;0.01
461;cal000066;cal;violante leonor;unknown;UNKNOWN;u;1;2;5;5;0;0;0;0;0.0;0.0;1.0;0.0;0.0;0.0;0.0;0.0;0.0;0.02;0.0;0.0;0.32;0;0;0.0
462;cal000066;cal;ines juana;unknown;UNKNOWN;u;1;1;1;1;0;0;0;0;0.0;0.0;1.0;0.0;0.0;0.0;0.0;0.0;0.0;0.01;0.0;0.0;0.11;1;0;0.0
463;cal000066;cal;don-carlos don-enrique;unknown;UNKNOWN;u;1;1;1;1;0;0;0;0;0.0;0.0;1.0;0.0;0.0;0.0;0.0;0.0;0.0;0.01;0.0;0.0;0.21;0;1;0.0
464;cal000066;cal;don-diego don-luis;unknown;UNKNOWN;u;1;1;1;2;0;0;0;0;0.0;0.0;1.0;0.0;0.0;0.0;0.0;0.0;0.0;0.01;0.0;0.0;0.68;1;6;0.0
465;cal000066;cal;don-enrique don-carlos;unknown;UNKNOWN;u;1;1;1;1;0;0;0;0;0.0;0.0;1.0;0.0;0.0;0.0;0.0;0.0;0.0;0.01;0.0;0.0;0.68;1;5;0.0
466;cal000066;cal;don-felix don-carlos don-enrique;unknown;UNKNOWN;u;1;1;1;1;0;0;0;0;0.0;0.0;1.0;0.0;0.0;0.0;0.0;0.0;0.0;0.01;0.0;0.0;0.68;1;2;0.0
467;cal000066;cal;hernando violante don-carlos ines simon don-enrique juana leonor don-diego don-luis;unknown;UNKNOWN;u;1;1;2;4;0;0;0;0;0.0;0.0;1.0;0.0;0.0;0.0;0.0;0.0;0.0;0.01;0.0;0.0;0.68;0;0;0.0
468;cal000006;cal;lisardo;unknown;Lisardo;MALE;3;28;130;679;0;0;0;0;0.42;0.31;0.27;0.0;0.0;0.0;0.0;0.0;0.0;0.41;0.17;0.2;0.8;2;3;0.01
469;cal000006;cal;don-félix;unknown;Don Félix;MALE;3;33;184;910;0;0;0;0;0.43;0.29;0.28;0.0;0.0;0.0;0.0;0.0;0.0;0.49;0.24;0.27;0.9;2;3;0.11
470;cal000006;cal;calabazas;unknown;Calabazas;MALE;3;18;76;300;0;0;0;0;0.17;0.35;0.48;0.0;0.0;0.0;0.0;0.0;0.0;0.26;0.1;0.09;0.8;1;3;0.08
471;cal000006;cal;escudero;unknown;Un Escudero;MALE;3;5;7;17;0;0;0;0;0.24;0.53;0.24;0.0;0.0;0.0;0.0;0.0;0.0;0.07;0.01;0.01;0.8;1;1;0.01
472;cal000006;cal;fabio;unknown;Fabio;MALE;3;12;38;117;0;0;0;0;0.1;0.21;0.68;0.0;0.0;0.0;0.0;0.0;0.0;0.18;0.05;0.04;0.9;2;1;0.11
473;cal000006;cal;marcela;unknown;Marcela;FEMALE;3;25;107;518;0;0;0;0;0.16;0.58;0.27;0.0;0.0;0.0;0.0;0.0;0.0;0.37;0.14;0.16;0.8;1;5;0.01
474;cal000006;cal;laura;unknown;Laura;FEMALE;3;29;136;581;0;0;0;0;0.26;0.41;0.33;0.0;0.0;0.0;0.0;0.0;0.0;0.43;0.18;0.17;0.8;1;1;0.08
475;cal000006;cal;silvia;unknown;Silvia;FEMALE;3;13;32;52;0;0;0;0;0.4;0.25;0.35;0.0;0.0;0.0;0.0;0.0;0.0;0.19;0.04;0.02;0.7;1;4;0.0
476;cal000006;cal;celia;unknown;Celia;FEMALE;3;15;41;131;0;0;0;0;0.57;0.34;0.08;0.0;0.0;0.0;0.0;0.0;0.0;0.22;0.05;0.04;0.7;2;1;0.0
477;cal000006;cal;lelio;unknown;Lelio;MALE;1;2;8;27;0;0;0;0;0.0;0.0;1.0;0.0;0.0;0.0;0.0;0.0;0.0;0.03;0.01;0.01;0.2;0;1;0.0
478;cal000006;cal;laura don-félix;unknown;UNKNOWN;u;1;1;1;3;0;0;0;0;0.0;1.0;0.0;0.0;0.0;0.0;0.0;0.0;0.0;0.01;0.0;0.0;0.2;0;0;0.0
479;cal000067;cal;rey;unknown;El Rey;MALE;2;19;133;457;0;0;0;0;0.0;0.79;0.21;0.0;0.0;0.0;0.0;0.0;0.0;0.32;0.13;0.17;0.69;6;8;0.13
480;cal000067;cal;antistes;unknown;Antistes;MALE;2;11;47;129;0;0;0;0;0.0;0.98;0.02;0.0;0.0;0.0;0.0;0.0;0.0;0.18;0.05;0.05;0.5;4;7;0.01
481;cal000067;cal;polidoro;unknown;Polidoro;MALE;1;1;11;19;0;0;0;0;1.0;0.0;0.0;0.0;0.0;0.0;0.0;0.0;0.0;0.02;0.01;0.01;0.16;0;3;0.0
482;cal000067;cal;céfalo;unknown;Céfalo;MALE;3;31;184;593;0;0;0;0;0.38;0.09;0.53;0.0;0.0;0.0;0.0;0.0;0.0;0.52;0.19;0.22;0.78;5;6;0.1
483;cal000067;cal;rosicler;unknown;Rosicler;MALE;3;22;102;307;0;0;0;0;0.39;0.14;0.47;0.0;0.0;0.0;0.0;0.0;0.0;0.37;0.1;0.11;0.72;2;5;0.06
484;cal000067;cal;tabaco;unknown;Tabaco;MALE;2;8;29;58;0;0;0;0;0.86;0.14;0.0;0.0;0.0;0.0;0.0;0.0;0.0;0.13;0.03;0.02;0.59;2;4;0.03
485;cal000067;cal;pocris;unknown;Pocris;MALE;3;22;99;262;0;0;0;0;0.3;0.2;0.5;0.0;0.0;0.0;0.0;0.0;0.0;0.37;0.1;0.1;0.62;5;0;0.06
486;cal000067;cal;aura;unknown;Aura;FEMALE;3;11;54;174;0;0;0;0;0.48;0.35;0.17;0.0;0.0;0.0;0.0;0.0;0.0;0.18;0.05;0.06;0.56;1;3;0.02
487;cal000067;cal;filis;unknown;Filis;FEMALE;3;19;91;224;0;0;0;0;0.49;0.2;0.31;0.0;0.0;0.0;0.0;0.0;0.0;0.32;0.09;0.08;0.56;2;0;0.04
488;cal000067;cal;clori;unknown;Clori;FEMALE;3;12;23;52;0;0;0;0;0.83;0.12;0.06;0.0;0.0;0.0;0.0;0.0;0.0;0.2;0.02;0.02;0.44;1;1;0.02
489;cal000067;cal;lesbia;unknown;Lesbia;FEMALE;3;10;21;41;0;0;0;0;0.63;0.24;0.12;0.0;0.0;0.0;0.0;0.0;0.0;0.17;0.02;0.02;0.41;5;3;0.02
490;cal000067;cal;nise;unknown;Nise;FEMALE;3;7;10;17;0;0;0;0;0.71;0.18;0.12;0.0;0.0;0.0;0.0;0.0;0.0;0.12;0.01;0.01;0.28;2;0;0.0
491;cal000067;cal;laura;unknown;Laura;FEMALE;2;2;2;2;0;0;0;0;0.5;0.0;0.5;0.0;0.0;0.0;0.0;0.0;0.0;0.03;0.0;0.0;0.16;3;1;0.0
492;cal000067;cal;pastel;unknown;Pastel;MALE;3;11;29;46;0;0;0;0;0.57;0.24;0.2;0.0;0.0;0.0;0.0;0.0;0.0;0.18;0.03;0.02;0.62;3;5;0.04
493;cal000067;cal;gigante;unknown;Un Gigante;MALE;2;5;39;81;0;0;0;0;0.54;0.46;0.0;0.0;0.0;0.0;0.0;0.0;0.0;0.08;0.04;0.03;0.41;1;2;0.02
494;cal000067;cal;pasquín;unknown;Pasquín;MALE;2;5;20;48;0;0;0;0;0.83;0.17;0.0;0.0;0.0;0.0;0.0;0.0;0.0;0.08;0.02;0.02;0.53;2;5;0.02
495;cal000067;cal;capitán;unknown;Un Capitán;MALE;2;8;30;60;0;0;0;0;0.63;0.37;0.0;0.0;0.0;0.0;0.0;0.0;0.0;0.13;0.03;0.02;0.59;3;6;0.06
496;cal000067;cal;flora;unknown;Flora;FEMALE;3;11;21;34;0;0;0;0;0.35;0.62;0.03;0.0;0.0;0.0;0.0;0.0;0.0;0.18;0.02;0.01;0.53;1;2;0.01
497;cal000067;cal;soldado-1;unknown;Un Soldado;MALE;1;1;1;1;0;0;0;0;1.0;0.0;0.0;0.0;0.0;0.0;0.0;0.0;0.0;0.02;0.0;0.0;0.28;0;0;0.0
498;cal000067;cal;dueña;unknown;Dueña;FEMALE;1;1;1;2;0;0;0;0;0.0;0.0;1.0;0.0;0.0;0.0;0.0;0.0;0.0;0.02;0.0;0.0;0.22;1;4;0.0
499;cal000067;cal;dueñas;unknown;Dueñas;FEMALE;1;1;1;1;0;0;0;0;0.0;0.0;1.0;0.0;0.0;0.0;0.0;0.0;0.0;0.02;0.0;0.0;0.03;0;1;0.0
500;cal000067;cal;música;unknown;Música;UNKNOWN;3;7;7;31;0;0;0;0;0.32;0.39;0.29;0.0;0.0;0.0;0.0;0.0;0.0;0.12;0.01;0.01;0.59;1;1;0.06
501;cal000067;cal;uno;unknown;UNKNOWN;u;1;3;4;6;0;0;0;0;1.0;0.0;0.0;0.0;0.0;0.0;0.0;0.0;0.0;0.05;0.0;0.0;0.34;0;3;0.0
502;cal000067;cal;otro;unknown;UNKNOWN;u;1;2;2;4;0;0;0;0;1.0;0.0;0.0;0.0;0.0;0.0;0.0;0.0;0.0;0.03;0.0;0.0;0.34;0;3;0.0
503;cal000067;cal;todos;unknown;UNKNOWN;u;3;11;15;18;0;0;0;0;0.33;0.17;0.5;0.0;0.0;0.0;0.0;0.0;0.0;0.18;0.02;0.01;0.62;3;3;0.02
504;cal000067;cal;todas;unknown;UNKNOWN;u;2;3;3;3;0;0;0;0;0.33;0.67;0.0;0.0;0.0;0.0;0.0;0.0;0.0;0.05;0.0;0.0;0.41;2;0;0.01
505;cal000067;cal;rosicler céfalo;unknown;UNKNOWN;u;1;1;1;1;0;0;0;0;1.0;0.0;0.0;0.0;0.0;0.0;0.0;0.0;0.0;0.02;0.0;0.0;0.12;0;3;0.0
506;cal000067;cal;pocris filis;unknown;UNKNOWN;u;1;1;1;1;0;0;0;0;1.0;0.0;0.0;0.0;0.0;0.0;0.0;0.0;0.0;0.02;0.0;0.0;0.12;3;1;0.0
507;cal000067;cal;una;unknown;UNKNOWN;u;1;1;1;1;0;0;0;0;0.0;1.0;0.0;0.0;0.0;0.0;0.0;0.0;0.0;0.02;0.0;0.0;0.16;0;0;0.0
508;cal000067;cal;unos;unknown;UNKNOWN;u;1;1;1;1;0;0;0;0;0.0;1.0;0.0;0.0;0.0;0.0;0.0;0.0;0.0;0.02;0.0;0.0;0.16;0;0;0.0
509;cal000067;cal;otros;unknown;UNKNOWN;u;1;1;1;1;0;0;0;0;0.0;1.0;0.0;0.0;0.0;0.0;0.0;0.0;0.0;0.02;0.0;0.0;0.16;0;0;0.0
510;cal000067;cal;pastel tabaco;unknown;UNKNOWN;u;1;1;1;1;0;0;0;0;0.0;1.0;0.0;0.0;0.0;0.0;0.0;0.0;0.0;0.02;0.0;0.0;0.09;0;0;0.0
511;cal000067;cal;céfalo música;unknown;UNKNOWN;u;1;1;1;4;0;0;0;0;0.0;0.0;1.0;0.0;0.0;0.0;0.0;0.0;0.0;0.02;0.0;0.0;0.12;0;0;0.0
512;cal000068;cal;zagales;unknown;Coro de Zagales;MALE;3;3;3;3;0;0;0;0;0.33;0.33;0.33;0.0;0.0;0.0;0.0;0.0;0.0;0.05;0.0;0.0;0.21;0;2;0.0
513;cal000068;cal;hombres;unknown;Coro de Hombres;MALE;1;1;3;10;0;0;0;0;0.0;1.0;0.0;0.0;0.0;0.0;0.0;0.0;0.0;0.02;0.0;0.0;0.23;5;4;0.0
514;cal000068;cal;mujeres;unknown;Coro de Mujeres;FEMALE;1;2;2;3;0;0;0;0;0.0;1.0;0.0;0.0;0.0;0.0;0.0;0.0;0.0;0.03;0.0;0.0;0.26;1;0;0.0
515;cal000068;cal;diana;unknown;Diana;FEMALE;3;8;35;313;0;0;0;0;0.4;0.35;0.25;0.0;0.0;0.0;0.0;0.0;0.0;0.13;0.05;0.12;0.44;6;4;0.06
516;cal000068;cal;pocris;unknown;Pocris;MALE;3;20;111;449;0;0;0;0;0.31;0.15;0.55;0.0;0.0;0.0;0.0;0.0;0.0;0.33;0.17;0.17;0.56;6;2;0.08
517;cal000068;cal;floreta;unknown;Floreta;FEMALE;3;14;53;114;0;0;0;0;0.24;0.23;0.54;0.0;0.0;0.0;0.0;0.0;0.0;0.23;0.08;0.04;0.33;2;0;0.02
518;cal000068;cal;megera;unknown;Megera;FEMALE;1;3;5;6;0;0;0;0;0.0;0.0;1.0;0.0;0.0;0.0;0.0;0.0;0.0;0.05;0.01;0.0;0.21;2;1;0.02
519;cal000068;cal;alecto;unknown;Alecto;FEMALE;1;3;15;23;0;0;0;0;0.0;0.0;1.0;0.0;0.0;0.0;0.0;0.0;0.0;0.05;0.02;0.01;0.23;1;1;0.02
520;cal000068;cal;tesífone;unknown;Tesífone;FEMALE;1;4;4;10;0;0;0;0;0.0;0.0;1.0;0.0;0.0;0.0;0.0;0.0;0.0;0.07;0.01;0.0;0.21;2;2;0.02
521;cal000068;cal;céfalo;unknown;Céfalo;FEMALE;3;27;136;605;0;0;0;0;0.29;0.33;0.38;0.0;0.0;0.0;0.0;0.0;0.0;0.44;0.21;0.23;0.7;4;3;0.15
522;cal000068;cal;eróstrato;unknown;Eróstrato;MALE;3;13;33;236;0;0;0;0;0.3;0.3;0.41;0.0;0.0;0.0;0.0;0.0;0.0;0.21;0.05;0.09;0.35;4;2;0.05
523;cal000068;cal;clarín;unknown;Clarín;MALE;3;21;73;257;0;0;0;0;0.14;0.56;0.3;0.0;0.0;0.0;0.0;0.0;0.0;0.34;0.11;0.1;0.37;2;2;0.02
524;cal000068;cal;rústico;unknown;Rústico;MALE;3;16;66;232;0;0;0;0;0.42;0.18;0.4;0.0;0.0;0.0;0.0;0.0;0.0;0.26;0.1;0.09;0.35;3;1;0.02
525;cal000068;cal;ninfa-1;unknown;Ninfa 1;FEMALE;1;1;1;1;0;0;0;0;0.0;1.0;0.0;0.0;0.0;0.0;0.0;0.0;0.0;0.02;0.0;0.0;0.23;3;0;0.0
526;cal000068;cal;ninfa-2;unknown;Ninfa 2;FEMALE;1;1;1;1;0;0;0;0;0.0;1.0;0.0;0.0;0.0;0.0;0.0;0.0;0.0;0.02;0.0;0.0;0.23;2;0;0.0
527;cal000068;cal;ninfa-3;unknown;Ninfa 3;FEMALE;1;1;1;1;0;0;0;0;0.0;1.0;0.0;0.0;0.0;0.0;0.0;0.0;0.0;0.02;0.0;0.0;0.23;1;0;0.0
528;cal000068;cal;aura;unknown;Aura;FEMALE;3;15;37;197;0;0;0;0;0.31;0.28;0.41;0.0;0.0;0.0;0.0;0.0;0.0;0.25;0.06;0.08;0.77;3;2;0.21
529;cal000068;cal;música;unknown;Música;UNKNOWN;2;2;2;10;0;0;0;0;0.0;0.8;0.2;0.0;0.0;0.0;0.0;0.0;0.0;0.03;0.0;0.0;0.05;0;1;0.0
530;cal000068;cal;voz-1;unknown;Voz 1;UNKNOWN;1;3;3;3;0;0;0;0;0.0;1.0;0.0;0.0;0.0;0.0;0.0;0.0;0.0;0.05;0.0;0.0;0.35;1;0;0.01
531;cal000068;cal;voz-2;unknown;Voz 2;UNKNOWN;1;3;3;3;0;0;0;0;0.0;1.0;0.0;0.0;0.0;0.0;0.0;0.0;0.0;0.05;0.0;0.0;0.35;1;0;0.01
532;cal000068;cal;voz-3;unknown;Voz 3;UNKNOWN;1;2;2;2;0;0;0;0;0.0;1.0;0.0;0.0;0.0;0.0;0.0;0.0;0.0;0.03;0.0;0.0;0.19;1;0;0.0
533;cal000068;cal;voz-4;unknown;Voz 4;UNKNOWN;1;2;2;2;0;0;0;0;0.0;1.0;0.0;0.0;0.0;0.0;0.0;0.0;0.0;0.03;0.0;0.0;0.19;1;0;0.0
534;cal000068;cal;ninfa-1 ninfa-2 ninfa-3;unknown;UNKNOWN;u;2;3;8;17;0;0;0;0;0.82;0.0;0.18;0.0;0.0;0.0;0.0;0.0;0.0;0.05;0.01;0.01;0.21;3;3;0.0
535;cal000068;cal;pocris ninfa-1 ninfa-2 ninfa-3;unknown;UNKNOWN;u;1;1;1;1;0;0;0;0;1.0;0.0;0.0;0.0;0.0;0.0;0.0;0.0;0.0;0.02;0.0;0.0;0.16;1;2;0.0
536;cal000068;cal;gente;unknown;UNKNOWN;u;3;4;5;5;0;0;0;0;0.4;0.2;0.4;0.0;0.0;0.0;0.0;0.0;0.0;0.07;0.01;0.0;0.09;0;0;0.0
537;cal000068;cal;pocris floreta;unknown;UNKNOWN;u;2;2;2;3;0;0;0;0;0.67;0.0;0.33;0.0;0.0;0.0;0.0;0.0;0.0;0.03;0.0;0.0;0.12;0;0;0.0
538;cal000068;cal;céfalo pocris;unknown;UNKNOWN;u;2;2;3;8;0;0;0;0;0.25;0.75;0.0;0.0;0.0;0.0;0.0;0.0;0.0;0.03;0.0;0.0;0.09;0;0;0.0
539;cal000068;cal;céfalo pocris aura;unknown;UNKNOWN;u;1;1;1;1;0;0;0;0;1.0;0.0;0.0;0.0;0.0;0.0;0.0;0.0;0.0;0.02;0.0;0.0;0.09;0;0;0.0
540;cal000068;cal;clarín floreta;unknown;UNKNOWN;u;2;2;2;2;0;0;0;0;0.5;0.5;0.0;0.0;0.0;0.0;0.0;0.0;0.0;0.03;0.0;0.0;0.07;0;0;0.0
541;cal000068;cal;todos;unknown;UNKNOWN;u;2;8;22;36;0;0;0;0;0.0;0.61;0.39;0.0;0.0;0.0;0.0;0.0;0.0;0.13;0.03;0.01;0.65;5;5;0.15
542;cal000068;cal;todas;unknown;UNKNOWN;u;1;1;1;4;0;0;0;0;0.0;1.0;0.0;0.0;0.0;0.0;0.0;0.0;0.0;0.02;0.0;0.0;0.16;1;0;0.0
543;cal000068;cal;hombres ninfa-1 ninfa-2 ninfa-3;unknown;UNKNOWN;u;1;1;1;4;0;0;0;0;0.0;1.0;0.0;0.0;0.0;0.0;0.0;0.0;0.0;0.02;0.0;0.0;0.0;0;0;0.0
544;cal000068;cal;uno;unknown;UNKNOWN;u;1;1;1;3;0;0;0;0;0.0;1.0;0.0;0.0;0.0;0.0;0.0;0.0;0.0;0.02;0.0;0.0;0.23;1;0;0.0
545;cal000068;cal;otro;unknown;UNKNOWN;u;1;1;6;8;0;0;0;0;0.0;1.0;0.0;0.0;0.0;0.0;0.0;0.0;0.0;0.02;0.01;0.0;0.23;1;0;0.0
546;cal000068;cal;unos;unknown;UNKNOWN;u;2;2;2;3;0;0;0;0;0.0;0.33;0.67;0.0;0.0;0.0;0.0;0.0;0.0;0.03;0.0;0.0;0.35;1;0;0.02
547;cal000068;cal;una;unknown;UNKNOWN;u;1;1;1;1;0;0;0;0;0.0;1.0;0.0;0.0;0.0;0.0;0.0;0.0;0.0;0.02;0.0;0.0;0.23;0;0;0.0
548;cal000068;cal;unas;unknown;UNKNOWN;u;1;1;1;1;0;0;0;0;0.0;1.0;0.0;0.0;0.0;0.0;0.0;0.0;0.0;0.02;0.0;0.0;0.19;1;0;0.0
549;cal000068;cal;otras;unknown;UNKNOWN;u;1;1;1;1;0;0;0;0;0.0;1.0;0.0;0.0;0.0;0.0;0.0;0.0;0.0;0.02;0.0;0.0;0.19;1;0;0.0
550;cal000068;cal;diana megera tesífone;unknown;UNKNOWN;u;1;1;1;4;0;0;0;0;0.0;0.0;1.0;0.0;0.0;0.0;0.0;0.0;0.0;0.02;0.0;0.0;0.12;3;0;0.0
551;cal000068;cal;diana megera tesífone alecto;unknown;UNKNOWN;u;1;1;1;1;0;0;0;0;0.0;0.0;1.0;0.0;0.0;0.0;0.0;0.0;0.0;0.02;0.0;0.0;0.12;0;0;0.0
552;cal000068;cal;megera música;unknown;UNKNOWN;u;1;1;1;2;0;0;0;0;0.0;0.0;1.0;0.0;0.0;0.0;0.0;0.0;0.0;0.02;0.0;0.0;0.05;0;0;0.0
553;cal000068;cal;voz-1 voz-2 voz-3 voz-4;unknown;UNKNOWN;u;1;1;1;1;0;0;0;0;0.0;0.0;1.0;0.0;0.0;0.0;0.0;0.0;0.0;0.02;0.0;0.0;0.14;0;0;0.0
554;cal000068;cal;aura pocris céfalo;unknown;UNKNOWN;u;1;1;1;2;0;0;0;0;0.0;0.0;1.0;0.0;0.0;0.0;0.0;0.0;0.0;0.02;0.0;0.0;0.14;0;0;0.0
555;cal000068;cal;otros;unknown;UNKNOWN;u;1;1;1;2;0;0;0;0;0.0;0.0;1.0;0.0;0.0;0.0;0.0;0.0;0.0;0.02;0.0;0.0;0.14;0;0;0.0
556;cal000203;cal;musicos;unknown;Músicos;UNKNOWN;1;1;1;4;0;0;0;0;1.0;0.0;0.0;0.0;0.0;0.0;0.0;0.0;0.0;0.02;0.0;0.0;0.29;2;2;0.0
557;cal000203;cal;celandio;unknown;Celandio;MALE;1;1;1;6;0;0;0;0;1.0;0.0;0.0;0.0;0.0;0.0;0.0;0.0;0.0;0.02;0.0;0.0;0.07;0;1;0.0
558;cal000203;cal;lisardo;unknown;Lisardo;MALE;1;1;1;6;0;0;0;0;1.0;0.0;0.0;0.0;0.0;0.0;0.0;0.0;0.0;0.02;0.0;0.0;0.07;0;0;0.0
559;cal000203;cal;dominga;unknown;Dominga;FEMALE;3;16;50;179;0;0;0;0;0.65;0.24;0.11;0.0;0.0;0.0;0.0;0.0;0.0;0.3;0.07;0.05;0.86;3;4;0.05
560;cal000203;cal;dona-sol;unknown;Doña Sol;FEMALE;3;19;100;440;0;0;0;0;0.41;0.21;0.39;0.0;0.0;0.0;0.0;0.0;0.0;0.36;0.14;0.13;0.86;4;2;0.05
561;cal000203;cal;belardo;unknown;Belardo;MALE;3;11;28;65;0;0;0;0;0.6;0.2;0.2;0.0;0.0;0.0;0.0;0.0;0.0;0.21;0.04;0.02;0.79;1;3;0.03
562;cal000203;cal;mendo;unknown;Mendo;MALE;2;4;7;11;0;0;0;0;0.55;0.0;0.45;0.0;0.0;0.0;0.0;0.0;0.0;0.08;0.01;0.0;0.5;1;0;0.01
563;cal000203;cal;jaques;unknown;Jaques;MALE;3;20;92;390;0;0;0;0;0.25;0.28;0.48;0.0;0.0;0.0;0.0;0.0;0.0;0.38;0.13;0.12;0.79;5;4;0.02
564;cal000203;cal;don-garcia;unknown;Don García;FEMALE;3;18;128;664;0;0;0;0;0.17;0.41;0.43;0.0;0.0;0.0;0.0;0.0;0.0;0.34;0.17;0.2;0.79;3;3;0.02
565;cal000203;cal;don-vela;unknown;Don Vela;FEMALE;3;25;103;434;0;0;0;0;0.4;0.24;0.36;0.0;0.0;0.0;0.0;0.0;0.0;0.47;0.14;0.13;0.79;1;2;0.02
566;cal000203;cal;ramiro;unknown;Ramiro;MALE;3;20;87;437;0;0;0;0;0.41;0.35;0.24;0.0;0.0;0.0;0.0;0.0;0.0;0.38;0.12;0.13;0.64;5;3;0.0
567;cal000203;cal;dona-elvira;unknown;Doña Elvira;FEMALE;3;20;97;561;0;0;0;0;0.22;0.38;0.4;0.0;0.0;0.0;0.0;0.0;0.0;0.38;0.13;0.17;0.71;3;1;0.01
568;cal000203;cal;nuno;unknown;Nuño;MALE;3;9;22;52;0;0;0;0;0.35;0.52;0.13;0.0;0.0;0.0;0.0;0.0;0.0;0.17;0.03;0.02;0.57;3;0;0.0
569;cal000203;cal;uno;unknown;Uno;MALE;1;2;5;7;0;0;0;0;0.0;1.0;0.0;0.0;0.0;0.0;0.0;0.0;0.0;0.04;0.01;0.0;0.5;4;0;0.0
570;cal000203;cal;don-arias;unknown;Don Arias;FEMALE;1;2;11;41;0;0;0;0;0.0;0.0;1.0;0.0;0.0;0.0;0.0;0.0;0.0;0.04;0.02;0.01;0.5;1;0;0.0
571;cal000069;cal;octavio;unknown;Octavio;MALE;3;34;176;1061;0;0;0;0;0.49;0.28;0.22;0.0;0.0;0.0;0.0;0.0;0.0;0.51;0.24;0.29;0.92;0;1;0.1
572;cal000069;cal;juan;unknown;Don Juan;MALE;3;28;117;401;0;0;0;0;0.31;0.22;0.46;0.0;0.0;0.0;0.0;0.0;0.0;0.42;0.16;0.11;0.92;2;1;0.1
573;cal000069;cal;sancho;unknown;Don Sancho;MALE;3;22;74;366;0;0;0;0;0.08;0.6;0.32;0.0;0.0;0.0;0.0;0.0;0.0;0.33;0.1;0.1;0.83;1;2;0.07
574;cal000069;cal;ursino;unknown;Ursino;MALE;3;17;67;356;0;0;0;0;0.08;0.17;0.75;0.0;0.0;0.0;0.0;0.0;0.0;0.25;0.09;0.1;0.67;0;4;0.01
575;cal000069;cal;celio;unknown;Celio;MALE;3;24;81;430;0;0;0;0;0.21;0.47;0.32;0.0;0.0;0.0;0.0;0.0;0.0;0.36;0.11;0.12;0.75;3;4;0.06
576;cal000069;cal;gobernador;unknown;Gobernador;MALE;1;1;4;15;0;0;0;0;0.0;0.0;1.0;0.0;0.0;0.0;0.0;0.0;0.0;0.01;0.01;0.0;0.5;1;4;0.0
577;cal000069;cal;criado;unknown;Un Criado;MALE;2;5;9;19;0;0;0;0;0.0;0.63;0.37;0.0;0.0;0.0;0.0;0.0;0.0;0.07;0.01;0.01;0.58;0;3;0.02
578;cal000069;cal;lisarda;unknown;Doña Lisarda;FEMALE;3;32;148;732;0;0;0;0;0.36;0.37;0.27;0.0;0.0;0.0;0.0;0.0;0.0;0.48;0.2;0.2;0.83;0;4;0.09
579;cal000069;cal;leonor;unknown;Doña Leonor;FEMALE;3;14;56;242;0;0;0;0;0.68;0.21;0.11;0.0;0.0;0.0;0.0;0.0;0.0;0.21;0.08;0.07;0.58;1;2;0.03
580;cal000069;cal;nise;unknown;Nise;FEMALE;1;1;1;1;0;0;0;0;1.0;0.0;0.0;0.0;0.0;0.0;0.0;0.0;0.0;0.01;0.0;0.0;0.25;2;0;0.0
581;cal000069;cal;celio octavio;unknown;UNKNOWN;u;1;1;1;1;0;0;0;0;0.0;1.0;0.0;0.0;0.0;0.0;0.0;0.0;0.0;0.01;0.0;0.0;0.33;0;1;0.0
582;cal000069;cal;sancho octavio;unknown;UNKNOWN;u;1;1;1;1;0;0;0;0;0.0;1.0;0.0;0.0;0.0;0.0;0.0;0.0;0.0;0.01;0.0;0.0;0.42;0;1;0.0
583;cal000069;cal;todos;unknown;UNKNOWN;u;1;1;1;1;0;0;0;0;0.0;1.0;0.0;0.0;0.0;0.0;0.0;0.0;0.0;0.01;0.0;0.0;0.42;0;1;0.0
584;cal000070;cal;beatriz;unknown;Doña Beatriz;FEMALE;3;41;127;838;0;0;0;0;0.1;0.49;0.41;0.0;0.0;0.0;0.0;0.0;0.0;0.46;0.15;0.2;1.0;1;2;0.13
585;cal000070;cal;ángela;unknown;Doña Ángela;FEMALE;3;19;73;238;0;0;0;0;0.38;0.28;0.34;0.0;0.0;0.0;0.0;0.0;0.0;0.21;0.08;0.06;0.93;1;3;0.09
586;cal000070;cal;leonor;unknown;Doña Leonor;FEMALE;3;33;135;618;0;0;0;0;0.47;0.4;0.13;0.0;0.0;0.0;0.0;0.0;0.0;0.37;0.16;0.15;0.86;3;1;0.05
587;cal000070;cal;juana;unknown;Juana;FEMALE;2;5;13;37;0;0;0;0;0.0;0.62;0.38;0.0;0.0;0.0;0.0;0.0;0.0;0.06;0.01;0.01;0.36;3;0;0.0
588;cal000070;cal;isabel;unknown;Isabel;FEMALE;2;3;10;24;0;0;0;0;0.0;0.75;0.25;0.0;0.0;0.0;0.0;0.0;0.0;0.03;0.01;0.01;0.43;1;2;0.0
589;cal000070;cal;inés;unknown;Inés;FEMALE;3;16;63;190;0;0;0;0;0.48;0.09;0.43;0.0;0.0;0.0;0.0;0.0;0.0;0.18;0.07;0.05;0.5;3;2;0.0
590;cal000070;cal;félix;unknown;Don Félix;MALE;3;33;164;956;0;0;0;0;0.42;0.2;0.38;0.0;0.0;0.0;0.0;0.0;0.0;0.37;0.19;0.23;0.79;2;1;0.03
591;cal000070;cal;antonio;unknown;Don Antonio;MALE;3;19;75;404;0;0;0;0;0.25;0.35;0.4;0.0;0.0;0.0;0.0;0.0;0.0;0.21;0.09;0.1;0.71;2;1;0.01
592;cal000070;cal;alonso;unknown;Don Alonso;MALE;2;11;37;204;0;0;0;0;0.0;0.71;0.29;0.0;0.0;0.0;0.0;0.0;0.0;0.12;0.04;0.05;0.79;5;4;0.05
593;cal000070;cal;luis;unknown;Don Luis;MALE;3;27;106;391;0;0;0;0;0.31;0.41;0.27;0.0;0.0;0.0;0.0;0.0;0.0;0.3;0.12;0.1;0.79;2;3;0.03
594;cal000070;cal;roque;unknown;Roque;MALE;3;24;54;173;0;0;0;0;0.33;0.29;0.38;0.0;0.0;0.0;0.0;0.0;0.0;0.27;0.06;0.04;0.79;2;1;0.03
595;cal000070;cal;escudero;unknown;Un Escudero;MALE;2;3;5;11;0;0;0;0;0.64;0.0;0.36;0.0;0.0;0.0;0.0;0.0;0.0;0.03;0.01;0.0;0.21;1;1;0.0
596;cal000070;cal;félix luis;unknown;UNKNOWN;u;1;1;1;1;0;0;0;0;0.0;1.0;0.0;0.0;0.0;0.0;0.0;0.0;0.0;0.01;0.0;0.0;0.5;0;0;0.0
597;cal000070;cal;roque inés;unknown;UNKNOWN;u;1;1;1;2;0;0;0;0;0.0;1.0;0.0;0.0;0.0;0.0;0.0;0.0;0.0;0.01;0.0;0.0;0.36;0;0;0.0
598;cal000070;cal;todos;unknown;UNKNOWN;u;1;2;3;5;0;0;0;0;0.0;0.0;1.0;0.0;0.0;0.0;0.0;0.0;0.0;0.02;0.0;0.0;0.57;1;2;0.0
599;cal000071;cal;juan;unknown;Don Juan;MALE;3;30;203;723;0;0;0;0;0.41;0.27;0.32;0.0;0.0;0.0;0.0;0.0;0.0;0.41;0.2;0.2;0.88;2;7;0.19
600;cal000071;cal;diego;unknown;Don Diego;MALE;3;28;119;529;0;0;0;0;0.19;0.33;0.48;0.0;0.0;0.0;0.0;0.0;0.0;0.38;0.12;0.15;0.67;4;1;0.04
601;cal000071;cal;pedro;unknown;Don Pedro;MALE;3;17;74;331;0;0;0;0;0.18;0.41;0.4;0.0;0.0;0.0;0.0;0.0;0.0;0.23;0.07;0.09;0.67;3;3;0.04
602;cal000071;cal;chacón;unknown;Chacón;MALE;3;35;161;478;0;0;0;0;0.46;0.18;0.36;0.0;0.0;0.0;0.0;0.0;0.0;0.47;0.16;0.13;0.79;2;8;0.13
603;cal000071;cal;ginés;unknown;Ginés;MALE;3;12;59;132;0;0;0;0;0.12;0.48;0.39;0.0;0.0;0.0;0.0;0.0;0.0;0.16;0.06;0.04;0.62;3;0;0.04
604;cal000071;cal;soldado-1;unknown;Soldado 1;MALE;1;1;2;4;0;0;0;0;1.0;0.0;0.0;0.0;0.0;0.0;0.0;0.0;0.0;0.01;0.0;0.0;0.38;0;8;0.0
605;cal000071;cal;soldado-2;unknown;Soldado 2;MALE;1;1;1;2;0;0;0;0;1.0;0.0;0.0;0.0;0.0;0.0;0.0;0.0;0.0;0.01;0.0;0.0;0.38;0;6;0.0
606;cal000071;cal;soldado-3;unknown;Soldado 3;MALE;1;1;1;3;0;0;0;0;1.0;0.0;0.0;0.0;0.0;0.0;0.0;0.0;0.0;0.01;0.0;0.0;0.38;0;4;0.0
607;cal000071;cal;soldado-4;unknown;Soldado 4;MALE;1;1;1;1;0;0;0;0;1.0;0.0;0.0;0.0;0.0;0.0;0.0;0.0;0.0;0.01;0.0;0.0;0.38;0;3;0.0
608;cal000071;cal;luis;unknown;Don Luis;MALE;3;18;88;510;0;0;0;0;0.18;0.35;0.48;0.0;0.0;0.0;0.0;0.0;0.0;0.24;0.09;0.14;0.46;3;4;0.01
609;cal000071;cal;leonor;unknown;Leonor;FEMALE;3;22;150;453;0;0;0;0;0.3;0.25;0.45;0.0;0.0;0.0;0.0;0.0;0.0;0.3;0.15;0.12;0.42;1;3;0.02
610;cal000071;cal;beatriz;unknown;Beatriz;FEMALE;3;20;77;319;0;0;0;0;0.57;0.14;0.29;0.0;0.0;0.0;0.0;0.0;0.0;0.27;0.08;0.09;0.58;1;4;0.04
611;cal000071;cal;juana;unknown;Juana;FEMALE;2;15;39;105;0;0;0;0;0.0;0.4;0.6;0.0;0.0;0.0;0.0;0.0;0.0;0.2;0.04;0.03;0.38;2;2;0.01
612;cal000071;cal;inés;unknown;Inés;FEMALE;1;5;7;13;0;0;0;0;1.0;0.0;0.0;0.0;0.0;0.0;0.0;0.0;0.0;0.07;0.01;0.0;0.25;0;1;0.0
613;cal000071;cal;alguacil;unknown;Un Alguacil;MALE;1;2;8;12;0;0;0;0;1.0;0.0;0.0;0.0;0.0;0.0;0.0;0.0;0.0;0.03;0.01;0.0;0.29;1;3;0.0
614;cal000071;cal;la-ronda;unknown;La Ronda;MALE;1;3;3;3;0;0;0;0;1.0;0.0;0.0;0.0;0.0;0.0;0.0;0.0;0.0;0.04;0.0;0.0;0.21;0;0;0.0
615;cal000071;cal;criada-1;unknown;Criada 1;FEMALE;1;1;4;9;0;0;0;0;1.0;0.0;0.0;0.0;0.0;0.0;0.0;0.0;0.0;0.01;0.0;0.0;0.08;0;0;0.0
616;cal000071;cal;todos;unknown;UNKNOWN;u;1;1;1;1;0;0;0;0;1.0;0.0;0.0;0.0;0.0;0.0;0.0;0.0;0.0;0.01;0.0;0.0;0.38;0;0;0.0
617;cal000071;cal;uno;unknown;UNKNOWN;u;1;1;2;6;0;0;0;0;1.0;0.0;0.0;0.0;0.0;0.0;0.0;0.0;0.0;0.01;0.0;0.0;0.21;0;1;0.0
618;cal000071;cal;juan leonor;unknown;UNKNOWN;u;1;1;1;1;0;0;0;0;0.0;0.0;1.0;0.0;0.0;0.0;0.0;0.0;0.0;0.01;0.0;0.0;0.08;0;0;0.0
619;cal000071;cal;juana ginés;unknown;UNKNOWN;u;1;1;1;1;0;0;0;0;0.0;0.0;1.0;0.0;0.0;0.0;0.0;0.0;0.0;0.01;0.0;0.0;0.12;0;0;0.0
620;cal000071;cal;ginés juana chacón;unknown;UNKNOWN;u;1;1;1;1;0;0;0;0;0.0;0.0;1.0;0.0;0.0;0.0;0.0;0.0;0.0;0.01;0.0;0.0;0.25;0;0;0.0
621;cal000071;cal;diego luis;unknown;UNKNOWN;u;1;1;3;3;0;0;0;0;0.0;0.0;1.0;0.0;0.0;0.0;0.0;0.0;0.0;0.01;0.0;0.0;0.25;0;0;0.0
622;cal000072;cal;coro-1;unknown;Coro 1;UNKNOWN;1;2;2;4;0;0;0;0;0.0;0.0;1.0;0.0;0.0;0.0;0.0;0.0;0.0;0.02;0.0;0.0;0.14;1;0;0.0
623;cal000072;cal;coro-2;unknown;Coro 2;UNKNOWN;1;2;2;4;0;0;0;0;0.0;0.0;1.0;0.0;0.0;0.0;0.0;0.0;0.0;0.02;0.0;0.0;0.14;0;0;0.0
624;cal000072;cal;música;unknown;Músicos;UNKNOWN;3;4;17;53;0;0;0;0;0.08;0.68;0.25;0.0;0.0;0.0;0.0;0.0;0.0;0.04;0.02;0.01;0.31;2;2;0.02
625;cal000072;cal;alejandro;unknown;Alejandro;MALE;3;38;194;957;0;0;0;0;0.27;0.26;0.47;0.0;0.0;0.0;0.0;0.0;0.0;0.42;0.19;0.21;0.69;4;5;0.13
626;cal000072;cal;diógenes;unknown;Diógenes;MALE;3;16;80;424;0;0;0;0;0.31;0.29;0.4;0.0;0.0;0.0;0.0;0.0;0.0;0.18;0.08;0.09;0.51;2;2;0.09
627;cal000072;cal;chichón;unknown;Chichón;MALE;3;23;91;483;0;0;0;0;0.49;0.26;0.24;0.0;0.0;0.0;0.0;0.0;0.0;0.26;0.09;0.11;0.63;5;5;0.12
628;cal000072;cal;efestión;unknown;Efestión;MALE;3;25;74;293;0;0;0;0;0.13;0.68;0.19;0.0;0.0;0.0;0.0;0.0;0.0;0.28;0.07;0.06;0.51;4;2;0.04
629;cal000072;cal;estatira;unknown;Estatira;FEMALE;3;21;53;293;0;0;0;0;0.33;0.48;0.18;0.0;0.0;0.0;0.0;0.0;0.0;0.23;0.05;0.06;0.54;4;1;0.05
630;cal000072;cal;siroés;unknown;Siroés;FEMALE;3;10;15;24;0;0;0;0;0.17;0.42;0.42;0.0;0.0;0.0;0.0;0.0;0.0;0.11;0.01;0.01;0.43;3;1;0.03
631;cal000072;cal;campaspe;unknown;Campaspe;FEMALE;3;32;162;856;0;0;0;0;0.36;0.34;0.3;0.0;0.0;0.0;0.0;0.0;0.0;0.36;0.16;0.19;0.69;1;3;0.12
632;cal000072;cal;apeles;unknown;Apeles;MALE;3;36;221;805;0;0;0;0;0.11;0.43;0.46;0.0;0.0;0.0;0.0;0.0;0.0;0.4;0.22;0.18;0.77;5;3;0.19
633;cal000072;cal;ceuxis;unknown;Ceuxis;FEMALE;1;1;4;7;0;0;0;0;1.0;0.0;0.0;0.0;0.0;0.0;0.0;0.0;0.0;0.01;0.0;0.0;0.17;0;2;0.0
634;cal000072;cal;timantes;unknown;Timantes;MALE;1;1;5;10;0;0;0;0;1.0;0.0;0.0;0.0;0.0;0.0;0.0;0.0;0.0;0.01;0.0;0.0;0.17;1;2;0.0
635;cal000072;cal;sacerdote;unknown;Un Sacerdote de Júpiter;MALE;1;1;7;105;0;0;0;0;1.0;0.0;0.0;0.0;0.0;0.0;0.0;0.0;0.0;0.01;0.01;0.02;0.06;0;2;0.0
636;cal000072;cal;nise;unknown;Nise;FEMALE;3;11;17;45;0;0;0;0;0.07;0.87;0.07;0.0;0.0;0.0;0.0;0.0;0.0;0.12;0.02;0.01;0.29;1;1;0.0
637;cal000072;cal;clori;unknown;Clori;FEMALE;3;7;10;22;0;0;0;0;0.09;0.86;0.05;0.0;0.0;0.0;0.0;0.0;0.0;0.08;0.01;0.0;0.14;0;0;0.0
638;cal000072;cal;soldado-1;unknown;Soldado 1;MALE;3;7;15;52;0;0;0;0;0.44;0.13;0.42;0.0;0.0;0.0;0.0;0.0;0.0;0.08;0.01;0.01;0.37;1;1;0.01
639;cal000072;cal;soldado-2;unknown;Soldado 2;MALE;1;2;3;5;0;0;0;0;1.0;0.0;0.0;0.0;0.0;0.0;0.0;0.0;0.0;0.02;0.0;0.0;0.17;2;1;0.0
640;cal000072;cal;voz-1;unknown;Voz 1;UNKNOWN;3;4;5;12;0;0;0;0;0.67;0.17;0.17;0.0;0.0;0.0;0.0;0.0;0.0;0.04;0.0;0.0;0.34;3;1;0.01
641;cal000072;cal;voz-2;unknown;Voz 2;UNKNOWN;3;3;4;11;0;0;0;0;0.73;0.09;0.18;0.0;0.0;0.0;0.0;0.0;0.0;0.03;0.0;0.0;0.29;2;1;0.0
642;cal000072;cal;unos;unknown;UNKNOWN;u;2;2;6;6;0;0;0;0;0.83;0.0;0.17;0.0;0.0;0.0;0.0;0.0;0.0;0.02;0.01;0.0;0.26;0;2;0.01
643;cal000072;cal;todos;unknown;UNKNOWN;u;3;6;9;11;0;0;0;0;0.45;0.36;0.18;0.0;0.0;0.0;0.0;0.0;0.0;0.07;0.01;0.0;0.4;2;1;0.02
644;cal000072;cal;uno;unknown;UNKNOWN;u;1;1;1;4;0;0;0;0;1.0;0.0;0.0;0.0;0.0;0.0;0.0;0.0;0.0;0.01;0.0;0.0;0.14;0;0;0.0
645;cal000072;cal;otros;unknown;UNKNOWN;u;2;3;5;5;0;0;0;0;0.2;0.8;0.0;0.0;0.0;0.0;0.0;0.0;0.0;0.03;0.0;0.0;0.26;0;0;0.01
646;cal000072;cal;diógenes todos;unknown;UNKNOWN;u;1;2;2;4;0;0;0;0;1.0;0.0;0.0;0.0;0.0;0.0;0.0;0.0;0.0;0.02;0.0;0.0;0.09;0;0;0.0
647;cal000072;cal;chichón música;unknown;UNKNOWN;u;1;1;1;1;0;0;0;0;1.0;0.0;0.0;0.0;0.0;0.0;0.0;0.0;0.0;0.01;0.0;0.0;0.09;0;0;0.0
648;cal000072;cal;voz-1 voz-2;unknown;UNKNOWN;u;1;1;1;3;0;0;0;0;1.0;0.0;0.0;0.0;0.0;0.0;0.0;0.0;0.0;0.01;0.0;0.0;0.23;1;1;0.0
649;cal000072;cal;mujeres;unknown;UNKNOWN;u;1;1;1;1;0;0;0;0;1.0;0.0;0.0;0.0;0.0;0.0;0.0;0.0;0.0;0.01;0.0;0.0;0.17;1;0;0.0
650;cal000072;cal;dentro;unknown;UNKNOWN;u;2;2;2;3;0;0;0;0;0.0;0.33;0.67;0.0;0.0;0.0;0.0;0.0;0.0;0.02;0.0;0.0;0.14;0;0;0.0
651;cal000072;cal;todas;unknown;UNKNOWN;u;1;1;1;1;0;0;0;0;0.0;1.0;0.0;0.0;0.0;0.0;0.0;0.0;0.0;0.01;0.0;0.0;0.09;2;1;0.0
652;cal000072;cal;clori nise;unknown;UNKNOWN;u;2;2;2;2;0;0;0;0;0.0;0.5;0.5;0.0;0.0;0.0;0.0;0.0;0.0;0.02;0.0;0.0;0.09;0;0;0.0
653;cal000072;cal;apeles campaspe;unknown;UNKNOWN;u;1;2;3;3;0;0;0;0;0.0;1.0;0.0;0.0;0.0;0.0;0.0;0.0;0.0;0.02;0.0;0.0;0.09;0;0;0.0
654;cal000072;cal;diógenes música;unknown;UNKNOWN;u;1;1;1;2;0;0;0;0;0.0;0.0;1.0;0.0;0.0;0.0;0.0;0.0;0.0;0.01;0.0;0.0;0.09;0;1;0.0
655;cal000072;cal;apeles música;unknown;UNKNOWN;u;1;1;1;2;0;0;0;0;0.0;0.0;1.0;0.0;0.0;0.0;0.0;0.0;0.0;0.01;0.0;0.0;0.09;0;0;0.0
656;cal000072;cal;coro-1 coro-2;unknown;UNKNOWN;u;1;1;2;4;0;0;0;0;0.0;0.0;1.0;0.0;0.0;0.0;0.0;0.0;0.0;0.01;0.0;0.0;0.11;0;0;0.0
657;cal000072;cal;soldado-1 soldado-2;unknown;UNKNOWN;u;1;1;1;1;0;0;0;0;0.0;0.0;1.0;0.0;0.0;0.0;0.0;0.0;0.0;0.01;0.0;0.0;0.14;0;1;0.0
658;cal000073;cal;duque;unknown;Federico;MALE;2;20;107;500;0;0;0;0;0.56;0.0;0.44;0.0;0.0;0.0;0.0;0.0;0.0;0.36;0.17;0.14;0.92;4;3;0.17
659;cal000073;cal;fadrique;unknown;Fadrique;MALE;3;17;93;666;0;0;0;0;0.26;0.4;0.34;0.0;0.0;0.0;0.0;0.0;0.0;0.31;0.14;0.18;0.85;3;4;0.03
660;cal000073;cal;carlos;unknown;Carlos;MALE;3;17;123;912;0;0;0;0;0.36;0.32;0.32;0.0;0.0;0.0;0.0;0.0;0.0;0.31;0.19;0.25;0.85;2;4;0.03
661;cal000073;cal;pernía;unknown;Pernía;FEMALE;3;14;61;356;0;0;0;0;0.48;0.44;0.07;0.0;0.0;0.0;0.0;0.0;0.0;0.25;0.09;0.1;0.85;2;2;0.03
662;cal000073;cal;enrique;unknown;Enrique;MALE;3;6;26;82;0;0;0;0;0.15;0.56;0.29;0.0;0.0;0.0;0.0;0.0;0.0;0.11;0.04;0.02;0.46;1;0;0.0
663;cal000073;cal;marcelo;unknown;Marcelo;MALE;3;6;13;44;0;0;0;0;0.18;0.41;0.41;0.0;0.0;0.0;0.0;0.0;0.0;0.11;0.02;0.01;0.38;1;2;0.0
664;cal000073;cal;fabio;unknown;Fabio;MALE;2;3;4;4;0;0;0;0;0.25;0.0;0.75;0.0;0.0;0.0;0.0;0.0;0.0;0.05;0.01;0.0;0.08;0;0;0.0
665;cal000073;cal;filiberto;unknown;Filiberto;MALE;2;10;18;88;0;0;0;0;0.52;0.0;0.48;0.0;0.0;0.0;0.0;0.0;0.0;0.18;0.03;0.02;0.69;4;1;0.0
666;cal000073;cal;diana;unknown;Diana;FEMALE;3;21;117;707;0;0;0;0;0.18;0.6;0.22;0.0;0.0;0.0;0.0;0.0;0.0;0.38;0.18;0.2;0.77;4;3;0.01
667;cal000073;cal;estela;unknown;Estela;FEMALE;3;10;38;109;0;0;0;0;0.32;0.48;0.2;0.0;0.0;0.0;0.0;0.0;0.0;0.18;0.06;0.03;0.69;5;3;0.0
668;cal000073;cal;flora;unknown;Flora;FEMALE;3;7;19;65;0;0;0;0;0.32;0.31;0.37;0.0;0.0;0.0;0.0;0.0;0.0;0.13;0.03;0.02;0.69;2;4;0.0
669;cal000073;cal;nise;unknown;Nise;FEMALE;3;7;19;64;0;0;0;0;0.59;0.2;0.2;0.0;0.0;0.0;0.0;0.0;0.0;0.13;0.03;0.02;0.69;2;0;0.0
670;cal000073;cal;clori;unknown;Clori;FEMALE;2;4;6;10;0;0;0;0;0.6;0.0;0.4;0.0;0.0;0.0;0.0;0.0;0.0;0.07;0.01;0.0;0.69;0;0;0.0
671;cal000074;cal;música;unknown;Músicos;UNKNOWN;2;4;5;15;0;0;0;0;0.73;0.27;0.0;0.0;0.0;0.0;0.0;0.0;0.0;0.04;0.0;0.0;0.24;0;1;0.01
672;cal000074;cal;félix;unknown;Don Félix;MALE;3;54;297;894;0;0;0;0;0.17;0.48;0.35;0.0;0.0;0.0;0.0;0.0;0.0;0.5;0.24;0.19;0.76;0;2;0.07
673;cal000074;cal;césar;unknown;Don César;MALE;3;24;144;669;0;0;0;0;0.35;0.32;0.33;0.0;0.0;0.0;0.0;0.0;0.0;0.22;0.12;0.15;0.57;4;1;0.1
674;cal000074;cal;tristán;unknown;Tristán;MALE;3;38;151;504;0;0;0;0;0.32;0.55;0.13;0.0;0.0;0.0;0.0;0.0;0.0;0.35;0.12;0.11;0.76;2;1;0.11
675;cal000074;cal;fabio;unknown;Fabio;MALE;1;1;2;5;0;0;0;0;1.0;0.0;0.0;0.0;0.0;0.0;0.0;0.0;0.0;0.01;0.0;0.0;0.05;0;1;0.0
676;cal000074;cal;aurelio;unknown;Aurelio;MALE;2;12;47;237;0;0;0;0;0.78;0.0;0.22;0.0;0.0;0.0;0.0;0.0;0.0;0.11;0.04;0.05;0.57;0;3;0.02
677;cal000074;cal;violante;unknown;Violante;FEMALE;3;18;82;380;0;0;0;0;0.1;0.23;0.67;0.0;0.0;0.0;0.0;0.0;0.0;0.17;0.07;0.08;0.43;1;4;0.0
678;cal000074;cal;nise;unknown;Nise;FEMALE;3;13;27;58;0;0;0;0;0.29;0.38;0.33;0.0;0.0;0.0;0.0;0.0;0.0;0.12;0.02;0.01;0.33;2;3;0.0
679;cal000074;cal;serafina;unknown;Serafina;FEMALE;3;29;154;618;0;0;0;0;0.24;0.27;0.49;0.0;0.0;0.0;0.0;0.0;0.0;0.27;0.13;0.13;0.76;1;6;0.07
680;cal000074;cal;flora;unknown;Flora;FEMALE;3;28;97;327;0;0;0;0;0.36;0.43;0.21;0.0;0.0;0.0;0.0;0.0;0.0;0.26;0.08;0.07;0.67;1;4;0.08
681;cal000074;cal;príncipe;unknown;Príncipe de Urbino;MALE;2;3;18;78;0;0;0;0;0.81;0.0;0.19;0.0;0.0;0.0;0.0;0.0;0.0;0.03;0.01;0.02;0.43;1;7;0.01
682;cal000074;cal;lisardo;unknown;Lisardo;MALE;3;27;76;337;0;0;0;0;0.42;0.2;0.37;0.0;0.0;0.0;0.0;0.0;0.0;0.25;0.06;0.07;0.71;0;3;0.1
683;cal000074;cal;lidoro;unknown;Lidoro;MALE;3;26;94;426;0;0;0;0;0.21;0.47;0.32;0.0;0.0;0.0;0.0;0.0;0.0;0.24;0.08;0.09;0.71;1;6;0.13
684;cal000074;cal;libio;unknown;Libio;MALE;2;6;10;16;0;0;0;0;0.69;0.0;0.31;0.0;0.0;0.0;0.0;0.0;0.0;0.06;0.01;0.0;0.43;1;3;0.03
685;cal000074;cal;criado;unknown;Criado;MALE;1;1;1;6;0;0;0;0;0.0;1.0;0.0;0.0;0.0;0.0;0.0;0.0;0.0;0.01;0.0;0.0;0.05;0;1;0.0
686;cal000074;cal;uno;unknown;UNKNOWN;u;1;2;2;5;0;0;0;0;1.0;0.0;0.0;0.0;0.0;0.0;0.0;0.0;0.0;0.02;0.0;0.0;0.14;0;2;0.0
687;cal000074;cal;todos;unknown;UNKNOWN;u;2;3;3;6;0;0;0;0;0.83;0.0;0.17;0.0;0.0;0.0;0.0;0.0;0.0;0.03;0.0;0.0;0.33;0;1;0.0
688;cal000074;cal;unos;unknown;UNKNOWN;u;1;2;2;3;0;0;0;0;1.0;0.0;0.0;0.0;0.0;0.0;0.0;0.0;0.0;0.02;0.0;0.0;0.29;0;0;0.0
689;cal000074;cal;otros;unknown;UNKNOWN;u;1;1;1;1;0;0;0;0;1.0;0.0;0.0;0.0;0.0;0.0;0.0;0.0;0.0;0.01;0.0;0.0;0.24;2;3;0.0
690;cal000074;cal;félix serafina;unknown;UNKNOWN;u;1;1;1;1;0;0;0;0;1.0;0.0;0.0;0.0;0.0;0.0;0.0;0.0;0.0;0.01;0.0;0.0;0.19;0;0;0.0
691;cal000074;cal;flora tristán;unknown;UNKNOWN;u;1;1;1;1;0;0;0;0;0.0;0.0;1.0;0.0;0.0;0.0;0.0;0.0;0.0;0.01;0.0;0.0;0.1;0;0;0.0
692;cal000074;cal;voces;unknown;UNKNOWN;u;1;1;1;1;0;0;0;0;0.0;0.0;1.0;0.0;0.0;0.0;0.0;0.0;0.0;0.01;0.0;0.0;0.29;0;0;0.0
693;cal000075;cal;coro-1;unknown;Coro 1;UNKNOWN;1;2;8;20;0;0;0;0;0.0;0.0;1.0;0.0;0.0;0.0;0.0;0.0;0.0;0.03;0.01;0.0;0.31;0;4;0.0
694;cal000075;cal;coro-2;unknown;Coro 2;UNKNOWN;1;2;8;20;0;0;0;0;0.0;0.0;1.0;0.0;0.0;0.0;0.0;0.0;0.0;0.03;0.01;0.0;0.31;0;4;0.0
695;cal000075;cal;música;unknown;Músicos;UNKNOWN;2;4;11;18;0;0;0;0;0.72;0.0;0.28;0.0;0.0;0.0;0.0;0.0;0.0;0.05;0.01;0.0;0.53;1;1;0.08
696;cal000075;cal;irífile;unknown;Irífile;FEMALE;3;30;129;629;0;0;0;0;0.38;0.27;0.35;0.0;0.0;0.0;0.0;0.0;0.0;0.39;0.14;0.15;0.47;2;3;0.03
697;cal000075;cal;toante;unknown;Toante;MALE;3;28;168;788;0;0;0;0;0.19;0.46;0.35;0.0;0.0;0.0;0.0;0.0;0.0;0.36;0.19;0.18;0.71;3;5;0.12
698;cal000075;cal;deidamia;unknown;Deidamia;FEMALE;3;22;59;502;0;0;0;0;0.45;0.38;0.17;0.0;0.0;0.0;0.0;0.0;0.0;0.29;0.07;0.12;0.53;2;6;0.15
699;cal000075;cal;leonido;unknown;Leonido;MALE;3;27;101;643;0;0;0;0;0.55;0.21;0.24;0.0;0.0;0.0;0.0;0.0;0.0;0.35;0.11;0.15;0.6;3;6;0.07
700;cal000075;cal;laura;unknown;Laura;FEMALE;3;8;25;112;0;0;0;0;0.03;0.9;0.07;0.0;0.0;0.0;0.0;0.0;0.0;0.1;0.03;0.03;0.27;1;3;0.0
701;cal000075;cal;cenón;unknown;Cenón;MALE;3;16;49;272;0;0;0;0;0.42;0.15;0.43;0.0;0.0;0.0;0.0;0.0;0.0;0.21;0.05;0.06;0.36;2;3;0.01
702;cal000075;cal;anteo;unknown;Anteo;MALE;1;2;7;16;0;0;0;0;0.0;1.0;0.0;0.0;0.0;0.0;0.0;0.0;0.0;0.03;0.01;0.0;0.04;1;0;0.0
703;cal000075;cal;alejandro;unknown;Alejandro;MALE;1;9;32;168;0;0;0;0;0.0;0.0;1.0;0.0;0.0;0.0;0.0;0.0;0.0;0.12;0.04;0.04;0.49;1;0;0.02
704;cal000075;cal;flora;unknown;Flora;FEMALE;3;8;34;94;0;0;0;0;0.35;0.23;0.41;0.0;0.0;0.0;0.0;0.0;0.0;0.1;0.04;0.02;0.29;1;0;0.0
705;cal000075;cal;soldados-persianos-1;unknown;Soldado Persiano 1;MALE;1;2;13;31;0;0;0;0;1.0;0.0;0.0;0.0;0.0;0.0;0.0;0.0;0.0;0.03;0.01;0.01;0.22;0;6;0.02
706;cal000075;cal;soldados-persianos-2;unknown;Soldado Persiano 2;MALE;1;1;3;8;0;0;0;0;1.0;0.0;0.0;0.0;0.0;0.0;0.0;0.0;0.0;0.01;0.0;0.0;0.16;0;2;0.0
707;cal000075;cal;soldados-persianos-3;unknown;Soldado Persiano 3;MALE;1;1;2;2;0;0;0;0;1.0;0.0;0.0;0.0;0.0;0.0;0.0;0.0;0.0;0.01;0.0;0.0;0.16;0;1;0.0
708;cal000075;cal;soldados-persianos-4;unknown;Soldado Persiano 4;MALE;1;1;2;3;0;0;0;0;1.0;0.0;0.0;0.0;0.0;0.0;0.0;0.0;0.0;0.01;0.0;0.0;0.16;0;0;0.0
709;cal000075;cal;cósdroas;unknown;Cósdroas;MALE;3;17;63;473;0;0;0;0;0.1;0.63;0.27;0.0;0.0;0.0;0.0;0.0;0.0;0.22;0.07;0.11;0.6;0;4;0.05
710;cal000075;cal;soldados-fenicios-1;unknown;Soldado Fenicio 1;MALE;1;7;16;76;0;0;0;0;0.0;0.0;1.0;0.0;0.0;0.0;0.0;0.0;0.0;0.09;0.02;0.02;0.42;2;5;0.01
711;cal000075;cal;soldados-fenicios-2;unknown;Soldado Fenicio 2;MALE;1;2;5;14;0;0;0;0;0.0;0.0;1.0;0.0;0.0;0.0;0.0;0.0;0.0;0.03;0.01;0.0;0.36;0;3;0.0
712;cal000075;cal;morlaco;unknown;Morlaco;MALE;3;14;52;210;0;0;0;0;0.27;0.22;0.51;0.0;0.0;0.0;0.0;0.0;0.0;0.18;0.06;0.05;0.64;2;4;0.12
713;cal000075;cal;unos;unknown;UNKNOWN;u;3;6;11;11;0;0;0;0;0.45;0.18;0.36;0.0;0.0;0.0;0.0;0.0;0.0;0.08;0.01;0.0;0.47;1;5;0.01
714;cal000075;cal;otros;unknown;UNKNOWN;u;3;7;14;14;0;0;0;0;0.43;0.29;0.29;0.0;0.0;0.0;0.0;0.0;0.0;0.09;0.02;0.0;0.47;1;5;0.01
715;cal000075;cal;todos;unknown;UNKNOWN;u;3;17;33;56;0;0;0;0;0.11;0.25;0.64;0.0;0.0;0.0;0.0;0.0;0.0;0.22;0.04;0.01;0.62;2;5;0.04
716;cal000075;cal;uno;unknown;UNKNOWN;u;2;2;4;18;0;0;0;0;0.11;0.89;0.0;0.0;0.0;0.0;0.0;0.0;0.0;0.03;0.0;0.0;0.24;0;0;0.0
717;cal000075;cal;soldados-fenicios-1 soldados-fenicios-2;unknown;UNKNOWN;u;1;2;2;3;0;0;0;0;1.0;0.0;0.0;0.0;0.0;0.0;0.0;0.0;0.0;0.03;0.0;0.0;0.09;0;0;0.0
718;cal000075;cal;soldados-persianos-1 soldados-persianos-2 soldados-persianos-3 soldados-persianos-4;unknown;UNKNOWN;u;1;1;4;4;0;0;0;0;1.0;0.0;0.0;0.0;0.0;0.0;0.0;0.0;0.0;0.01;0.0;0.0;0.16;0;3;0.0
719;cal000075;cal;soldados-persianos-1 soldados-persianos-3 soldados-persianos-4;unknown;UNKNOWN;u;1;1;1;1;0;0;0;0;1.0;0.0;0.0;0.0;0.0;0.0;0.0;0.0;0.0;0.01;0.0;0.0;0.16;0;0;0.0
720;cal000075;cal;todas;unknown;UNKNOWN;u;2;2;3;3;0;0;0;0;0.33;0.0;0.67;0.0;0.0;0.0;0.0;0.0;0.0;0.03;0.0;0.0;0.11;0;0;0.0
721;cal000075;cal;laura ismenia doris flora;unknown;UNKNOWN;u;1;1;1;2;0;0;0;0;1.0;0.0;0.0;0.0;0.0;0.0;0.0;0.0;0.0;0.01;0.0;0.0;0.07;1;0;0.0
722;cal000075;cal;laura ismenia;unknown;UNKNOWN;u;1;1;1;1;0;0;0;0;1.0;0.0;0.0;0.0;0.0;0.0;0.0;0.0;0.0;0.01;0.0;0.0;0.07;0;0;0.0
723;cal000075;cal;doris flora;unknown;UNKNOWN;u;1;1;1;1;0;0;0;0;1.0;0.0;0.0;0.0;0.0;0.0;0.0;0.0;0.0;0.01;0.0;0.0;0.07;0;0;0.0
724;cal000075;cal;toante música;unknown;UNKNOWN;u;2;3;4;10;0;0;0;0;0.4;0.6;0.0;0.0;0.0;0.0;0.0;0.0;0.0;0.04;0.0;0.0;0.2;1;2;0.0
725;cal000075;cal;toante irífile;unknown;UNKNOWN;u;1;1;1;1;0;0;0;0;1.0;0.0;0.0;0.0;0.0;0.0;0.0;0.0;0.0;0.01;0.0;0.0;0.18;1;2;0.0
726;cal000075;cal;música toante irífile;unknown;UNKNOWN;u;1;1;1;2;0;0;0;0;1.0;0.0;0.0;0.0;0.0;0.0;0.0;0.0;0.0;0.01;0.0;0.0;0.18;1;2;0.0
727;cal000075;cal;cósdroas música;unknown;UNKNOWN;u;1;1;1;7;0;0;0;0;0.0;1.0;0.0;0.0;0.0;0.0;0.0;0.0;0.0;0.01;0.0;0.0;0.07;0;0;0.0
728;cal000075;cal;todos música;unknown;UNKNOWN;u;2;4;4;19;0;0;0;0;0.0;0.32;0.68;0.0;0.0;0.0;0.0;0.0;0.0;0.05;0.0;0.0;0.47;0;1;0.01
729;cal000075;cal;otro;unknown;UNKNOWN;u;1;1;2;13;0;0;0;0;0.0;1.0;0.0;0.0;0.0;0.0;0.0;0.0;0.0;0.01;0.0;0.0;0.16;0;0;0.0
730;cal000075;cal;música todos;unknown;UNKNOWN;u;1;1;2;13;0;0;0;0;0.0;1.0;0.0;0.0;0.0;0.0;0.0;0.0;0.0;0.01;0.0;0.0;0.16;0;0;0.0
731;cal000075;cal;dentro;unknown;UNKNOWN;u;2;7;8;8;0;0;0;0;0.0;0.5;0.5;0.0;0.0;0.0;0.0;0.0;0.0;0.09;0.01;0.0;0.53;1;2;0.03
732;cal000075;cal;voces;unknown;UNKNOWN;u;1;1;1;1;0;0;0;0;0.0;1.0;0.0;0.0;0.0;0.0;0.0;0.0;0.0;0.01;0.0;0.0;0.18;1;1;0.0
733;cal000075;cal;leonido todos;unknown;UNKNOWN;u;1;1;1;4;0;0;0;0;0.0;0.0;1.0;0.0;0.0;0.0;0.0;0.0;0.0;0.01;0.0;0.0;0.18;0;0;0.0
734;cal000075;cal;toante todos;unknown;UNKNOWN;u;1;1;1;4;0;0;0;0;0.0;0.0;1.0;0.0;0.0;0.0;0.0;0.0;0.0;0.01;0.0;0.0;0.04;0;0;0.0
735;cal000075;cal;coro-1 coro-2;unknown;UNKNOWN;u;1;1;1;4;0;0;0;0;0.0;0.0;1.0;0.0;0.0;0.0;0.0;0.0;0.0;0.01;0.0;0.0;0.31;0;1;0.0
736;cal000075;cal;otra;unknown;UNKNOWN;u;1;1;2;2;0;0;0;0;0.0;0.0;1.0;0.0;0.0;0.0;0.0;0.0;0.0;0.01;0.0;0.0;0.11;1;2;0.0
737;cal000076;cal;eco;unknown;Eco;FEMALE;3;27;114;515;0;0;0;0;0.11;0.45;0.44;0.0;0.0;0.0;0.0;0.0;0.0;0.39;0.14;0.15;0.76;4;2;0.02
738;cal000076;cal;narciso;unknown;Narciso;MALE;3;26;171;908;0;0;0;0;0.18;0.33;0.49;0.0;0.0;0.0;0.0;0.0;0.0;0.37;0.22;0.26;0.76;4;0;0.12
739;cal000076;cal;febo;unknown;Febo;MALE;3;23;103;371;0;0;0;0;0.26;0.49;0.25;0.0;0.0;0.0;0.0;0.0;0.0;0.33;0.13;0.11;0.76;5;3;0.03
740;cal000076;cal;silvio;unknown;Silvio;MALE;3;21;80;270;0;0;0;0;0.33;0.46;0.21;0.0;0.0;0.0;0.0;0.0;0.0;0.3;0.1;0.08;0.76;5;4;0.03
741;cal000076;cal;anteo;unknown;Anteo;MALE;3;14;34;158;0;0;0;0;0.59;0.14;0.27;0.0;0.0;0.0;0.0;0.0;0.0;0.2;0.04;0.05;0.71;4;2;0.01
742;cal000076;cal;sileno;unknown;Sileno;MALE;2;10;19;64;0;0;0;0;0.61;0.39;0.0;0.0;0.0;0.0;0.0;0.0;0.0;0.14;0.02;0.02;0.71;4;1;0.01
743;cal000076;cal;música;unknown;Música;UNKNOWN;3;3;12;20;0;0;0;0;0.4;0.1;0.5;0.0;0.0;0.0;0.0;0.0;0.0;0.04;0.02;0.01;0.76;3;5;0.02
744;cal000076;cal;liríope;unknown;Liríope;FEMALE;3;23;71;600;0;0;0;0;0.57;0.15;0.28;0.0;0.0;0.0;0.0;0.0;0.0;0.33;0.09;0.17;0.81;3;2;0.15
745;cal000076;cal;laura;unknown;Laura;FEMALE;1;2;6;11;0;0;0;0;0.0;1.0;0.0;0.0;0.0;0.0;0.0;0.0;0.0;0.03;0.01;0.0;0.57;0;0;0.0
746;cal000076;cal;nise;unknown;Nise;FEMALE;2;3;9;15;0;0;0;0;0.2;0.8;0.0;0.0;0.0;0.0;0.0;0.0;0.0;0.04;0.01;0.0;0.71;1;0;0.01
747;cal000076;cal;sirene;unknown;Sirene;FEMALE;3;12;40;85;0;0;0;0;0.08;0.73;0.19;0.0;0.0;0.0;0.0;0.0;0.0;0.17;0.05;0.02;0.76;2;0;0.02
748;cal000076;cal;bato;unknown;Bato;MALE;3;29;117;393;0;0;0;0;0.14;0.43;0.43;0.0;0.0;0.0;0.0;0.0;0.0;0.41;0.15;0.11;0.76;4;5;0.02
749;cal000076;cal;silvio música;unknown;UNKNOWN;u;1;1;1;2;0;0;0;0;1.0;0.0;0.0;0.0;0.0;0.0;0.0;0.0;0.0;0.01;0.0;0.0;0.52;3;4;0.0
750;cal000076;cal;febo música;unknown;UNKNOWN;u;1;1;1;2;0;0;0;0;1.0;0.0;0.0;0.0;0.0;0.0;0.0;0.0;0.0;0.01;0.0;0.0;0.52;3;3;0.0
751;cal000076;cal;bato música;unknown;UNKNOWN;u;1;1;1;2;0;0;0;0;1.0;0.0;0.0;0.0;0.0;0.0;0.0;0.0;0.0;0.01;0.0;0.0;0.52;3;2;0.0
752;cal000076;cal;narciso música;unknown;UNKNOWN;u;1;1;3;6;0;0;0;0;1.0;0.0;0.0;0.0;0.0;0.0;0.0;0.0;0.0;0.01;0.0;0.0;0.14;0;0;0.0
753;cal000076;cal;liríope música;unknown;UNKNOWN;u;1;1;1;2;0;0;0;0;1.0;0.0;0.0;0.0;0.0;0.0;0.0;0.0;0.0;0.01;0.0;0.0;0.14;0;0;0.0
754;cal000076;cal;todos;unknown;UNKNOWN;u;3;4;7;8;0;0;0;0;0.12;0.38;0.5;0.0;0.0;0.0;0.0;0.0;0.0;0.06;0.01;0.0;0.57;2;0;0.0
755;cal000076;cal;eco narciso;unknown;UNKNOWN;u;1;1;1;6;0;0;0;0;0.0;0.0;1.0;0.0;0.0;0.0;0.0;0.0;0.0;0.01;0.0;0.0;0.1;0;0;0.0
756;cal000076;cal;eco música;unknown;UNKNOWN;u;1;1;1;2;0;0;0;0;0.0;0.0;1.0;0.0;0.0;0.0;0.0;0.0;0.0;0.01;0.0;0.0;0.29;2;0;0.0
757;cal000076;cal;febo silvio;unknown;UNKNOWN;u;1;1;1;1;0;0;0;0;0.0;0.0;1.0;0.0;0.0;0.0;0.0;0.0;0.0;0.01;0.0;0.0;0.14;0;0;0.0
758;cal000077;cal;voces;unknown;Voces;UNKNOWN;1;2;2;2;0;0;0;0;0.0;1.0;0.0;0.0;0.0;0.0;0.0;0.0;0.0;0.07;0.0;0.0;0.36;1;1;0.0
759;cal000077;cal;fisberto;unknown;Fisberto;MALE;3;10;72;436;0;0;0;0;0.45;0.27;0.28;0.0;0.0;0.0;0.0;0.0;0.0;0.37;0.07;0.11;0.92;4;7;0.08
760;cal000077;cal;fabio;unknown;Fabio;MALE;3;8;38;109;0;0;0;0;0.55;0.25;0.2;0.0;0.0;0.0;0.0;0.0;0.0;0.3;0.04;0.03;0.88;4;6;0.07
761;cal000077;cal;cárlos;unknown;Cárlos;MALE;3;14;198;860;0;0;0;0;0.27;0.43;0.3;0.0;0.0;0.0;0.0;0.0;0.0;0.52;0.2;0.21;0.96;2;4;0.09
762;cal000077;cal;lisardo;unknown;Lisardo;MALE;3;14;67;262;0;0;0;0;0.35;0.61;0.04;0.0;0.0;0.0;0.0;0.0;0.0;0.52;0.07;0.06;0.8;2;4;0.05
763;cal000077;cal;clotaldo;unknown;Clotaldo;MALE;3;9;66;332;0;0;0;0;0.2;0.27;0.54;0.0;0.0;0.0;0.0;0.0;0.0;0.33;0.07;0.08;0.64;1;0;0.02
764;cal000077;cal;flor;unknown;Flor;FEMALE;3;11;110;554;0;0;0;0;0.36;0.3;0.35;0.0;0.0;0.0;0.0;0.0;0.0;0.41;0.11;0.13;0.76;3;5;0.04
765;cal000077;cal;silvia;unknown;Silvia;FEMALE;3;5;16;56;0;0;0;0;0.39;0.54;0.07;0.0;0.0;0.0;0.0;0.0;0.0;0.19;0.02;0.01;0.64;2;4;0.02
766;cal000077;cal;diana;unknown;Diana;FEMALE;3;19;167;719;0;0;0;0;0.26;0.51;0.22;0.0;0.0;0.0;0.0;0.0;0.0;0.7;0.17;0.17;0.84;0;4;0.05
767;cal000077;cal;laura;unknown;Laura;FEMALE;2;8;24;66;0;0;0;0;0.52;0.48;0.0;0.0;0.0;0.0;0.0;0.0;0.0;0.3;0.02;0.02;0.6;3;1;0.01
768;cal000077;cal;gileta;unknown;Gileta;FEMALE;3;11;103;279;0;0;0;0;0.39;0.4;0.21;0.0;0.0;0.0;0.0;0.0;0.0;0.41;0.1;0.07;0.56;2;4;0.01
769;cal000077;cal;duque;unknown;El Duque de Mantua;MALE;3;5;21;77;0;0;0;0;0.51;0.17;0.32;0.0;0.0;0.0;0.0;0.0;0.0;0.19;0.02;0.02;0.48;1;2;0.0
770;cal000077;cal;perote;unknown;Perote;MALE;2;7;74;214;0;0;0;0;0.37;0.63;0.0;0.0;0.0;0.0;0.0;0.0;0.0;0.26;0.07;0.05;0.48;4;3;0.0
771;cal000077;cal;celio;unknown;Celio;MALE;2;2;9;62;0;0;0;0;0.65;0.35;0.0;0.0;0.0;0.0;0.0;0.0;0.0;0.07;0.01;0.02;0.4;2;3;0.0
772;cal000077;cal;jardinero;unknown;Un Jardinero;MALE;1;1;6;25;0;0;0;0;1.0;0.0;0.0;0.0;0.0;0.0;0.0;0.0;0.0;0.04;0.01;0.01;0.36;2;2;0.0
773;cal000077;cal;alcaide;unknown;Un Alcaide;MALE;1;2;12;43;0;0;0;0;0.0;1.0;0.0;0.0;0.0;0.0;0.0;0.0;0.0;0.07;0.01;0.01;0.32;1;2;0.0
774;cal000077;cal;músicos;unknown;Música;UNKNOWN;2;3;6;11;0;0;0;0;0.36;0.0;0.64;0.0;0.0;0.0;0.0;0.0;0.0;0.11;0.01;0.0;0.44;2;2;0.0
775;cal000077;cal;cárlos flor;unknown;UNKNOWN;u;1;1;2;3;0;0;0;0;1.0;0.0;0.0;0.0;0.0;0.0;0.0;0.0;0.0;0.04;0.0;0.0;0.36;0;2;0.0
776;cal000077;cal;cárlos flor músicos;unknown;UNKNOWN;u;1;1;1;2;0;0;0;0;1.0;0.0;0.0;0.0;0.0;0.0;0.0;0.0;0.0;0.04;0.0;0.0;0.36;0;1;0.0
777;cal000077;cal;diana músicos;unknown;UNKNOWN;u;1;1;2;4;0;0;0;0;1.0;0.0;0.0;0.0;0.0;0.0;0.0;0.0;0.0;0.04;0.0;0.0;0.32;1;2;0.0
778;cal000077;cal;cárlos músicos;unknown;UNKNOWN;u;1;1;1;2;0;0;0;0;1.0;0.0;0.0;0.0;0.0;0.0;0.0;0.0;0.0;0.04;0.0;0.0;0.32;1;1;0.0
779;cal000077;cal;laura lisardo;unknown;UNKNOWN;u;1;1;2;3;0;0;0;0;1.0;0.0;0.0;0.0;0.0;0.0;0.0;0.0;0.0;0.04;0.0;0.0;0.32;0;0;0.0
780;cal000077;cal;celio criados;unknown;UNKNOWN;u;1;1;1;1;0;0;0;0;0.0;1.0;0.0;0.0;0.0;0.0;0.0;0.0;0.0;0.04;0.0;0.0;0.36;2;5;0.0
781;cal000077;cal;unos;unknown;UNKNOWN;u;1;1;1;1;0;0;0;0;0.0;0.0;1.0;0.0;0.0;0.0;0.0;0.0;0.0;0.04;0.0;0.0;0.32;0;1;0.0
782;cal000077;cal;otros;unknown;UNKNOWN;u;1;1;1;1;0;0;0;0;0.0;0.0;1.0;0.0;0.0;0.0;0.0;0.0;0.0;0.04;0.0;0.0;0.32;0;1;0.0
783;cal000078;cal;otanez;unknown;Otáñez;MALE;3;9;19;64;0;0;0;0;0.59;0.11;0.3;0.0;0.0;0.0;0.0;0.0;0.0;0.1;0.02;0.02;0.65;3;1;0.0
784;cal000078;cal;don-alonso;unknown;Don Alonso;MALE;3;36;135;483;0;0;0;0;0.42;0.28;0.3;0.0;0.0;0.0;0.0;0.0;0.0;0.41;0.15;0.15;0.88;1;1;0.07
785;cal000078;cal;dona-clara;unknown;Doña Clara;FEMALE;3;39;129;546;0;0;0;0;0.16;0.19;0.65;0.0;0.0;0.0;0.0;0.0;0.0;0.44;0.14;0.17;0.88;2;1;0.07
786;cal000078;cal;dona-eugenia;unknown;Doña Eugenia;FEMALE;3;33;120;495;0;0;0;0;0.29;0.35;0.36;0.0;0.0;0.0;0.0;0.0;0.0;0.38;0.13;0.15;1.0;2;3;0.15
787;cal000078;cal;brigida;unknown;Brígida;FEMALE;2;7;10;19;0;0;0;0;0.58;0.42;0.0;0.0;0.0;0.0;0.0;0.0;0.0;0.08;0.01;0.01;0.71;1;1;0.01
788;cal000078;cal;mari-nuno;unknown;Mari Nuño;FEMALE;3;14;32;92;0;0;0;0;0.55;0.08;0.37;0.0;0.0;0.0;0.0;0.0;0.0;0.16;0.04;0.03;0.65;1;2;0.0
789;cal000078;cal;hernando;unknown;Hernando;MALE;3;9;27;60;0;0;0;0;0.6;0.17;0.23;0.0;0.0;0.0;0.0;0.0;0.0;0.1;0.03;0.02;0.59;4;4;0.0
790;cal000078;cal;don-felix;unknown;Don Félix;MALE;3;34;143;574;0;0;0;0;0.22;0.4;0.38;0.0;0.0;0.0;0.0;0.0;0.0;0.39;0.16;0.18;0.82;4;3;0.05
791;cal000078;cal;don-juan;unknown;Don Juan;MALE;3;16;83;289;0;0;0;0;0.22;0.3;0.48;0.0;0.0;0.0;0.0;0.0;0.0;0.18;0.09;0.09;0.76;4;5;0.03
792;cal000078;cal;don-pedro;unknown;Don Pedro;MALE;3;15;61;184;0;0;0;0;0.21;0.34;0.45;0.0;0.0;0.0;0.0;0.0;0.0;0.17;0.07;0.06;0.76;4;6;0.03
793;cal000078;cal;don-toribio;unknown;Don Toribio;MALE;3;28;135;423;0;0;0;0;0.21;0.36;0.43;0.0;0.0;0.0;0.0;0.0;0.0;0.32;0.15;0.13;0.82;1;1;0.04
794;cal000078;cal;dona-eugenia dona-clara;unknown;UNKNOWN;u;2;2;3;3;0;0;0;0;0.67;0.33;0.0;0.0;0.0;0.0;0.0;0.0;0.0;0.02;0.0;0.0;0.24;1;0;0.0
795;cal000078;cal;brigida dona-eugenia;unknown;UNKNOWN;u;1;1;1;1;0;0;0;0;1.0;0.0;0.0;0.0;0.0;0.0;0.0;0.0;0.0;0.01;0.0;0.0;0.29;0;0;0.0
796;cal000078;cal;dona-clara dona-eugenia;unknown;UNKNOWN;u;1;1;1;1;0;0;0;0;1.0;0.0;0.0;0.0;0.0;0.0;0.0;0.0;0.0;0.01;0.0;0.0;0.18;0;0;0.0
797;cal000078;cal;hernando otanez don-juan don-pedro mari-nuno brigida don-toribio don-alonso;unknown;UNKNOWN;u;1;1;1;1;0;0;0;0;0.0;1.0;0.0;0.0;0.0;0.0;0.0;0.0;0.0;0.01;0.0;0.0;0.47;4;4;0.0
798;cal000078;cal;don-juan don-pedro;unknown;UNKNOWN;u;1;1;2;2;0;0;0;0;0.0;0.0;1.0;0.0;0.0;0.0;0.0;0.0;0.0;0.01;0.0;0.0;0.29;0;0;0.0
799;cal000078;cal;don-pedro don-juan;unknown;UNKNOWN;u;1;1;1;2;0;0;0;0;0.0;0.0;1.0;0.0;0.0;0.0;0.0;0.0;0.0;0.01;0.0;0.0;0.29;0;0;0.0
800;cal000078;cal;don-felix don-alonso don-toribio;unknown;UNKNOWN;u;1;1;1;1;0;0;0;0;0.0;0.0;1.0;0.0;0.0;0.0;0.0;0.0;0.0;0.01;0.0;0.0;0.41;2;2;0.0
801;cal000079;cal;música;unknown;Músicos;UNKNOWN;1;1;1;2;0;0;0;0;0.0;0.0;1.0;0.0;0.0;0.0;0.0;0.0;0.0;0.02;0.0;0.0;0.1;0;0;0.0
802;cal000079;cal;margarita;unknown;Margarita;FEMALE;3;24;96;553;0;0;0;0;0.15;0.55;0.31;0.0;0.0;0.0;0.0;0.0;0.0;0.44;0.18;0.18;0.5;1;3;0.04
803;cal000079;cal;elena;unknown;Elena;FEMALE;3;17;66;513;0;0;0;0;0.51;0.19;0.3;0.0;0.0;0.0;0.0;0.0;0.0;0.31;0.12;0.17;0.5;1;3;0.12
804;cal000079;cal;serafina;unknown;Serafina;FEMALE;3;6;11;47;0;0;0;0;0.13;0.51;0.36;0.0;0.0;0.0;0.0;0.0;0.0;0.11;0.02;0.02;0.15;2;0;0.0
805;cal000079;cal;antona;unknown;Antona;FEMALE;3;6;24;87;0;0;0;0;0.66;0.21;0.14;0.0;0.0;0.0;0.0;0.0;0.0;0.11;0.04;0.03;0.6;1;8;0.16
806;cal000079;cal;benito;unknown;Benito;MALE;3;13;60;360;0;0;0;0;0.53;0.12;0.34;0.0;0.0;0.0;0.0;0.0;0.0;0.24;0.11;0.12;0.75;1;8;0.27
807;cal000079;cal;capitán;unknown;Un Capitán;MALE;3;10;37;191;0;0;0;0;0.47;0.42;0.11;0.0;0.0;0.0;0.0;0.0;0.0;0.18;0.07;0.06;0.45;2;6;0.04
808;cal000079;cal;federico;unknown;Federico;MALE;3;20;95;630;0;0;0;0;0.34;0.38;0.28;0.0;0.0;0.0;0.0;0.0;0.0;0.36;0.17;0.21;0.45;2;1;0.01
809;cal000079;cal;rey;unknown;El Rey de Napoles;MALE;3;18;70;297;0;0;0;0;0.19;0.25;0.56;0.0;0.0;0.0;0.0;0.0;0.0;0.33;0.13;0.1;0.5;2;3;0.05
810;cal000079;cal;infante;unknown;El Infante;MALE;1;5;13;61;0;0;0;0;0.0;0.0;1.0;0.0;0.0;0.0;0.0;0.0;0.0;0.09;0.02;0.02;0.35;3;4;0.0
811;cal000079;cal;enrique;unknown;Enrique;MALE;1;1;2;14;0;0;0;0;1.0;0.0;0.0;0.0;0.0;0.0;0.0;0.0;0.0;0.02;0.0;0.0;0.05;0;0;0.0
812;cal000079;cal;leonelo;unknown;Leonelo;MALE;1;1;1;8;0;0;0;0;1.0;0.0;0.0;0.0;0.0;0.0;0.0;0.0;0.0;0.02;0.0;0.0;0.0;0;0;0.0
813;cal000079;cal;roberto;unknown;Roberto;MALE;3;14;51;201;0;0;0;0;0.31;0.52;0.16;0.0;0.0;0.0;0.0;0.0;0.0;0.25;0.09;0.07;0.4;1;2;0.03
814;cal000079;cal;villano-1;unknown;Villano 1;MALE;2;2;2;3;0;0;0;0;0.0;0.67;0.33;0.0;0.0;0.0;0.0;0.0;0.0;0.04;0.0;0.0;0.4;0;2;0.06
815;cal000079;cal;villano-2;unknown;Villano 2;MALE;1;1;1;1;0;0;0;0;0.0;1.0;0.0;0.0;0.0;0.0;0.0;0.0;0.0;0.02;0.0;0.0;0.15;0;2;0.0
816;cal000079;cal;villano-3;unknown;Villano 3;MALE;1;1;1;1;0;0;0;0;0.0;1.0;0.0;0.0;0.0;0.0;0.0;0.0;0.0;0.02;0.0;0.0;0.15;0;1;0.0
817;cal000079;cal;soldado-1;unknown;Soldado 1;MALE;2;3;7;13;0;0;0;0;0.92;0.08;0.0;0.0;0.0;0.0;0.0;0.0;0.0;0.05;0.01;0.0;0.3;0;1;0.01
818;cal000079;cal;soldado-2;unknown;Soldado 2;MALE;1;2;4;13;0;0;0;0;1.0;0.0;0.0;0.0;0.0;0.0;0.0;0.0;0.0;0.04;0.01;0.0;0.2;0;2;0.0
819;cal000079;cal;soldado-3;unknown;Soldado 3;MALE;1;1;1;1;0;0;0;0;1.0;0.0;0.0;0.0;0.0;0.0;0.0;0.0;0.0;0.02;0.0;0.0;0.2;0;0;0.0
820;cal000079;cal;labrador-1;unknown;Labrador 1;MALE;1;1;1;4;0;0;0;0;1.0;0.0;0.0;0.0;0.0;0.0;0.0;0.0;0.0;0.02;0.0;0.0;0.15;0;1;0.0
821;cal000079;cal;labrador-2;unknown;Labrador 2;MALE;1;1;1;3;0;0;0;0;1.0;0.0;0.0;0.0;0.0;0.0;0.0;0.0;0.0;0.02;0.0;0.0;0.15;0;0;0.0
822;cal000080;cal;rey;unknown;El Rey Felipe Segundo;MALE;1;1;10;31;0;0;0;0;0.0;0.0;1.0;0.0;0.0;0.0;0.0;0.0;0.0;0.01;0.01;0.01;0.11;0;2;0.0
823;cal000080;cal;crespo;unknown;Pedro Crespo;MALE;3;40;187;873;0;0;0;0;0.19;0.31;0.49;0.0;0.0;0.0;0.0;0.0;0.0;0.56;0.24;0.29;0.89;2;3;0.15
824;cal000080;cal;don-lope;unknown;Don Lope de Figueroa;MALE;3;20;102;323;0;0;0;0;0.2;0.46;0.34;0.0;0.0;0.0;0.0;0.0;0.0;0.28;0.13;0.11;0.78;3;6;0.11
825;cal000080;cal;juan;unknown;Juan;MALE;3;17;46;161;0;0;0;0;0.41;0.33;0.26;0.0;0.0;0.0;0.0;0.0;0.0;0.24;0.06;0.05;0.67;1;4;0.03
826;cal000080;cal;capitán;unknown;Don Álvaro de Ataide;MALE;3;23;101;387;0;0;0;0;0.4;0.41;0.19;0.0;0.0;0.0;0.0;0.0;0.0;0.32;0.13;0.13;0.67;3;5;0.01
827;cal000080;cal;isabel;unknown;Isabel;FEMALE;3;18;47;366;0;0;0;0;0.14;0.1;0.76;0.0;0.0;0.0;0.0;0.0;0.0;0.25;0.06;0.12;0.61;1;2;0.01
828;cal000080;cal;sargento;unknown;Un Sargento;MALE;3;12;39;121;0;0;0;0;0.55;0.37;0.07;0.0;0.0;0.0;0.0;0.0;0.0;0.17;0.05;0.04;0.56;2;5;0.0
829;cal000080;cal;inés;unknown;Inés;FEMALE;3;10;16;41;0;0;0;0;0.51;0.39;0.1;0.0;0.0;0.0;0.0;0.0;0.0;0.14;0.02;0.01;0.56;1;1;0.0
830;cal000080;cal;soldado_1;unknown;Soldado 2;MALE;2;2;7;31;0;0;0;0;0.87;0.0;0.13;0.0;0.0;0.0;0.0;0.0;0.0;0.03;0.01;0.01;0.33;1;1;0.01
831;cal000080;cal;soldado_2;unknown;Soldado 2;MALE;1;1;2;6;0;0;0;0;1.0;0.0;0.0;0.0;0.0;0.0;0.0;0.0;0.0;0.01;0.0;0.0;0.22;1;0;0.0
832;cal000080;cal;mendo;unknown;Don Mendo;MALE;2;10;53;163;0;0;0;0;0.66;0.34;0.0;0.0;0.0;0.0;0.0;0.0;0.0;0.14;0.07;0.05;0.56;1;3;0.0
833;cal000080;cal;rebolledo;unknown;Rebolledo;MALE;3;21;74;222;0;0;0;0;0.56;0.38;0.06;0.0;0.0;0.0;0.0;0.0;0.0;0.29;0.09;0.07;0.78;3;6;0.05
834;cal000080;cal;chispa;unknown;Chispa;FEMALE;3;14;50;154;0;0;0;0;0.43;0.42;0.16;0.0;0.0;0.0;0.0;0.0;0.0;0.19;0.06;0.05;0.78;1;3;0.05
835;cal000080;cal;nuño;unknown;Nuño;MALE;2;9;47;116;0;0;0;0;0.58;0.42;0.0;0.0;0.0;0.0;0.0;0.0;0.0;0.12;0.06;0.04;0.44;1;0;0.0
836;cal000080;cal;escribano;unknown;Un Escribano;MALE;1;6;8;32;0;0;0;0;0.0;0.0;1.0;0.0;0.0;0.0;0.0;0.0;0.0;0.08;0.01;0.01;0.39;2;2;0.01
837;cal000080;cal;todos;unknown;UNKNOWN;u;2;4;4;4;0;0;0;0;0.75;0.25;0.0;0.0;0.0;0.0;0.0;0.0;0.0;0.06;0.01;0.0;0.67;2;2;0.03
838;cal000080;cal;soldado_1 soldado_1;unknown;UNKNOWN;u;1;1;1;2;0;0;0;0;0.0;1.0;0.0;0.0;0.0;0.0;0.0;0.0;0.0;0.01;0.0;0.0;0.17;0;0;0.0
839;cal000080;cal;soldado_1 soldado_2;unknown;UNKNOWN;u;1;1;1;1;0;0;0;0;0.0;0.0;1.0;0.0;0.0;0.0;0.0;0.0;0.0;0.01;0.0;0.0;0.17;0;1;0.0
840;cal000153;cal;musicos;unknown;Músicos;UNKNOWN;1;3;5;15;0;0;0;0;1.0;0.0;0.0;0.0;0.0;0.0;0.0;0.0;0.0;0.17;0.01;0.01;0.64;9;3;0.05
841;cal000153;cal;acompanamiento;unknown;Voces;UNKNOWN;1;1;1;1;0;0;0;0;1.0;0.0;0.0;0.0;0.0;0.0;0.0;0.0;0.0;0.06;0.0;0.0;0.38;1;0;0.0
842;cal000153;cal;vicios;unknown;Vicios;MALE;1;1;1;5;0;0;0;0;1.0;0.0;0.0;0.0;0.0;0.0;0.0;0.0;0.0;0.06;0.0;0.0;0.13;1;1;0.0
843;cal000153;cal;pecado;unknown;Pecado;MALE;1;7;58;299;0;0;0;0;1.0;0.0;0.0;0.0;0.0;0.0;0.0;0.0;0.0;0.39;0.14;0.15;0.82;9;1;0.06
844;cal000153;cal;gracia;unknown;Gracia;FEMALE;1;6;68;675;0;0;0;0;1.0;0.0;0.0;0.0;0.0;0.0;0.0;0.0;0.0;0.33;0.16;0.33;0.69;8;1;0.08
845;cal000153;cal;hombre;unknown;Hombre;MALE;1;7;101;492;0;0;0;0;1.0;0.0;0.0;0.0;0.0;0.0;0.0;0.0;0.0;0.39;0.24;0.24;0.87;8;3;0.1
846;cal000153;cal;albedrio;unknown;Albedrío;MALE;1;4;33;101;0;0;0;0;1.0;0.0;0.0;0.0;0.0;0.0;0.0;0.0;0.0;0.22;0.08;0.05;0.74;8;2;0.02
847;cal000153;cal;lascivia;unknown;Lascivia;FEMALE;1;5;43;116;0;0;0;0;1.0;0.0;0.0;0.0;0.0;0.0;0.0;0.0;0.0;0.28;0.1;0.06;0.77;6;0;0.04
848;cal000153;cal;soberbia;unknown;Soberbia;FEMALE;1;5;9;38;0;0;0;0;1.0;0.0;0.0;0.0;0.0;0.0;0.0;0.0;0.0;0.28;0.02;0.02;0.74;5;0;0.02
849;cal000153;cal;avaricia;unknown;Avaricia;FEMALE;1;5;13;48;0;0;0;0;1.0;0.0;0.0;0.0;0.0;0.0;0.0;0.0;0.0;0.28;0.03;0.02;0.74;4;0;0.02
850;cal000153;cal;gula;unknown;Gula;FEMALE;1;5;10;30;0;0;0;0;1.0;0.0;0.0;0.0;0.0;0.0;0.0;0.0;0.0;0.28;0.02;0.01;0.74;3;0;0.02
851;cal000153;cal;envidia;unknown;Envidia;FEMALE;1;5;12;21;0;0;0;0;1.0;0.0;0.0;0.0;0.0;0.0;0.0;0.0;0.0;0.28;0.03;0.01;0.74;2;0;0.02
852;cal000153;cal;pereza;unknown;Pereza;FEMALE;1;5;13;38;0;0;0;0;1.0;0.0;0.0;0.0;0.0;0.0;0.0;0.0;0.0;0.28;0.03;0.02;0.74;1;0;0.02
853;cal000153;cal;ira;unknown;Ira;FEMALE;1;5;13;28;0;0;0;0;1.0;0.0;0.0;0.0;0.0;0.0;0.0;0.0;0.0;0.28;0.03;0.01;0.74;0;0;0.02
854;cal000153;cal;oido;unknown;Oído;MALE;1;2;8;28;0;0;0;0;1.0;0.0;0.0;0.0;0.0;0.0;0.0;0.0;0.0;0.11;0.02;0.01;0.46;9;1;0.03
855;cal000153;cal;iglesia;unknown;Iglesia;FEMALE;1;2;6;14;0;0;0;0;1.0;0.0;0.0;0.0;0.0;0.0;0.0;0.0;0.0;0.11;0.01;0.01;0.26;0;1;0.01
856;cal000153;cal;hombre musicos;unknown;UNKNOWN;u;1;1;1;4;0;0;0;0;1.0;0.0;0.0;0.0;0.0;0.0;0.0;0.0;0.0;0.06;0.0;0.0;0.46;8;1;0.0
857;cal000153;cal;soberbia avaricia gula envidia ira albedrio pereza lascivia hombre pecado gracia;unknown;UNKNOWN;u;1;1;1;2;0;0;0;0;1.0;0.0;0.0;0.0;0.0;0.0;0.0;0.0;0.0;0.06;0.0;0.0;0.46;0;0;0.0
858;cal000153;cal;albedrio hombre pecado soberbia avaricia lascivia ira gula envidia pereza gracia;unknown;UNKNOWN;u;1;1;1;2;0;0;0;0;1.0;0.0;0.0;0.0;0.0;0.0;0.0;0.0;0.0;0.06;0.0;0.0;0.46;0;0;0.0
859;cal000153;cal;albedrio pecado hombre soberbia avaricia lascivia ira gula envidia pereza gracia;unknown;UNKNOWN;u;1;1;3;3;0;0;0;0;1.0;0.0;0.0;0.0;0.0;0.0;0.0;0.0;0.0;0.06;0.01;0.0;0.46;0;0;0.0
860;cal000153;cal;pecado soberbia avaricia lascivia ira gula envidia pereza gracia hombre albedrio musicos;unknown;UNKNOWN;u;1;1;1;1;0;0;0;0;1.0;0.0;0.0;0.0;0.0;0.0;0.0;0.0;0.0;0.06;0.0;0.0;0.46;0;0;0.0
861;cal000153;cal;soberbia avaricia lascivia ira gula envidia pereza gracia hombre musicos albedrio;unknown;UNKNOWN;u;1;1;2;3;0;0;0;0;1.0;0.0;0.0;0.0;0.0;0.0;0.0;0.0;0.0;0.06;0.0;0.0;0.46;0;0;0.0
862;cal000153;cal;hombre musicos soberbia avaricia lascivia ira gula envidia pereza albedrio gracia;unknown;UNKNOWN;u;1;1;1;4;0;0;0;0;1.0;0.0;0.0;0.0;0.0;0.0;0.0;0.0;0.0;0.06;0.0;0.0;0.46;0;0;0.0
863;cal000153;cal;iglesia gracia musicos;unknown;UNKNOWN;u;1;1;1;2;0;0;0;0;1.0;0.0;0.0;0.0;0.0;0.0;0.0;0.0;0.0;0.06;0.0;0.0;0.15;0;0;0.0
864;cal000153;cal;gracia musicos;unknown;UNKNOWN;u;1;1;4;7;0;0;0;0;1.0;0.0;0.0;0.0;0.0;0.0;0.0;0.0;0.0;0.06;0.01;0.0;0.15;0;0;0.0
865;cal000153;cal;soberbia avaricia lascivia ira gula envidia pereza albedrio pecado oido musicos iglesia gracia;unknown;UNKNOWN;u;1;1;1;2;0;0;0;0;1.0;0.0;0.0;0.0;0.0;0.0;0.0;0.0;0.0;0.06;0.0;0.0;0.15;0;0;0.0
866;cal000153;cal;avaricia ira gula envidia pereza oido iglesia gracia musicos hombre lascivia albedrio pecado;unknown;UNKNOWN;u;1;1;1;1;0;0;0;0;1.0;0.0;0.0;0.0;0.0;0.0;0.0;0.0;0.0;0.06;0.0;0.0;0.31;6;0;0.0
867;cal000153;cal;iglesia gracia musicos pecado envidia ira pereza avaricia gula soberbia albedrio lascivia hombre;unknown;UNKNOWN;u;1;1;1;1;0;0;0;0;1.0;0.0;0.0;0.0;0.0;0.0;0.0;0.0;0.0;0.06;0.0;0.0;0.31;0;0;0.0
868;cal000153;cal;gracia musicos envidia pereza avaricia gula soberbia ira lascivia pecado albedrio hombre oido;unknown;UNKNOWN;u;1;1;1;1;0;0;0;0;1.0;0.0;0.0;0.0;0.0;0.0;0.0;0.0;0.0;0.06;0.0;0.0;0.31;7;1;0.0
869;cal000153;cal;oido hombre;unknown;UNKNOWN;u;1;1;3;12;0;0;0;0;1.0;0.0;0.0;0.0;0.0;0.0;0.0;0.0;0.0;0.06;0.01;0.01;0.31;6;0;0.0
870;cal000153;cal;gracia musicos soberbia avaricia ira envidia gula pereza oido pecado hombre albedrio lascivia;unknown;UNKNOWN;u;1;1;1;1;0;0;0;0;1.0;0.0;0.0;0.0;0.0;0.0;0.0;0.0;0.0;0.06;0.0;0.0;0.38;6;0;0.0
871;cal000153;cal;gracia musicos soberbia avaricia ira envidia gula pereza oido pecado albedrio hombre lascivia;unknown;UNKNOWN;u;1;1;1;2;0;0;0;0;1.0;0.0;0.0;0.0;0.0;0.0;0.0;0.0;0.0;0.06;0.0;0.0;0.38;6;0;0.0
872;cal000153;cal;gracia musicos soberbia gula oido pereza envidia ira pecado lascivia albedrio hombre avaricia;unknown;UNKNOWN;u;1;1;1;1;0;0;0;0;1.0;0.0;0.0;0.0;0.0;0.0;0.0;0.0;0.0;0.06;0.0;0.0;0.38;2;0;0.0
873;cal000153;cal;gracia musicos soberbia oido pereza ira avaricia lascivia envidia pecado albedrio hombre gula acompanamiento;unknown;UNKNOWN;u;1;1;1;1;0;0;0;0;1.0;0.0;0.0;0.0;0.0;0.0;0.0;0.0;0.0;0.06;0.0;0.0;0.38;1;0;0.0
874;cal000153;cal;gracia musicos oido acompanamiento albedrio lascivia soberbia avaricia ira gula envidia pereza pecado hombre;unknown;UNKNOWN;u;1;2;2;3;0;0;0;0;1.0;0.0;0.0;0.0;0.0;0.0;0.0;0.0;0.0;0.11;0.0;0.0;0.44;1;0;0.01
875;cal000153;cal;musicos oido acompanamiento albedrio lascivia soberbia avaricia ira gula envidia pereza pecado hombre gracia;unknown;UNKNOWN;u;1;1;1;3;0;0;0;0;1.0;0.0;0.0;0.0;0.0;0.0;0.0;0.0;0.0;0.06;0.0;0.0;0.08;0;0;0.0
876;cal000153;cal;musicos oido acompanamiento albedrio lascivia soberbia avaricia ira gula envidia pereza pecado gracia hombre;unknown;UNKNOWN;u;1;1;1;1;0;0;0;0;1.0;0.0;0.0;0.0;0.0;0.0;0.0;0.0;0.0;0.06;0.0;0.0;0.05;1;1;0.0
877;cal000153;cal;musicos oido acompanamiento albedrio hombre lascivia soberbia avaricia ira envidia gula pereza pecado gracia;unknown;UNKNOWN;u;1;1;1;4;0;0;0;0;1.0;0.0;0.0;0.0;0.0;0.0;0.0;0.0;0.0;0.06;0.0;0.0;0.13;1;2;0.0
878;cal000153;cal;iglesia hombre gracia;unknown;UNKNOWN;u;1;1;1;6;0;0;0;0;1.0;0.0;0.0;0.0;0.0;0.0;0.0;0.0;0.0;0.06;0.0;0.0;0.03;0;0;0.0
879;cal000153;cal;oido acompanamiento albedrio lascivia soberbia avaricia ira envidia gula pereza vicios pecado iglesia hombre gracia musicos;unknown;UNKNOWN;u;1;1;1;4;0;0;0;0;1.0;0.0;0.0;0.0;0.0;0.0;0.0;0.0;0.0;0.06;0.0;0.0;0.03;0;0;0.0
880;cal000007;cal;hombre;unknown;El Hombre;MALE;1;23;177;500;0;0;0;0;1.0;0.0;0.0;0.0;0.0;0.0;0.0;0.0;0.0;0.79;0.26;0.24;0.97;5;4;0.09
881;cal000007;cal;albedrío;unknown;El Albedrío;MALE;1;18;81;193;0;0;0;0;1.0;0.0;0.0;0.0;0.0;0.0;0.0;0.0;0.0;0.62;0.12;0.09;0.97;4;4;0.09
882;cal000007;cal;amor;unknown;El Amor;MALE;1;16;85;558;0;0;0;0;1.0;0.0;0.0;0.0;0.0;0.0;0.0;0.0;0.0;0.55;0.13;0.26;0.97;5;4;0.09
883;cal000007;cal;temor;unknown;El Temor;MALE;1;13;32;90;0;0;0;0;1.0;0.0;0.0;0.0;0.0;0.0;0.0;0.0;0.0;0.45;0.05;0.04;0.9;5;5;0.05
884;cal000007;cal;culto-divino;unknown;El Culto Divino;MALE;1;11;29;80;0;0;0;0;1.0;0.0;0.0;0.0;0.0;0.0;0.0;0.0;0.0;0.38;0.04;0.04;0.95;6;5;0.07
885;cal000007;cal;obediencia;unknown;La Obediencia;FEMALE;1;6;18;41;0;0;0;0;1.0;0.0;0.0;0.0;0.0;0.0;0.0;0.0;0.0;0.21;0.03;0.02;0.74;4;2;0.02
886;cal000007;cal;perdón;unknown;El Perdón;MALE;1;7;18;44;0;0;0;0;1.0;0.0;0.0;0.0;0.0;0.0;0.0;0.0;0.0;0.24;0.03;0.02;0.74;4;1;0.02
887;cal000007;cal;castidad;unknown;La Castidad;FEMALE;1;6;21;37;0;0;0;0;1.0;0.0;0.0;0.0;0.0;0.0;0.0;0.0;0.0;0.21;0.03;0.02;0.74;1;0;0.02
888;cal000007;cal;seguridad;unknown;La Seguridad;FEMALE;1;6;18;31;0;0;0;0;1.0;0.0;0.0;0.0;0.0;0.0;0.0;0.0;0.0;0.21;0.03;0.01;0.74;2;0;0.02
889;cal000007;cal;verdad;unknown;La Verdad;FEMALE;1;4;5;21;0;0;0;0;1.0;0.0;0.0;0.0;0.0;0.0;0.0;0.0;0.0;0.14;0.01;0.01;0.56;1;3;0.0
890;cal000007;cal;desprecio;unknown;El Desprecio;MALE;1;4;8;28;0;0;0;0;1.0;0.0;0.0;0.0;0.0;0.0;0.0;0.0;0.0;0.14;0.01;0.01;0.62;4;7;0.01
891;cal000007;cal;honor;unknown;El Honor;MALE;1;4;6;22;0;0;0;0;1.0;0.0;0.0;0.0;0.0;0.0;0.0;0.0;0.0;0.14;0.01;0.01;0.62;4;3;0.01
892;cal000007;cal;mundo;unknown;El Mundo;MALE;1;3;20;55;0;0;0;0;1.0;0.0;0.0;0.0;0.0;0.0;0.0;0.0;0.0;0.1;0.03;0.03;0.49;7;7;0.0
893;cal000007;cal;demonio;unknown;El Demonio;MALE;1;1;2;3;0;0;0;0;1.0;0.0;0.0;0.0;0.0;0.0;0.0;0.0;0.0;0.03;0.0;0.0;0.46;5;5;0.0
894;cal000007;cal;lascivia;unknown;La Lascivia;FEMALE;1;8;48;135;0;0;0;0;1.0;0.0;0.0;0.0;0.0;0.0;0.0;0.0;0.0;0.28;0.07;0.06;0.74;3;5;0.06
895;cal000007;cal;luzbel;unknown;Luzbel;FEMALE;1;7;64;166;0;0;0;0;1.0;0.0;0.0;0.0;0.0;0.0;0.0;0.0;0.0;0.24;0.1;0.08;0.38;1;2;0.02
896;cal000007;cal;fee;unknown;La Fee;FEMALE;1;1;1;22;0;0;0;0;1.0;0.0;0.0;0.0;0.0;0.0;0.0;0.0;0.0;0.03;0.0;0.01;0.46;4;5;0.0
897;cal000007;cal;música;unknown;Música;UNKNOWN;1;2;4;19;0;0;0;0;1.0;0.0;0.0;0.0;0.0;0.0;0.0;0.0;0.0;0.07;0.01;0.01;0.49;6;8;0.01
898;cal000007;cal;hombre música;unknown;UNKNOWN;u;1;2;4;10;0;0;0;0;1.0;0.0;0.0;0.0;0.0;0.0;0.0;0.0;0.0;0.07;0.01;0.0;0.1;0;1;0.0
899;cal000007;cal;obediencia perdón;unknown;UNKNOWN;u;1;1;1;2;0;0;0;0;1.0;0.0;0.0;0.0;0.0;0.0;0.0;0.0;0.0;0.03;0.0;0.0;0.33;2;2;0.0
900;cal000007;cal;amor temor culto-divino hombre perdón obediencia albedrío;unknown;UNKNOWN;u;1;1;1;1;0;0;0;0;1.0;0.0;0.0;0.0;0.0;0.0;0.0;0.0;0.0;0.03;0.0;0.0;0.33;0;0;0.0
901;cal000007;cal;seguridad castidad;unknown;UNKNOWN;u;1;1;1;2;0;0;0;0;1.0;0.0;0.0;0.0;0.0;0.0;0.0;0.0;0.0;0.03;0.0;0.0;0.33;0;0;0.0
902;cal000007;cal;culto-divino temor amor albedrío hombre;unknown;UNKNOWN;u;1;1;1;2;0;0;0;0;1.0;0.0;0.0;0.0;0.0;0.0;0.0;0.0;0.0;0.03;0.0;0.0;0.33;0;0;0.0
903;cal000007;cal;amor temor culto-divino hombre perdón obediencia albedrío música;unknown;UNKNOWN;u;1;1;1;2;0;0;0;0;1.0;0.0;0.0;0.0;0.0;0.0;0.0;0.0;0.0;0.03;0.0;0.0;0.33;0;0;0.0
904;cal000007;cal;amor temor culto-divino hombre perdón obediencia castidad seguridad verdad honor;unknown;UNKNOWN;u;1;1;1;1;0;0;0;0;1.0;0.0;0.0;0.0;0.0;0.0;0.0;0.0;0.0;0.03;0.0;0.0;0.33;0;0;0.0
905;cal000007;cal;amor temor culto-divino hombre perdón obediencia albedrío castidad seguridad verdad desprecio honor;unknown;UNKNOWN;u;1;1;1;18;0;0;0;0;1.0;0.0;0.0;0.0;0.0;0.0;0.0;0.0;0.0;0.03;0.0;0.01;0.33;0;0;0.0
906;cal000007;cal;lascivia luzbel;unknown;UNKNOWN;u;1;1;2;2;0;0;0;0;1.0;0.0;0.0;0.0;0.0;0.0;0.0;0.0;0.0;0.03;0.0;0.0;0.05;0;0;0.0
907;cal000007;cal;lascivia luzbel culto-divino hombre albedrío amor temor;unknown;UNKNOWN;u;1;1;1;5;0;0;0;0;1.0;0.0;0.0;0.0;0.0;0.0;0.0;0.0;0.0;0.03;0.0;0.0;0.15;1;4;0.0
908;cal000007;cal;lascivia culto-divino hombre albedrío amor temor;unknown;UNKNOWN;u;1;1;1;1;0;0;0;0;1.0;0.0;0.0;0.0;0.0;0.0;0.0;0.0;0.0;0.03;0.0;0.0;0.15;0;0;0.0
909;cal000007;cal;hombre albedrío;unknown;UNKNOWN;u;1;1;2;2;0;0;0;0;1.0;0.0;0.0;0.0;0.0;0.0;0.0;0.0;0.0;0.03;0.0;0.0;0.28;0;1;0.0
910;cal000007;cal;lascivia luzbel culto-divino;unknown;UNKNOWN;u;1;1;1;1;0;0;0;0;1.0;0.0;0.0;0.0;0.0;0.0;0.0;0.0;0.0;0.03;0.0;0.0;0.28;0;1;0.0
911;cal000007;cal;hombre amor temor;unknown;UNKNOWN;u;1;1;1;1;0;0;0;0;1.0;0.0;0.0;0.0;0.0;0.0;0.0;0.0;0.0;0.03;0.0;0.0;0.28;0;1;0.0
912;cal000007;cal;lascivia luzbel culto-divino amor temor;unknown;UNKNOWN;u;1;1;1;1;0;0;0;0;1.0;0.0;0.0;0.0;0.0;0.0;0.0;0.0;0.0;0.03;0.0;0.0;0.28;0;1;0.0
913;cal000007;cal;lascivia luzbel culto-divino albedrío amor temor;unknown;UNKNOWN;u;1;1;1;1;0;0;0;0;1.0;0.0;0.0;0.0;0.0;0.0;0.0;0.0;0.0;0.03;0.0;0.0;0.28;0;0;0.0
914;cal000007;cal;culto-divino amor temor obediencia;unknown;UNKNOWN;u;1;1;1;1;0;0;0;0;1.0;0.0;0.0;0.0;0.0;0.0;0.0;0.0;0.0;0.03;0.0;0.0;0.33;3;4;0.0
915;cal000007;cal;culto-divino amor temor obediencia perdón;unknown;UNKNOWN;u;1;1;1;1;0;0;0;0;1.0;0.0;0.0;0.0;0.0;0.0;0.0;0.0;0.0;0.03;0.0;0.0;0.33;3;2;0.0
916;cal000007;cal;lascivia castidad obediencia honor verdad desprecio seguridad perdón culto-divino amor temor;unknown;UNKNOWN;u;1;1;1;3;0;0;0;0;1.0;0.0;0.0;0.0;0.0;0.0;0.0;0.0;0.0;0.03;0.0;0.0;0.36;0;0;0.0
917;cal000007;cal;lascivia castidad obediencia honor verdad desprecio seguridad perdón culto-divino amor temor albedrío;unknown;UNKNOWN;u;1;1;2;3;0;0;0;0;1.0;0.0;0.0;0.0;0.0;0.0;0.0;0.0;0.0;0.03;0.0;0.0;0.36;0;0;0.0
918;cal000007;cal;amor temor;unknown;UNKNOWN;u;1;2;6;8;0;0;0;0;1.0;0.0;0.0;0.0;0.0;0.0;0.0;0.0;0.0;0.07;0.01;0.0;0.46;6;9;0.0
919;cal000007;cal;música hombre albedrío amor temor castidad honor lascivia desprecio obediencia seguridad culto-divino perdón mundo demonio fee verdad;unknown;UNKNOWN;u;1;1;1;5;0;0;0;0;1.0;0.0;0.0;0.0;0.0;0.0;0.0;0.0;0.0;0.03;0.0;0.0;0.46;0;0;0.0
920;cal000154;cal;musicos;unknown;Músicos;UNKNOWN;1;5;12;83;0;0;0;0;1.0;0.0;0.0;0.0;0.0;0.0;0.0;0.0;0.0;0.19;0.03;0.04;0.49;7;6;0.11
921;cal000154;cal;acompanamiento;unknown;Voces;UNKNOWN;1;2;5;5;0;0;0;0;1.0;0.0;0.0;0.0;0.0;0.0;0.0;0.0;0.0;0.07;0.01;0.0;0.16;1;1;0.0
922;cal000154;cal;salomon;unknown;Salomón;MALE;1;11;74;631;0;0;0;0;1.0;0.0;0.0;0.0;0.0;0.0;0.0;0.0;0.0;0.41;0.2;0.3;0.42;5;3;0.07
923;cal000154;cal;ninfa-1;unknown;Ninfa 1.ª;FEMALE;1;1;14;32;0;0;0;0;1.0;0.0;0.0;0.0;0.0;0.0;0.0;0.0;0.0;0.04;0.04;0.02;0.14;1;1;0.0
924;cal000154;cal;ninfa-2;unknown;Ninfa 2.ª;FEMALE;1;1;14;31;0;0;0;0;1.0;0.0;0.0;0.0;0.0;0.0;0.0;0.0;0.0;0.04;0.04;0.01;0.14;0;1;0.0
925;cal000154;cal;eliud;unknown;Eliud;MALE;1;5;7;47;0;0;0;0;1.0;0.0;0.0;0.0;0.0;0.0;0.0;0.0;0.0;0.19;0.02;0.02;0.44;1;5;0.1
926;cal000154;cal;candaces;unknown;Candaces;FEMALE;1;7;20;89;0;0;0;0;1.0;0.0;0.0;0.0;0.0;0.0;0.0;0.0;0.0;0.26;0.05;0.04;0.44;0;7;0.11
927;cal000154;cal;iran;unknown;Irán;MALE;1;8;16;140;0;0;0;0;1.0;0.0;0.0;0.0;0.0;0.0;0.0;0.0;0.0;0.3;0.04;0.07;0.21;0;1;0.0
928;cal000154;cal;idolatria;unknown;Idolatría;FEMALE;1;13;49;276;0;0;0;0;1.0;0.0;0.0;0.0;0.0;0.0;0.0;0.0;0.0;0.48;0.13;0.13;0.65;6;4;0.22
929;cal000154;cal;astrea;unknown;Astrea;FEMALE;1;8;29;99;0;0;0;0;1.0;0.0;0.0;0.0;0.0;0.0;0.0;0.0;0.0;0.3;0.08;0.05;0.58;4;4;0.1
930;cal000154;cal;saba;unknown;Sabá;FEMALE;1;9;58;485;0;0;0;0;1.0;0.0;0.0;0.0;0.0;0.0;0.0;0.0;0.0;0.33;0.15;0.23;0.51;3;7;0.1
931;cal000154;cal;mujer-1;unknown;Mujer 1.ª;FEMALE;1;2;7;14;0;0;0;0;1.0;0.0;0.0;0.0;0.0;0.0;0.0;0.0;0.0;0.07;0.02;0.01;0.35;2;3;0.01
932;cal000154;cal;hombre-1;unknown;Hombre 1.º;MALE;1;2;3;7;0;0;0;0;1.0;0.0;0.0;0.0;0.0;0.0;0.0;0.0;0.0;0.07;0.01;0.0;0.35;1;2;0.01
933;cal000154;cal;hombre-2;unknown;Hombre 2.º;MALE;1;2;3;4;0;0;0;0;1.0;0.0;0.0;0.0;0.0;0.0;0.0;0.0;0.0;0.07;0.01;0.0;0.35;1;1;0.01
934;cal000154;cal;mujer-3;unknown;Mujer 3.ª;FEMALE;1;1;1;1;0;0;0;0;1.0;0.0;0.0;0.0;0.0;0.0;0.0;0.0;0.0;0.04;0.0;0.0;0.21;0;1;0.0
935;cal000154;cal;hombre-3;unknown;Hombre 3.º;MALE;1;2;3;4;0;0;0;0;1.0;0.0;0.0;0.0;0.0;0.0;0.0;0.0;0.0;0.07;0.01;0.0;0.35;0;0;0.01
936;cal000154;cal;mujer-2;unknown;Mujer 2.ª;FEMALE;1;1;4;6;0;0;0;0;1.0;0.0;0.0;0.0;0.0;0.0;0.0;0.0;0.0;0.04;0.01;0.0;0.26;1;3;0.0
937;cal000154;cal;pastor-1;unknown;Pastor 1.º;MALE;1;5;13;52;0;0;0;0;1.0;0.0;0.0;0.0;0.0;0.0;0.0;0.0;0.0;0.19;0.03;0.02;0.42;1;3;0.12
938;cal000154;cal;pastor-2;unknown;Pastor 2.º;MALE;1;4;11;28;0;0;0;0;1.0;0.0;0.0;0.0;0.0;0.0;0.0;0.0;0.0;0.15;0.03;0.01;0.4;1;2;0.08
939;cal000154;cal;pastor-3;unknown;Pastor 3.º;MALE;1;3;6;11;0;0;0;0;1.0;0.0;0.0;0.0;0.0;0.0;0.0;0.0;0.0;0.11;0.02;0.01;0.3;0;1;0.01
940;cal000154;cal;pastor-4;unknown;Pastor 4.º;MALE;1;2;2;4;0;0;0;0;1.0;0.0;0.0;0.0;0.0;0.0;0.0;0.0;0.0;0.07;0.01;0.0;0.26;0;0;0.0
941;cal000154;cal;ninfa-1 ninfa-2;unknown;UNKNOWN;u;1;1;4;20;0;0;0;0;1.0;0.0;0.0;0.0;0.0;0.0;0.0;0.0;0.0;0.04;0.01;0.01;0.14;2;1;0.0
942;cal000154;cal;musicos ninfa-1 ninfa-2;unknown;UNKNOWN;u;1;1;1;4;0;0;0;0;1.0;0.0;0.0;0.0;0.0;0.0;0.0;0.0;0.0;0.04;0.0;0.0;0.14;0;1;0.0
943;cal000154;cal;ninfa-2 eliud candaces iran salomon musicos idolatria astrea;unknown;UNKNOWN;u;1;1;1;2;0;0;0;0;1.0;0.0;0.0;0.0;0.0;0.0;0.0;0.0;0.0;0.04;0.0;0.0;0.21;3;3;0.0
944;cal000154;cal;ninfa-2 eliud candaces iran salomon musicos astrea idolatria hombre-1 mujer-1 hombre-2 mujer-3 hombre-3 saba;unknown;UNKNOWN;u;1;1;1;1;0;0;0;0;1.0;0.0;0.0;0.0;0.0;0.0;0.0;0.0;0.0;0.04;0.0;0.0;0.09;2;0;0.0
945;cal000154;cal;ninfa-2 eliud candaces iran salomon musicos astrea hombre-1 mujer-1 hombre-2 mujer-3 hombre-3 saba idolatria;unknown;UNKNOWN;u;1;1;2;2;0;0;0;0;1.0;0.0;0.0;0.0;0.0;0.0;0.0;0.0;0.0;0.04;0.01;0.0;0.09;1;0;0.0
946;cal000154;cal;mujeres;unknown;UNKNOWN;u;1;1;1;1;0;0;0;0;1.0;0.0;0.0;0.0;0.0;0.0;0.0;0.0;0.0;0.04;0.0;0.0;0.26;4;3;0.0
947;cal000154;cal;hombres;unknown;UNKNOWN;u;1;1;1;1;0;0;0;0;1.0;0.0;0.0;0.0;0.0;0.0;0.0;0.0;0.0;0.04;0.0;0.0;0.26;4;3;0.0
948;cal000154;cal;ninfa-2 eliud candaces iran salomon musicos saba mujer-3 hombre-1 astrea hombre-2 mujer-1 hombre-3 mujer-2 idolatria;unknown;UNKNOWN;u;1;1;2;2;0;0;0;0;1.0;0.0;0.0;0.0;0.0;0.0;0.0;0.0;0.0;0.04;0.01;0.0;0.26;0;0;0.0
949;cal000154;cal;ninfa-2 eliud candaces iran salomon musicos saba mujer-3 hombre-3 hombre-1 hombre-2 mujer-2 mujer-1 astrea idolatria;unknown;UNKNOWN;u;1;1;1;1;0;0;0;0;1.0;0.0;0.0;0.0;0.0;0.0;0.0;0.0;0.0;0.04;0.0;0.0;0.26;0;0;0.0
950;cal000154;cal;ninfa-2 eliud candaces iran salomon musicos saba mujer-3 hombre-3 hombre-1 hombre-2 mujer-2 idolatria mujer-1 astrea;unknown;UNKNOWN;u;1;1;1;1;0;0;0;0;1.0;0.0;0.0;0.0;0.0;0.0;0.0;0.0;0.0;0.04;0.0;0.0;0.26;0;0;0.0
951;cal000154;cal;ninfa-2 salomon musicos mujer-3 hombre-3 hombre-1 hombre-2 mujer-2 mujer-1 acompanamiento iran astrea saba idolatria eliud candaces pastor-1 pastor-2;unknown;UNKNOWN;u;1;1;1;2;0;0;0;0;1.0;0.0;0.0;0.0;0.0;0.0;0.0;0.0;0.0;0.04;0.0;0.0;0.23;0;2;0.0
952;cal000154;cal;ninfa-2 salomon musicos mujer-3 hombre-3 hombre-1 hombre-2 mujer-2 mujer-1 acompanamiento iran astrea saba idolatria eliud candaces pastor-1 pastor-2 pastor-3 pastor-4;unknown;UNKNOWN;u;1;1;1;2;0;0;0;0;1.0;0.0;0.0;0.0;0.0;0.0;0.0;0.0;0.0;0.04;0.0;0.0;0.23;0;0;0.0
953;cal000154;cal;ninfa-2 salomon musicos mujer-3 hombre-3 hombre-1 hombre-2 mujer-2 mujer-1 acompanamiento iran astrea saba idolatria eliud pastor-3 pastor-4 candaces pastor-1 pastor-2;unknown;UNKNOWN;u;1;1;1;1;0;0;0;0;1.0;0.0;0.0;0.0;0.0;0.0;0.0;0.0;0.0;0.04;0.0;0.0;0.23;0;0;0.0
954;cal000154;cal;ninfa-2 salomon musicos mujer-3 hombre-3 hombre-1 hombre-2 mujer-2 mujer-1 acompanamiento iran astrea saba idolatria eliud pastor-3 pastor-4 pastor-1 pastor-2 candaces;unknown;UNKNOWN;u;1;1;1;1;0;0;0;0;1.0;0.0;0.0;0.0;0.0;0.0;0.0;0.0;0.0;0.04;0.0;0.0;0.23;0;0;0.0
955;cal000154;cal;ninfa-2 salomon musicos mujer-3 hombre-3 hombre-1 hombre-2 mujer-2 mujer-1 acompanamiento iran astrea saba idolatria eliud pastor-4 pastor-1 pastor-2 pastor-3 candaces;unknown;UNKNOWN;u;1;1;1;1;0;0;0;0;1.0;0.0;0.0;0.0;0.0;0.0;0.0;0.0;0.0;0.04;0.0;0.0;0.23;0;0;0.0
956;cal000154;cal;ninfa-2 salomon musicos mujer-3 hombre-3 hombre-1 hombre-2 mujer-2 mujer-1 acompanamiento iran astrea saba idolatria eliud pastor-4 pastor-2 pastor-3 candaces pastor-1;unknown;UNKNOWN;u;1;1;1;1;0;0;0;0;1.0;0.0;0.0;0.0;0.0;0.0;0.0;0.0;0.0;0.04;0.0;0.0;0.02;0;0;0.0
957;cal000154;cal;pastor-4 pastor-2 pastor-3 pastor-1;unknown;UNKNOWN;u;1;1;1;1;0;0;0;0;1.0;0.0;0.0;0.0;0.0;0.0;0.0;0.0;0.0;0.04;0.0;0.0;0.12;1;3;0.0
958;cal000154;cal;ninfa-2 musicos mujer-3 hombre-3 hombre-1 hombre-2 mujer-2 mujer-1 acompanamiento astrea saba pastor-4 idolatria eliud iran salomon candaces pastor-1 pastor-2 pastor-3;unknown;UNKNOWN;u;1;1;1;1;0;0;0;0;1.0;0.0;0.0;0.0;0.0;0.0;0.0;0.0;0.0;0.04;0.0;0.0;0.12;0;0;0.0
959;cal000154;cal;ninfa-2 musicos mujer-3 hombre-3 hombre-1 hombre-2 mujer-2 mujer-1 acompanamiento astrea saba idolatria eliud iran salomon candaces pastor-1 pastor-3 pastor-4 pastor-2;unknown;UNKNOWN;u;1;1;1;1;0;0;0;0;1.0;0.0;0.0;0.0;0.0;0.0;0.0;0.0;0.0;0.04;0.0;0.0;0.09;0;0;0.0
960;cal000154;cal;ninfa-2 mujer-3 hombre-3 hombre-1 hombre-2 mujer-2 mujer-1 acompanamiento astrea iran candaces pastor-3 pastor-4 pastor-1 pastor-2 salomon saba musicos eliud idolatria;unknown;UNKNOWN;u;1;1;1;4;0;0;0;0;1.0;0.0;0.0;0.0;0.0;0.0;0.0;0.0;0.0;0.04;0.0;0.0;0.16;4;2;0.0
961;cal000154;cal;ninfa-2 mujer-3 hombre-3 hombre-1 hombre-2 mujer-2 mujer-1 acompanamiento pastor-3 pastor-4 pastor-1 pastor-2 eliud iran candaces musicos saba salomon idolatria astrea;unknown;UNKNOWN;u;1;1;1;1;0;0;0;0;1.0;0.0;0.0;0.0;0.0;0.0;0.0;0.0;0.0;0.04;0.0;0.0;0.12;0;0;0.0
962;cal000154;cal;ninfa-2 mujer-3 hombre-3 hombre-1 hombre-2 mujer-2 mujer-1 acompanamiento pastor-3 pastor-4 pastor-1 pastor-2 eliud iran candaces musicos astrea idolatria salomon saba;unknown;UNKNOWN;u;1;1;1;1;0;0;0;0;1.0;0.0;0.0;0.0;0.0;0.0;0.0;0.0;0.0;0.04;0.0;0.0;0.14;0;0;0.0
963;cal000154;cal;saba musicos;unknown;UNKNOWN;u;1;1;1;8;0;0;0;0;1.0;0.0;0.0;0.0;0.0;0.0;0.0;0.0;0.0;0.04;0.0;0.0;0.14;0;0;0.0
964;cal000155;cal;coro-1;unknown;Coro 1;UNKNOWN;1;3;12;40;0;0;0;0;1.0;0.0;0.0;0.0;0.0;0.0;0.0;0.0;0.0;0.1;0.03;0.02;0.35;0;4;0.02
965;cal000155;cal;coro-2;unknown;Coro 2;UNKNOWN;1;3;8;10;0;0;0;0;1.0;0.0;0.0;0.0;0.0;0.0;0.0;0.0;0.0;0.1;0.02;0.01;0.35;0;5;0.02
966;cal000155;cal;musicos;unknown;Músicos;UNKNOWN;1;4;9;45;0;0;0;0;1.0;0.0;0.0;0.0;0.0;0.0;0.0;0.0;0.0;0.13;0.02;0.02;0.43;0;3;0.02
967;cal000155;cal;idolatria;unknown;Idolatría;FEMALE;1;15;48;517;0;0;0;0;1.0;0.0;0.0;0.0;0.0;0.0;0.0;0.0;0.0;0.5;0.13;0.27;0.75;2;16;0.16
968;cal000155;cal;goliat;unknown;Goliat;MALE;1;12;58;360;0;0;0;0;1.0;0.0;0.0;0.0;0.0;0.0;0.0;0.0;0.0;0.4;0.16;0.19;0.71;3;13;0.15
969;cal000155;cal;finees;unknown;Fineés;MALE;1;6;12;36;0;0;0;0;1.0;0.0;0.0;0.0;0.0;0.0;0.0;0.0;0.0;0.2;0.03;0.02;0.4;0;4;0.02
970;cal000155;cal;iran;unknown;Irán;MALE;1;5;10;58;0;0;0;0;1.0;0.0;0.0;0.0;0.0;0.0;0.0;0.0;0.0;0.17;0.03;0.03;0.37;0;3;0.01
971;cal000155;cal;abiud;unknown;Abiud;MALE;1;4;9;37;0;0;0;0;1.0;0.0;0.0;0.0;0.0;0.0;0.0;0.0;0.0;0.13;0.02;0.02;0.37;0;2;0.01
972;cal000155;cal;turpin;unknown;Turpín;MALE;1;7;16;84;0;0;0;0;1.0;0.0;0.0;0.0;0.0;0.0;0.0;0.0;0.0;0.23;0.04;0.04;0.56;0;4;0.09
973;cal000155;cal;ofni;unknown;Ofní;MALE;1;4;9;33;0;0;0;0;1.0;0.0;0.0;0.0;0.0;0.0;0.0;0.0;0.0;0.13;0.02;0.02;0.25;0;2;0.01
974;cal000155;cal;samuel;unknown;Samuel;MALE;1;10;38;269;0;0;0;0;1.0;0.0;0.0;0.0;0.0;0.0;0.0;0.0;0.0;0.33;0.1;0.14;0.59;2;4;0.11
975;cal000155;cal;miguel;unknown;Miguel;MALE;1;8;16;108;0;0;0;0;1.0;0.0;0.0;0.0;0.0;0.0;0.0;0.0;0.0;0.27;0.04;0.06;0.41;2;12;0.05
976;cal000155;cal;soldado;unknown;Soldado;MALE;1;1;1;1;0;0;0;0;1.0;0.0;0.0;0.0;0.0;0.0;0.0;0.0;0.0;0.03;0.0;0.0;0.08;0;2;0.0
977;cal000155;cal;soldado-1;unknown;Soldado 1;MALE;1;1;1;4;0;0;0;0;1.0;0.0;0.0;0.0;0.0;0.0;0.0;0.0;0.0;0.03;0.0;0.0;0.08;0;1;0.0
978;cal000155;cal;segador-1;unknown;Segador 1;MALE;1;5;12;55;0;0;0;0;1.0;0.0;0.0;0.0;0.0;0.0;0.0;0.0;0.0;0.17;0.03;0.03;0.32;0;8;0.02
979;cal000155;cal;segador-2;unknown;Segador 2;MALE;1;6;13;43;0;0;0;0;1.0;0.0;0.0;0.0;0.0;0.0;0.0;0.0;0.0;0.2;0.04;0.02;0.32;0;5;0.02
980;cal000155;cal;segador-3;unknown;Segador 3;MALE;1;4;6;18;0;0;0;0;1.0;0.0;0.0;0.0;0.0;0.0;0.0;0.0;0.0;0.13;0.02;0.01;0.29;0;4;0.02
981;cal000155;cal;segador-4;unknown;Segador 4;MALE;1;4;8;23;0;0;0;0;1.0;0.0;0.0;0.0;0.0;0.0;0.0;0.0;0.0;0.13;0.02;0.01;0.29;0;2;0.02
982;cal000155;cal;segador-5;unknown;Segador 5;MALE;1;4;6;22;0;0;0;0;1.0;0.0;0.0;0.0;0.0;0.0;0.0;0.0;0.0;0.13;0.02;0.01;0.29;0;1;0.02
983;cal000155;cal;angel;unknown;Ángel;MALE;1;1;5;11;0;0;0;0;1.0;0.0;0.0;0.0;0.0;0.0;0.0;0.0;0.0;0.03;0.01;0.01;0.11;0;4;0.0
984;cal000155;cal;sinagoga;unknown;Sinagoga;FEMALE;1;1;1;10;0;0;0;0;1.0;0.0;0.0;0.0;0.0;0.0;0.0;0.0;0.0;0.03;0.0;0.01;0.21;1;2;0.0
985;cal000155;cal;iglesia;unknown;Iglesia;FEMALE;1;1;2;9;0;0;0;0;1.0;0.0;0.0;0.0;0.0;0.0;0.0;0.0;0.0;0.03;0.01;0.0;0.21;0;2;0.0
986;cal000155;cal;nino-1;unknown;Niño 1;MALE;1;1;2;9;0;0;0;0;1.0;0.0;0.0;0.0;0.0;0.0;0.0;0.0;0.0;0.03;0.01;0.0;0.21;0;1;0.0
987;cal000155;cal;nino-2;unknown;Niño 2;MALE;1;1;2;8;0;0;0;0;1.0;0.0;0.0;0.0;0.0;0.0;0.0;0.0;0.0;0.03;0.01;0.0;0.21;0;0;0.0
988;cal000155;cal;goliat idolatria;unknown;UNKNOWN;u;1;1;1;2;0;0;0;0;1.0;0.0;0.0;0.0;0.0;0.0;0.0;0.0;0.0;0.03;0.0;0.0;0.27;0;4;0.0
989;cal000155;cal;goliat idolatria coro-2;unknown;UNKNOWN;u;1;1;1;2;0;0;0;0;1.0;0.0;0.0;0.0;0.0;0.0;0.0;0.0;0.0;0.03;0.0;0.0;0.27;0;4;0.0
990;cal000155;cal;goliat coro-1;unknown;UNKNOWN;u;1;1;3;4;0;0;0;0;1.0;0.0;0.0;0.0;0.0;0.0;0.0;0.0;0.0;0.03;0.01;0.0;0.27;0;4;0.0
991;cal000155;cal;idolatria coro-2;unknown;UNKNOWN;u;1;1;3;4;0;0;0;0;1.0;0.0;0.0;0.0;0.0;0.0;0.0;0.0;0.0;0.03;0.01;0.0;0.27;0;4;0.0
992;cal000155;cal;goliat coro-1 idolatria coro-2;unknown;UNKNOWN;u;1;1;1;2;0;0;0;0;1.0;0.0;0.0;0.0;0.0;0.0;0.0;0.0;0.0;0.03;0.0;0.0;0.27;0;4;0.0
993;cal000155;cal;idolatria coro-2 coro-1 finees;unknown;UNKNOWN;u;1;1;1;1;0;0;0;0;1.0;0.0;0.0;0.0;0.0;0.0;0.0;0.0;0.0;0.03;0.0;0.0;0.27;0;3;0.0
994;cal000155;cal;ofni finees;unknown;UNKNOWN;u;1;2;2;4;0;0;0;0;1.0;0.0;0.0;0.0;0.0;0.0;0.0;0.0;0.0;0.07;0.01;0.0;0.33;0;1;0.0
995;cal000155;cal;acompanamiento;unknown;UNKNOWN;u;1;7;15;24;0;0;0;0;1.0;0.0;0.0;0.0;0.0;0.0;0.0;0.0;0.0;0.23;0.04;0.01;0.43;0;0;0.03
996;cal000155;cal;idolatria coro-2 iran abiud ofni finees coro-1 musicos acompanamiento turpin;unknown;UNKNOWN;u;1;1;1;1;0;0;0;0;1.0;0.0;0.0;0.0;0.0;0.0;0.0;0.0;0.0;0.03;0.0;0.0;0.27;0;0;0.0
997;cal000155;cal;iran abiud;unknown;UNKNOWN;u;1;1;3;7;0;0;0;0;1.0;0.0;0.0;0.0;0.0;0.0;0.0;0.0;0.0;0.03;0.01;0.0;0.1;0;3;0.0
998;cal000155;cal;ofni finees turpin;unknown;UNKNOWN;u;1;1;1;2;0;0;0;0;1.0;0.0;0.0;0.0;0.0;0.0;0.0;0.0;0.0;0.03;0.0;0.0;0.1;0;3;0.0
999;cal000155;cal;coro-2 coro-1 musicos acompanamiento turpin finees ofni iran abiud idolatria;unknown;UNKNOWN;u;1;1;1;1;0;0;0;0;1.0;0.0;0.0;0.0;0.0;0.0;0.0;0.0;0.0;0.03;0.0;0.0;0.06;0;3;0.0
1000;cal000155;cal;coro-1 musicos acompanamiento iran abiud idolatria ofni finees turpin goliat;unknown;UNKNOWN;u;1;1;2;2;0;0;0;0;1.0;0.0;0.0;0.0;0.0;0.0;0.0;0.0;0.0;0.03;0.01;0.0;0.05;0;2;0.0
1001;cal000155;cal;idolatria goliat;unknown;UNKNOWN;u;1;1;1;2;0;0;0;0;1.0;0.0;0.0;0.0;0.0;0.0;0.0;0.0;0.0;0.03;0.0;0.0;0.14;0;1;0.0
1002;cal000155;cal;musicos coro-2;unknown;UNKNOWN;u;1;1;1;1;0;0;0;0;1.0;0.0;0.0;0.0;0.0;0.0;0.0;0.0;0.0;0.03;0.0;0.0;0.14;0;1;0.0
1003;cal000155;cal;coro-2 coro-1;unknown;UNKNOWN;u;1;1;1;4;0;0;0;0;1.0;0.0;0.0;0.0;0.0;0.0;0.0;0.0;0.0;0.03;0.0;0.0;0.03;0;0;0.0
1004;cal000155;cal;soldados;unknown;UNKNOWN;u;1;1;1;1;0;0;0;0;1.0;0.0;0.0;0.0;0.0;0.0;0.0;0.0;0.0;0.03;0.0;0.0;0.05;0;0;0.0
1005;cal000155;cal;miguel soldado;unknown;UNKNOWN;u;1;1;1;1;0;0;0;0;1.0;0.0;0.0;0.0;0.0;0.0;0.0;0.0;0.0;0.03;0.0;0.0;0.08;0;2;0.0
1006;cal000155;cal;ofni finees musicos coro-2 coro-1 soldado soldado-1 miguel idolatria goliat acompanamiento abiud iran samuel;unknown;UNKNOWN;u;1;1;1;1;0;0;0;0;1.0;0.0;0.0;0.0;0.0;0.0;0.0;0.0;0.0;0.03;0.0;0.0;0.08;0;0;0.0
1007;cal000155;cal;iran samuel;unknown;UNKNOWN;u;1;1;2;2;0;0;0;0;1.0;0.0;0.0;0.0;0.0;0.0;0.0;0.0;0.0;0.03;0.01;0.0;0.08;0;0;0.0
1008;cal000155;cal;coro-2 coro-1 soldado soldado-1 miguel goliat acompanamiento abiud iran finees segador-2 turpin musicos idolatria samuel segador-1;unknown;UNKNOWN;u;1;1;1;1;0;0;0;0;1.0;0.0;0.0;0.0;0.0;0.0;0.0;0.0;0.0;0.03;0.0;0.0;0.11;0;0;0.0
1009;cal000155;cal;coro-2 coro-1 soldado soldado-1 miguel goliat acompanamiento abiud iran finees segador-2 musicos idolatria samuel segador-1 turpin;unknown;UNKNOWN;u;1;1;1;5;0;0;0;0;1.0;0.0;0.0;0.0;0.0;0.0;0.0;0.0;0.0;0.03;0.0;0.0;0.11;0;0;0.0
1010;cal000155;cal;coro-2 coro-1 soldado soldado-1 miguel acompanamiento abiud iran finees musicos samuel idolatria goliat segador-3 segador-4 segador-5 turpin segador-1 segador-2;unknown;UNKNOWN;u;1;1;1;1;0;0;0;0;1.0;0.0;0.0;0.0;0.0;0.0;0.0;0.0;0.0;0.03;0.0;0.0;0.17;0;0;0.0
1011;cal000155;cal;coro-2 coro-1 soldado soldado-1 miguel acompanamiento abiud iran finees samuel idolatria goliat segador-3 segador-4 segador-5 musicos turpin segador-1 segador-2;unknown;UNKNOWN;u;1;1;1;1;0;0;0;0;1.0;0.0;0.0;0.0;0.0;0.0;0.0;0.0;0.0;0.03;0.0;0.0;0.17;0;0;0.0
1012;cal000155;cal;segador-4 turpin segador-5;unknown;UNKNOWN;u;1;1;1;1;0;0;0;0;1.0;0.0;0.0;0.0;0.0;0.0;0.0;0.0;0.0;0.03;0.0;0.0;0.1;0;4;0.0
1013;cal000155;cal;segador-2 segador-3 segador-4;unknown;UNKNOWN;u;1;1;1;2;0;0;0;0;1.0;0.0;0.0;0.0;0.0;0.0;0.0;0.0;0.0;0.03;0.0;0.0;0.1;0;0;0.0
1014;cal000155;cal;segador-4 segador-2 segador-5 segador-1;unknown;UNKNOWN;u;1;1;1;2;0;0;0;0;1.0;0.0;0.0;0.0;0.0;0.0;0.0;0.0;0.0;0.03;0.0;0.0;0.11;0;0;0.0
1015;cal000155;cal;coro-2 coro-1 soldado soldado-1 acompanamiento abiud iran finees musicos angel miguel segador-3 segador-4 segador-2 segador-5 segador-1 goliat turpin idolatria samuel;unknown;UNKNOWN;u;1;1;1;1;0;0;0;0;1.0;0.0;0.0;0.0;0.0;0.0;0.0;0.0;0.0;0.03;0.0;0.0;0.16;0;0;0.0
1016;cal000155;cal;coro-2 coro-1 soldado soldado-1 acompanamiento abiud iran finees musicos angel miguel segador-3 segador-4 segador-2 segador-5 segador-1 turpin idolatria goliat samuel;unknown;UNKNOWN;u;1;1;1;2;0;0;0;0;1.0;0.0;0.0;0.0;0.0;0.0;0.0;0.0;0.0;0.03;0.0;0.0;0.21;3;4;0.0
1017;cal000155;cal;turpin idolatria goliat samuel;unknown;UNKNOWN;u;1;1;1;4;0;0;0;0;1.0;0.0;0.0;0.0;0.0;0.0;0.0;0.0;0.0;0.03;0.0;0.0;0.21;3;4;0.0
1018;cal000155;cal;idolatria goliat samuel miguel;unknown;UNKNOWN;u;1;1;1;1;0;0;0;0;1.0;0.0;0.0;0.0;0.0;0.0;0.0;0.0;0.0;0.03;0.0;0.0;0.21;3;3;0.0
1019;cal000155;cal;coro-2 coro-1 soldado soldado-1 acompanamiento abiud iran finees musicos angel segador-3 segador-4 segador-2 segador-5 segador-1 turpin idolatria goliat samuel miguel;unknown;UNKNOWN;u;1;1;1;1;0;0;0;0;1.0;0.0;0.0;0.0;0.0;0.0;0.0;0.0;0.0;0.03;0.0;0.0;0.21;3;3;0.0
1020;cal000155;cal;nino-1 samuel goliat nino-2;unknown;UNKNOWN;u;1;1;1;2;0;0;0;0;1.0;0.0;0.0;0.0;0.0;0.0;0.0;0.0;0.0;0.03;0.0;0.0;0.21;0;0;0.0
1021;cal000155;cal;samuel musicos;unknown;UNKNOWN;u;1;1;1;4;0;0;0;0;1.0;0.0;0.0;0.0;0.0;0.0;0.0;0.0;0.0;0.03;0.0;0.0;0.21;0;0;0.0
1022;cal000155;cal;coro-2 coro-1 soldado soldado-1 acompanamiento abiud iran finees angel segador-3 segador-4 segador-2 segador-5 segador-1 turpin sinagoga iglesia nino-1 nino-2 musicos goliat idolatria miguel samuel;unknown;UNKNOWN;u;1;1;1;1;0;0;0;0;1.0;0.0;0.0;0.0;0.0;0.0;0.0;0.0;0.0;0.03;0.0;0.0;0.05;0;1;0.0
1023;cal000155;cal;coro-2 coro-1 soldado soldado-1 acompanamiento abiud iran finees angel segador-3 segador-4 segador-2 segador-5 segador-1 sinagoga iglesia nino-1 nino-2 musicos goliat idolatria miguel samuel turpin;unknown;UNKNOWN;u;1;1;1;8;0;0;0;0;1.0;0.0;0.0;0.0;0.0;0.0;0.0;0.0;0.0;0.03;0.0;0.0;0.05;0;0;0.0
1024;cal000081;cal;morón;unknown;Morón;MALE;3;21;76;332;0;0;0;0;0.4;0.35;0.24;0.0;0.0;0.0;0.0;0.0;0.0;0.32;0.12;0.11;0.82;3;3;0.0
1025;cal000081;cal;don-diego;unknown;Don Diego;MALE;3;26;116;676;0;0;0;0;0.16;0.55;0.29;0.0;0.0;0.0;0.0;0.0;0.0;0.4;0.19;0.22;0.91;2;2;0.02
1026;cal000081;cal;juan;unknown;Don Juan;MALE;3;12;60;449;0;0;0;0;0.48;0.21;0.31;0.0;0.0;0.0;0.0;0.0;0.0;0.18;0.1;0.15;0.91;4;3;0.02
1027;cal000081;cal;carlos;unknown;Don Carlos;MALE;3;12;56;284;0;0;0;0;0.28;0.53;0.19;0.0;0.0;0.0;0.0;0.0;0.0;0.18;0.09;0.09;0.91;3;4;0.02
1028;cal000081;cal;antonio;unknown;Don Antonio;MALE;3;16;47;188;0;0;0;0;0.18;0.59;0.23;0.0;0.0;0.0;0.0;0.0;0.0;0.25;0.08;0.06;0.91;2;5;0.02
1029;cal000081;cal;leonardo;unknown;Leonardo;MALE;2;8;46;195;0;0;0;0;0.0;0.15;0.85;0.0;0.0;0.0;0.0;0.0;0.0;0.12;0.07;0.06;0.82;1;4;0.0
1030;cal000081;cal;otáñez;unknown;Otáñez;MALE;1;1;1;3;0;0;0;0;1.0;0.0;0.0;0.0;0.0;0.0;0.0;0.0;0.0;0.02;0.0;0.0;0.18;2;0;0.0
1031;cal000081;cal;maría;unknown;Doña María;FEMALE;3;14;49;290;0;0;0;0;0.56;0.27;0.17;0.0;0.0;0.0;0.0;0.0;0.0;0.22;0.08;0.09;0.91;1;1;0.08
1032;cal000081;cal;beatriz;unknown;Beatriz;FEMALE;3;14;45;197;0;0;0;0;0.77;0.08;0.15;0.0;0.0;0.0;0.0;0.0;0.0;0.22;0.07;0.06;0.91;0;2;0.08
1033;cal000081;cal;violante;unknown;Violante;FEMALE;3;16;79;332;0;0;0;0;0.08;0.64;0.28;0.0;0.0;0.0;0.0;0.0;0.0;0.25;0.13;0.11;0.91;3;4;0.02
1034;cal000081;cal;quiteria;unknown;Quiteria;FEMALE;3;8;24;61;0;0;0;0;0.16;0.67;0.16;0.0;0.0;0.0;0.0;0.0;0.0;0.12;0.04;0.02;0.45;0;3;0.0
1035;cal000081;cal;escudero;unknown;Un Escudero;MALE;2;8;22;76;0;0;0;0;0.0;0.05;0.95;0.0;0.0;0.0;0.0;0.0;0.0;0.12;0.04;0.02;0.82;0;0;0.0
1036;cal000082;cal;coro-1;unknown;Coro 1;UNKNOWN;2;6;17;65;0;0;0;0;0.0;0.32;0.68;0.0;0.0;0.0;0.0;0.0;0.0;0.07;0.03;0.02;0.78;4;4;0.0
1037;cal000082;cal;coro-2;unknown;Coro 2;UNKNOWN;2;6;15;58;0;0;0;0;0.0;0.38;0.62;0.0;0.0;0.0;0.0;0.0;0.0;0.07;0.02;0.02;0.78;4;4;0.0
1038;cal000082;cal;licanor;unknown;Rey Licanor;MALE;2;11;22;129;0;0;0;0;0.0;0.6;0.4;0.0;0.0;0.0;0.0;0.0;0.0;0.14;0.03;0.03;0.83;3;5;0.01
1039;cal000082;cal;febo;unknown;Febo;MALE;3;23;91;649;0;0;0;0;0.12;0.59;0.29;0.0;0.0;0.0;0.0;0.0;0.0;0.29;0.14;0.18;0.89;1;3;0.02
1040;cal000082;cal;rosicler;unknown;Rosicler;MALE;3;20;45;248;0;0;0;0;0.69;0.15;0.17;0.0;0.0;0.0;0.0;0.0;0.0;0.25;0.07;0.07;0.94;2;7;0.09
1041;cal000082;cal;meridián;unknown;Meridián;MALE;2;11;13;104;0;0;0;0;0.0;0.61;0.39;0.0;0.0;0.0;0.0;0.0;0.0;0.14;0.02;0.03;0.83;3;6;0.01
1042;cal000082;cal;floriseo;unknown;Floriseo;MALE;3;16;37;138;0;0;0;0;0.63;0.22;0.15;0.0;0.0;0.0;0.0;0.0;0.0;0.2;0.06;0.04;0.94;2;6;0.09
1043;cal000082;cal;fauno;unknown;Fauno;MALE;3;13;42;345;0;0;0;0;0.1;0.52;0.39;0.0;0.0;0.0;0.0;0.0;0.0;0.16;0.07;0.09;0.89;1;1;0.04
1044;cal000082;cal;malandrín;unknown;Malandrín;MALE;3;21;52;466;0;0;0;0;0.18;0.26;0.56;0.0;0.0;0.0;0.0;0.0;0.0;0.26;0.08;0.13;0.83;1;1;0.01
1045;cal000082;cal;lindabridis;unknown;Lindabridis;FEMALE;3;28;116;634;0;0;0;0;0.44;0.28;0.29;0.0;0.0;0.0;0.0;0.0;0.0;0.35;0.18;0.17;0.89;2;3;0.02
1046;cal000082;cal;sirene;unknown;Sirene;FEMALE;3;12;25;84;0;0;0;0;0.14;0.43;0.43;0.0;0.0;0.0;0.0;0.0;0.0;0.15;0.04;0.02;0.83;3;6;0.01
1047;cal000082;cal;arminda;unknown;Arminda;FEMALE;3;7;11;28;0;0;0;0;0.46;0.36;0.18;0.0;0.0;0.0;0.0;0.0;0.0;0.09;0.02;0.01;0.83;0;6;0.01
1048;cal000082;cal;claridiana;unknown;Claridiana;FEMALE;3;24;137;719;0;0;0;0;0.47;0.26;0.27;0.0;0.0;0.0;0.0;0.0;0.0;0.3;0.21;0.19;0.83;1;4;0.01
1049;cal000082;cal;criado;unknown;Criado;MALE;1;1;2;2;0;0;0;0;1.0;0.0;0.0;0.0;0.0;0.0;0.0;0.0;0.0;0.01;0.0;0.0;0.17;0;1;0.0
1050;cal000082;cal;caballero-1;unknown;Caballero 1;MALE;2;3;4;11;0;0;0;0;0.0;0.18;0.82;0.0;0.0;0.0;0.0;0.0;0.0;0.04;0.01;0.0;0.83;2;4;0.01
1051;cal000082;cal;caballero-2;unknown;Caballero 2;MALE;1;1;1;2;0;0;0;0;0.0;1.0;0.0;0.0;0.0;0.0;0.0;0.0;0.0;0.01;0.0;0.0;0.39;1;1;0.0
1052;cal000082;cal;voces;unknown;UNKNOWN;u;1;1;2;2;0;0;0;0;1.0;0.0;0.0;0.0;0.0;0.0;0.0;0.0;0.0;0.01;0.0;0.0;0.11;0;2;0.0
1053;cal000082;cal;todos;unknown;UNKNOWN;u;2;2;2;3;0;0;0;0;0.0;0.33;0.67;0.0;0.0;0.0;0.0;0.0;0.0;0.03;0.0;0.0;0.39;1;1;0.0
1054;cal000082;cal;coro-1 coro-2;unknown;UNKNOWN;u;1;1;6;16;0;0;0;0;0.0;0.0;1.0;0.0;0.0;0.0;0.0;0.0;0.0;0.01;0.01;0.0;0.78;2;2;0.0
1055;cal000083;cal;voces;unknown;Voces;UNKNOWN;3;3;3;4;0;0;0;0;0.25;0.25;0.5;0.0;0.0;0.0;0.0;0.0;0.0;0.04;0.0;0.0;0.48;0;0;0.0
1056;cal000083;cal;uno;unknown;Unos guardas;MALE;2;12;19;49;0;0;0;0;0.39;0.0;0.61;0.0;0.0;0.0;0.0;0.0;0.0;0.14;0.02;0.01;0.59;1;6;0.03
1057;cal000083;cal;otro;unknown;Otros guardas;MALE;2;5;5;10;0;0;0;0;0.3;0.0;0.7;0.0;0.0;0.0;0.0;0.0;0.0;0.06;0.0;0.0;0.48;1;2;0.01
1058;cal000083;cal;lucanor;unknown;Lucanor;MALE;3;44;228;823;0;0;0;0;0.34;0.45;0.2;0.0;0.0;0.0;0.0;0.0;0.0;0.53;0.2;0.19;0.81;5;2;0.07
1059;cal000083;cal;federico;unknown;Federico;MALE;2;12;55;201;0;0;0;0;0.73;0.0;0.27;0.0;0.0;0.0;0.0;0.0;0.0;0.14;0.05;0.05;0.63;1;3;0.03
1060;cal000083;cal;roberto;unknown;Roberto;MALE;3;9;32;121;0;0;0;0;0.27;0.36;0.37;0.0;0.0;0.0;0.0;0.0;0.0;0.11;0.03;0.03;0.59;4;4;0.03
1061;cal000083;cal;astolfo;unknown;Astolfo;MALE;3;19;85;236;0;0;0;0;0.11;0.46;0.44;0.0;0.0;0.0;0.0;0.0;0.0;0.23;0.07;0.06;0.7;3;4;0.03
1062;cal000083;cal;casimiro;unknown;Casimiro;MALE;3;19;86;241;0;0;0;0;0.18;0.33;0.49;0.0;0.0;0.0;0.0;0.0;0.0;0.23;0.07;0.06;0.74;3;3;0.05
1063;cal000083;cal;pasquín;unknown;Pasquín;MALE;3;32;146;397;0;0;0;0;0.29;0.35;0.36;0.0;0.0;0.0;0.0;0.0;0.0;0.39;0.13;0.09;0.81;2;5;0.08
1064;cal000083;cal;rosimunda;unknown;Rosimunda;FEMALE;3;35;169;918;0;0;0;0;0.11;0.57;0.32;0.0;0.0;0.0;0.0;0.0;0.0;0.42;0.15;0.22;0.81;4;5;0.07
1065;cal000083;cal;clori;unknown;Clori;FEMALE;3;9;14;28;0;0;0;0;0.14;0.36;0.5;0.0;0.0;0.0;0.0;0.0;0.0;0.11;0.01;0.01;0.37;3;1;0.0
1066;cal000083;cal;irifela;unknown;Irifela;FEMALE;2;13;40;194;0;0;0;0;0.29;0.0;0.71;0.0;0.0;0.0;0.0;0.0;0.0;0.16;0.03;0.05;0.56;1;4;0.02
1067;cal000083;cal;estela;unknown;Estela;FEMALE;3;18;75;289;0;0;0;0;0.28;0.56;0.16;0.0;0.0;0.0;0.0;0.0;0.0;0.22;0.06;0.07;0.56;5;1;0.02
1068;cal000083;cal;flora;unknown;Flora;FEMALE;3;7;13;29;0;0;0;0;0.41;0.14;0.45;0.0;0.0;0.0;0.0;0.0;0.0;0.08;0.01;0.01;0.41;0;4;0.01
1069;cal000083;cal;sirene;unknown;Sirene;FEMALE;3;8;19;48;0;0;0;0;0.44;0.06;0.5;0.0;0.0;0.0;0.0;0.0;0.0;0.1;0.02;0.01;0.3;2;1;0.0
1070;cal000083;cal;libia;unknown;Libia;FEMALE;2;3;5;9;0;0;0;0;0.78;0.22;0.0;0.0;0.0;0.0;0.0;0.0;0.0;0.04;0.0;0.0;0.22;1;0;0.0
1071;cal000083;cal;soldán;unknown;Soldán;MALE;2;20;110;562;0;0;0;0;0.57;0.0;0.43;0.0;0.0;0.0;0.0;0.0;0.0;0.24;0.09;0.13;0.74;2;6;0.07
1072;cal000083;cal;música;unknown;Música;UNKNOWN;2;5;7;21;0;0;0;0;0.48;0.52;0.0;0.0;0.0;0.0;0.0;0.0;0.0;0.06;0.01;0.0;0.41;1;1;0.0
1073;cal000083;cal;todos;unknown;UNKNOWN;u;3;12;15;16;0;0;0;0;0.56;0.19;0.25;0.0;0.0;0.0;0.0;0.0;0.0;0.14;0.01;0.0;0.63;1;5;0.03
1074;cal000083;cal;irifela soldán;unknown;UNKNOWN;u;1;1;1;4;0;0;0;0;1.0;0.0;0.0;0.0;0.0;0.0;0.0;0.0;0.0;0.01;0.0;0.0;0.22;0;1;0.0
1075;cal000083;cal;federico irifela;unknown;UNKNOWN;u;1;1;2;2;0;0;0;0;1.0;0.0;0.0;0.0;0.0;0.0;0.0;0.0;0.0;0.01;0.0;0.0;0.19;0;0;0.0
1076;cal000083;cal;música casimiro;unknown;UNKNOWN;u;1;1;4;8;0;0;0;0;1.0;0.0;0.0;0.0;0.0;0.0;0.0;0.0;0.0;0.01;0.0;0.0;0.19;0;2;0.0
1077;cal000083;cal;unos;unknown;UNKNOWN;u;2;4;4;4;0;0;0;0;0.0;0.75;0.25;0.0;0.0;0.0;0.0;0.0;0.0;0.05;0.0;0.0;0.26;0;0;0.0
1078;cal000083;cal;otros;unknown;UNKNOWN;u;1;3;3;4;0;0;0;0;0.0;1.0;0.0;0.0;0.0;0.0;0.0;0.0;0.0;0.04;0.0;0.0;0.19;0;0;0.0
1079;cal000083;cal;astolfo casimiro;unknown;UNKNOWN;u;2;8;17;20;0;0;0;0;0.0;0.3;0.7;0.0;0.0;0.0;0.0;0.0;0.0;0.1;0.01;0.0;0.48;1;3;0.0
1080;cal000083;cal;astolfo casimiro rosimunda;unknown;UNKNOWN;u;1;2;5;6;0;0;0;0;0.0;0.0;1.0;0.0;0.0;0.0;0.0;0.0;0.0;0.02;0.0;0.0;0.22;1;4;0.0
1081;cal000083;cal;uno otro;unknown;UNKNOWN;u;1;1;1;1;0;0;0;0;0.0;0.0;1.0;0.0;0.0;0.0;0.0;0.0;0.0;0.01;0.0;0.0;0.15;0;3;0.0
1082;cal000156;cal;rencor;unknown;Rencor;MALE;1;15;43;867;0;0;0;0;1.0;0.0;0.0;0.0;0.0;0.0;0.0;0.0;0.0;0.5;0.1;0.26;0.4;3;3;0.04
1083;cal000156;cal;sombra;unknown;Sombra;FEMALE;1;13;33;216;0;0;0;0;1.0;0.0;0.0;0.0;0.0;0.0;0.0;0.0;0.0;0.43;0.08;0.07;0.4;3;4;0.04
1084;cal000156;cal;fama;unknown;Fama;FEMALE;1;12;36;444;0;0;0;0;1.0;0.0;0.0;0.0;0.0;0.0;0.0;0.0;0.0;0.4;0.08;0.14;0.73;3;9;0.23
1085;cal000156;cal;ateismo;unknown;Ateísmo;MALE;1;2;7;89;0;0;0;0;1.0;0.0;0.0;0.0;0.0;0.0;0.0;0.0;0.0;0.07;0.02;0.03;0.27;2;1;0.01
1086;cal000156;cal;gentilidad;unknown;Gentilidad;FEMALE;1;6;29;119;0;0;0;0;1.0;0.0;0.0;0.0;0.0;0.0;0.0;0.0;0.0;0.2;0.07;0.04;0.48;3;4;0.07
1087;cal000156;cal;hebraismo;unknown;Hebraísmo;MALE;1;9;56;242;0;0;0;0;1.0;0.0;0.0;0.0;0.0;0.0;0.0;0.0;0.0;0.3;0.13;0.07;0.67;2;1;0.16
1088;cal000156;cal;idolatria;unknown;Idolatría;FEMALE;1;4;15;84;0;0;0;0;1.0;0.0;0.0;0.0;0.0;0.0;0.0;0.0;0.0;0.13;0.04;0.03;0.37;0;0;0.03
1089;cal000156;cal;apostasia;unknown;Apostasía;FEMALE;1;6;36;193;0;0;0;0;1.0;0.0;0.0;0.0;0.0;0.0;0.0;0.0;0.0;0.2;0.08;0.06;0.54;1;7;0.1
1090;cal000156;cal;alcoran;unknown;Alcorán;MALE;1;2;3;8;0;0;0;0;1.0;0.0;0.0;0.0;0.0;0.0;0.0;0.0;0.0;0.07;0.01;0.0;0.29;1;1;0.01
1091;cal000156;cal;judaismo;unknown;Judaísmo;MALE;1;3;4;35;0;0;0;0;1.0;0.0;0.0;0.0;0.0;0.0;0.0;0.0;0.0;0.1;0.01;0.01;0.12;1;0;0.0
1092;cal000156;cal;hombre;unknown;Hombre;MALE;1;6;16;90;0;0;0;0;1.0;0.0;0.0;0.0;0.0;0.0;0.0;0.0;0.0;0.2;0.04;0.03;0.33;2;5;0.01
1093;cal000156;cal;albedrio;unknown;Albedrío;MALE;1;6;14;154;0;0;0;0;1.0;0.0;0.0;0.0;0.0;0.0;0.0;0.0;0.0;0.2;0.03;0.05;0.33;2;5;0.01
1094;cal000156;cal;principe;unknown;Príncipe;MALE;1;10;39;373;0;0;0;0;1.0;0.0;0.0;0.0;0.0;0.0;0.0;0.0;0.0;0.33;0.09;0.11;0.56;3;9;0.09
1095;cal000156;cal;andres;unknown;Andrés;MALE;1;2;3;11;0;0;0;0;1.0;0.0;0.0;0.0;0.0;0.0;0.0;0.0;0.0;0.07;0.01;0.0;0.21;0;4;0.0
1096;cal000156;cal;pedro;unknown;Pedro;MALE;1;6;16;107;0;0;0;0;1.0;0.0;0.0;0.0;0.0;0.0;0.0;0.0;0.0;0.2;0.04;0.03;0.46;0;6;0.05
1097;cal000156;cal;juan;unknown;Juan;MALE;1;2;3;8;0;0;0;0;1.0;0.0;0.0;0.0;0.0;0.0;0.0;0.0;0.0;0.07;0.01;0.0;0.21;0;2;0.0
1098;cal000156;cal;diego;unknown;Diego;MALE;1;2;3;11;0;0;0;0;1.0;0.0;0.0;0.0;0.0;0.0;0.0;0.0;0.0;0.07;0.01;0.0;0.21;0;1;0.0
1099;cal000156;cal;pablo;unknown;Pablo;MALE;1;3;4;34;0;0;0;0;1.0;0.0;0.0;0.0;0.0;0.0;0.0;0.0;0.0;0.1;0.01;0.01;0.33;0;1;0.02
1100;cal000156;cal;acompanamiento;unknown;Voz;UNKNOWN;1;2;12;52;0;0;0;0;1.0;0.0;0.0;0.0;0.0;0.0;0.0;0.0;0.0;0.07;0.03;0.02;0.23;1;3;0.0
1101;cal000156;cal;iglesia;unknown;Iglesia;FEMALE;1;3;5;15;0;0;0;0;1.0;0.0;0.0;0.0;0.0;0.0;0.0;0.0;0.0;0.1;0.01;0.0;0.31;3;6;0.0
1102;cal000156;cal;hebraismo ateismo idolatria gentilidad;unknown;UNKNOWN;u;1;1;7;10;0;0;0;0;1.0;0.0;0.0;0.0;0.0;0.0;0.0;0.0;0.0;0.03;0.02;0.0;0.15;2;2;0.0
1103;cal000156;cal;hebraismo gentilidad;unknown;UNKNOWN;u;1;1;1;1;0;0;0;0;1.0;0.0;0.0;0.0;0.0;0.0;0.0;0.0;0.0;0.03;0.0;0.0;0.15;0;0;0.0
1104;cal000156;cal;ateismo idolatria;unknown;UNKNOWN;u;1;1;1;1;0;0;0;0;1.0;0.0;0.0;0.0;0.0;0.0;0.0;0.0;0.0;0.03;0.0;0.0;0.15;0;0;0.0
1105;cal000156;cal;sombra fama hebraismo idolatria ateismo gentilidad;unknown;UNKNOWN;u;1;1;2;3;0;0;0;0;1.0;0.0;0.0;0.0;0.0;0.0;0.0;0.0;0.0;0.03;0.0;0.0;0.15;0;0;0.0
1106;cal000156;cal;sombra ateismo fama idolatria hebraismo gentilidad;unknown;UNKNOWN;u;1;1;1;1;0;0;0;0;1.0;0.0;0.0;0.0;0.0;0.0;0.0;0.0;0.0;0.03;0.0;0.0;0.06;0;0;0.0
1107;cal000156;cal;idolatria fama hebraismo rencor sombra acompanamiento gentilidad;unknown;UNKNOWN;u;1;1;1;3;0;0;0;0;1.0;0.0;0.0;0.0;0.0;0.0;0.0;0.0;0.0;0.03;0.0;0.0;0.17;1;1;0.0
1108;cal000156;cal;idolatria fama hebraismo rencor sombra acompanamiento gentilidad apostasia;unknown;UNKNOWN;u;1;1;1;1;0;0;0;0;1.0;0.0;0.0;0.0;0.0;0.0;0.0;0.0;0.0;0.03;0.0;0.0;0.17;0;1;0.0
1109;cal000156;cal;idolatria fama hebraismo acompanamiento gentilidad rencor judaismo sombra alcoran apostasia;unknown;UNKNOWN;u;1;1;1;1;0;0;0;0;1.0;0.0;0.0;0.0;0.0;0.0;0.0;0.0;0.0;0.03;0.0;0.0;0.17;2;2;0.0
1110;cal000156;cal;acompanamientos;unknown;UNKNOWN;u;1;1;4;4;0;0;0;0;1.0;0.0;0.0;0.0;0.0;0.0;0.0;0.0;0.0;0.03;0.01;0.0;0.17;2;2;0.0
1111;cal000156;cal;hebraismo idolatria;unknown;UNKNOWN;u;1;1;1;2;0;0;0;0;1.0;0.0;0.0;0.0;0.0;0.0;0.0;0.0;0.0;0.03;0.0;0.0;0.17;0;1;0.0
1112;cal000156;cal;ateismo apostasia idolatria hebraismo fama;unknown;UNKNOWN;u;1;1;1;6;0;0;0;0;1.0;0.0;0.0;0.0;0.0;0.0;0.0;0.0;0.0;0.03;0.0;0.0;0.17;0;0;0.0
1113;cal000156;cal;musicos;unknown;UNKNOWN;u;1;2;4;17;0;0;0;0;1.0;0.0;0.0;0.0;0.0;0.0;0.0;0.0;0.0;0.07;0.01;0.01;0.27;1;3;0.01
1114;cal000156;cal;pedro juan diego fama;unknown;UNKNOWN;u;1;1;1;2;0;0;0;0;1.0;0.0;0.0;0.0;0.0;0.0;0.0;0.0;0.0;0.03;0.0;0.0;0.12;0;1;0.0
1115;cal000156;cal;alcoran acompanamiento gentilidad apostasia idolatria hebraismo ateismo sombra musicos hombre albedrio rencor principe andres pedro juan diego pablo fama;unknown;UNKNOWN;u;1;1;1;5;0;0;0;0;1.0;0.0;0.0;0.0;0.0;0.0;0.0;0.0;0.0;0.03;0.0;0.0;0.02;0;0;0.0
1116;cal000156;cal;alcoran acompanamiento gentilidad apostasia idolatria hebraismo ateismo musicos andres juan diego pablo hombre albedrio pedro sombra rencor principe fama;unknown;UNKNOWN;u;1;1;1;1;0;0;0;0;1.0;0.0;0.0;0.0;0.0;0.0;0.0;0.0;0.0;0.03;0.0;0.0;0.13;0;4;0.0
1117;cal000156;cal;fama hombre principe;unknown;UNKNOWN;u;1;1;2;2;0;0;0;0;1.0;0.0;0.0;0.0;0.0;0.0;0.0;0.0;0.0;0.03;0.0;0.0;0.13;0;1;0.0
1118;cal000156;cal;pablo juan;unknown;UNKNOWN;u;1;1;1;5;0;0;0;0;1.0;0.0;0.0;0.0;0.0;0.0;0.0;0.0;0.0;0.03;0.0;0.0;0.13;0;1;0.0
1119;cal000156;cal;alcoran acompanamiento gentilidad apostasia idolatria hebraismo ateismo musicos sombra rencor hombre albedrio pablo andres diego juan pedro principe fama;unknown;UNKNOWN;u;1;1;1;1;0;0;0;0;1.0;0.0;0.0;0.0;0.0;0.0;0.0;0.0;0.0;0.03;0.0;0.0;0.17;0;0;0.0
1120;cal000156;cal;alcoran acompanamiento gentilidad apostasia idolatria hebraismo ateismo sombra rencor hombre albedrio pablo andres diego juan pedro fama musicos principe;unknown;UNKNOWN;u;1;1;1;14;0;0;0;0;1.0;0.0;0.0;0.0;0.0;0.0;0.0;0.0;0.0;0.03;0.0;0.0;0.17;0;0;0.0
1121;cal000156;cal;alcoran acompanamiento gentilidad apostasia idolatria hebraismo ateismo sombra rencor hombre albedrio pablo andres diego juan pedro musicos principe fama;unknown;UNKNOWN;u;1;1;1;2;0;0;0;0;1.0;0.0;0.0;0.0;0.0;0.0;0.0;0.0;0.0;0.03;0.0;0.0;0.17;0;0;0.0
1122;cal000156;cal;musicos principe fama;unknown;UNKNOWN;u;1;1;1;2;0;0;0;0;1.0;0.0;0.0;0.0;0.0;0.0;0.0;0.0;0.0;0.03;0.0;0.0;0.12;2;1;0.0
1123;cal000156;cal;sombra fama;unknown;UNKNOWN;u;1;1;1;1;0;0;0;0;1.0;0.0;0.0;0.0;0.0;0.0;0.0;0.0;0.0;0.03;0.0;0.0;0.12;2;0;0.0
1124;cal000156;cal;voz musicos;unknown;UNKNOWN;u;1;1;1;3;0;0;0;0;1.0;0.0;0.0;0.0;0.0;0.0;0.0;0.0;0.0;0.03;0.0;0.0;0.12;0;0;0.0
1125;cal000156;cal;idolatria apostasia;unknown;UNKNOWN;u;1;1;1;1;0;0;0;0;1.0;0.0;0.0;0.0;0.0;0.0;0.0;0.0;0.0;0.03;0.0;0.0;0.12;0;0;0.0
1126;cal000156;cal;rencor judaismo sombra;unknown;UNKNOWN;u;1;1;1;3;0;0;0;0;1.0;0.0;0.0;0.0;0.0;0.0;0.0;0.0;0.0;0.03;0.0;0.0;0.1;0;0;0.0
1127;cal000156;cal;acompanamiento gentilidad ateismo hombre albedrio pablo andres diego juan fama voz musicos idolatria hebraismo apostasia principe pedro rencor judaismo sombra;unknown;UNKNOWN;u;1;1;1;6;0;0;0;0;1.0;0.0;0.0;0.0;0.0;0.0;0.0;0.0;0.0;0.03;0.0;0.0;0.19;3;6;0.0
1128;cal000156;cal;iglesia fama;unknown;UNKNOWN;u;1;1;1;1;0;0;0;0;1.0;0.0;0.0;0.0;0.0;0.0;0.0;0.0;0.0;0.03;0.0;0.0;0.19;0;1;0.0
1129;cal000156;cal;fama iglesia;unknown;UNKNOWN;u;1;1;2;2;0;0;0;0;1.0;0.0;0.0;0.0;0.0;0.0;0.0;0.0;0.0;0.03;0.0;0.0;0.13;3;2;0.0
1130;cal000156;cal;apostoles hombre;unknown;UNKNOWN;u;1;1;2;2;0;0;0;0;1.0;0.0;0.0;0.0;0.0;0.0;0.0;0.0;0.0;0.03;0.0;0.0;0.13;3;2;0.0
1131;cal000156;cal;alcoran acompanamiento ateismo andres diego juan voz musicos idolatria judaismo pablo pedro albedrio apostasia apostoles hombre rencor sombra gentilidad hebraismo fama principe iglesia;unknown;UNKNOWN;u;1;1;1;3;0;0;0;0;1.0;0.0;0.0;0.0;0.0;0.0;0.0;0.0;0.0;0.03;0.0;0.0;0.15;1;2;0.0
1132;cal000156;cal;rencor sombra;unknown;UNKNOWN;u;1;1;2;6;0;0;0;0;1.0;0.0;0.0;0.0;0.0;0.0;0.0;0.0;0.0;0.03;0.0;0.0;0.04;0;0;0.0
1133;cal000156;cal;acompanamiento ateismo andres diego juan voz musicos idolatria judaismo pablo albedrio apostasia apostoles hombre iglesia pedro fama hebraismo sombra rencor gentilidad principe;unknown;UNKNOWN;u;1;1;2;10;0;0;0;0;1.0;0.0;0.0;0.0;0.0;0.0;0.0;0.0;0.0;0.03;0.0;0.0;0.04;0;0;0.0
1134;cal000008;cal;behomud;unknown;Behomud;MALE;1;26;91;608;0;0;0;0;1.0;0.0;0.0;0.0;0.0;0.0;0.0;0.0;0.0;0.57;0.19;0.24;0.72;1;5;0.26
1135;cal000008;cal;demonio;unknown;El Demonio;MALE;1;12;47;449;0;0;0;0;1.0;0.0;0.0;0.0;0.0;0.0;0.0;0.0;0.0;0.26;0.1;0.18;0.61;0;10;0.09
1136;cal000008;cal;pitonisa;unknown;La Pitonisa;FEMALE;1;19;71;377;0;0;0;0;1.0;0.0;0.0;0.0;0.0;0.0;0.0;0.0;0.0;0.41;0.15;0.15;0.57;1;8;0.06
1137;cal000008;cal;candaces;unknown;Candaces;MALE;1;10;31;313;0;0;0;0;1.0;0.0;0.0;0.0;0.0;0.0;0.0;0.0;0.0;0.22;0.07;0.12;0.63;2;4;0.19
1138;cal000008;cal;descuido;unknown;El Descuido;MALE;1;7;21;72;0;0;0;0;1.0;0.0;0.0;0.0;0.0;0.0;0.0;0.0;0.0;0.15;0.04;0.03;0.57;1;4;0.08
1139;cal000008;cal;fe;unknown;La Fe;FEMALE;1;3;13;56;0;0;0;0;1.0;0.0;0.0;0.0;0.0;0.0;0.0;0.0;0.0;0.07;0.03;0.02;0.41;2;3;0.03
1140;cal000008;cal;pueblo-hebreo;unknown;Pueblo Hebreo;MALE;1;5;29;52;0;0;0;0;1.0;0.0;0.0;0.0;0.0;0.0;0.0;0.0;0.0;0.11;0.06;0.02;0.43;1;5;0.02
1141;cal000008;cal;pueblo-romano;unknown;Pueblo Romano;MALE;1;4;26;61;0;0;0;0;1.0;0.0;0.0;0.0;0.0;0.0;0.0;0.0;0.0;0.09;0.05;0.02;0.22;1;3;0.01
1142;cal000008;cal;filipo;unknown;Filipo;MALE;1;6;34;234;0;0;0;0;1.0;0.0;0.0;0.0;0.0;0.0;0.0;0.0;0.0;0.13;0.07;0.09;0.48;1;3;0.03
1143;cal000008;cal;cuidado;unknown;El Cuidado;MALE;1;6;13;33;0;0;0;0;1.0;0.0;0.0;0.0;0.0;0.0;0.0;0.0;0.0;0.13;0.03;0.01;0.33;0;4;0.02
1144;cal000008;cal;dama-1;unknown;Dama 1.ª;FEMALE;1;2;3;5;0;0;0;0;1.0;0.0;0.0;0.0;0.0;0.0;0.0;0.0;0.0;0.04;0.01;0.0;0.13;1;0;0.0
1145;cal000008;cal;dama-2;unknown;Dama 2.ª;FEMALE;1;2;3;11;0;0;0;0;1.0;0.0;0.0;0.0;0.0;0.0;0.0;0.0;0.0;0.04;0.01;0.0;0.13;0;0;0.0
1146;cal000008;cal;ángel;unknown;Un Ángel;MALE;1;6;14;97;0;0;0;0;1.0;0.0;0.0;0.0;0.0;0.0;0.0;0.0;0.0;0.13;0.03;0.04;0.41;1;2;0.02
1147;cal000008;cal;criado;unknown;Un Criado;MALE;1;2;2;2;0;0;0;0;1.0;0.0;0.0;0.0;0.0;0.0;0.0;0.0;0.0;0.04;0.0;0.0;0.02;0;1;0.0
1148;cal000008;cal;pastor-1;unknown;Pastor 1.º;MALE;1;1;1;2;0;0;0;0;1.0;0.0;0.0;0.0;0.0;0.0;0.0;0.0;0.0;0.02;0.0;0.0;0.09;0;1;0.0
1149;cal000008;cal;pastor-2;unknown;Pastor 2.º;MALE;1;1;1;2;0;0;0;0;1.0;0.0;0.0;0.0;0.0;0.0;0.0;0.0;0.0;0.02;0.0;0.0;0.09;0;0;0.0
1150;cal000008;cal;gentil;unknown;Gentil;MALE;1;1;4;15;0;0;0;0;1.0;0.0;0.0;0.0;0.0;0.0;0.0;0.0;0.0;0.02;0.01;0.01;0.33;1;2;0.0
1151;cal000008;cal;música;unknown;Música;UNKNOWN;1;4;7;33;0;0;0;0;1.0;0.0;0.0;0.0;0.0;0.0;0.0;0.0;0.0;0.09;0.01;0.01;0.43;2;4;0.04
1152;cal000008;cal;filipo descuido behomud pitonisa ángel pueblo-hebreo;unknown;UNKNOWN;u;1;1;3;3;0;0;0;0;1.0;0.0;0.0;0.0;0.0;0.0;0.0;0.0;0.0;0.02;0.01;0.0;0.07;0;0;0.0
1153;cal000008;cal;candaces criado dama-1 dama-2 demonio pastor-1 pastor-2 cuidado fe pueblo-romano;unknown;UNKNOWN;u;1;1;2;2;0;0;0;0;1.0;0.0;0.0;0.0;0.0;0.0;0.0;0.0;0.0;0.02;0.0;0.0;0.07;0;0;0.0
1154;cal000008;cal;filipo descuido behomud pitonisa ángel pueblo-hebreo candaces criado dama-1 dama-2 demonio pastor-1 pastor-2 cuidado fe pueblo-romano;unknown;UNKNOWN;u;1;1;1;1;0;0;0;0;1.0;0.0;0.0;0.0;0.0;0.0;0.0;0.0;0.0;0.02;0.0;0.0;0.07;0;0;0.0
1155;cal000008;cal;candaces behomud;unknown;UNKNOWN;u;1;2;4;4;0;0;0;0;1.0;0.0;0.0;0.0;0.0;0.0;0.0;0.0;0.0;0.04;0.01;0.0;0.2;0;0;0.12
1156;cal000008;cal;pastor-1 pastor-2 música;unknown;UNKNOWN;u;1;1;2;4;0;0;0;0;1.0;0.0;0.0;0.0;0.0;0.0;0.0;0.0;0.0;0.02;0.0;0.0;0.13;0;0;0.0
1157;cal000008;cal;candaces pastor-1 pastor-2;unknown;UNKNOWN;u;1;1;1;2;0;0;0;0;1.0;0.0;0.0;0.0;0.0;0.0;0.0;0.0;0.0;0.02;0.0;0.0;0.13;0;0;0.0
1158;cal000008;cal;música pastor-1 pastor-2;unknown;UNKNOWN;u;1;2;3;10;0;0;0;0;1.0;0.0;0.0;0.0;0.0;0.0;0.0;0.0;0.0;0.04;0.01;0.0;0.17;0;0;0.01
1159;cal000008;cal;candaces behomud música pastor-1 pastor-2;unknown;UNKNOWN;u;1;1;2;5;0;0;0;0;1.0;0.0;0.0;0.0;0.0;0.0;0.0;0.0;0.0;0.02;0.0;0.0;0.13;0;0;0.0
1160;cal000008;cal;pastor-1 pastor-2;unknown;UNKNOWN;u;1;5;5;11;0;0;0;0;1.0;0.0;0.0;0.0;0.0;0.0;0.0;0.0;0.0;0.11;0.01;0.0;0.26;0;3;0.01
1161;cal000008;cal;cuidado descuido música;unknown;UNKNOWN;u;1;1;4;4;0;0;0;0;1.0;0.0;0.0;0.0;0.0;0.0;0.0;0.0;0.0;0.02;0.01;0.0;0.2;0;0;0.0
1162;cal000008;cal;pitonisa demonio behomud pastor-1 pastor-2 música;unknown;UNKNOWN;u;1;1;1;1;0;0;0;0;1.0;0.0;0.0;0.0;0.0;0.0;0.0;0.0;0.0;0.02;0.0;0.0;0.2;0;0;0.0
1163;cal000008;cal;behomud pastor-1 pastor-2 música;unknown;UNKNOWN;u;1;1;5;5;0;0;0;0;1.0;0.0;0.0;0.0;0.0;0.0;0.0;0.0;0.0;0.02;0.01;0.0;0.2;0;0;0.0
1164;cal000008;cal;pitonisa demonio;unknown;UNKNOWN;u;1;3;9;14;0;0;0;0;1.0;0.0;0.0;0.0;0.0;0.0;0.0;0.0;0.0;0.07;0.02;0.01;0.26;0;0;0.0
1165;cal000008;cal;pitonisa behomud cuidado descuido demonio pastor-1 pastor-2 música;unknown;UNKNOWN;u;1;1;1;2;0;0;0;0;1.0;0.0;0.0;0.0;0.0;0.0;0.0;0.0;0.0;0.02;0.0;0.0;0.07;0;1;0.0
1166;cal000008;cal;descuido behomud pastor-1 pastor-2 ángel cuidado demonio pitonisa música;unknown;UNKNOWN;u;1;1;2;3;0;0;0;0;1.0;0.0;0.0;0.0;0.0;0.0;0.0;0.0;0.0;0.02;0.0;0.0;0.11;0;3;0.0
1167;cal000008;cal;pitonisa descuido behomud pastor-1 pastor-2 ángel cuidado pitonisa música;unknown;UNKNOWN;u;1;1;1;3;0;0;0;0;1.0;0.0;0.0;0.0;0.0;0.0;0.0;0.0;0.0;0.02;0.0;0.0;0.11;0;0;0.0
1168;cal000008;cal;pitonisa demonio cuidado descuido ángel;unknown;UNKNOWN;u;1;1;1;4;0;0;0;0;1.0;0.0;0.0;0.0;0.0;0.0;0.0;0.0;0.0;0.02;0.0;0.0;0.04;0;0;0.0
1169;cal000008;cal;dama-1 dama-2;unknown;UNKNOWN;u;1;2;2;9;0;0;0;0;1.0;0.0;0.0;0.0;0.0;0.0;0.0;0.0;0.0;0.04;0.0;0.0;0.13;2;1;0.0
1170;cal000008;cal;candaces dama-1 dama-2 música;unknown;UNKNOWN;u;1;1;1;1;0;0;0;0;1.0;0.0;0.0;0.0;0.0;0.0;0.0;0.0;0.0;0.02;0.0;0.0;0.11;2;1;0.0
1171;cal000008;cal;pueblo-romano demonio fe filipo;unknown;UNKNOWN;u;1;1;1;1;0;0;0;0;1.0;0.0;0.0;0.0;0.0;0.0;0.0;0.0;0.0;0.02;0.0;0.0;0.17;0;2;0.0
1172;cal000008;cal;pueblo-hebreo pitonisa candaces;unknown;UNKNOWN;u;1;1;1;1;0;0;0;0;1.0;0.0;0.0;0.0;0.0;0.0;0.0;0.0;0.0;0.02;0.0;0.0;0.17;0;2;0.0
1173;cal000008;cal;pueblo-romano pueblo-hebreo;unknown;UNKNOWN;u;1;1;1;1;0;0;0;0;1.0;0.0;0.0;0.0;0.0;0.0;0.0;0.0;0.0;0.02;0.0;0.0;0.17;0;0;0.0
1174;cal000008;cal;pueblo-hebreo pueblo-romano;unknown;UNKNOWN;u;1;1;1;1;0;0;0;0;1.0;0.0;0.0;0.0;0.0;0.0;0.0;0.0;0.0;0.02;0.0;0.0;0.07;0;0;0.0
1175;cal000008;cal;demonio pitonisa;unknown;UNKNOWN;u;1;2;2;4;0;0;0;0;1.0;0.0;0.0;0.0;0.0;0.0;0.0;0.0;0.0;0.04;0.0;0.0;0.35;1;1;0.0
1176;cal000008;cal;candaces música;unknown;UNKNOWN;u;1;2;2;14;0;0;0;0;1.0;0.0;0.0;0.0;0.0;0.0;0.0;0.0;0.0;0.04;0.0;0.01;0.07;0;1;0.0
1177;cal000008;cal;candaces behomud filipo;unknown;UNKNOWN;u;1;1;2;6;0;0;0;0;1.0;0.0;0.0;0.0;0.0;0.0;0.0;0.0;0.0;0.02;0.0;0.0;0.33;2;5;0.0
1178;cal000008;cal;ángel filipo;unknown;UNKNOWN;u;1;1;1;1;0;0;0;0;1.0;0.0;0.0;0.0;0.0;0.0;0.0;0.0;0.0;0.02;0.0;0.0;0.33;0;0;0.0
1179;cal000008;cal;candaces filipo behomud;unknown;UNKNOWN;u;1;1;1;3;0;0;0;0;1.0;0.0;0.0;0.0;0.0;0.0;0.0;0.0;0.0;0.02;0.0;0.0;0.33;0;0;0.0
1180;cal000008;cal;pitonisa pueblo-hebreo ángel demonio fe descuido dama-1 dama-2 cuidado behomud candaces filipo música;unknown;UNKNOWN;u;1;1;1;11;0;0;0;0;1.0;0.0;0.0;0.0;0.0;0.0;0.0;0.0;0.0;0.02;0.0;0.0;0.33;0;0;0.0
1181;cal000157;cal;musicos;unknown;Cantan;UNKNOWN;1;3;8;14;0;0;0;0;1.0;0.0;0.0;0.0;0.0;0.0;0.0;0.0;0.0;0.08;0.02;0.01;0.32;1;2;0.01
1182;cal000157;cal;ali;unknown;Alí;MALE;1;10;26;98;0;0;0;0;1.0;0.0;0.0;0.0;0.0;0.0;0.0;0.0;0.0;0.26;0.06;0.05;0.54;4;6;0.03
1183;cal000157;cal;idolatria;unknown;Idolatría;FEMALE;1;9;25;85;0;0;0;0;1.0;0.0;0.0;0.0;0.0;0.0;0.0;0.0;0.0;0.24;0.06;0.04;0.54;2;5;0.03
1184;cal000157;cal;secta;unknown;Secta;FEMALE;1;13;35;391;0;0;0;0;1.0;0.0;0.0;0.0;0.0;0.0;0.0;0.0;0.0;0.34;0.09;0.2;0.63;1;6;0.06
1185;cal000157;cal;soldado;unknown;Soldado;MALE;1;1;3;7;0;0;0;0;1.0;0.0;0.0;0.0;0.0;0.0;0.0;0.0;0.0;0.03;0.01;0.0;0.12;0;2;0.0
1186;cal000157;cal;alcuzcuz;unknown;Alcuzcuz;MALE;1;11;32;166;0;0;0;0;1.0;0.0;0.0;0.0;0.0;0.0;0.0;0.0;0.0;0.29;0.08;0.09;0.44;3;4;0.01
1187;cal000157;cal;oido;unknown;Oído;MALE;1;12;38;173;0;0;0;0;1.0;0.0;0.0;0.0;0.0;0.0;0.0;0.0;0.0;0.32;0.09;0.09;0.83;1;5;0.15
1188;cal000157;cal;iglesia;unknown;Iglesia;FEMALE;1;9;49;374;0;0;0;0;1.0;0.0;0.0;0.0;0.0;0.0;0.0;0.0;0.0;0.24;0.12;0.19;0.73;2;6;0.06
1189;cal000157;cal;entendimiento;unknown;Entendimiento;MALE;1;9;35;124;0;0;0;0;1.0;0.0;0.0;0.0;0.0;0.0;0.0;0.0;0.0;0.24;0.09;0.06;0.44;2;3;0.01
1190;cal000157;cal;vista;unknown;Vista;FEMALE;1;7;8;29;0;0;0;0;1.0;0.0;0.0;0.0;0.0;0.0;0.0;0.0;0.0;0.18;0.02;0.02;0.68;1;3;0.04
1191;cal000157;cal;olfato;unknown;Olfato;MALE;1;8;23;58;0;0;0;0;1.0;0.0;0.0;0.0;0.0;0.0;0.0;0.0;0.0;0.21;0.06;0.03;0.68;1;4;0.04
1192;cal000157;cal;tacto;unknown;Tacto;MALE;1;6;7;20;0;0;0;0;1.0;0.0;0.0;0.0;0.0;0.0;0.0;0.0;0.0;0.16;0.02;0.01;0.56;1;1;0.02
1193;cal000157;cal;gusto;unknown;Gusto;MALE;1;6;7;16;0;0;0;0;1.0;0.0;0.0;0.0;0.0;0.0;0.0;0.0;0.0;0.16;0.02;0.01;0.56;0;1;0.02
1194;cal000157;cal;acompanamiento;unknown;Dentro;UNKNOWN;1;7;18;26;0;0;0;0;1.0;0.0;0.0;0.0;0.0;0.0;0.0;0.0;0.0;0.18;0.04;0.01;0.73;1;1;0.12
1195;cal000157;cal;apostasia;unknown;Apostasía;FEMALE;1;14;57;292;0;0;0;0;1.0;0.0;0.0;0.0;0.0;0.0;0.0;0.0;0.0;0.37;0.14;0.15;0.63;4;6;0.08
1196;cal000157;cal;eco;unknown;Eco;MALE;1;1;6;6;0;0;0;0;1.0;0.0;0.0;0.0;0.0;0.0;0.0;0.0;0.0;0.03;0.01;0.0;0.22;1;0;0.0
1197;cal000157;cal;ali idolatria secta;unknown;UNKNOWN;u;1;1;1;2;0;0;0;0;1.0;0.0;0.0;0.0;0.0;0.0;0.0;0.0;0.0;0.03;0.0;0.0;0.12;0;0;0.0
1198;cal000157;cal;ali idolatria secta alcuzcuz iglesia oido vista olfato tacto gusto entendimiento;unknown;UNKNOWN;u;1;1;1;3;0;0;0;0;1.0;0.0;0.0;0.0;0.0;0.0;0.0;0.0;0.0;0.03;0.0;0.0;0.2;0;0;0.0
1199;cal000157;cal;ali idolatria alcuzcuz vista olfato tacto gusto entendimiento acompanamiento apostasia oido iglesia secta;unknown;UNKNOWN;u;1;1;1;1;0;0;0;0;1.0;0.0;0.0;0.0;0.0;0.0;0.0;0.0;0.0;0.03;0.0;0.0;0.15;0;0;0.0
1200;cal000157;cal;ali idolatria alcuzcuz vista olfato tacto gusto entendimiento apostasia oido secta acompanamiento iglesia;unknown;UNKNOWN;u;1;1;1;1;0;0;0;0;1.0;0.0;0.0;0.0;0.0;0.0;0.0;0.0;0.0;0.03;0.0;0.0;0.15;0;0;0.0
1201;cal000157;cal;ali idolatria alcuzcuz vista olfato tacto gusto entendimiento oido iglesia apostasia acompanamiento secta;unknown;UNKNOWN;u;1;1;1;1;0;0;0;0;1.0;0.0;0.0;0.0;0.0;0.0;0.0;0.0;0.0;0.03;0.0;0.0;0.1;0;0;0.0
1202;cal000157;cal;ali idolatria alcuzcuz olfato tacto oido iglesia acompanamiento secta apostasia musicos entendimiento gusto vista;unknown;UNKNOWN;u;1;1;1;2;0;0;0;0;1.0;0.0;0.0;0.0;0.0;0.0;0.0;0.0;0.0;0.03;0.0;0.0;0.2;1;3;0.0
1203;cal000157;cal;ali idolatria alcuzcuz iglesia acompanamiento secta apostasia musicos entendimiento gusto vista oido tacto olfato;unknown;UNKNOWN;u;1;1;1;2;0;0;0;0;1.0;0.0;0.0;0.0;0.0;0.0;0.0;0.0;0.0;0.03;0.0;0.0;0.2;1;0;0.0
1204;cal000157;cal;ali idolatria alcuzcuz acompanamiento secta musicos vista tacto gusto entendimiento apostasia oido musicos eco iglesia olfato;unknown;UNKNOWN;u;1;1;1;1;0;0;0;0;1.0;0.0;0.0;0.0;0.0;0.0;0.0;0.0;0.0;0.03;0.0;0.0;0.22;1;0;0.0
1205;cal000157;cal;ali idolatria alcuzcuz secta musicos tacto gusto entendimiento apostasia oido musicos eco olfato acompanamiento iglesia vista;unknown;UNKNOWN;u;1;1;1;3;0;0;0;0;1.0;0.0;0.0;0.0;0.0;0.0;0.0;0.0;0.0;0.03;0.0;0.0;0.22;0;0;0.0
1206;cal000157;cal;ali idolatria alcuzcuz secta musicos tacto gusto entendimiento apostasia oido musicos eco olfato acompanamiento vista iglesia;unknown;UNKNOWN;u;1;1;1;1;0;0;0;0;1.0;0.0;0.0;0.0;0.0;0.0;0.0;0.0;0.0;0.03;0.0;0.0;0.22;0;0;0.0
1207;cal000157;cal;musicos musicos eco iglesia acompanamiento vista idolatria tacto secta gusto ali olfato apostasia alcuzcuz entendimiento oido;unknown;UNKNOWN;u;1;1;1;1;0;0;0;0;1.0;0.0;0.0;0.0;0.0;0.0;0.0;0.0;0.0;0.03;0.0;0.0;0.07;1;0;0.0
1208;cal000157;cal;musicos musicos eco iglesia acompanamiento vista idolatria tacto secta gusto ali olfato alcuzcuz entendimiento oido apostasia;unknown;UNKNOWN;u;1;1;1;2;0;0;0;0;1.0;0.0;0.0;0.0;0.0;0.0;0.0;0.0;0.0;0.03;0.0;0.0;0.07;0;0;0.0
1209;cal000157;cal;idolatria ali apostasia;unknown;UNKNOWN;u;1;1;1;1;0;0;0;0;1.0;0.0;0.0;0.0;0.0;0.0;0.0;0.0;0.0;0.03;0.0;0.0;0.1;0;0;0.0
1210;cal000157;cal;apostasia ali idolatria;unknown;UNKNOWN;u;1;1;2;2;0;0;0;0;1.0;0.0;0.0;0.0;0.0;0.0;0.0;0.0;0.0;0.03;0.0;0.0;0.2;0;0;0.0
1211;cal000157;cal;musicos musicos eco iglesia acompanamiento vista tacto gusto olfato entendimiento oido alcuzcuz idolatria secta ali apostasia;unknown;UNKNOWN;u;1;1;1;1;0;0;0;0;1.0;0.0;0.0;0.0;0.0;0.0;0.0;0.0;0.0;0.03;0.0;0.0;0.2;0;0;0.0
1212;cal000157;cal;secta apostasia acompanamiento;unknown;UNKNOWN;u;1;1;1;1;0;0;0;0;1.0;0.0;0.0;0.0;0.0;0.0;0.0;0.0;0.0;0.03;0.0;0.0;0.2;0;0;0.0
1213;cal000157;cal;ali idolatria apostasia;unknown;UNKNOWN;u;1;1;1;1;0;0;0;0;1.0;0.0;0.0;0.0;0.0;0.0;0.0;0.0;0.0;0.03;0.0;0.0;0.2;0;0;0.0
1214;cal000157;cal;musicos musicos eco iglesia vista tacto gusto olfato entendimiento oido alcuzcuz acompanamiento idolatria ali apostasia secta;unknown;UNKNOWN;u;1;1;1;1;0;0;0;0;1.0;0.0;0.0;0.0;0.0;0.0;0.0;0.0;0.0;0.03;0.0;0.0;0.27;2;4;0.0
1215;cal000157;cal;musicos musicos eco vista tacto gusto olfato entendimiento oido alcuzcuz acompanamiento idolatria ali apostasia secta iglesia;unknown;UNKNOWN;u;1;1;1;1;0;0;0;0;1.0;0.0;0.0;0.0;0.0;0.0;0.0;0.0;0.0;0.03;0.0;0.0;0.27;1;4;0.0
1216;cal000157;cal;musicos musicos eco entendimiento alcuzcuz idolatria ali apostasia secta acompanamiento vista gusto tacto oido olfato iglesia;unknown;UNKNOWN;u;1;1;1;1;0;0;0;0;1.0;0.0;0.0;0.0;0.0;0.0;0.0;0.0;0.0;0.03;0.0;0.0;0.27;0;0;0.0
1217;cal000157;cal;musicos musicos eco entendimiento alcuzcuz acompanamiento idolatria ali apostasia secta vista gusto tacto oido olfato iglesia;unknown;UNKNOWN;u;1;1;2;4;0;0;0;0;1.0;0.0;0.0;0.0;0.0;0.0;0.0;0.0;0.0;0.03;0.0;0.0;0.27;0;0;0.0
1218;cal000157;cal;musicos musicos eco entendimiento alcuzcuz acompanamiento idolatria ali apostasia secta vista gusto tacto oido iglesia olfato;unknown;UNKNOWN;u;1;1;4;8;0;0;0;0;1.0;0.0;0.0;0.0;0.0;0.0;0.0;0.0;0.0;0.03;0.01;0.0;0.27;0;0;0.0
1219;cal000157;cal;musicos musicos eco alcuzcuz acompanamiento idolatria ali apostasia secta vista gusto tacto oido olfato entendimiento iglesia;unknown;UNKNOWN;u;1;1;1;2;0;0;0;0;1.0;0.0;0.0;0.0;0.0;0.0;0.0;0.0;0.0;0.03;0.0;0.0;0.0;0;0;0.0
1220;cal000157;cal;musicos musicos eco acompanamiento vista gusto tacto oido olfato entendimiento iglesia secta ali apostasia idolatria alcuzcuz;unknown;UNKNOWN;u;1;1;1;1;0;0;0;0;1.0;0.0;0.0;0.0;0.0;0.0;0.0;0.0;0.0;0.03;0.0;0.0;0.34;2;5;0.0
1221;cal000157;cal;musicos musicos eco vista gusto tacto oido olfato acompanamiento entendimiento apostasia alcuzcuz ali idolatria secta iglesia;unknown;UNKNOWN;u;1;1;1;4;0;0;0;0;1.0;0.0;0.0;0.0;0.0;0.0;0.0;0.0;0.0;0.03;0.0;0.0;0.34;1;5;0.0
1222;cal000157;cal;musicos musicos eco apostasia alcuzcuz ali idolatria secta vista oido gusto entendimiento olfato iglesia tacto;unknown;UNKNOWN;u;1;1;1;2;0;0;0;0;1.0;0.0;0.0;0.0;0.0;0.0;0.0;0.0;0.0;0.03;0.0;0.0;0.34;0;0;0.0
1223;cal000158;cal;musicos;unknown;Músicos;UNKNOWN;1;13;27;52;0;0;0;0;1.0;0.0;0.0;0.0;0.0;0.0;0.0;0.0;0.0;0.29;0.05;0.02;0.71;2;3;0.12
1224;cal000158;cal;coro-1;unknown;Coro 1.º;UNKNOWN;1;1;2;2;0;0;0;0;1.0;0.0;0.0;0.0;0.0;0.0;0.0;0.0;0.0;0.02;0.0;0.0;0.13;0;0;0.0
1225;cal000158;cal;coro-2;unknown;Coro 2.º;UNKNOWN;1;1;2;2;0;0;0;0;1.0;0.0;0.0;0.0;0.0;0.0;0.0;0.0;0.0;0.02;0.0;0.0;0.13;0;0;0.0
1226;cal000158;cal;ingenio;unknown;Ingenio;MALE;1;19;91;453;0;0;0;0;1.0;0.0;0.0;0.0;0.0;0.0;0.0;0.0;0.0;0.42;0.17;0.19;0.8;5;5;0.19
1227;cal000158;cal;pensamiento;unknown;Pensamiento;MALE;1;17;41;153;0;0;0;0;1.0;0.0;0.0;0.0;0.0;0.0;0.0;0.0;0.0;0.38;0.08;0.06;0.64;6;7;0.09
1228;cal000158;cal;tiempo;unknown;Tiempo;MALE;1;16;79;418;0;0;0;0;1.0;0.0;0.0;0.0;0.0;0.0;0.0;0.0;0.0;0.36;0.15;0.17;0.67;5;5;0.1
1229;cal000158;cal;ley-natural;unknown;Ley Natural;FEMALE;1;5;12;62;0;0;0;0;1.0;0.0;0.0;0.0;0.0;0.0;0.0;0.0;0.0;0.11;0.02;0.03;0.49;4;5;0.01
1230;cal000158;cal;adan;unknown;Adán;MALE;1;3;20;120;0;0;0;0;1.0;0.0;0.0;0.0;0.0;0.0;0.0;0.0;0.0;0.07;0.04;0.05;0.4;6;4;0.0
1231;cal000158;cal;idolatria;unknown;Idolatría;FEMALE;1;9;21;102;0;0;0;0;1.0;0.0;0.0;0.0;0.0;0.0;0.0;0.0;0.0;0.2;0.04;0.04;0.58;2;3;0.03
1232;cal000158;cal;ley-escrita;unknown;Ley Escrita;FEMALE;1;5;12;72;0;0;0;0;1.0;0.0;0.0;0.0;0.0;0.0;0.0;0.0;0.0;0.11;0.02;0.03;0.56;3;6;0.03
1233;cal000158;cal;moises;unknown;Moisés;MALE;1;3;7;20;0;0;0;0;1.0;0.0;0.0;0.0;0.0;0.0;0.0;0.0;0.0;0.07;0.01;0.01;0.47;4;3;0.02
1234;cal000158;cal;hebraismo;unknown;Hebraísmo;MALE;1;14;39;178;0;0;0;0;1.0;0.0;0.0;0.0;0.0;0.0;0.0;0.0;0.0;0.31;0.07;0.07;0.64;1;3;0.06
1235;cal000158;cal;ley-de-gracia;unknown;Ley de Gracia;FEMALE;1;9;34;116;0;0;0;0;1.0;0.0;0.0;0.0;0.0;0.0;0.0;0.0;0.0;0.2;0.06;0.05;0.51;6;4;0.01
1236;cal000158;cal;apostasia;unknown;Apostasía;FEMALE;1;10;16;91;0;0;0;0;1.0;0.0;0.0;0.0;0.0;0.0;0.0;0.0;0.0;0.22;0.03;0.04;0.6;2;3;0.04
1237;cal000158;cal;noche;unknown;Noche;FEMALE;1;19;79;402;0;0;0;0;1.0;0.0;0.0;0.0;0.0;0.0;0.0;0.0;0.0;0.42;0.15;0.17;0.62;4;6;0.05
1238;cal000158;cal;corro-grande;unknown;Corro Grande;UNKNOWN;1;1;1;1;0;0;0;0;1.0;0.0;0.0;0.0;0.0;0.0;0.0;0.0;0.0;0.02;0.0;0.0;0.29;5;3;0.0
1239;cal000158;cal;zagal;unknown;Zagal;MALE;1;6;9;72;0;0;0;0;1.0;0.0;0.0;0.0;0.0;0.0;0.0;0.0;0.0;0.13;0.02;0.03;0.51;0;0;0.01
1240;cal000158;cal;angel;unknown;Ángel;MALE;1;1;1;4;0;0;0;0;1.0;0.0;0.0;0.0;0.0;0.0;0.0;0.0;0.0;0.02;0.0;0.0;0.38;1;1;0.0
1241;cal000158;cal;nina;unknown;Niña;FEMALE;1;1;1;3;0;0;0;0;1.0;0.0;0.0;0.0;0.0;0.0;0.0;0.0;0.0;0.02;0.0;0.0;0.38;0;1;0.0
1242;cal000158;cal;musicos acompanamiento;unknown;UNKNOWN;u;1;1;1;2;0;0;0;0;1.0;0.0;0.0;0.0;0.0;0.0;0.0;0.0;0.0;0.02;0.0;0.0;0.09;0;0;0.0
1243;cal000158;cal;acompanamiento;unknown;UNKNOWN;u;1;1;9;10;0;0;0;0;1.0;0.0;0.0;0.0;0.0;0.0;0.0;0.0;0.0;0.02;0.02;0.0;0.09;0;0;0.0
1244;cal000158;cal;ingenio musicos;unknown;UNKNOWN;u;1;1;2;16;0;0;0;0;1.0;0.0;0.0;0.0;0.0;0.0;0.0;0.0;0.0;0.02;0.0;0.01;0.09;0;0;0.0
1245;cal000158;cal;acompanamiento musicos pensamiento ingenio coro-1 coro-2 tiempo;unknown;UNKNOWN;u;1;1;1;2;0;0;0;0;1.0;0.0;0.0;0.0;0.0;0.0;0.0;0.0;0.0;0.02;0.0;0.0;0.13;0;0;0.0
1246;cal000158;cal;tiempo musicos;unknown;UNKNOWN;u;1;1;1;2;0;0;0;0;1.0;0.0;0.0;0.0;0.0;0.0;0.0;0.0;0.0;0.02;0.0;0.0;0.11;0;3;0.0
1247;cal000158;cal;ley-natural adan idolatria;unknown;UNKNOWN;u;1;1;1;1;0;0;0;0;1.0;0.0;0.0;0.0;0.0;0.0;0.0;0.0;0.0;0.02;0.0;0.0;0.11;0;0;0.0
1248;cal000158;cal;ley-natural adan idolatria musicos;unknown;UNKNOWN;u;1;1;1;4;0;0;0;0;1.0;0.0;0.0;0.0;0.0;0.0;0.0;0.0;0.0;0.02;0.0;0.0;0.11;0;0;0.0
1249;cal000158;cal;acompanamiento coro-1 coro-2 musicos pensamiento ingenio adan idolatria tiempo ley-natural;unknown;UNKNOWN;u;1;1;1;1;0;0;0;0;1.0;0.0;0.0;0.0;0.0;0.0;0.0;0.0;0.0;0.02;0.0;0.0;0.13;0;0;0.0
1250;cal000158;cal;musicos acompanamiento coro-1 coro-2 pensamiento ingenio tiempo idolatria adan ley-natural;unknown;UNKNOWN;u;1;1;1;2;0;0;0;0;1.0;0.0;0.0;0.0;0.0;0.0;0.0;0.0;0.0;0.02;0.0;0.0;0.09;0;3;0.0
1251;cal000158;cal;ley-escrita musicos;unknown;UNKNOWN;u;1;1;1;1;0;0;0;0;1.0;0.0;0.0;0.0;0.0;0.0;0.0;0.0;0.0;0.02;0.0;0.0;0.09;0;1;0.0
1252;cal000158;cal;acompanamiento coro-1 coro-2 idolatria adan ley-natural musicos pensamiento ingenio hebraismo tiempo moises ley-escrita;unknown;UNKNOWN;u;1;1;1;6;0;0;0;0;1.0;0.0;0.0;0.0;0.0;0.0;0.0;0.0;0.0;0.02;0.0;0.0;0.09;0;0;0.0
1253;cal000158;cal;ley-de-gracia musicos;unknown;UNKNOWN;u;1;1;4;10;0;0;0;0;1.0;0.0;0.0;0.0;0.0;0.0;0.0;0.0;0.0;0.02;0.01;0.0;0.13;1;1;0.0
1254;cal000158;cal;musicos acompanamiento coro-1 coro-2 idolatria adan ley-natural moises ley-escrita hebraismo apostasia ley-de-gracia tiempo ingenio pensamiento;unknown;UNKNOWN;u;1;1;1;4;0;0;0;0;1.0;0.0;0.0;0.0;0.0;0.0;0.0;0.0;0.0;0.02;0.0;0.0;0.13;0;0;0.0
1255;cal000158;cal;acompanamiento coro-1 coro-2 idolatria ley-natural apostasia ley-de-gracia tiempo ingenio pensamiento musicos adan moises hebraismo ley-escrita noche;unknown;UNKNOWN;u;1;1;1;2;0;0;0;0;1.0;0.0;0.0;0.0;0.0;0.0;0.0;0.0;0.0;0.02;0.0;0.0;0.16;0;0;0.0
1256;cal000158;cal;acompanamiento coro-1 coro-2 idolatria ley-natural apostasia ley-de-gracia tiempo ingenio pensamiento adan moises hebraismo ley-escrita musicos noche;unknown;UNKNOWN;u;1;1;1;1;0;0;0;0;1.0;0.0;0.0;0.0;0.0;0.0;0.0;0.0;0.0;0.02;0.0;0.0;0.16;0;0;0.0
1257;cal000158;cal;acompanamiento coro-1 coro-2 idolatria ley-natural apostasia ley-de-gracia tiempo ingenio pensamiento adan moises hebraismo ley-escrita noche musicos;unknown;UNKNOWN;u;1;1;4;8;0;0;0;0;1.0;0.0;0.0;0.0;0.0;0.0;0.0;0.0;0.0;0.02;0.01;0.0;0.16;0;0;0.0
1258;cal000158;cal;hebraismo apostasia idolatria;unknown;UNKNOWN;u;1;1;5;10;0;0;0;0;1.0;0.0;0.0;0.0;0.0;0.0;0.0;0.0;0.0;0.02;0.01;0.0;0.13;0;0;0.0
1259;cal000158;cal;noche hebraismo;unknown;UNKNOWN;u;1;1;1;1;0;0;0;0;1.0;0.0;0.0;0.0;0.0;0.0;0.0;0.0;0.0;0.02;0.0;0.0;0.13;0;0;0.0
1260;cal000158;cal;acompanamiento coro-1 coro-2 ley-natural tiempo ingenio pensamiento adan moises ley-escrita ley-de-gracia noche hebraismo apostasia idolatria musicos;unknown;UNKNOWN;u;1;1;1;2;0;0;0;0;1.0;0.0;0.0;0.0;0.0;0.0;0.0;0.0;0.0;0.02;0.0;0.0;0.07;0;3;0.0
1261;cal000158;cal;musicos gracia;unknown;UNKNOWN;u;1;1;1;3;0;0;0;0;1.0;0.0;0.0;0.0;0.0;0.0;0.0;0.0;0.0;0.02;0.0;0.0;0.29;5;3;0.0
1262;cal000158;cal;acompanamiento coro-1 coro-2 adan moises tiempo ingenio pensamiento corro-grande musicos gracia noche ley-natural hebraismo apostasia idolatria ley-escrita ley-de-gracia;unknown;UNKNOWN;u;1;1;1;1;0;0;0;0;1.0;0.0;0.0;0.0;0.0;0.0;0.0;0.0;0.0;0.02;0.0;0.0;0.29;0;2;0.0
1263;cal000158;cal;hebraismo ley-escrita idolatria;unknown;UNKNOWN;u;1;1;3;3;0;0;0;0;1.0;0.0;0.0;0.0;0.0;0.0;0.0;0.0;0.0;0.02;0.01;0.0;0.29;0;2;0.0
1264;cal000158;cal;idolatria hebraismo;unknown;UNKNOWN;u;1;1;1;1;0;0;0;0;1.0;0.0;0.0;0.0;0.0;0.0;0.0;0.0;0.0;0.02;0.0;0.0;0.13;0;1;0.0
1265;cal000158;cal;hebraismo zagal;unknown;UNKNOWN;u;1;1;1;1;0;0;0;0;1.0;0.0;0.0;0.0;0.0;0.0;0.0;0.0;0.0;0.02;0.0;0.0;0.13;0;0;0.0
1266;cal000158;cal;acompanamiento coro-1 coro-2 corro-grande gracia apostasia adan ley-natural angel nina idolatria ley-escrita musicos moises ley-de-gracia zagal tiempo ingenio noche hebraismo pensamiento;unknown;UNKNOWN;u;1;1;1;1;0;0;0;0;1.0;0.0;0.0;0.0;0.0;0.0;0.0;0.0;0.0;0.02;0.0;0.0;0.38;0;0;0.0
1267;cal000158;cal;musicos acompanamiento coro-1 coro-2 corro-grande gracia apostasia adan ley-natural angel nina idolatria ley-escrita moises ley-de-gracia zagal ingenio noche hebraismo pensamiento tiempo;unknown;UNKNOWN;u;1;1;1;4;0;0;0;0;1.0;0.0;0.0;0.0;0.0;0.0;0.0;0.0;0.0;0.02;0.0;0.0;0.38;0;0;0.0
1268;cal000009;cal;música;unknown;Músicos;UNKNOWN;1;10;19;46;0;0;0;0;1.0;0.0;0.0;0.0;0.0;0.0;0.0;0.0;0.0;0.26;0.04;0.03;0.65;1;1;0.01
1269;cal000009;cal;hombre;unknown;El Hombre;MALE;1;7;24;104;0;0;0;0;1.0;0.0;0.0;0.0;0.0;0.0;0.0;0.0;0.0;0.18;0.05;0.06;0.7;2;1;0.01
1270;cal000009;cal;demonio;unknown;El Demonio;MALE;1;15;54;319;0;0;0;0;1.0;0.0;0.0;0.0;0.0;0.0;0.0;0.0;0.0;0.38;0.12;0.17;0.65;1;2;0.01
1271;cal000009;cal;apetito;unknown;El Apetito;MALE;1;12;34;93;0;0;0;0;1.0;0.0;0.0;0.0;0.0;0.0;0.0;0.0;0.0;0.31;0.08;0.05;0.7;3;3;0.01
1272;cal000009;cal;conocimiento;unknown;El Conocimiento;MALE;1;15;23;78;0;0;0;0;1.0;0.0;0.0;0.0;0.0;0.0;0.0;0.0;0.0;0.38;0.05;0.04;0.85;1;3;0.08
1273;cal000009;cal;judaísmo;unknown;El Judaísmo;MALE;1;15;65;264;0;0;0;0;1.0;0.0;0.0;0.0;0.0;0.0;0.0;0.0;0.0;0.38;0.15;0.14;0.75;3;4;0.05
1274;cal000009;cal;gentilidad;unknown;La Gentilidad;FEMALE;1;8;29;80;0;0;0;0;1.0;0.0;0.0;0.0;0.0;0.0;0.0;0.0;0.0;0.21;0.07;0.04;0.8;2;2;0.06
1275;cal000009;cal;peregrino;unknown;El Peregrino;MALE;1;10;49;241;0;0;0;0;1.0;0.0;0.0;0.0;0.0;0.0;0.0;0.0;0.0;0.26;0.11;0.13;0.75;5;2;0.02
1276;cal000009;cal;fe;unknown;La Fe;FEMALE;1;10;28;72;0;0;0;0;1.0;0.0;0.0;0.0;0.0;0.0;0.0;0.0;0.0;0.26;0.06;0.04;0.7;4;5;0.01
1277;cal000009;cal;penitencia;unknown;La Penitencia;FEMALE;1;10;22;50;0;0;0;0;1.0;0.0;0.0;0.0;0.0;0.0;0.0;0.0;0.0;0.26;0.05;0.03;0.75;3;5;0.02
1278;cal000009;cal;naturaleza-humana;unknown;La Naturaleza Humana;FEMALE;1;16;67;359;0;0;0;0;1.0;0.0;0.0;0.0;0.0;0.0;0.0;0.0;0.0;0.41;0.15;0.2;0.85;1;1;0.13
1279;cal000009;cal;naturaleza-divina;unknown;La Naturaleza Divina;FEMALE;1;8;22;104;0;0;0;0;1.0;0.0;0.0;0.0;0.0;0.0;0.0;0.0;0.0;0.21;0.05;0.06;0.75;0;2;0.02
1280;cal000009;cal;naturaleza-humana música;unknown;UNKNOWN;u;1;1;1;1;0;0;0;0;1.0;0.0;0.0;0.0;0.0;0.0;0.0;0.0;0.0;0.03;0.0;0.0;0.3;0;3;0.0
1281;cal000009;cal;gentilidad judaísmo;unknown;UNKNOWN;u;1;2;3;5;0;0;0;0;1.0;0.0;0.0;0.0;0.0;0.0;0.0;0.0;0.0;0.05;0.01;0.0;0.2;0;1;0.0
1282;cal000009;cal;música gentilidad judaísmo;unknown;UNKNOWN;u;1;1;1;1;0;0;0;0;1.0;0.0;0.0;0.0;0.0;0.0;0.0;0.0;0.0;0.03;0.0;0.0;0.2;0;1;0.0
1283;cal000009;cal;apetito fe música naturaleza-divina naturaleza-humana penitencia peregrino;unknown;UNKNOWN;u;1;1;1;1;0;0;0;0;1.0;0.0;0.0;0.0;0.0;0.0;0.0;0.0;0.0;0.03;0.0;0.0;0.3;0;0;0.0
1284;cal000009;cal;peregrino naturaleza-humana naturaleza-divina gentilidad judaísmo apetito;unknown;UNKNOWN;u;1;1;1;1;0;0;0;0;1.0;0.0;0.0;0.0;0.0;0.0;0.0;0.0;0.0;0.03;0.0;0.0;0.35;0;0;0.0
1285;cal000009;cal;penitencia apetito gentilidad naturaleza-divina naturaleza-humana conocimiento demonio fe hombre peregrino;unknown;UNKNOWN;u;1;1;1;1;0;0;0;0;1.0;0.0;0.0;0.0;0.0;0.0;0.0;0.0;0.0;0.03;0.0;0.0;0.6;1;0;0.0
1286;cal000009;cal;fe peregrino hombre demonio conocimiento naturaleza-humana apetito penitencia gentilidad judaísmo ángel;unknown;UNKNOWN;u;1;1;1;1;0;0;0;0;1.0;0.0;0.0;0.0;0.0;0.0;0.0;0.0;0.0;0.03;0.0;0.0;0.05;1;0;0.0
1287;cal000009;cal;fe gentilidad penitencia hombre conocimiento naturaleza-divina naturaleza-humana peregrino música;unknown;UNKNOWN;u;1;1;1;4;0;0;0;0;1.0;0.0;0.0;0.0;0.0;0.0;0.0;0.0;0.0;0.03;0.0;0.0;0.4;0;0;0.0
1288;cal000010;cal;hombre;unknown;Hombre;MALE;1;6;24;98;0;0;0;0;1.0;0.0;0.0;0.0;0.0;0.0;0.0;0.0;0.0;0.21;0.05;0.05;0.58;2;1;0.01
1289;cal000010;cal;demonio;unknown;Demonio;MALE;1;14;49;404;0;0;0;0;1.0;0.0;0.0;0.0;0.0;0.0;0.0;0.0;0.0;0.48;0.1;0.2;0.66;2;2;0.05
1290;cal000010;cal;apetito;unknown;Apetito;MALE;1;11;37;115;0;0;0;0;1.0;0.0;0.0;0.0;0.0;0.0;0.0;0.0;0.0;0.38;0.08;0.06;0.58;3;3;0.01
1291;cal000010;cal;conocimiento;unknown;Conocimiento;MALE;1;12;23;89;0;0;0;0;1.0;0.0;0.0;0.0;0.0;0.0;0.0;0.0;0.0;0.41;0.05;0.04;0.76;1;3;0.12
1292;cal000010;cal;judaísmo;unknown;Judaísmo;MALE;1;11;77;303;0;0;0;0;1.0;0.0;0.0;0.0;0.0;0.0;0.0;0.0;0.0;0.38;0.16;0.15;0.68;5;4;0.05
1293;cal000010;cal;música;unknown;Música;UNKNOWN;1;5;10;32;0;0;0;0;1.0;0.0;0.0;0.0;0.0;0.0;0.0;0.0;0.0;0.17;0.02;0.02;0.39;1;3;0.01
1294;cal000010;cal;peregrino;unknown;Peregrino;MALE;1;8;46;226;0;0;0;0;1.0;0.0;0.0;0.0;0.0;0.0;0.0;0.0;0.0;0.28;0.1;0.11;0.82;1;2;0.07
1295;cal000010;cal;naturaleza-humana;unknown;Naturaleza Humana;FEMALE;1;16;68;385;0;0;0;0;1.0;0.0;0.0;0.0;0.0;0.0;0.0;0.0;0.0;0.55;0.14;0.19;0.84;1;2;0.09
1296;cal000010;cal;penitencia;unknown;Penitencia;FEMALE;1;7;16;38;0;0;0;0;1.0;0.0;0.0;0.0;0.0;0.0;0.0;0.0;0.0;0.24;0.03;0.02;0.66;2;5;0.02
1297;cal000010;cal;fee;unknown;La Fee;FEMALE;1;7;26;71;0;0;0;0;1.0;0.0;0.0;0.0;0.0;0.0;0.0;0.0;0.0;0.24;0.05;0.04;0.66;3;5;0.02
1298;cal000010;cal;naturaleza-divina;unknown;Naturaleza Divina;FEMALE;1;7;18;112;0;0;0;0;1.0;0.0;0.0;0.0;0.0;0.0;0.0;0.0;0.0;0.24;0.04;0.06;0.71;0;2;0.05
1299;cal000010;cal;gentilidad;unknown;Gentilidad;FEMALE;1;6;33;81;0;0;0;0;1.0;0.0;0.0;0.0;0.0;0.0;0.0;0.0;0.0;0.21;0.07;0.04;0.63;4;2;0.04
1300;cal000010;cal;hombre música;unknown;UNKNOWN;u;1;1;1;3;0;0;0;0;1.0;0.0;0.0;0.0;0.0;0.0;0.0;0.0;0.0;0.03;0.0;0.0;0.13;0;0;0.0
1301;cal000010;cal;música naturaleza-humana;unknown;UNKNOWN;u;1;2;2;4;0;0;0;0;1.0;0.0;0.0;0.0;0.0;0.0;0.0;0.0;0.0;0.07;0.0;0.0;0.34;1;4;0.0
1302;cal000010;cal;fee penitencia naturaleza-humana música;unknown;UNKNOWN;u;1;1;1;2;0;0;0;0;1.0;0.0;0.0;0.0;0.0;0.0;0.0;0.0;0.0;0.03;0.0;0.0;0.26;1;2;0.0
1303;cal000010;cal;peregrino música;unknown;UNKNOWN;u;1;1;1;2;0;0;0;0;1.0;0.0;0.0;0.0;0.0;0.0;0.0;0.0;0.0;0.03;0.0;0.0;0.26;0;0;0.0
1304;cal000010;cal;naturaleza-humana naturaleza-divina música;unknown;UNKNOWN;u;1;1;1;2;0;0;0;0;1.0;0.0;0.0;0.0;0.0;0.0;0.0;0.0;0.0;0.03;0.0;0.0;0.26;0;0;0.0
1305;cal000010;cal;conocimiento música;unknown;UNKNOWN;u;1;1;1;2;0;0;0;0;1.0;0.0;0.0;0.0;0.0;0.0;0.0;0.0;0.0;0.03;0.0;0.0;0.03;0;0;0.0
1306;cal000010;cal;judaísmo gentilidad;unknown;UNKNOWN;u;1;1;3;5;0;0;0;0;1.0;0.0;0.0;0.0;0.0;0.0;0.0;0.0;0.0;0.03;0.01;0.0;0.11;0;1;0.0
1307;cal000010;cal;judaísmo gentilidad música;unknown;UNKNOWN;u;1;1;1;2;0;0;0;0;1.0;0.0;0.0;0.0;0.0;0.0;0.0;0.0;0.0;0.03;0.0;0.0;0.11;0;1;0.0
1308;cal000010;cal;peregrino naturaleza-divina naturaleza-humana fee penitencia música;unknown;UNKNOWN;u;1;2;10;16;0;0;0;0;1.0;0.0;0.0;0.0;0.0;0.0;0.0;0.0;0.0;0.07;0.02;0.01;0.21;4;1;0.0
1309;cal000010;cal;amor apetito demonio gentilidad hombre ángeles;unknown;UNKNOWN;u;1;1;1;1;0;0;0;0;1.0;0.0;0.0;0.0;0.0;0.0;0.0;0.0;0.0;0.03;0.0;0.0;0.11;0;0;0.0
1310;cal000010;cal;judaísmo conocimiento peregrino naturaleza-divina naturaleza-humana música;unknown;UNKNOWN;u;1;1;1;2;0;0;0;0;1.0;0.0;0.0;0.0;0.0;0.0;0.0;0.0;0.0;0.03;0.0;0.0;0.16;2;1;0.0
1311;cal000010;cal;judaísmo música;unknown;UNKNOWN;u;1;1;1;2;0;0;0;0;1.0;0.0;0.0;0.0;0.0;0.0;0.0;0.0;0.0;0.03;0.0;0.0;0.16;0;0;0.0
1312;cal000010;cal;ángeles hombre;unknown;UNKNOWN;u;1;3;4;4;0;0;0;0;1.0;0.0;0.0;0.0;0.0;0.0;0.0;0.0;0.0;0.1;0.01;0.0;0.5;5;4;0.02
1313;cal000010;cal;apetito amor;unknown;UNKNOWN;u;1;2;3;3;0;0;0;0;1.0;0.0;0.0;0.0;0.0;0.0;0.0;0.0;0.0;0.07;0.01;0.0;0.29;3;1;0.01
1314;cal000010;cal;conocimiento demonio;unknown;UNKNOWN;u;1;2;2;2;0;0;0;0;1.0;0.0;0.0;0.0;0.0;0.0;0.0;0.0;0.0;0.07;0.0;0.0;0.47;5;4;0.01
1315;cal000010;cal;fee penitencia;unknown;UNKNOWN;u;1;1;1;1;0;0;0;0;1.0;0.0;0.0;0.0;0.0;0.0;0.0;0.0;0.0;0.03;0.0;0.0;0.24;3;0;0.0
1316;cal000010;cal;ángeles hombre apetito amor conocimiento demonio fee penitencia;unknown;UNKNOWN;u;1;1;1;1;0;0;0;0;1.0;0.0;0.0;0.0;0.0;0.0;0.0;0.0;0.0;0.03;0.0;0.0;0.24;3;0;0.0
1317;cal000010;cal;ángeles hombre apetito amor conocimiento fee penitencia;unknown;UNKNOWN;u;1;1;2;4;0;0;0;0;1.0;0.0;0.0;0.0;0.0;0.0;0.0;0.0;0.0;0.03;0.0;0.0;0.08;0;1;0.0
1318;cal000010;cal;ángeles amor conocimiento fee penitencia;unknown;UNKNOWN;u;1;1;1;1;0;0;0;0;1.0;0.0;0.0;0.0;0.0;0.0;0.0;0.0;0.0;0.03;0.0;0.0;0.34;4;6;0.0
1319;cal000010;cal;demonio judaísmo gentilidad;unknown;UNKNOWN;u;1;1;1;1;0;0;0;0;1.0;0.0;0.0;0.0;0.0;0.0;0.0;0.0;0.0;0.03;0.0;0.0;0.34;0;0;0.0
1320;cal000010;cal;hombre fee naturaleza-humana;unknown;UNKNOWN;u;1;1;1;1;0;0;0;0;1.0;0.0;0.0;0.0;0.0;0.0;0.0;0.0;0.0;0.03;0.0;0.0;0.34;0;0;0.0
1321;cal000010;cal;hombre fee naturaleza-humana demonio judaísmo gentilidad apetito peregrino música;unknown;UNKNOWN;u;1;1;1;2;0;0;0;0;1.0;0.0;0.0;0.0;0.0;0.0;0.0;0.0;0.0;0.03;0.0;0.0;0.34;0;0;0.0
1322;cal000010;cal;amor penitencia;unknown;UNKNOWN;u;1;1;2;2;0;0;0;0;1.0;0.0;0.0;0.0;0.0;0.0;0.0;0.0;0.0;0.03;0.0;0.0;0.39;4;6;0.0
1323;cal000010;cal;ángeles amor demonio judaísmo;unknown;UNKNOWN;u;1;1;1;1;0;0;0;0;1.0;0.0;0.0;0.0;0.0;0.0;0.0;0.0;0.0;0.03;0.0;0.0;0.39;1;2;0.0
1324;cal000010;cal;música hombre naturaleza-humana apetito gentilidad penitencia conocimiento;unknown;UNKNOWN;u;1;1;5;5;0;0;0;0;1.0;0.0;0.0;0.0;0.0;0.0;0.0;0.0;0.0;0.03;0.01;0.0;0.39;0;0;0.0
1325;cal000159;cal;musicos;unknown;Músicos;UNKNOWN;1;3;4;8;0;0;0;0;1.0;0.0;0.0;0.0;0.0;0.0;0.0;0.0;0.0;0.1;0.02;0.01;0.6;5;5;0.05
1326;cal000159;cal;genero;unknown;Género;MALE;1;20;68;443;0;0;0;0;1.0;0.0;0.0;0.0;0.0;0.0;0.0;0.0;0.0;0.67;0.26;0.31;0.88;1;1;0.19
1327;cal000159;cal;tierra;unknown;Tierra;FEMALE;1;5;12;96;0;0;0;0;1.0;0.0;0.0;0.0;0.0;0.0;0.0;0.0;0.0;0.17;0.05;0.07;0.44;2;3;0.01
1328;cal000159;cal;agua;unknown;Agua;FEMALE;1;8;13;79;0;0;0;0;1.0;0.0;0.0;0.0;0.0;0.0;0.0;0.0;0.0;0.27;0.05;0.05;0.44;1;3;0.01
1329;cal000159;cal;aire;unknown;Aire;MALE;1;6;10;35;0;0;0;0;1.0;0.0;0.0;0.0;0.0;0.0;0.0;0.0;0.0;0.2;0.04;0.02;0.44;1;2;0.01
1330;cal000159;cal;fuego;unknown;Fuego;MALE;1;6;11;30;0;0;0;0;1.0;0.0;0.0;0.0;0.0;0.0;0.0;0.0;0.0;0.2;0.04;0.02;0.44;3;3;0.01
1331;cal000159;cal;albedrio;unknown;Albedrío;MALE;1;12;50;213;0;0;0;0;1.0;0.0;0.0;0.0;0.0;0.0;0.0;0.0;0.0;0.4;0.19;0.15;0.88;3;5;0.2
1332;cal000159;cal;culpa;unknown;Culpa;FEMALE;1;13;36;301;0;0;0;0;1.0;0.0;0.0;0.0;0.0;0.0;0.0;0.0;0.0;0.43;0.14;0.21;0.52;0;1;0.1
1333;cal000159;cal;rey;unknown;Rey;MALE;1;2;4;13;0;0;0;0;1.0;0.0;0.0;0.0;0.0;0.0;0.0;0.0;0.0;0.07;0.02;0.01;0.48;0;2;0.01
1334;cal000159;cal;principe;unknown;Príncipe;MALE;1;9;40;180;0;0;0;0;1.0;0.0;0.0;0.0;0.0;0.0;0.0;0.0;0.0;0.3;0.15;0.12;0.48;3;2;0.01
1335;cal000159;cal;bautismo;unknown;Bautismo;MALE;1;1;1;4;0;0;0;0;1.0;0.0;0.0;0.0;0.0;0.0;0.0;0.0;0.0;0.03;0.0;0.0;0.44;4;4;0.0
1336;cal000159;cal;confirmacion;unknown;Confirmación;FEMALE;1;1;1;4;0;0;0;0;1.0;0.0;0.0;0.0;0.0;0.0;0.0;0.0;0.0;0.03;0.0;0.0;0.44;3;4;0.0
1337;cal000159;cal;penitencia;unknown;Penitencia;FEMALE;1;1;1;4;0;0;0;0;1.0;0.0;0.0;0.0;0.0;0.0;0.0;0.0;0.0;0.03;0.0;0.0;0.44;2;4;0.0
1338;cal000159;cal;comunion;unknown;Comunión;FEMALE;1;1;1;4;0;0;0;0;1.0;0.0;0.0;0.0;0.0;0.0;0.0;0.0;0.0;0.03;0.0;0.0;0.44;1;4;0.0
1339;cal000159;cal;extremauncion;unknown;Extremaunción;FEMALE;1;1;1;4;0;0;0;0;1.0;0.0;0.0;0.0;0.0;0.0;0.0;0.0;0.0;0.03;0.0;0.0;0.44;0;4;0.0
1340;cal000159;cal;orden;unknown;Orden;MALE;1;1;1;4;0;0;0;0;1.0;0.0;0.0;0.0;0.0;0.0;0.0;0.0;0.0;0.03;0.0;0.0;0.44;0;3;0.0
1341;cal000159;cal;matrimonio;unknown;Matrimonio;MALE;1;1;1;5;0;0;0;0;1.0;0.0;0.0;0.0;0.0;0.0;0.0;0.0;0.0;0.03;0.0;0.0;0.44;0;2;0.0
1342;cal000159;cal;agua aire fuego genero;unknown;UNKNOWN;u;1;1;2;2;0;0;0;0;1.0;0.0;0.0;0.0;0.0;0.0;0.0;0.0;0.0;0.03;0.01;0.0;0.2;0;0;0.0
1343;cal000159;cal;acompanamiento;unknown;UNKNOWN;u;1;1;3;6;0;0;0;0;1.0;0.0;0.0;0.0;0.0;0.0;0.0;0.0;0.0;0.03;0.01;0.0;0.08;1;0;0.0
1344;cal000159;cal;agua aire fuego acompanamiento culpa genero musicos principe rey albedrio;unknown;UNKNOWN;u;1;1;1;1;0;0;0;0;1.0;0.0;0.0;0.0;0.0;0.0;0.0;0.0;0.0;0.03;0.0;0.0;0.2;0;0;0.0
1345;cal000159;cal;agua aire fuego acompanamiento principe rey genero albedrio musicos culpa;unknown;UNKNOWN;u;1;1;1;2;0;0;0;0;1.0;0.0;0.0;0.0;0.0;0.0;0.0;0.0;0.0;0.03;0.0;0.0;0.04;1;0;0.0
1346;cal000159;cal;rey genero;unknown;UNKNOWN;u;1;1;1;1;0;0;0;0;1.0;0.0;0.0;0.0;0.0;0.0;0.0;0.0;0.0;0.03;0.0;0.0;0.4;0;0;0.0
1347;cal000159;cal;principe albedrio musicos;unknown;UNKNOWN;u;1;1;1;4;0;0;0;0;1.0;0.0;0.0;0.0;0.0;0.0;0.0;0.0;0.0;0.03;0.0;0.0;0.4;0;0;0.0
1348;cal000159;cal;genero musicos;unknown;UNKNOWN;u;1;1;1;4;0;0;0;0;1.0;0.0;0.0;0.0;0.0;0.0;0.0;0.0;0.0;0.03;0.0;0.0;0.44;0;0;0.0
1349;cal000159;cal;genero tierra aire fuego agua culpa rey principe bautismo confirmacion penitencia comunion extremauncion orden matrimonio albedrio musicos;unknown;UNKNOWN;u;1;1;1;4;0;0;0;0;1.0;0.0;0.0;0.0;0.0;0.0;0.0;0.0;0.0;0.03;0.0;0.0;0.44;0;0;0.0
1350;cal000160;cal;acompanamiento;unknown;Cantan;UNKNOWN;1;3;3;16;0;0;0;0;1.0;0.0;0.0;0.0;0.0;0.0;0.0;0.0;0.0;0.2;0.01;0.01;0.78;0;1;0.01
1351;cal000160;cal;jason;unknown;Jasón;MALE;1;12;52;369;0;0;0;0;1.0;0.0;0.0;0.0;0.0;0.0;0.0;0.0;0.0;0.8;0.25;0.31;1.0;0;3;0.04
1352;cal000160;cal;argos;unknown;Argos;MALE;1;4;4;49;0;0;0;0;1.0;0.0;0.0;0.0;0.0;0.0;0.0;0.0;0.0;0.27;0.02;0.04;0.78;2;2;0.01
1353;cal000160;cal;hercules;unknown;Hércules;MALE;1;7;24;81;0;0;0;0;1.0;0.0;0.0;0.0;0.0;0.0;0.0;0.0;0.0;0.47;0.12;0.07;1.0;0;3;0.04
1354;cal000160;cal;teseo;unknown;Teseo;MALE;1;7;46;146;0;0;0;0;1.0;0.0;0.0;0.0;0.0;0.0;0.0;0.0;0.0;0.47;0.23;0.12;1.0;0;1;0.04
1355;cal000160;cal;idolatria;unknown;Idolatría;FEMALE;1;7;23;297;0;0;0;0;1.0;0.0;0.0;0.0;0.0;0.0;0.0;0.0;0.0;0.47;0.11;0.25;0.78;1;4;0.01
1356;cal000160;cal;medea;unknown;Medea;FEMALE;1;6;32;119;0;0;0;0;1.0;0.0;0.0;0.0;0.0;0.0;0.0;0.0;0.0;0.4;0.16;0.1;1.0;0;4;0.04
1357;cal000160;cal;rey;unknown;Rey;MALE;1;3;8;70;0;0;0;0;1.0;0.0;0.0;0.0;0.0;0.0;0.0;0.0;0.0;0.2;0.04;0.06;0.67;2;4;0.0
1358;cal000160;cal;orfeo;unknown;Orfeo;MALE;1;3;11;26;0;0;0;0;1.0;0.0;0.0;0.0;0.0;0.0;0.0;0.0;0.0;0.2;0.05;0.02;0.78;0;0;0.01
1359;cal000160;cal;argos medea rey idolatria hercules orfeo jason teseo;unknown;UNKNOWN;u;1;1;1;1;0;0;0;0;1.0;0.0;0.0;0.0;0.0;0.0;0.0;0.0;0.0;0.07;0.0;0.0;0.67;1;0;0.0
1360;cal000161;cal;aristeo;unknown;Aristeo;MALE;1;10;41;678;0;0;0;0;1.0;0.0;0.0;0.0;0.0;0.0;0.0;0.0;0.0;0.53;0.25;0.47;0.83;0;1;0.0
1361;cal000161;cal;orfeo;unknown;Orfeo;MALE;1;11;34;165;0;0;0;0;1.0;0.0;0.0;0.0;0.0;0.0;0.0;0.0;0.0;0.58;0.2;0.11;1.0;2;3;0.13
1362;cal000161;cal;amor;unknown;Amor;MALE;1;7;12;105;0;0;0;0;1.0;0.0;0.0;0.0;0.0;0.0;0.0;0.0;0.0;0.37;0.07;0.07;1.0;0;1;0.13
1363;cal000161;cal;euridice;unknown;Eurídice;FEMALE;1;7;29;266;0;0;0;0;1.0;0.0;0.0;0.0;0.0;0.0;0.0;0.0;0.0;0.37;0.17;0.18;0.83;1;3;0.0
1364;cal000161;cal;albedrio;unknown;Albedrío;MALE;1;5;30;164;0;0;0;0;1.0;0.0;0.0;0.0;0.0;0.0;0.0;0.0;0.0;0.26;0.18;0.11;0.83;1;2;0.0
1365;cal000161;cal;gracia;unknown;Gracia;FEMALE;1;3;19;39;0;0;0;0;1.0;0.0;0.0;0.0;0.0;0.0;0.0;0.0;0.0;0.16;0.11;0.03;0.83;0;2;0.0
1366;cal000161;cal;aqueronte;unknown;Aqueronte;MALE;1;2;2;38;0;0;0;0;1.0;0.0;0.0;0.0;0.0;0.0;0.0;0.0;0.0;0.11;0.01;0.03;0.33;0;1;0.0
1367;cal000012;cal;coro-1;unknown;Coro 1;UNKNOWN;1;1;2;5;0;0;0;0;1.0;0.0;0.0;0.0;0.0;0.0;0.0;0.0;0.0;0.03;0.01;0.0;0.34;0;2;0.0
1368;cal000012;cal;coro-2;unknown;Coro 2;UNKNOWN;1;1;2;2;0;0;0;0;1.0;0.0;0.0;0.0;0.0;0.0;0.0;0.0;0.0;0.03;0.01;0.0;0.34;0;2;0.0
1369;cal000012;cal;música;unknown;Músicos;UNKNOWN;1;5;20;38;0;0;0;0;1.0;0.0;0.0;0.0;0.0;0.0;0.0;0.0;0.0;0.17;0.06;0.03;0.43;0;1;0.02
1370;cal000012;cal;príncipe-de-las-tinieblas;unknown;El Príncipe de Las Tinieblas;MALE;1;15;52;276;0;0;0;0;1.0;0.0;0.0;0.0;0.0;0.0;0.0;0.0;0.0;0.5;0.15;0.19;0.63;2;3;0.06
1371;cal000012;cal;envidia;unknown;La Envidia;FEMALE;1;15;47;172;0;0;0;0;1.0;0.0;0.0;0.0;0.0;0.0;0.0;0.0;0.0;0.5;0.13;0.12;0.71;1;5;0.07
1372;cal000012;cal;orfeo;unknown;Orfeo;MALE;1;12;37;268;0;0;0;0;1.0;0.0;0.0;0.0;0.0;0.0;0.0;0.0;0.0;0.4;0.1;0.18;0.74;2;9;0.11
1373;cal000012;cal;naturaleza-humana;unknown;La Naturaleza Humana;FEMALE;1;9;48;228;0;0;0;0;1.0;0.0;0.0;0.0;0.0;0.0;0.0;0.0;0.0;0.3;0.13;0.16;0.69;0;7;0.06
1374;cal000012;cal;día-1;unknown;Día 1;MALE;1;7;14;32;0;0;0;0;1.0;0.0;0.0;0.0;0.0;0.0;0.0;0.0;0.0;0.23;0.04;0.02;0.51;0;1;0.06
1375;cal000012;cal;día-2;unknown;Día 2;MALE;1;6;11;19;0;0;0;0;1.0;0.0;0.0;0.0;0.0;0.0;0.0;0.0;0.0;0.2;0.03;0.01;0.49;0;2;0.01
1376;cal000012;cal;día-3;unknown;Día 3;MALE;1;6;12;28;0;0;0;0;1.0;0.0;0.0;0.0;0.0;0.0;0.0;0.0;0.0;0.2;0.03;0.02;0.51;1;5;0.01
1377;cal000012;cal;día-4;unknown;Día 4;MALE;1;6;10;16;0;0;0;0;1.0;0.0;0.0;0.0;0.0;0.0;0.0;0.0;0.0;0.2;0.03;0.01;0.51;0;3;0.01
1378;cal000012;cal;día-5;unknown;Día 5;MALE;1;7;10;31;0;0;0;0;1.0;0.0;0.0;0.0;0.0;0.0;0.0;0.0;0.0;0.23;0.03;0.02;0.69;0;6;0.05
1379;cal000012;cal;día-6;unknown;Día 6;MALE;1;6;9;25;0;0;0;0;1.0;0.0;0.0;0.0;0.0;0.0;0.0;0.0;0.0;0.2;0.03;0.02;0.51;0;7;0.03
1380;cal000012;cal;día-7;unknown;Día 7;MALE;1;1;1;1;0;0;0;0;1.0;0.0;0.0;0.0;0.0;0.0;0.0;0.0;0.0;0.03;0.0;0.0;0.09;0;0;0.0
1381;cal000012;cal;leteo;unknown;Leteo;MALE;1;5;17;87;0;0;0;0;1.0;0.0;0.0;0.0;0.0;0.0;0.0;0.0;0.0;0.17;0.05;0.06;0.37;1;2;0.01
1382;cal000012;cal;placer;unknown;Placer;MALE;1;11;24;170;0;0;0;0;1.0;0.0;0.0;0.0;0.0;0.0;0.0;0.0;0.0;0.37;0.07;0.12;0.8;2;2;0.21
1383;cal000012;cal;eurídice;unknown;Eurídice;FEMALE;1;1;1;1;0;0;0;0;1.0;0.0;0.0;0.0;0.0;0.0;0.0;0.0;0.0;0.03;0.0;0.0;0.06;0;1;0.0
1384;cal000012;cal;día-1 día-2 día-3 día-4 día-5 día-6 día-7;unknown;UNKNOWN;u;1;5;9;13;0;0;0;0;1.0;0.0;0.0;0.0;0.0;0.0;0.0;0.0;0.0;0.17;0.03;0.01;0.66;2;3;0.03
1385;cal000012;cal;día-2 día-3 día-4 día-5 día-6 día-7;unknown;UNKNOWN;u;1;1;1;1;0;0;0;0;1.0;0.0;0.0;0.0;0.0;0.0;0.0;0.0;0.0;0.03;0.0;0.0;0.03;0;1;0.0
1386;cal000012;cal;día-3 día-4 día-5 día-6 día-7;unknown;UNKNOWN;u;1;2;3;3;0;0;0;0;1.0;0.0;0.0;0.0;0.0;0.0;0.0;0.0;0.0;0.07;0.01;0.0;0.23;0;2;0.0
1387;cal000012;cal;día-4 día-5 día-6 día-7;unknown;UNKNOWN;u;1;3;4;4;0;0;0;0;1.0;0.0;0.0;0.0;0.0;0.0;0.0;0.0;0.0;0.1;0.01;0.0;0.46;1;4;0.0
1388;cal000012;cal;día-5 día-6 día-7;unknown;UNKNOWN;u;1;3;3;3;0;0;0;0;1.0;0.0;0.0;0.0;0.0;0.0;0.0;0.0;0.0;0.1;0.01;0.0;0.46;0;1;0.01
1389;cal000012;cal;día-6 día-7;unknown;UNKNOWN;u;1;2;2;2;0;0;0;0;1.0;0.0;0.0;0.0;0.0;0.0;0.0;0.0;0.0;0.07;0.01;0.0;0.14;0;2;0.0
1390;cal000012;cal;envidia música;unknown;UNKNOWN;u;1;1;1;2;0;0;0;0;1.0;0.0;0.0;0.0;0.0;0.0;0.0;0.0;0.0;0.03;0.0;0.0;0.14;0;0;0.0
1391;cal000012;cal;envidia leteo príncipe-de-las-tinieblas orfeo música;unknown;UNKNOWN;u;1;1;1;4;0;0;0;0;1.0;0.0;0.0;0.0;0.0;0.0;0.0;0.0;0.0;0.03;0.0;0.0;0.09;0;0;0.0
1392;cal000012;cal;placer príncipe-de-las-tinieblas leteo envidia;unknown;UNKNOWN;u;1;1;2;2;0;0;0;0;1.0;0.0;0.0;0.0;0.0;0.0;0.0;0.0;0.0;0.03;0.01;0.0;0.09;0;0;0.0
1393;cal000012;cal;placer envidia leteo orfeo naturaleza-humana príncipe-de-las-tinieblas día-1 día-2 día-3 día-4 día-5 día-6 día-7;unknown;UNKNOWN;u;1;1;1;2;0;0;0;0;1.0;0.0;0.0;0.0;0.0;0.0;0.0;0.0;0.0;0.03;0.0;0.0;0.14;0;0;0.0
1394;cal000012;cal;envidia príncipe-de-las-tinieblas;unknown;UNKNOWN;u;1;1;1;1;0;0;0;0;1.0;0.0;0.0;0.0;0.0;0.0;0.0;0.0;0.0;0.03;0.0;0.0;0.09;0;0;0.0
1395;cal000012;cal;príncipe-de-las-tinieblas naturaleza-humana música;unknown;UNKNOWN;u;1;1;1;1;0;0;0;0;1.0;0.0;0.0;0.0;0.0;0.0;0.0;0.0;0.0;0.03;0.0;0.0;0.2;0;6;0.0
1396;cal000012;cal;día-1 día-2 día-3;unknown;UNKNOWN;u;1;2;2;2;0;0;0;0;1.0;0.0;0.0;0.0;0.0;0.0;0.0;0.0;0.0;0.07;0.01;0.0;0.37;0;1;0.0
1397;cal000012;cal;naturaleza-humana día-1 día-2 día-3 día-4 día-5 día-6 día-7;unknown;UNKNOWN;u;1;1;1;3;0;0;0;0;1.0;0.0;0.0;0.0;0.0;0.0;0.0;0.0;0.0;0.03;0.0;0.0;0.06;0;0;0.0
1398;cal000012;cal;música naturaleza-humana día-1 día-2 día-3 día-4 día-5 día-6 día-7;unknown;UNKNOWN;u;1;1;1;1;0;0;0;0;1.0;0.0;0.0;0.0;0.0;0.0;0.0;0.0;0.0;0.03;0.0;0.0;0.06;0;0;0.0
1399;cal000012;cal;día-3 día-4;unknown;UNKNOWN;u;1;1;1;1;0;0;0;0;1.0;0.0;0.0;0.0;0.0;0.0;0.0;0.0;0.0;0.03;0.0;0.0;0.31;0;0;0.0
1400;cal000012;cal;naturaleza-humana día-1 día-2 día-3 día-4 día-5 día-6 día-7 música;unknown;UNKNOWN;u;1;1;1;1;0;0;0;0;1.0;0.0;0.0;0.0;0.0;0.0;0.0;0.0;0.0;0.03;0.0;0.0;0.34;0;2;0.0
1401;cal000012;cal;coro-1 coro-2;unknown;UNKNOWN;u;1;1;3;4;0;0;0;0;1.0;0.0;0.0;0.0;0.0;0.0;0.0;0.0;0.0;0.03;0.01;0.0;0.34;0;2;0.0
1402;cal000012;cal;príncipe-de-las-tinieblas envidia coro-1 coro-2 leteo orfeo placer música naturaleza-humana día-1 día-2 día-3 día-4 día-5 día-6 día-7;unknown;UNKNOWN;u;1;1;1;6;0;0;0;0;1.0;0.0;0.0;0.0;0.0;0.0;0.0;0.0;0.0;0.03;0.0;0.0;0.34;0;0;0.0
1403;cal000084;cal;músicos;unknown;Músicos;UNKNOWN;3;7;12;38;0;0;0;0;0.66;0.11;0.24;0.0;0.0;0.0;0.0;0.0;0.0;0.1;0.01;0.01;0.45;3;1;0.05
1404;cal000084;cal;serafina;unknown;Serafina;FEMALE;3;35;143;710;0;0;0;0;0.25;0.39;0.36;0.0;0.0;0.0;0.0;0.0;0.0;0.48;0.13;0.17;0.66;2;3;0.06
1405;cal000084;cal;libia;unknown;Libia;FEMALE;3;23;74;379;0;0;0;0;0.16;0.15;0.7;0.0;0.0;0.0;0.0;0.0;0.0;0.32;0.07;0.09;0.61;1;4;0.04
1406;cal000084;cal;laura;unknown;Laura;FEMALE;3;17;42;133;0;0;0;0;0.45;0.42;0.13;0.0;0.0;0.0;0.0;0.0;0.0;0.23;0.04;0.03;0.59;2;4;0.04
1407;cal000084;cal;flora;unknown;Flora;FEMALE;1;2;2;7;0;0;0;0;1.0;0.0;0.0;0.0;0.0;0.0;0.0;0.0;0.0;0.03;0.0;0.0;0.16;2;1;0.0
1408;cal000084;cal;margarita;unknown;Margarita;FEMALE;3;25;64;240;0;0;0;0;0.41;0.2;0.39;0.0;0.0;0.0;0.0;0.0;0.0;0.34;0.06;0.06;0.59;2;4;0.03
1409;cal000084;cal;florante;unknown;Florante;MALE;3;24;77;421;0;0;0;0;0.56;0.23;0.22;0.0;0.0;0.0;0.0;0.0;0.0;0.33;0.07;0.1;0.75;1;2;0.17
1410;cal000084;cal;dionís;unknown;Dionís;MALE;1;2;6;22;0;0;0;0;1.0;0.0;0.0;0.0;0.0;0.0;0.0;0.0;0.0;0.03;0.01;0.01;0.09;0;1;0.0
1411;cal000084;cal;celio;unknown;Celio;MALE;2;16;50;175;0;0;0;0;0.71;0.0;0.29;0.0;0.0;0.0;0.0;0.0;0.0;0.22;0.05;0.04;0.61;1;4;0.06
1412;cal000084;cal;arnesto;unknown;Arnesto;MALE;1;4;24;83;0;0;0;0;1.0;0.0;0.0;0.0;0.0;0.0;0.0;0.0;0.0;0.05;0.02;0.02;0.18;1;2;0.0
1413;cal000084;cal;enrique;unknown;Enrique;MALE;3;32;234;857;0;0;0;0;0.23;0.39;0.38;0.0;0.0;0.0;0.0;0.0;0.0;0.44;0.22;0.21;0.75;2;2;0.12
1414;cal000084;cal;franchipán;unknown;Franchipán;MALE;3;32;160;464;0;0;0;0;0.26;0.43;0.31;0.0;0.0;0.0;0.0;0.0;0.0;0.44;0.15;0.11;0.7;2;4;0.1
1415;cal000084;cal;gobernador;unknown;Astolfo;MALE;3;17;59;216;0;0;0;0;0.32;0.19;0.49;0.0;0.0;0.0;0.0;0.0;0.0;0.23;0.06;0.05;0.55;0;5;0.04
1416;cal000084;cal;fabio;unknown;Fabio;MALE;3;13;46;200;0;0;0;0;0.06;0.52;0.42;0.0;0.0;0.0;0.0;0.0;0.0;0.18;0.04;0.05;0.34;3;3;0.01
1417;cal000084;cal;vejete;unknown;Un Vejete;MALE;2;3;11;23;0;0;0;0;0.0;0.3;0.7;0.0;0.0;0.0;0.0;0.0;0.0;0.04;0.01;0.01;0.18;3;5;0.0
1418;cal000084;cal;primero;unknown;Un Villano;MALE;1;1;3;5;0;0;0;0;0.0;1.0;0.0;0.0;0.0;0.0;0.0;0.0;0.0;0.01;0.0;0.0;0.09;0;3;0.0
1419;cal000084;cal;segundo;unknown;Otro Villano;MALE;1;1;2;3;0;0;0;0;0.0;1.0;0.0;0.0;0.0;0.0;0.0;0.0;0.0;0.01;0.0;0.0;0.09;0;0;0.0
1420;cal000084;cal;músicos franchipán;unknown;UNKNOWN;u;1;2;3;10;0;0;0;0;1.0;0.0;0.0;0.0;0.0;0.0;0.0;0.0;0.0;0.03;0.0;0.0;0.09;0;0;0.0
1421;cal000084;cal;coro músicos;unknown;UNKNOWN;u;1;1;1;2;0;0;0;0;1.0;0.0;0.0;0.0;0.0;0.0;0.0;0.0;0.0;0.01;0.0;0.0;0.05;0;0;0.0
1422;cal000084;cal;músicos florante;unknown;UNKNOWN;u;1;1;1;2;0;0;0;0;1.0;0.0;0.0;0.0;0.0;0.0;0.0;0.0;0.0;0.01;0.0;0.0;0.07;0;1;0.0
1423;cal000084;cal;músicos celio;unknown;UNKNOWN;u;1;1;2;4;0;0;0;0;1.0;0.0;0.0;0.0;0.0;0.0;0.0;0.0;0.0;0.01;0.0;0.0;0.14;1;2;0.0
1424;cal000084;cal;celio florante músicos;unknown;UNKNOWN;u;1;1;1;2;0;0;0;0;1.0;0.0;0.0;0.0;0.0;0.0;0.0;0.0;0.0;0.01;0.0;0.0;0.14;1;1;0.0
1425;cal000084;cal;fabio libia;unknown;UNKNOWN;u;1;1;1;1;0;0;0;0;1.0;0.0;0.0;0.0;0.0;0.0;0.0;0.0;0.0;0.01;0.0;0.0;0.09;0;2;0.0
1426;cal000084;cal;uno;unknown;UNKNOWN;u;2;4;4;6;0;0;0;0;0.33;0.0;0.67;0.0;0.0;0.0;0.0;0.0;0.0;0.05;0.0;0.0;0.34;2;1;0.0
1427;cal000084;cal;todos;unknown;UNKNOWN;u;3;7;7;11;0;0;0;0;0.45;0.09;0.45;0.0;0.0;0.0;0.0;0.0;0.0;0.1;0.01;0.0;0.36;3;1;0.01
1428;cal000084;cal;voces;unknown;UNKNOWN;u;1;3;4;6;0;0;0;0;1.0;0.0;0.0;0.0;0.0;0.0;0.0;0.0;0.0;0.04;0.0;0.0;0.41;0;1;0.02
1429;cal000084;cal;otros;unknown;UNKNOWN;u;1;1;1;1;0;0;0;0;1.0;0.0;0.0;0.0;0.0;0.0;0.0;0.0;0.0;0.01;0.0;0.0;0.07;0;0;0.0
1430;cal000084;cal;celio arnesto;unknown;UNKNOWN;u;1;1;1;1;0;0;0;0;1.0;0.0;0.0;0.0;0.0;0.0;0.0;0.0;0.0;0.01;0.0;0.0;0.16;0;1;0.0
1431;cal000084;cal;arnesto florante;unknown;UNKNOWN;u;1;1;2;2;0;0;0;0;1.0;0.0;0.0;0.0;0.0;0.0;0.0;0.0;0.0;0.01;0.0;0.0;0.16;0;1;0.0
1432;cal000084;cal;arnesto celio;unknown;UNKNOWN;u;1;1;1;1;0;0;0;0;1.0;0.0;0.0;0.0;0.0;0.0;0.0;0.0;0.0;0.01;0.0;0.0;0.16;0;0;0.0
1433;cal000084;cal;celio enrique florante;unknown;UNKNOWN;u;1;2;2;2;0;0;0;0;1.0;0.0;0.0;0.0;0.0;0.0;0.0;0.0;0.0;0.03;0.0;0.0;0.11;0;3;0.0
1434;cal000084;cal;libia serafina;unknown;UNKNOWN;u;1;1;1;1;0;0;0;0;1.0;0.0;0.0;0.0;0.0;0.0;0.0;0.0;0.0;0.01;0.0;0.0;0.27;0;1;0.0
1435;cal000084;cal;otro;unknown;UNKNOWN;u;1;1;1;1;0;0;0;0;1.0;0.0;0.0;0.0;0.0;0.0;0.0;0.0;0.0;0.01;0.0;0.0;0.27;0;1;0.0
1436;cal000084;cal;libia serafina margarita;unknown;UNKNOWN;u;1;1;1;1;0;0;0;0;1.0;0.0;0.0;0.0;0.0;0.0;0.0;0.0;0.0;0.01;0.0;0.0;0.27;0;0;0.0
1437;cal000084;cal;laura margarita;unknown;UNKNOWN;u;1;3;5;5;0;0;0;0;1.0;0.0;0.0;0.0;0.0;0.0;0.0;0.0;0.0;0.04;0.0;0.0;0.16;3;0;0.0
1438;cal000084;cal;libia margarita serafina;unknown;UNKNOWN;u;1;1;2;3;0;0;0;0;1.0;0.0;0.0;0.0;0.0;0.0;0.0;0.0;0.0;0.01;0.0;0.0;0.16;1;0;0.0
1439;cal000084;cal;músicos serafina;unknown;UNKNOWN;u;1;1;2;4;0;0;0;0;0.0;0.0;1.0;0.0;0.0;0.0;0.0;0.0;0.0;0.01;0.0;0.0;0.11;0;0;0.0
1440;cal000084;cal;franchipán músicos;unknown;UNKNOWN;u;1;1;1;4;0;0;0;0;0.0;0.0;1.0;0.0;0.0;0.0;0.0;0.0;0.0;0.01;0.0;0.0;0.11;0;0;0.0
1441;cal000084;cal;todas;unknown;UNKNOWN;u;1;1;1;1;0;0;0;0;0.0;0.0;1.0;0.0;0.0;0.0;0.0;0.0;0.0;0.01;0.0;0.0;0.27;3;3;0.0
1442;cal000084;cal;músicos libia;unknown;UNKNOWN;u;1;1;2;4;0;0;0;0;0.0;0.0;1.0;0.0;0.0;0.0;0.0;0.0;0.0;0.01;0.0;0.0;0.27;2;3;0.0
1443;cal000084;cal;músicos enrique;unknown;UNKNOWN;u;1;1;5;6;0;0;0;0;0.0;0.0;1.0;0.0;0.0;0.0;0.0;0.0;0.0;0.01;0.0;0.0;0.27;2;3;0.0
1444;cal000084;cal;uno margarita;unknown;UNKNOWN;u;1;1;1;1;0;0;0;0;0.0;0.0;1.0;0.0;0.0;0.0;0.0;0.0;0.0;0.01;0.0;0.0;0.16;0;0;0.0
1445;cal000084;cal;otro laura;unknown;UNKNOWN;u;1;1;1;1;0;0;0;0;0.0;0.0;1.0;0.0;0.0;0.0;0.0;0.0;0.0;0.01;0.0;0.0;0.16;0;0;0.0
1446;cal000084;cal;florante serafina laura margarita;unknown;UNKNOWN;u;1;1;1;1;0;0;0;0;0.0;0.0;1.0;0.0;0.0;0.0;0.0;0.0;0.0;0.01;0.0;0.0;0.2;0;1;0.0
1447;cal000085;cal;césar;unknown;Don César;MALE;3;17;143;778;0;0;0;0;0.55;0.25;0.2;0.0;0.0;0.0;0.0;0.0;0.0;0.22;0.17;0.23;0.52;4;1;0.03
1448;cal000085;cal;félix;unknown;Don Félix;MALE;3;18;47;275;0;0;0;0;0.53;0.3;0.17;0.0;0.0;0.0;0.0;0.0;0.0;0.23;0.06;0.08;0.48;1;3;0.06
1449;cal000085;cal;juan;unknown;Don Juan;MALE;3;25;109;411;0;0;0;0;0.14;0.24;0.61;0.0;0.0;0.0;0.0;0.0;0.0;0.32;0.13;0.12;0.57;3;3;0.06
1450;cal000085;cal;diego;unknown;Don Diego;MALE;3;16;58;234;0;0;0;0;0.03;0.53;0.44;0.0;0.0;0.0;0.0;0.0;0.0;0.21;0.07;0.07;0.57;2;7;0.29
1451;cal000085;cal;octavio;unknown;Octavio;MALE;1;4;14;60;0;0;0;0;0.0;1.0;0.0;0.0;0.0;0.0;0.0;0.0;0.0;0.05;0.02;0.02;0.24;0;3;0.24
1452;cal000085;cal;otáñez;unknown;Otáñez;MALE;3;8;18;61;0;0;0;0;0.13;0.8;0.07;0.0;0.0;0.0;0.0;0.0;0.0;0.1;0.02;0.02;0.24;0;1;0.04
1453;cal000085;cal;mosquito;unknown;Mosquito;MALE;3;14;107;444;0;0;0;0;0.32;0.36;0.32;0.0;0.0;0.0;0.0;0.0;0.0;0.18;0.13;0.13;0.38;4;1;0.01
1454;cal000085;cal;castaño;unknown;Castaño;MALE;2;5;17;57;0;0;0;0;0.0;0.89;0.11;0.0;0.0;0.0;0.0;0.0;0.0;0.06;0.02;0.02;0.38;0;2;0.0
1455;cal000085;cal;gonzalo;unknown;Gonzalo;MALE;1;3;5;9;0;0;0;0;1.0;0.0;0.0;0.0;0.0;0.0;0.0;0.0;0.0;0.04;0.01;0.0;0.19;0;1;0.0
1456;cal000085;cal;lisarda;unknown;Lisarda;FEMALE;3;22;125;390;0;0;0;0;0.18;0.29;0.53;0.0;0.0;0.0;0.0;0.0;0.0;0.29;0.15;0.11;0.62;2;4;0.08
1457;cal000085;cal;celia;unknown;Celia;FEMALE;3;26;86;445;0;0;0;0;0.4;0.27;0.33;0.0;0.0;0.0;0.0;0.0;0.0;0.34;0.1;0.13;0.62;1;3;0.1
1458;cal000085;cal;beatriz;unknown;Beatriz;FEMALE;3;22;69;213;0;0;0;0;0.1;0.69;0.21;0.0;0.0;0.0;0.0;0.0;0.0;0.29;0.08;0.06;0.57;1;4;0.06
1459;cal000085;cal;inés;unknown;Inés;FEMALE;1;7;13;36;0;0;0;0;1.0;0.0;0.0;0.0;0.0;0.0;0.0;0.0;0.0;0.09;0.02;0.01;0.29;0;0;0.01
1460;cal000085;cal;alguacil-1;unknown;Alguacil 1;MALE;1;2;3;8;0;0;0;0;0.0;1.0;0.0;0.0;0.0;0.0;0.0;0.0;0.0;0.03;0.0;0.0;0.14;0;2;0.0
1461;cal000085;cal;alguacil-2;unknown;Alguacil 2;MALE;1;2;3;6;0;0;0;0;0.0;1.0;0.0;0.0;0.0;0.0;0.0;0.0;0.0;0.03;0.0;0.0;0.14;0;1;0.0
1462;cal000085;cal;escribano;unknown;Escribano;MALE;1;2;2;5;0;0;0;0;0.0;1.0;0.0;0.0;0.0;0.0;0.0;0.0;0.0;0.03;0.0;0.0;0.14;0;0;0.0
1463;cal000085;cal;criado-1;unknown;Criado 1;MALE;1;2;2;2;0;0;0;0;1.0;0.0;0.0;0.0;0.0;0.0;0.0;0.0;0.0;0.03;0.0;0.0;0.24;2;3;0.0
1464;cal000085;cal;criado-2;unknown;Criado 2;MALE;1;1;1;5;0;0;0;0;1.0;0.0;0.0;0.0;0.0;0.0;0.0;0.0;0.0;0.01;0.0;0.0;0.19;2;1;0.0
1465;cal000085;cal;lisarda césar;unknown;UNKNOWN;u;1;1;1;1;0;0;0;0;0.0;1.0;0.0;0.0;0.0;0.0;0.0;0.0;0.0;0.01;0.0;0.0;0.29;1;0;0.0
1466;cal000085;cal;juan celia;unknown;UNKNOWN;u;1;1;1;1;0;0;0;0;0.0;1.0;0.0;0.0;0.0;0.0;0.0;0.0;0.0;0.01;0.0;0.0;0.29;1;0;0.0
1467;cal000085;cal;lisarda juan;unknown;UNKNOWN;u;1;1;1;1;0;0;0;0;0.0;0.0;1.0;0.0;0.0;0.0;0.0;0.0;0.0;0.01;0.0;0.0;0.14;1;1;0.0
1468;cal000013;cal;ninfas;unknown;Ninfas;FEMALE;3;4;4;9;0;0;0;0;0.11;0.67;0.22;0.0;0.0;0.0;0.0;0.0;0.0;0.07;0.0;0.0;0.21;5;5;0.0
1469;cal000013;cal;embozado;unknown;Unos embozados;MALE;2;5;5;9;0;0;0;0;0.0;0.22;0.78;0.0;0.0;0.0;0.0;0.0;0.0;0.08;0.0;0.0;0.39;5;1;0.01
1470;cal000013;cal;coro-1;unknown;Coro 1.º;UNKNOWN;3;6;25;44;0;0;0;0;0.3;0.11;0.59;0.0;0.0;0.0;0.0;0.0;0.0;0.1;0.02;0.01;0.56;7;4;0.01
1471;cal000013;cal;coro-2;unknown;Coro 2.º;UNKNOWN;3;5;14;32;0;0;0;0;0.5;0.12;0.38;0.0;0.0;0.0;0.0;0.0;0.0;0.08;0.01;0.01;0.48;6;4;0.0
1472;cal000013;cal;coro-3;unknown;Coro 3.º;UNKNOWN;3;4;12;28;0;0;0;0;0.43;0.14;0.43;0.0;0.0;0.0;0.0;0.0;0.0;0.07;0.01;0.01;0.48;2;4;0.0
1473;cal000013;cal;soldados-y-acompañamiento;unknown;Soldados y acompañamiento;MALE;3;3;3;4;0;0;0;0;0.25;0.25;0.5;0.0;0.0;0.0;0.0;0.0;0.0;0.05;0.0;0.0;0.3;5;5;0.0
1474;cal000013;cal;faetón;unknown;Faetón;MALE;3;22;219;793;0;0;0;0;0.28;0.45;0.27;0.0;0.0;0.0;0.0;0.0;0.0;0.37;0.2;0.2;0.97;7;6;0.17
1475;cal000013;cal;epafo;unknown;Epafo;MALE;3;26;105;401;0;0;0;0;0.47;0.22;0.31;0.0;0.0;0.0;0.0;0.0;0.0;0.44;0.09;0.1;0.89;6;4;0.1
1476;cal000013;cal;batillo;unknown;Batillo;MALE;3;17;130;302;0;0;0;0;0.25;0.48;0.27;0.0;0.0;0.0;0.0;0.0;0.0;0.29;0.12;0.08;0.7;3;5;0.02
1477;cal000013;cal;tetis;unknown;Tetis;FEMALE;3;23;105;493;0;0;0;0;0.28;0.43;0.29;0.0;0.0;0.0;0.0;0.0;0.0;0.39;0.09;0.13;0.79;4;5;0.06
1478;cal000013;cal;amaltea;unknown;Amaltea;FEMALE;3;13;48;221;0;0;0;0;0.31;0.1;0.59;0.0;0.0;0.0;0.0;0.0;0.0;0.22;0.04;0.06;0.74;4;4;0.06
1479;cal000013;cal;doris;unknown;Doris;FEMALE;3;7;22;69;0;0;0;0;0.19;0.42;0.39;0.0;0.0;0.0;0.0;0.0;0.0;0.12;0.02;0.02;0.49;2;4;0.0
1480;cal000013;cal;silvia;unknown;Silvia;FEMALE;3;14;85;166;0;0;0;0;0.43;0.2;0.37;0.0;0.0;0.0;0.0;0.0;0.0;0.24;0.08;0.04;0.61;1;3;0.01
1481;cal000013;cal;admeto;unknown;Admeto;MALE;3;10;71;319;0;0;0;0;0.74;0.23;0.03;0.0;0.0;0.0;0.0;0.0;0.0;0.17;0.06;0.08;0.72;1;3;0.04
1482;cal000013;cal;eridano;unknown;Eridano;MALE;3;8;39;193;0;0;0;0;0.8;0.15;0.06;0.0;0.0;0.0;0.0;0.0;0.0;0.14;0.03;0.05;0.72;1;2;0.04
1483;cal000013;cal;apolo;unknown;Apolo;MALE;2;2;9;101;0;0;0;0;0.02;0.0;0.98;0.0;0.0;0.0;0.0;0.0;0.0;0.03;0.01;0.03;0.51;1;0;0.01
1484;cal000013;cal;climene;unknown;Climene;FEMALE;3;15;73;403;0;0;0;0;0.13;0.55;0.32;0.0;0.0;0.0;0.0;0.0;0.0;0.25;0.07;0.1;0.79;1;0;0.07
1485;cal000013;cal;galatea;unknown;Galatea;FEMALE;3;13;50;163;0;0;0;0;0.23;0.25;0.52;0.0;0.0;0.0;0.0;0.0;0.0;0.22;0.04;0.04;0.74;5;4;0.03
1486;cal000013;cal;iris;unknown;Iris;FEMALE;2;3;6;40;0;0;0;0;0.0;0.05;0.95;0.0;0.0;0.0;0.0;0.0;0.0;0.05;0.01;0.01;0.33;3;2;0.01
1487;cal000013;cal;música;unknown;Música;UNKNOWN;3;7;29;53;0;0;0;0;0.15;0.58;0.26;0.0;0.0;0.0;0.0;0.0;0.0;0.12;0.03;0.01;0.72;3;6;0.04
1488;cal000013;cal;coro-1 coro-2;unknown;UNKNOWN;u;1;1;2;5;0;0;0;0;1.0;0.0;0.0;0.0;0.0;0.0;0.0;0.0;0.0;0.02;0.0;0.0;0.43;6;4;0.0
1489;cal000013;cal;coro-1 coro-2 coro-3;unknown;UNKNOWN;u;1;1;1;6;0;0;0;0;1.0;0.0;0.0;0.0;0.0;0.0;0.0;0.0;0.0;0.02;0.0;0.0;0.43;2;4;0.0
1490;cal000013;cal;soldados-y-acompañamiento embozado;unknown;UNKNOWN;u;1;1;4;5;0;0;0;0;1.0;0.0;0.0;0.0;0.0;0.0;0.0;0.0;0.0;0.02;0.0;0.0;0.43;2;4;0.0
1491;cal000013;cal;epafo faetón tetis coro-1 coro-2 coro-3 música doris;unknown;UNKNOWN;u;1;1;2;2;0;0;0;0;1.0;0.0;0.0;0.0;0.0;0.0;0.0;0.0;0.0;0.02;0.0;0.0;0.43;2;4;0.0
1492;cal000013;cal;epafo faetón coro-1 coro-2;unknown;UNKNOWN;u;1;1;1;1;0;0;0;0;1.0;0.0;0.0;0.0;0.0;0.0;0.0;0.0;0.0;0.02;0.0;0.0;0.43;1;3;0.0
1493;cal000013;cal;tetis coro-3 música doris;unknown;UNKNOWN;u;1;1;1;1;0;0;0;0;1.0;0.0;0.0;0.0;0.0;0.0;0.0;0.0;0.0;0.02;0.0;0.0;0.43;1;3;0.0
1494;cal000013;cal;epafo faetón coro-1 coro-2 coro-3 música doris;unknown;UNKNOWN;u;1;1;1;1;0;0;0;0;1.0;0.0;0.0;0.0;0.0;0.0;0.0;0.0;0.0;0.02;0.0;0.0;0.43;1;2;0.0
1495;cal000013;cal;silvia batillo;unknown;UNKNOWN;u;2;4;6;8;0;0;0;0;0.5;0.0;0.5;0.0;0.0;0.0;0.0;0.0;0.0;0.07;0.01;0.0;0.51;1;3;0.0
1496;cal000013;cal;faetón admeto coro-1 coro-2 coro-3 música doris;unknown;UNKNOWN;u;1;1;2;2;0;0;0;0;1.0;0.0;0.0;0.0;0.0;0.0;0.0;0.0;0.0;0.02;0.0;0.0;0.43;1;2;0.0
1497;cal000013;cal;admeto epafo tetis;unknown;UNKNOWN;u;1;1;1;2;0;0;0;0;1.0;0.0;0.0;0.0;0.0;0.0;0.0;0.0;0.0;0.02;0.0;0.0;0.43;1;0;0.0
1498;cal000013;cal;admeto epafo eridano;unknown;UNKNOWN;u;1;1;1;1;0;0;0;0;1.0;0.0;0.0;0.0;0.0;0.0;0.0;0.0;0.0;0.02;0.0;0.0;0.43;1;0;0.0
1499;cal000013;cal;ninfas soldados-y-acompañamiento;unknown;UNKNOWN;u;2;2;2;2;0;0;0;0;0.5;0.0;0.5;0.0;0.0;0.0;0.0;0.0;0.0;0.03;0.0;0.0;0.21;5;2;0.0
1500;cal000013;cal;tetis faetón epafo admeto eridano amaltea galatea ninfas soldados-y-acompañamiento;unknown;UNKNOWN;u;1;1;5;5;0;0;0;0;1.0;0.0;0.0;0.0;0.0;0.0;0.0;0.0;0.0;0.02;0.0;0.0;0.18;0;0;0.0
1501;cal000013;cal;epafo faetón;unknown;UNKNOWN;u;1;2;2;2;0;0;0;0;1.0;0.0;0.0;0.0;0.0;0.0;0.0;0.0;0.0;0.03;0.0;0.0;0.11;0;1;0.0
1502;cal000013;cal;epafo eridano;unknown;UNKNOWN;u;1;1;2;2;0;0;0;0;1.0;0.0;0.0;0.0;0.0;0.0;0.0;0.0;0.0;0.02;0.0;0.0;0.11;0;1;0.0
1503;cal000013;cal;faetón eridano;unknown;UNKNOWN;u;1;1;2;3;0;0;0;0;1.0;0.0;0.0;0.0;0.0;0.0;0.0;0.0;0.0;0.02;0.0;0.0;0.11;0;1;0.0
1504;cal000013;cal;admeto eridano epafo amaltea galatea;unknown;UNKNOWN;u;1;1;1;1;0;0;0;0;1.0;0.0;0.0;0.0;0.0;0.0;0.0;0.0;0.0;0.02;0.0;0.0;0.11;0;0;0.0
1505;cal000013;cal;amaltea galatea;unknown;UNKNOWN;u;1;1;2;2;0;0;0;0;1.0;0.0;0.0;0.0;0.0;0.0;0.0;0.0;0.0;0.02;0.0;0.0;0.16;0;0;0.0
1506;cal000013;cal;faetón coro-3;unknown;UNKNOWN;u;1;1;1;1;0;0;0;0;1.0;0.0;0.0;0.0;0.0;0.0;0.0;0.0;0.0;0.02;0.0;0.0;0.16;0;0;0.0
1507;cal000013;cal;música faetón batillo tetis;unknown;UNKNOWN;u;1;1;1;1;0;0;0;0;0.0;1.0;0.0;0.0;0.0;0.0;0.0;0.0;0.0;0.02;0.0;0.0;0.2;4;2;0.0
1508;cal000013;cal;música batillo tetis;unknown;UNKNOWN;u;1;1;2;2;0;0;0;0;0.0;1.0;0.0;0.0;0.0;0.0;0.0;0.0;0.0;0.02;0.0;0.0;0.2;4;1;0.0
1509;cal000013;cal;música batillo tetis faetón batillo amaltea galatea;unknown;UNKNOWN;u;1;1;1;2;0;0;0;0;0.0;1.0;0.0;0.0;0.0;0.0;0.0;0.0;0.0;0.02;0.0;0.0;0.2;0;0;0.0
1510;cal000013;cal;soldados-y-acompañamiento embozado música;unknown;UNKNOWN;u;1;1;1;1;0;0;0;0;0.0;1.0;0.0;0.0;0.0;0.0;0.0;0.0;0.0;0.02;0.0;0.0;0.15;2;3;0.0
1511;cal000013;cal;tetis batillo faetón climene;unknown;UNKNOWN;u;1;1;1;1;0;0;0;0;0.0;1.0;0.0;0.0;0.0;0.0;0.0;0.0;0.0;0.02;0.0;0.0;0.15;1;0;0.0
1512;cal000013;cal;admeto epafo tetis amaltea galatea música climene eridano coro-1 coro-2 coro-3;unknown;UNKNOWN;u;1;1;1;4;0;0;0;0;0.0;1.0;0.0;0.0;0.0;0.0;0.0;0.0;0.0;0.02;0.0;0.0;0.25;1;3;0.0
1513;cal000013;cal;admeto epafo tetis faetón amaltea galatea música eridano coro-1 coro-2 coro-3;unknown;UNKNOWN;u;1;1;1;2;0;0;0;0;0.0;1.0;0.0;0.0;0.0;0.0;0.0;0.0;0.0;0.02;0.0;0.0;0.25;0;0;0.0
1514;cal000013;cal;epafo tetis batillo amaltea galatea música climene eridano coro-1 coro-2 coro-3;unknown;UNKNOWN;u;1;1;1;1;0;0;0;0;0.0;1.0;0.0;0.0;0.0;0.0;0.0;0.0;0.0;0.02;0.0;0.0;0.25;0;0;0.0
1515;cal000013;cal;música galatea;unknown;UNKNOWN;u;1;1;1;2;0;0;0;0;0.0;0.0;1.0;0.0;0.0;0.0;0.0;0.0;0.0;0.02;0.0;0.0;0.1;0;0;0.0
1516;cal000013;cal;amaltea música;unknown;UNKNOWN;u;1;1;1;8;0;0;0;0;0.0;0.0;1.0;0.0;0.0;0.0;0.0;0.0;0.0;0.02;0.0;0.0;0.02;0;0;0.0
1517;cal000013;cal;faetón climene;unknown;UNKNOWN;u;1;1;1;1;0;0;0;0;0.0;0.0;1.0;0.0;0.0;0.0;0.0;0.0;0.0;0.02;0.0;0.0;0.13;0;0;0.0
1518;cal000013;cal;faetón climene música;unknown;UNKNOWN;u;1;1;1;2;0;0;0;0;0.0;0.0;1.0;0.0;0.0;0.0;0.0;0.0;0.0;0.02;0.0;0.0;0.13;0;0;0.0
1519;cal000013;cal;apolo faetón climene;unknown;UNKNOWN;u;1;1;1;2;0;0;0;0;0.0;0.0;1.0;0.0;0.0;0.0;0.0;0.0;0.0;0.02;0.0;0.0;0.13;0;0;0.0
1520;cal000013;cal;apolo faetón climene música;unknown;UNKNOWN;u;1;1;1;4;0;0;0;0;0.0;0.0;1.0;0.0;0.0;0.0;0.0;0.0;0.0;0.02;0.0;0.0;0.13;0;0;0.0
1521;cal000013;cal;faetón epafo climene tetis;unknown;UNKNOWN;u;1;1;1;1;0;0;0;0;0.0;0.0;1.0;0.0;0.0;0.0;0.0;0.0;0.0;0.02;0.0;0.0;0.1;1;1;0.0
1522;cal000013;cal;faetón epafo climene amaltea;unknown;UNKNOWN;u;1;1;1;1;0;0;0;0;0.0;0.0;1.0;0.0;0.0;0.0;0.0;0.0;0.0;0.02;0.0;0.0;0.1;1;1;0.0
1523;cal000013;cal;faetón epafo climene galatea;unknown;UNKNOWN;u;1;1;1;1;0;0;0;0;0.0;0.0;1.0;0.0;0.0;0.0;0.0;0.0;0.0;0.02;0.0;0.0;0.1;1;1;0.0
1524;cal000013;cal;faetón epafo climene tetis amaltea galatea;unknown;UNKNOWN;u;1;1;1;1;0;0;0;0;0.0;0.0;1.0;0.0;0.0;0.0;0.0;0.0;0.0;0.02;0.0;0.0;0.05;0;0;0.0
1525;cal000013;cal;faetón climene amaltea galatea;unknown;UNKNOWN;u;1;1;1;1;0;0;0;0;0.0;0.0;1.0;0.0;0.0;0.0;0.0;0.0;0.0;0.02;0.0;0.0;0.02;0;0;0.0
1526;cal000013;cal;admeto eridano;unknown;UNKNOWN;u;1;1;1;1;0;0;0;0;0.0;0.0;1.0;0.0;0.0;0.0;0.0;0.0;0.0;0.02;0.0;0.0;0.25;5;4;0.0
1527;cal000013;cal;silvia batillo admeto eridano tetis faetón climene amaltea galatea;unknown;UNKNOWN;u;1;1;2;3;0;0;0;0;0.0;0.0;1.0;0.0;0.0;0.0;0.0;0.0;0.0;0.02;0.0;0.0;0.25;3;3;0.0
1528;cal000013;cal;admeto eridano tetis climene;unknown;UNKNOWN;u;1;1;1;1;0;0;0;0;0.0;0.0;1.0;0.0;0.0;0.0;0.0;0.0;0.0;0.02;0.0;0.0;0.25;2;2;0.0
1529;cal000013;cal;silvia batillo admeto tetis faetón amaltea galatea epafo;unknown;UNKNOWN;u;1;1;1;1;0;0;0;0;0.0;0.0;1.0;0.0;0.0;0.0;0.0;0.0;0.0;0.02;0.0;0.0;0.25;0;0;0.0
1530;cal000014;cal;astolfo;unknown;Astolfo;MALE;3;16;91;656;0;0;0;0;0.34;0.4;0.25;0.0;0.0;0.0;0.0;0.0;0.0;0.22;0.13;0.2;0.82;3;5;0.02
1531;cal000014;cal;carlos;unknown;Carlos;MALE;3;31;98;521;0;0;0;0;0.48;0.26;0.26;0.0;0.0;0.0;0.0;0.0;0.0;0.42;0.14;0.16;0.82;2;1;0.03
1532;cal000014;cal;duque;unknown;El Duque;MALE;3;21;101;381;0;0;0;0;0.17;0.36;0.47;0.0;0.0;0.0;0.0;0.0;0.0;0.28;0.14;0.11;0.82;1;4;0.02
1533;cal000014;cal;julia;unknown;Julia;FEMALE;3;22;91;636;0;0;0;0;0.37;0.44;0.18;0.0;0.0;0.0;0.0;0.0;0.0;0.3;0.13;0.19;0.82;2;4;0.02
1534;cal000014;cal;enrique;unknown;Enrique;MALE;3;22;72;379;0;0;0;0;0.21;0.34;0.45;0.0;0.0;0.0;0.0;0.0;0.0;0.3;0.1;0.11;0.82;1;2;0.2
1535;cal000014;cal;candil;unknown;Candil;MALE;3;27;96;351;0;0;0;0;0.22;0.32;0.46;0.0;0.0;0.0;0.0;0.0;0.0;0.36;0.14;0.1;0.91;3;5;0.06
1536;cal000014;cal;laura;unknown;Laura;FEMALE;3;21;63;170;0;0;0;0;0.13;0.2;0.67;0.0;0.0;0.0;0.0;0.0;0.0;0.28;0.09;0.05;0.91;0;2;0.06
1537;cal000014;cal;leonelo;unknown;Leonelo;MALE;3;16;35;111;0;0;0;0;0.14;0.13;0.73;0.0;0.0;0.0;0.0;0.0;0.0;0.22;0.05;0.03;0.73;0;2;0.01
1538;cal000014;cal;otavio;unknown;Otavio;MALE;3;7;10;24;0;0;0;0;0.08;0.38;0.54;0.0;0.0;0.0;0.0;0.0;0.0;0.09;0.01;0.01;0.64;1;1;0.0
1539;cal000014;cal;porcia;unknown;Porcia;FEMALE;3;10;35;112;0;0;0;0;0.06;0.29;0.65;0.0;0.0;0.0;0.0;0.0;0.0;0.14;0.05;0.03;0.45;1;1;0.0
1540;cal000014;cal;lucrecia;unknown;Lucrecia;FEMALE;2;6;9;14;0;0;0;0;0.0;0.71;0.29;0.0;0.0;0.0;0.0;0.0;0.0;0.08;0.01;0.0;0.36;1;2;0.0
1541;cal000014;cal;criado;unknown;Criado;MALE;1;1;1;2;0;0;0;0;0.0;1.0;0.0;0.0;0.0;0.0;0.0;0.0;0.0;0.01;0.0;0.0;0.09;0;1;0.0
1542;cal000086;cal;coro-primero;unknown;Coro Primero;UNKNOWN;1;2;4;7;0;0;0;0;1.0;0.0;0.0;0.0;0.0;0.0;0.0;0.0;0.0;0.06;0.01;0.0;0.42;2;4;0.0
1543;cal000086;cal;coro-segundo;unknown;Coro Segundo;UNKNOWN;1;2;4;7;0;0;0;0;1.0;0.0;0.0;0.0;0.0;0.0;0.0;0.0;0.0;0.06;0.01;0.0;0.42;2;3;0.0
1544;cal000086;cal;coro-tercero;unknown;Coro Tercero;UNKNOWN;1;2;4;7;0;0;0;0;1.0;0.0;0.0;0.0;0.0;0.0;0.0;0.0;0.0;0.06;0.01;0.0;0.42;1;3;0.0
1545;cal000086;cal;coro-cuarto;unknown;Coro Cuarto;UNKNOWN;1;2;4;7;0;0;0;0;1.0;0.0;0.0;0.0;0.0;0.0;0.0;0.0;0.0;0.06;0.01;0.0;0.42;1;2;0.0
1546;cal000086;cal;voces;unknown;Voces;UNKNOWN;2;3;5;8;0;0;0;0;0.75;0.25;0.0;0.0;0.0;0.0;0.0;0.0;0.0;0.09;0.01;0.0;0.47;0;0;0.0
1547;cal000086;cal;alfeo;unknown;Alfeo;MALE;3;10;76;354;0;0;0;0;0.37;0.35;0.28;0.0;0.0;0.0;0.0;0.0;0.0;0.31;0.12;0.17;0.78;8;8;0.08
1548;cal000086;cal;sileno;unknown;Sileno;MALE;2;3;6;68;0;0;0;0;0.62;0.38;0.0;0.0;0.0;0.0;0.0;0.0;0.0;0.09;0.01;0.03;0.44;3;4;0.0
1549;cal000086;cal;lauro;unknown;Lauro;MALE;1;1;3;11;0;0;0;0;1.0;0.0;0.0;0.0;0.0;0.0;0.0;0.0;0.0;0.03;0.0;0.01;0.42;0;0;0.0
1550;cal000086;cal;astrea;unknown;Astrea;FEMALE;3;5;8;110;0;0;0;0;0.93;0.02;0.05;0.0;0.0;0.0;0.0;0.0;0.0;0.16;0.01;0.05;0.91;2;4;0.09
1551;cal000086;cal;celfa;unknown;Celfa;FEMALE;3;7;56;179;0;0;0;0;0.31;0.35;0.35;0.0;0.0;0.0;0.0;0.0;0.0;0.22;0.09;0.09;0.76;5;8;0.06
1552;cal000086;cal;escila;unknown;Escila;FEMALE;1;14;96;260;0;0;0;0;0.0;1.0;0.0;0.0;0.0;0.0;0.0;0.0;0.0;0.44;0.15;0.12;0.47;3;3;0.01
1553;cal000086;cal;caribdis;unknown;Caribdis;FEMALE;1;15;88;276;0;0;0;0;0.0;1.0;0.0;0.0;0.0;0.0;0.0;0.0;0.0;0.47;0.14;0.13;0.47;6;3;0.01
1554;cal000086;cal;ulises;unknown;Ulises;MALE;1;18;103;447;0;0;0;0;0.0;1.0;0.0;0.0;0.0;0.0;0.0;0.0;0.0;0.56;0.16;0.21;0.49;8;5;0.01
1555;cal000086;cal;anteo;unknown;Anteo;MALE;1;8;20;51;0;0;0;0;0.0;1.0;0.0;0.0;0.0;0.0;0.0;0.0;0.0;0.25;0.03;0.02;0.47;7;4;0.01
1556;cal000086;cal;dante;unknown;Dante;MALE;1;5;23;50;0;0;0;0;0.0;1.0;0.0;0.0;0.0;0.0;0.0;0.0;0.0;0.16;0.04;0.02;0.47;4;5;0.01
1557;cal000086;cal;sirena-primera;unknown;Sirena Primera;FEMALE;1;2;6;8;0;0;0;0;0.0;1.0;0.0;0.0;0.0;0.0;0.0;0.0;0.0;0.06;0.01;0.0;0.42;5;4;0.01
1558;cal000086;cal;sirena-segunda;unknown;Sirena Segunda;FEMALE;1;2;5;5;0;0;0;0;0.0;1.0;0.0;0.0;0.0;0.0;0.0;0.0;0.0;0.06;0.01;0.0;0.42;4;4;0.01
1559;cal000086;cal;sirena-tercera;unknown;Sirena Tercera;FEMALE;1;2;5;5;0;0;0;0;0.0;1.0;0.0;0.0;0.0;0.0;0.0;0.0;0.0;0.06;0.01;0.0;0.42;3;4;0.01
1560;cal000086;cal;sirena-cuarta;unknown;Sirena Cuarta;FEMALE;1;2;5;5;0;0;0;0;0.0;1.0;0.0;0.0;0.0;0.0;0.0;0.0;0.0;0.06;0.01;0.0;0.42;2;4;0.01
1561;cal000086;cal;pescador-primero;unknown;Pescador Primero;MALE;2;3;4;18;0;0;0;0;0.72;0.28;0.0;0.0;0.0;0.0;0.0;0.0;0.0;0.09;0.01;0.01;0.75;2;5;0.04
1562;cal000086;cal;pescador-segundo;unknown;Pescador Segundo;MALE;2;2;2;3;0;0;0;0;0.33;0.67;0.0;0.0;0.0;0.0;0.0;0.0;0.0;0.06;0.0;0.0;0.73;1;3;0.04
1563;cal000086;cal;pescador-tercero;unknown;Pescador Tercero;MALE;1;1;1;3;0;0;0;0;0.0;1.0;0.0;0.0;0.0;0.0;0.0;0.0;0.0;0.03;0.0;0.0;0.38;0;0;0.0
1564;cal000086;cal;villana-primera;unknown;Villana Primera;FEMALE;1;1;1;1;0;0;0;0;1.0;0.0;0.0;0.0;0.0;0.0;0.0;0.0;0.0;0.03;0.0;0.0;0.42;2;4;0.0
1565;cal000086;cal;villana-segunda;unknown;Villana Segunda;FEMALE;1;1;1;1;0;0;0;0;1.0;0.0;0.0;0.0;0.0;0.0;0.0;0.0;0.0;0.03;0.0;0.0;0.42;1;3;0.0
1566;cal000086;cal;viejo;unknown;Un Viejo;MALE;1;1;1;4;0;0;0;0;0.0;1.0;0.0;0.0;0.0;0.0;0.0;0.0;0.0;0.03;0.0;0.0;0.09;1;1;0.0
1567;cal000086;cal;salvaje;unknown;Un Salvaje;MALE;1;1;7;21;0;0;0;0;0.0;0.0;1.0;0.0;0.0;0.0;0.0;0.0;0.0;0.03;0.01;0.01;0.29;5;4;0.0
1568;cal000086;cal;primera;unknown;Mujer Primera;FEMALE;1;1;1;2;0;0;0;0;0.0;0.0;1.0;0.0;0.0;0.0;0.0;0.0;0.0;0.03;0.0;0.0;0.29;4;4;0.0
1569;cal000086;cal;segunda;unknown;Mujer Segunda;FEMALE;1;1;1;2;0;0;0;0;0.0;0.0;1.0;0.0;0.0;0.0;0.0;0.0;0.0;0.03;0.0;0.0;0.29;3;3;0.0
1570;cal000086;cal;tercera;unknown;Mujer Tercera;FEMALE;1;1;1;2;0;0;0;0;0.0;0.0;1.0;0.0;0.0;0.0;0.0;0.0;0.0;0.03;0.0;0.0;0.29;2;2;0.0
1571;cal000086;cal;cuarta;unknown;Mujer Cuarta;FEMALE;1;1;1;2;0;0;0;0;0.0;0.0;1.0;0.0;0.0;0.0;0.0;0.0;0.0;0.03;0.0;0.0;0.29;1;1;0.0
1572;cal000086;cal;primero;unknown;Hombre Primero;MALE;1;1;4;11;0;0;0;0;0.0;0.0;1.0;0.0;0.0;0.0;0.0;0.0;0.0;0.03;0.01;0.01;0.29;4;3;0.0
1573;cal000086;cal;segundo;unknown;Hombre Segundo;MALE;1;1;2;5;0;0;0;0;0.0;0.0;1.0;0.0;0.0;0.0;0.0;0.0;0.0;0.03;0.0;0.0;0.29;3;2;0.0
1574;cal000086;cal;tercero;unknown;Hombre Tercero;MALE;1;1;2;4;0;0;0;0;0.0;0.0;1.0;0.0;0.0;0.0;0.0;0.0;0.0;0.03;0.0;0.0;0.29;2;1;0.0
1575;cal000086;cal;cuarto;unknown;Hombre Cuarto;MALE;1;1;2;3;0;0;0;0;0.0;0.0;1.0;0.0;0.0;0.0;0.0;0.0;0.0;0.03;0.0;0.0;0.29;1;0;0.0
1576;cal000086;cal;música;unknown;Música;UNKNOWN;2;2;8;10;0;0;0;0;0.0;0.2;0.8;0.0;0.0;0.0;0.0;0.0;0.0;0.06;0.01;0.0;0.64;12;9;0.04
1577;cal000086;cal;todos;unknown;UNKNOWN;u;3;8;30;46;0;0;0;0;0.37;0.22;0.41;0.0;0.0;0.0;0.0;0.0;0.0;0.25;0.05;0.02;0.91;5;8;0.09
1578;cal000086;cal;pescador-primero pescador-segundo pescador-tercero;unknown;UNKNOWN;u;1;1;1;1;0;0;0;0;1.0;0.0;0.0;0.0;0.0;0.0;0.0;0.0;0.0;0.03;0.0;0.0;0.42;4;5;0.0
1579;cal000086;cal;villana-primera villana-segunda;unknown;UNKNOWN;u;2;2;2;3;0;0;0;0;0.33;0.67;0.0;0.0;0.0;0.0;0.0;0.0;0.0;0.06;0.0;0.0;0.73;4;6;0.04
1580;cal000086;cal;sileno astrea;unknown;UNKNOWN;u;1;1;2;2;0;0;0;0;1.0;0.0;0.0;0.0;0.0;0.0;0.0;0.0;0.0;0.03;0.0;0.0;0.42;4;5;0.0
1581;cal000086;cal;pescador-primero pescador-segundo pescador-tercero villana-primera villana-segunda;unknown;UNKNOWN;u;1;1;1;1;0;0;0;0;1.0;0.0;0.0;0.0;0.0;0.0;0.0;0.0;0.0;0.03;0.0;0.0;0.42;4;5;0.0
1582;cal000086;cal;coro-primero coro-segundo coro-tercero coro-cuarto;unknown;UNKNOWN;u;1;1;2;4;0;0;0;0;1.0;0.0;0.0;0.0;0.0;0.0;0.0;0.0;0.0;0.03;0.0;0.0;0.42;1;2;0.0
1583;cal000086;cal;unos;unknown;UNKNOWN;u;2;2;2;2;0;0;0;0;0.5;0.0;0.5;0.0;0.0;0.0;0.0;0.0;0.0;0.06;0.0;0.0;0.6;0;0;0.02
1584;cal000086;cal;otros;unknown;UNKNOWN;u;2;2;3;3;0;0;0;0;0.33;0.0;0.67;0.0;0.0;0.0;0.0;0.0;0.0;0.06;0.0;0.0;0.6;4;5;0.02
1585;cal000086;cal;uno;unknown;UNKNOWN;u;3;3;3;6;0;0;0;0;0.17;0.5;0.33;0.0;0.0;0.0;0.0;0.0;0.0;0.09;0.0;0.0;0.62;4;5;0.02
1586;cal000086;cal;otro;unknown;UNKNOWN;u;1;1;2;2;0;0;0;0;1.0;0.0;0.0;0.0;0.0;0.0;0.0;0.0;0.0;0.03;0.0;0.0;0.42;0;0;0.0
1587;cal000086;cal;escila caribdis;unknown;UNKNOWN;u;1;5;8;17;0;0;0;0;0.0;1.0;0.0;0.0;0.0;0.0;0.0;0.0;0.0;0.16;0.01;0.01;0.47;1;3;0.01
1588;cal000086;cal;anteo alfeo;unknown;UNKNOWN;u;1;1;1;1;0;0;0;0;0.0;1.0;0.0;0.0;0.0;0.0;0.0;0.0;0.0;0.03;0.0;0.0;0.13;0;0;0.0
1589;cal000086;cal;escila celfa;unknown;UNKNOWN;u;1;1;1;4;0;0;0;0;0.0;1.0;0.0;0.0;0.0;0.0;0.0;0.0;0.0;0.03;0.0;0.0;0.13;0;0;0.0
1590;cal000086;cal;caribdis escila;unknown;UNKNOWN;u;1;2;4;7;0;0;0;0;0.0;1.0;0.0;0.0;0.0;0.0;0.0;0.0;0.0;0.06;0.01;0.0;0.4;2;3;0.0
1591;cal000086;cal;sirena-primera sirena-segunda sirena-tercera sirena-cuarta escila caribdis;unknown;UNKNOWN;u;1;2;8;16;0;0;0;0;0.0;1.0;0.0;0.0;0.0;0.0;0.0;0.0;0.0;0.06;0.01;0.01;0.42;6;3;0.01
1592;cal000086;cal;unas;unknown;UNKNOWN;u;1;1;1;1;0;0;0;0;0.0;1.0;0.0;0.0;0.0;0.0;0.0;0.0;0.0;0.03;0.0;0.0;0.15;5;0;0.0
1593;cal000086;cal;otras;unknown;UNKNOWN;u;1;1;1;1;0;0;0;0;0.0;1.0;0.0;0.0;0.0;0.0;0.0;0.0;0.0;0.03;0.0;0.0;0.15;5;0;0.0
1594;cal000086;cal;anteo ulises;unknown;UNKNOWN;u;1;1;1;1;0;0;0;0;0.0;1.0;0.0;0.0;0.0;0.0;0.0;0.0;0.0;0.03;0.0;0.0;0.07;0;0;0.0
1595;cal000086;cal;anteo dante;unknown;UNKNOWN;u;1;1;2;3;0;0;0;0;0.0;1.0;0.0;0.0;0.0;0.0;0.0;0.0;0.0;0.03;0.0;0.0;0.38;7;4;0.0
1596;cal000086;cal;anteo dante ulises;unknown;UNKNOWN;u;1;1;1;1;0;0;0;0;0.0;1.0;0.0;0.0;0.0;0.0;0.0;0.0;0.0;0.03;0.0;0.0;0.38;3;3;0.0
1597;cal000086;cal;escila caribdis anteo dante ulises;unknown;UNKNOWN;u;1;1;1;4;0;0;0;0;0.0;1.0;0.0;0.0;0.0;0.0;0.0;0.0;0.0;0.03;0.0;0.0;0.38;3;3;0.0
1598;cal000162;cal;musicos;unknown;Músicos;UNKNOWN;1;1;1;8;0;0;0;0;1.0;0.0;0.0;0.0;0.0;0.0;0.0;0.0;0.0;0.04;0.0;0.01;0.42;1;4;0.0
1599;cal000162;cal;vanidad;unknown;Vanidad;FEMALE;1;10;36;211;0;0;0;0;1.0;0.0;0.0;0.0;0.0;0.0;0.0;0.0;0.0;0.4;0.15;0.15;0.67;2;4;0.0
1600;cal000162;cal;demonio;unknown;Demonio;MALE;1;10;58;305;0;0;0;0;1.0;0.0;0.0;0.0;0.0;0.0;0.0;0.0;0.0;0.4;0.24;0.22;0.67;3;4;0.0
1601;cal000162;cal;paraiso;unknown;Paraíso;MALE;1;2;7;61;0;0;0;0;1.0;0.0;0.0;0.0;0.0;0.0;0.0;0.0;0.0;0.08;0.03;0.04;0.42;2;3;0.0
1602;cal000162;cal;hombre;unknown;Hombre;MALE;1;15;57;376;0;0;0;0;1.0;0.0;0.0;0.0;0.0;0.0;0.0;0.0;0.0;0.6;0.23;0.27;1.0;2;3;0.35
1603;cal000162;cal;primavera;unknown;Primavera;FEMALE;1;7;20;46;0;0;0;0;1.0;0.0;0.0;0.0;0.0;0.0;0.0;0.0;0.0;0.28;0.08;0.03;0.83;1;3;0.03
1604;cal000162;cal;otono;unknown;Otoño;MALE;1;6;23;69;0;0;0;0;1.0;0.0;0.0;0.0;0.0;0.0;0.0;0.0;0.0;0.24;0.09;0.05;0.83;1;2;0.03
1605;cal000162;cal;estio;unknown;Estío;MALE;1;6;8;12;0;0;0;0;1.0;0.0;0.0;0.0;0.0;0.0;0.0;0.0;0.0;0.24;0.03;0.01;0.83;1;1;0.03
1606;cal000162;cal;naturaleza;unknown;Naturaleza;FEMALE;1;3;10;245;0;0;0;0;1.0;0.0;0.0;0.0;0.0;0.0;0.0;0.0;0.0;0.12;0.04;0.18;0.75;0;0;0.01
1607;cal000162;cal;invierno;unknown;Invierno;MALE;1;5;7;13;0;0;0;0;1.0;0.0;0.0;0.0;0.0;0.0;0.0;0.0;0.0;0.2;0.03;0.01;0.75;1;0;0.01
1608;cal000162;cal;tierra;unknown;Tierra;FEMALE;1;1;13;21;0;0;0;0;1.0;0.0;0.0;0.0;0.0;0.0;0.0;0.0;0.0;0.04;0.05;0.02;0.08;0;1;0.0
1609;cal000162;cal;religion;unknown;Religión;FEMALE;1;1;1;16;0;0;0;0;1.0;0.0;0.0;0.0;0.0;0.0;0.0;0.0;0.0;0.04;0.0;0.01;0.08;0;1;0.0
1610;cal000162;cal;naturaleza musicos estio invierno vanidad hombre otono demonio primavera;unknown;UNKNOWN;u;1;1;3;6;0;0;0;0;1.0;0.0;0.0;0.0;0.0;0.0;0.0;0.0;0.0;0.04;0.01;0.0;0.67;2;3;0.0
1611;cal000163;cal;musicos;unknown;Músicos;UNKNOWN;1;15;20;56;0;0;0;0;1.0;0.0;0.0;0.0;0.0;0.0;0.0;0.0;0.0;0.33;0.04;0.03;1.0;0;0;0.07
1612;cal000163;cal;coro-1;unknown;Coro 1;UNKNOWN;1;3;3;6;0;0;0;0;1.0;0.0;0.0;0.0;0.0;0.0;0.0;0.0;0.0;0.07;0.01;0.0;0.71;0;0;0.0
1613;cal000163;cal;coro-2;unknown;Coro 2;UNKNOWN;1;3;3;6;0;0;0;0;1.0;0.0;0.0;0.0;0.0;0.0;0.0;0.0;0.0;0.07;0.01;0.0;0.71;0;0;0.0
1614;cal000163;cal;fama;unknown;Fama;FEMALE;1;2;4;21;0;0;0;0;1.0;0.0;0.0;0.0;0.0;0.0;0.0;0.0;0.0;0.04;0.01;0.01;0.43;0;0;0.0
1615;cal000163;cal;buen-genio;unknown;Buen Genio;MALE;1;21;107;297;0;0;0;0;1.0;0.0;0.0;0.0;0.0;0.0;0.0;0.0;0.0;0.47;0.21;0.17;0.95;8;3;0.04
1616;cal000163;cal;malicia;unknown;Malicia;FEMALE;1;9;20;40;0;0;0;0;1.0;0.0;0.0;0.0;0.0;0.0;0.0;0.0;0.0;0.2;0.04;0.02;0.95;8;2;0.04
1617;cal000163;cal;mal-genio;unknown;Mal Genio;MALE;1;20;82;230;0;0;0;0;1.0;0.0;0.0;0.0;0.0;0.0;0.0;0.0;0.0;0.44;0.16;0.13;0.95;10;2;0.04
1618;cal000163;cal;gracia;unknown;Gracia;FEMALE;1;5;14;67;0;0;0;0;1.0;0.0;0.0;0.0;0.0;0.0;0.0;0.0;0.0;0.11;0.03;0.04;0.48;2;1;0.0
1619;cal000163;cal;padre;unknown;Padre;MALE;1;5;16;197;0;0;0;0;1.0;0.0;0.0;0.0;0.0;0.0;0.0;0.0;0.0;0.11;0.03;0.11;0.52;3;0;0.01
1620;cal000163;cal;inocencia;unknown;Inocencia;FEMALE;1;12;39;77;0;0;0;0;1.0;0.0;0.0;0.0;0.0;0.0;0.0;0.0;0.0;0.27;0.08;0.04;0.95;8;4;0.04
1621;cal000163;cal;culpa;unknown;Culpa;FEMALE;1;18;59;372;0;0;0;0;1.0;0.0;0.0;0.0;0.0;0.0;0.0;0.0;0.0;0.4;0.11;0.21;0.81;6;3;0.01
1622;cal000163;cal;gula;unknown;Gula;FEMALE;1;11;34;114;0;0;0;0;1.0;0.0;0.0;0.0;0.0;0.0;0.0;0.0;0.0;0.24;0.07;0.06;0.76;4;1;0.0
1623;cal000163;cal;lascivia;unknown;Lascivia;FEMALE;1;11;26;65;0;0;0;0;1.0;0.0;0.0;0.0;0.0;0.0;0.0;0.0;0.0;0.24;0.05;0.04;0.76;5;1;0.0
1624;cal000163;cal;mundo;unknown;Mundo;MALE;1;9;19;74;0;0;0;0;1.0;0.0;0.0;0.0;0.0;0.0;0.0;0.0;0.0;0.2;0.04;0.04;0.48;7;0;0.0
1625;cal000163;cal;soberbia;unknown;Soberbia;FEMALE;1;4;10;24;0;0;0;0;1.0;0.0;0.0;0.0;0.0;0.0;0.0;0.0;0.0;0.09;0.02;0.01;0.76;6;1;0.0
1626;cal000163;cal;humildad;unknown;Humildad;FEMALE;1;3;7;14;0;0;0;0;1.0;0.0;0.0;0.0;0.0;0.0;0.0;0.0;0.0;0.07;0.01;0.01;0.76;7;1;0.0
1627;cal000163;cal;desengano;unknown;Desengaño;MALE;1;4;8;14;0;0;0;0;1.0;0.0;0.0;0.0;0.0;0.0;0.0;0.0;0.0;0.09;0.02;0.01;0.76;4;1;0.0
1628;cal000163;cal;penitencia;unknown;Penitencia;FEMALE;1;3;9;16;0;0;0;0;1.0;0.0;0.0;0.0;0.0;0.0;0.0;0.0;0.0;0.07;0.02;0.01;0.76;4;1;0.0
1629;cal000163;cal;herejia;unknown;Herejía;FEMALE;1;4;16;34;0;0;0;0;1.0;0.0;0.0;0.0;0.0;0.0;0.0;0.0;0.0;0.09;0.03;0.02;0.76;0;1;0.0
1630;cal000163;cal;fe;unknown;Fe;FEMALE;1;4;18;71;0;0;0;0;1.0;0.0;0.0;0.0;0.0;0.0;0.0;0.0;0.0;0.09;0.03;0.04;0.86;1;0;0.02
1631;cal000163;cal;mal-genio malicia gracia inocencia padre fama musicos;unknown;UNKNOWN;u;1;1;1;1;0;0;0;0;1.0;0.0;0.0;0.0;0.0;0.0;0.0;0.0;0.0;0.02;0.0;0.0;0.43;0;0;0.0
1632;cal000163;cal;malicia gracia fama musicos mal-genio padre;unknown;UNKNOWN;u;1;1;1;1;0;0;0;0;1.0;0.0;0.0;0.0;0.0;0.0;0.0;0.0;0.0;0.02;0.0;0.0;0.43;0;0;0.0
1633;cal000087;cal;voces;unknown;Voces;UNKNOWN;1;6;8;10;0;0;0;0;1.0;0.0;0.0;0.0;0.0;0.0;0.0;0.0;0.0;0.08;0.01;0.0;0.27;0;2;0.0
1634;cal000087;cal;música;unknown;Músicos;UNKNOWN;3;4;11;21;0;0;0;0;0.38;0.19;0.43;0.0;0.0;0.0;0.0;0.0;0.0;0.05;0.01;0.0;0.45;2;6;0.03
1635;cal000087;cal;príncipe;unknown;Muley Mahomet;MALE;3;38;144;1392;0;0;0;0;0.41;0.32;0.26;0.0;0.0;0.0;0.0;0.0;0.0;0.51;0.18;0.32;0.61;2;4;0.13
1636;cal000087;cal;rey;unknown;El Rey;MALE;2;4;10;68;0;0;0;0;0.72;0.28;0.0;0.0;0.0;0.0;0.0;0.0;0.0;0.05;0.01;0.02;0.25;1;5;0.0
1637;cal000087;cal;muley;unknown;Muley;MALE;3;10;17;56;0;0;0;0;0.61;0.14;0.25;0.0;0.0;0.0;0.0;0.0;0.0;0.13;0.02;0.01;0.34;0;1;0.01
1638;cal000087;cal;zara;unknown;Zara;FEMALE;3;18;61;413;0;0;0;0;0.33;0.22;0.46;0.0;0.0;0.0;0.0;0.0;0.0;0.24;0.08;0.09;0.39;0;2;0.05
1639;cal000087;cal;cide;unknown;Cide Hamet;MALE;3;15;52;289;0;0;0;0;0.13;0.19;0.68;0.0;0.0;0.0;0.0;0.0;0.0;0.2;0.07;0.07;0.59;2;2;0.07
1640;cal000087;cal;abdalá;unknown;Abdalá;MALE;3;11;28;144;0;0;0;0;0.13;0.4;0.47;0.0;0.0;0.0;0.0;0.0;0.0;0.15;0.04;0.03;0.39;1;3;0.05
1641;cal000087;cal;alcuzcuz;unknown;Alcuzcuz;MALE;3;22;111;404;0;0;0;0;0.22;0.36;0.42;0.0;0.0;0.0;0.0;0.0;0.0;0.29;0.14;0.09;0.57;1;1;0.06
1642;cal000087;cal;baltasar;unknown;Don Baltasar Mandas;MALE;3;13;43;266;0;0;0;0;0.25;0.72;0.03;0.0;0.0;0.0;0.0;0.0;0.0;0.17;0.05;0.06;0.3;0;6;0.01
1643;cal000087;cal;turín;unknown;Turín;MALE;3;18;94;400;0;0;0;0;0.18;0.3;0.52;0.0;0.0;0.0;0.0;0.0;0.0;0.24;0.12;0.09;0.18;0;2;0.0
1644;cal000087;cal;maestre;unknown;Don Paulo Láscaris;MALE;3;5;26;128;0;0;0;0;0.25;0.72;0.03;0.0;0.0;0.0;0.0;0.0;0.0;0.07;0.03;0.03;0.3;0;7;0.01
1645;cal000087;cal;buen-genio;unknown;El Buen Genio;MALE;3;8;35;144;0;0;0;0;0.53;0.29;0.18;0.0;0.0;0.0;0.0;0.0;0.0;0.11;0.04;0.03;0.64;3;8;0.11
1646;cal000087;cal;mal-genio;unknown;El Mal Genio;MALE;3;13;39;323;0;0;0;0;0.27;0.18;0.55;0.0;0.0;0.0;0.0;0.0;0.0;0.17;0.05;0.07;0.7;3;7;0.19
1647;cal000087;cal;la-virgen;unknown;La Virgen;FEMALE;1;1;1;6;0;0;0;0;0.0;1.0;0.0;0.0;0.0;0.0;0.0;0.0;0.0;0.01;0.0;0.0;0.3;0;0;0.0
1648;cal000087;cal;religión;unknown;La Religión;FEMALE;1;2;4;27;0;0;0;0;0.0;0.0;1.0;0.0;0.0;0.0;0.0;0.0;0.0;0.03;0.01;0.01;0.27;0;0;0.01
1649;cal000087;cal;abraham;unknown;Abraham;MALE;1;2;2;3;0;0;0;0;0.0;0.0;1.0;0.0;0.0;0.0;0.0;0.0;0.0;0.03;0.0;0.0;0.16;1;1;0.0
1650;cal000087;cal;isaac;unknown;Isaac;MALE;1;2;2;3;0;0;0;0;0.0;0.0;1.0;0.0;0.0;0.0;0.0;0.0;0.0;0.03;0.0;0.0;0.16;1;0;0.0
1651;cal000087;cal;ángel;unknown;Un Ángel;MALE;1;1;1;6;0;0;0;0;0.0;0.0;1.0;0.0;0.0;0.0;0.0;0.0;0.0;0.01;0.0;0.0;0.16;1;4;0.0
1652;cal000087;cal;caballero;unknown;Un Caballero;MALE;1;1;1;1;0;0;0;0;0.0;0.0;1.0;0.0;0.0;0.0;0.0;0.0;0.0;0.01;0.0;0.0;0.14;1;1;0.0
1653;cal000087;cal;moro;unknown;Un Moro;MALE;1;1;1;1;0;0;0;0;0.0;0.0;1.0;0.0;0.0;0.0;0.0;0.0;0.0;0.01;0.0;0.0;0.14;1;2;0.0
1654;cal000087;cal;mal-genio buen-genio;unknown;UNKNOWN;u;1;1;1;2;0;0;0;0;1.0;0.0;0.0;0.0;0.0;0.0;0.0;0.0;0.0;0.01;0.0;0.0;0.11;0;0;0.0
1655;cal000087;cal;unos;unknown;UNKNOWN;u;2;6;21;22;0;0;0;0;0.64;0.36;0.0;0.0;0.0;0.0;0.0;0.0;0.0;0.08;0.03;0.01;0.5;2;8;0.02
1656;cal000087;cal;otros;unknown;UNKNOWN;u;2;5;10;13;0;0;0;0;0.31;0.69;0.0;0.0;0.0;0.0;0.0;0.0;0.0;0.07;0.01;0.0;0.39;1;3;0.01
1657;cal000087;cal;todos;unknown;UNKNOWN;u;3;10;19;22;0;0;0;0;0.45;0.23;0.32;0.0;0.0;0.0;0.0;0.0;0.0;0.13;0.02;0.01;0.48;2;5;0.01
1658;cal000087;cal;príncipe muley zara;unknown;UNKNOWN;u;1;1;1;1;0;0;0;0;1.0;0.0;0.0;0.0;0.0;0.0;0.0;0.0;0.0;0.01;0.0;0.0;0.23;0;3;0.0
1659;cal000087;cal;uno;unknown;UNKNOWN;u;2;6;13;24;0;0;0;0;0.0;0.96;0.04;0.0;0.0;0.0;0.0;0.0;0.0;0.08;0.02;0.01;0.45;2;1;0.03
1660;cal000087;cal;muley zara;unknown;UNKNOWN;u;1;1;1;1;0;0;0;0;0.0;1.0;0.0;0.0;0.0;0.0;0.0;0.0;0.0;0.01;0.0;0.0;0.11;1;3;0.0
1661;cal000087;cal;príncipe morisco;unknown;UNKNOWN;u;1;1;6;33;0;0;0;0;0.0;1.0;0.0;0.0;0.0;0.0;0.0;0.0;0.0;0.01;0.01;0.01;0.05;0;1;0.0
1662;cal000087;cal;príncipe ignacio;unknown;UNKNOWN;u;1;2;6;95;0;0;0;0;0.0;1.0;0.0;0.0;0.0;0.0;0.0;0.0;0.0;0.03;0.01;0.02;0.05;0;0;0.0
1663;cal000087;cal;otro;unknown;UNKNOWN;u;2;2;4;7;0;0;0;0;0.0;0.14;0.86;0.0;0.0;0.0;0.0;0.0;0.0;0.03;0.01;0.0;0.39;2;3;0.02
1664;cal000087;cal;príncipe música;unknown;UNKNOWN;u;2;2;4;13;0;0;0;0;0.0;0.62;0.38;0.0;0.0;0.0;0.0;0.0;0.0;0.03;0.01;0.0;0.36;1;1;0.0
1665;cal000087;cal;la-virgen música;unknown;UNKNOWN;u;1;1;1;4;0;0;0;0;0.0;1.0;0.0;0.0;0.0;0.0;0.0;0.0;0.0;0.01;0.0;0.0;0.3;0;0;0.0
1666;cal000087;cal;cide música;unknown;UNKNOWN;u;1;1;2;5;0;0;0;0;0.0;0.0;1.0;0.0;0.0;0.0;0.0;0.0;0.0;0.01;0.0;0.0;0.09;0;0;0.0
1667;cal000087;cal;alcuzcuz música;unknown;UNKNOWN;u;1;2;2;8;0;0;0;0;0.0;0.0;1.0;0.0;0.0;0.0;0.0;0.0;0.0;0.03;0.0;0.0;0.11;0;0;0.0
1668;cal000087;cal;todos música;unknown;UNKNOWN;u;1;2;3;10;0;0;0;0;0.0;0.0;1.0;0.0;0.0;0.0;0.0;0.0;0.0;0.03;0.0;0.0;0.25;0;0;0.01
1669;cal000087;cal;buen-genio música;unknown;UNKNOWN;u;1;1;1;3;0;0;0;0;0.0;0.0;1.0;0.0;0.0;0.0;0.0;0.0;0.0;0.01;0.0;0.0;0.14;0;0;0.0
1670;cal000087;cal;mal-genio música;unknown;UNKNOWN;u;1;1;1;4;0;0;0;0;0.0;0.0;1.0;0.0;0.0;0.0;0.0;0.0;0.0;0.01;0.0;0.0;0.02;0;0;0.0
1671;cal000087;cal;zara abdalá;unknown;UNKNOWN;u;1;1;1;4;0;0;0;0;0.0;0.0;1.0;0.0;0.0;0.0;0.0;0.0;0.0;0.01;0.0;0.0;0.07;1;1;0.0
1672;cal000087;cal;abdalá zara;unknown;UNKNOWN;u;1;1;2;4;0;0;0;0;0.0;0.0;1.0;0.0;0.0;0.0;0.0;0.0;0.0;0.01;0.0;0.0;0.07;0;0;0.0
1673;cal000087;cal;alcuzcuz cide;unknown;UNKNOWN;u;1;1;4;5;0;0;0;0;0.0;0.0;1.0;0.0;0.0;0.0;0.0;0.0;0.0;0.01;0.01;0.0;0.09;0;1;0.0
1674;cal000087;cal;abraham isaac;unknown;UNKNOWN;u;1;1;1;2;0;0;0;0;0.0;0.0;1.0;0.0;0.0;0.0;0.0;0.0;0.0;0.01;0.0;0.0;0.16;1;2;0.0
1675;cal000087;cal;buen-genio mal-genio;unknown;UNKNOWN;u;1;1;1;1;0;0;0;0;0.0;0.0;1.0;0.0;0.0;0.0;0.0;0.0;0.0;0.01;0.0;0.0;0.16;0;0;0.0
1676;cal000015;cal;el-autor;unknown;El Autor;MALE;1;9;30;251;0;0;0;0;1.0;0.0;0.0;0.0;0.0;0.0;0.0;0.0;0.0;0.31;0.1;0.15;0.83;2;3;0.0
1677;cal000015;cal;el-mundo;unknown;El Mundo;MALE;1;22;64;423;0;0;0;0;1.0;0.0;0.0;0.0;0.0;0.0;0.0;0.0;0.0;0.76;0.21;0.26;0.83;2;4;0.0
1678;cal000015;cal;el-rey;unknown;El Rey;MALE;1;6;21;107;0;0;0;0;1.0;0.0;0.0;0.0;0.0;0.0;0.0;0.0;0.0;0.21;0.07;0.07;0.83;3;5;0.0
1679;cal000015;cal;la-discreción;unknown;La Discreción;FEMALE;1;14;31;91;0;0;0;0;1.0;0.0;0.0;0.0;0.0;0.0;0.0;0.0;0.0;0.48;0.1;0.06;0.92;1;3;0.16
1680;cal000015;cal;la-ley-de-gracia;unknown;La Ley de Gracia;FEMALE;1;5;6;20;0;0;0;0;1.0;0.0;0.0;0.0;0.0;0.0;0.0;0.0;0.0;0.17;0.02;0.01;0.75;0;0;0.0
1681;cal000015;cal;la-hermosura;unknown;La Hermosura;FEMALE;1;9;31;155;0;0;0;0;1.0;0.0;0.0;0.0;0.0;0.0;0.0;0.0;0.0;0.31;0.1;0.1;0.83;2;5;0.0
1682;cal000015;cal;el-rico;unknown;El Rico;MALE;1;11;38;107;0;0;0;0;1.0;0.0;0.0;0.0;0.0;0.0;0.0;0.0;0.0;0.38;0.12;0.07;0.83;2;3;0.0
1683;cal000015;cal;el-labrador;unknown;El Labrador;MALE;1;10;30;210;0;0;0;0;1.0;0.0;0.0;0.0;0.0;0.0;0.0;0.0;0.0;0.34;0.1;0.13;0.83;2;4;0.0
1684;cal000015;cal;el-pobre;unknown;El Pobre;MALE;1;9;46;220;0;0;0;0;1.0;0.0;0.0;0.0;0.0;0.0;0.0;0.0;0.0;0.31;0.15;0.14;0.83;1;2;0.0
1685;cal000015;cal;un-niño;unknown;Un Niño;MALE;1;4;7;20;0;0;0;0;1.0;0.0;0.0;0.0;0.0;0.0;0.0;0.0;0.0;0.14;0.02;0.01;0.67;0;0;0.0
1686;cal000015;cal;una-voz;unknown;Una Voz;UNKNOWN;1;4;5;18;0;0;0;0;1.0;0.0;0.0;0.0;0.0;0.0;0.0;0.0;0.0;0.14;0.02;0.01;0.75;0;0;0.0
1687;cal000015;cal;la-discreción el-pobre el-autor la-hermosura el-labrador;unknown;UNKNOWN;u;1;1;1;2;0;0;0;0;1.0;0.0;0.0;0.0;0.0;0.0;0.0;0.0;0.0;0.03;0.0;0.0;0.08;0;0;0.0
1688;cal000088;cal;don-diego;unknown;Don Diego;MALE;3;27;143;898;0;0;0;0;0.44;0.21;0.35;0.0;0.0;0.0;0.0;0.0;0.0;0.48;0.26;0.3;0.89;3;4;0.09
1689;cal000088;cal;rodrigo;unknown;Rodrigo;MALE;3;21;87;483;0;0;0;0;0.43;0.22;0.35;0.0;0.0;0.0;0.0;0.0;0.0;0.38;0.16;0.16;1.0;4;3;0.15
1690;cal000088;cal;leonelo;unknown;Leonelo;MALE;3;13;26;117;0;0;0;0;0.54;0.09;0.37;0.0;0.0;0.0;0.0;0.0;0.0;0.23;0.05;0.04;0.78;1;1;0.01
1691;cal000088;cal;félix;unknown;Don Félix;MALE;3;15;57;330;0;0;0;0;0.45;0.34;0.21;0.0;0.0;0.0;0.0;0.0;0.0;0.27;0.1;0.11;0.67;1;0;0.0
1692;cal000088;cal;don-juan;unknown;Don Juan;MALE;3;11;34;107;0;0;0;0;0.23;0.41;0.36;0.0;0.0;0.0;0.0;0.0;0.0;0.2;0.06;0.04;0.67;2;2;0.0
1693;cal000088;cal;beatriz;unknown;Doña Beatriz;FEMALE;3;25;103;554;0;0;0;0;0.21;0.53;0.26;0.0;0.0;0.0;0.0;0.0;0.0;0.45;0.18;0.18;0.89;2;1;0.04
1694;cal000088;cal;inés;unknown;Inés;FEMALE;3;17;57;218;0;0;0;0;0.09;0.5;0.42;0.0;0.0;0.0;0.0;0.0;0.0;0.3;0.1;0.07;0.89;1;1;0.04
1695;cal000088;cal;doña-clara;unknown;Doña Clara;FEMALE;3;8;45;276;0;0;0;0;0.2;0.57;0.24;0.0;0.0;0.0;0.0;0.0;0.0;0.14;0.08;0.09;0.67;3;1;0.01
1696;cal000088;cal;isabel;unknown;Isabel;FEMALE;3;4;6;19;0;0;0;0;0.32;0.05;0.63;0.0;0.0;0.0;0.0;0.0;0.0;0.07;0.01;0.01;0.44;0;0;0.0
1697;cal000088;cal;alguacil;unknown;Un Alguacil;MALE;1;2;2;3;0;0;0;0;0.0;0.0;1.0;0.0;0.0;0.0;0.0;0.0;0.0;0.04;0.0;0.0;0.22;0;2;0.0
1698;cal000016;cal;culpa;unknown;La Culpa;FEMALE;1;14;76;487;0;0;0;0;1.0;0.0;0.0;0.0;0.0;0.0;0.0;0.0;0.0;0.52;0.19;0.26;0.76;2;8;0.17
1699;cal000016;cal;mundo;unknown;El Mundo;MALE;1;19;75;481;0;0;0;0;1.0;0.0;0.0;0.0;0.0;0.0;0.0;0.0;0.0;0.7;0.18;0.25;0.87;1;8;0.21
1700;cal000016;cal;adán;unknown;Adán;MALE;1;4;12;52;0;0;0;0;1.0;0.0;0.0;0.0;0.0;0.0;0.0;0.0;0.0;0.15;0.03;0.03;0.42;2;6;0.01
1701;cal000016;cal;caín;unknown;Caín;MALE;1;2;4;19;0;0;0;0;1.0;0.0;0.0;0.0;0.0;0.0;0.0;0.0;0.0;0.07;0.01;0.01;0.21;0;1;0.0
1702;cal000016;cal;abel;unknown;Abel;MALE;1;2;3;15;0;0;0;0;1.0;0.0;0.0;0.0;0.0;0.0;0.0;0.0;0.0;0.07;0.01;0.01;0.21;1;1;0.0
1703;cal000016;cal;david;unknown;David;MALE;1;4;18;39;0;0;0;0;1.0;0.0;0.0;0.0;0.0;0.0;0.0;0.0;0.0;0.15;0.04;0.02;0.53;0;2;0.02
1704;cal000016;cal;salomón;unknown;Salomón;MALE;1;1;3;20;0;0;0;0;1.0;0.0;0.0;0.0;0.0;0.0;0.0;0.0;0.0;0.04;0.01;0.01;0.18;0;0;0.0
1705;cal000016;cal;abraham;unknown;Abraham;MALE;1;2;3;6;0;0;0;0;1.0;0.0;0.0;0.0;0.0;0.0;0.0;0.0;0.0;0.07;0.01;0.0;0.45;2;2;0.01
1706;cal000016;cal;dimas;unknown;Dimas;MALE;1;3;17;41;0;0;0;0;1.0;0.0;0.0;0.0;0.0;0.0;0.0;0.0;0.0;0.11;0.04;0.02;0.34;4;4;0.0
1707;cal000016;cal;gestas;unknown;Gestas;FEMALE;1;3;16;44;0;0;0;0;1.0;0.0;0.0;0.0;0.0;0.0;0.0;0.0;0.0;0.11;0.04;0.02;0.34;3;4;0.0
1708;cal000016;cal;ángel;unknown;Ángel;MALE;1;13;19;91;0;0;0;0;1.0;0.0;0.0;0.0;0.0;0.0;0.0;0.0;0.0;0.48;0.05;0.05;0.71;0;2;0.21
1709;cal000016;cal;justicia;unknown;La Justicia;FEMALE;1;9;26;87;0;0;0;0;1.0;0.0;0.0;0.0;0.0;0.0;0.0;0.0;0.0;0.33;0.06;0.05;0.45;0;4;0.01
1710;cal000016;cal;misericordia;unknown;La Misericordia;FEMALE;1;10;26;93;0;0;0;0;1.0;0.0;0.0;0.0;0.0;0.0;0.0;0.0;0.0;0.37;0.06;0.05;0.45;2;5;0.01
1711;cal000016;cal;príncipe;unknown;El Príncipe;MALE;1;7;35;233;0;0;0;0;1.0;0.0;0.0;0.0;0.0;0.0;0.0;0.0;0.0;0.26;0.09;0.12;0.53;4;4;0.05
1712;cal000016;cal;esposa;unknown;La Esposa;FEMALE;1;5;14;39;0;0;0;0;1.0;0.0;0.0;0.0;0.0;0.0;0.0;0.0;0.0;0.19;0.03;0.02;0.47;2;5;0.03
1713;cal000016;cal;música;unknown;Música;UNKNOWN;1;12;36;76;0;0;0;0;1.0;0.0;0.0;0.0;0.0;0.0;0.0;0.0;0.0;0.44;0.09;0.04;0.66;1;4;0.08
1714;cal000016;cal;acompañamiento;unknown;Acompañamiento;MALE;1;1;3;4;0;0;0;0;1.0;0.0;0.0;0.0;0.0;0.0;0.0;0.0;0.0;0.04;0.01;0.0;0.05;0;0;0.0
1715;cal000016;cal;culpa música;unknown;UNKNOWN;u;1;1;1;3;0;0;0;0;1.0;0.0;0.0;0.0;0.0;0.0;0.0;0.0;0.0;0.04;0.0;0.0;0.05;0;0;0.0
1716;cal000016;cal;adán música;unknown;UNKNOWN;u;1;1;1;2;0;0;0;0;1.0;0.0;0.0;0.0;0.0;0.0;0.0;0.0;0.0;0.04;0.0;0.0;0.18;1;3;0.0
1717;cal000016;cal;david música;unknown;UNKNOWN;u;1;1;1;2;0;0;0;0;1.0;0.0;0.0;0.0;0.0;0.0;0.0;0.0;0.0;0.04;0.0;0.0;0.18;0;0;0.0
1718;cal000016;cal;culpa david abraham mundo gestas dimas música;unknown;UNKNOWN;u;1;1;1;6;0;0;0;0;1.0;0.0;0.0;0.0;0.0;0.0;0.0;0.0;0.0;0.04;0.0;0.0;0.29;0;1;0.0
1719;cal000016;cal;ángel música;unknown;UNKNOWN;u;1;1;1;2;0;0;0;0;1.0;0.0;0.0;0.0;0.0;0.0;0.0;0.0;0.0;0.04;0.0;0.0;0.29;0;0;0.0
1720;cal000016;cal;mundo dimas gestas culpa;unknown;UNKNOWN;u;1;1;1;2;0;0;0;0;1.0;0.0;0.0;0.0;0.0;0.0;0.0;0.0;0.0;0.04;0.0;0.0;0.29;0;0;0.0
1721;cal000016;cal;mundo dimas gestas culpa música;unknown;UNKNOWN;u;1;1;1;2;0;0;0;0;1.0;0.0;0.0;0.0;0.0;0.0;0.0;0.0;0.0;0.04;0.0;0.0;0.29;0;0;0.0
1722;cal000016;cal;mundo dimas gestas culpa ángel música;unknown;UNKNOWN;u;1;1;1;2;0;0;0;0;1.0;0.0;0.0;0.0;0.0;0.0;0.0;0.0;0.0;0.04;0.0;0.0;0.03;0;0;0.0
1723;cal000016;cal;príncipe ángel justicia misericordia;unknown;UNKNOWN;u;1;1;1;3;0;0;0;0;1.0;0.0;0.0;0.0;0.0;0.0;0.0;0.0;0.0;0.04;0.0;0.0;0.08;0;0;0.0
1724;cal000016;cal;música culpa;unknown;UNKNOWN;u;1;1;1;2;0;0;0;0;1.0;0.0;0.0;0.0;0.0;0.0;0.0;0.0;0.0;0.04;0.0;0.0;0.05;0;1;0.0
1725;cal000016;cal;culpa mundo música;unknown;UNKNOWN;u;1;1;1;4;0;0;0;0;1.0;0.0;0.0;0.0;0.0;0.0;0.0;0.0;0.0;0.04;0.0;0.0;0.05;0;0;0.0
1726;cal000016;cal;culpa mundo;unknown;UNKNOWN;u;1;1;1;1;0;0;0;0;1.0;0.0;0.0;0.0;0.0;0.0;0.0;0.0;0.0;0.04;0.0;0.0;0.05;1;1;0.0
1727;cal000016;cal;ángel príncipe esposa justicia misericordia música;unknown;UNKNOWN;u;1;1;1;7;0;0;0;0;1.0;0.0;0.0;0.0;0.0;0.0;0.0;0.0;0.0;0.04;0.0;0.0;0.13;0;1;0.0
1728;cal000016;cal;música ángel príncipe esposa justicia misericordia;unknown;UNKNOWN;u;1;1;1;3;0;0;0;0;1.0;0.0;0.0;0.0;0.0;0.0;0.0;0.0;0.0;0.04;0.0;0.0;0.13;0;0;0.0
1729;cal000016;cal;ángel príncipe esposa justicia misericordia;unknown;UNKNOWN;u;1;1;1;2;0;0;0;0;1.0;0.0;0.0;0.0;0.0;0.0;0.0;0.0;0.0;0.04;0.0;0.0;0.21;3;3;0.0
1730;cal000016;cal;misericordia música;unknown;UNKNOWN;u;1;1;1;2;0;0;0;0;1.0;0.0;0.0;0.0;0.0;0.0;0.0;0.0;0.0;0.04;0.0;0.0;0.21;2;2;0.0
1731;cal000016;cal;mundo culpa justicia esposa príncipe ángel;unknown;UNKNOWN;u;1;1;1;5;0;0;0;0;1.0;0.0;0.0;0.0;0.0;0.0;0.0;0.0;0.0;0.04;0.0;0.0;0.05;0;0;0.0
1732;cal000016;cal;culpa ángel justicia misericordia gestas dimas;unknown;UNKNOWN;u;1;1;2;3;0;0;0;0;1.0;0.0;0.0;0.0;0.0;0.0;0.0;0.0;0.0;0.04;0.0;0.0;0.08;1;1;0.0
1733;cal000016;cal;culpa ángel justicia misericordia gestas dimas esposa mundo;unknown;UNKNOWN;u;1;1;1;2;0;0;0;0;1.0;0.0;0.0;0.0;0.0;0.0;0.0;0.0;0.0;0.04;0.0;0.0;0.16;1;0;0.0
1734;cal000016;cal;culpa ángel justicia misericordia;unknown;UNKNOWN;u;1;1;1;1;0;0;0;0;1.0;0.0;0.0;0.0;0.0;0.0;0.0;0.0;0.0;0.04;0.0;0.0;0.16;1;0;0.0
1735;cal000016;cal;gestas dimas esposa mundo;unknown;UNKNOWN;u;1;1;1;1;0;0;0;0;1.0;0.0;0.0;0.0;0.0;0.0;0.0;0.0;0.0;0.04;0.0;0.0;0.16;0;0;0.0
1736;cal000016;cal;música culpa ángel justicia misericordia gestas dimas esposa mundo abraham david adán;unknown;UNKNOWN;u;1;1;1;7;0;0;0;0;1.0;0.0;0.0;0.0;0.0;0.0;0.0;0.0;0.0;0.04;0.0;0.0;0.24;0;0;0.0
1737;cal000204;cal;ecos;unknown;Ecos;MALE;1;2;8;8;0;0;0;0;1.0;0.0;0.0;0.0;0.0;0.0;0.0;0.0;0.0;0.08;0.02;0.0;0.18;2;0;0.0
1738;cal000204;cal;lucero;unknown;Lucero;MALE;1;8;29;413;0;0;0;0;1.0;0.0;0.0;0.0;0.0;0.0;0.0;0.0;0.0;0.32;0.07;0.2;0.44;1;1;0.06
1739;cal000204;cal;culpa;unknown;Culpa;FEMALE;1;16;82;558;0;0;0;0;1.0;0.0;0.0;0.0;0.0;0.0;0.0;0.0;0.0;0.64;0.19;0.28;0.84;0;3;0.14
1740;cal000204;cal;hombre;unknown;Hombre;MALE;1;12;70;276;0;0;0;0;1.0;0.0;0.0;0.0;0.0;0.0;0.0;0.0;0.0;0.48;0.16;0.14;0.88;3;5;0.1
1741;cal000204;cal;musica;unknown;Música;UNKNOWN;1;6;21;51;0;0;0;0;1.0;0.0;0.0;0.0;0.0;0.0;0.0;0.0;0.0;0.24;0.05;0.03;0.67;0;0;0.04
1742;cal000204;cal;gracia;unknown;Gracia;FEMALE;1;8;59;281;0;0;0;0;1.0;0.0;0.0;0.0;0.0;0.0;0.0;0.0;0.0;0.32;0.14;0.14;0.68;2;6;0.09
1743;cal000204;cal;oido;unknown;Oído;MALE;1;5;8;24;0;0;0;0;1.0;0.0;0.0;0.0;0.0;0.0;0.0;0.0;0.0;0.2;0.02;0.01;0.67;1;4;0.02
1744;cal000204;cal;gusto;unknown;Gusto;MALE;1;6;10;25;0;0;0;0;1.0;0.0;0.0;0.0;0.0;0.0;0.0;0.0;0.0;0.24;0.02;0.01;0.68;4;4;0.04
1745;cal000204;cal;olfato;unknown;Olfato;MALE;1;6;9;19;0;0;0;0;1.0;0.0;0.0;0.0;0.0;0.0;0.0;0.0;0.0;0.24;0.02;0.01;0.68;5;3;0.04
1746;cal000204;cal;lisonja;unknown;Lisonja;FEMALE;1;6;11;14;0;0;0;0;1.0;0.0;0.0;0.0;0.0;0.0;0.0;0.0;0.0;0.24;0.03;0.01;0.61;4;4;0.02
1747;cal000204;cal;envidia;unknown;Envidia;FEMALE;1;5;7;11;0;0;0;0;1.0;0.0;0.0;0.0;0.0;0.0;0.0;0.0;0.0;0.2;0.02;0.01;0.61;3;2;0.02
1748;cal000204;cal;murmuracion;unknown;Murmuración;FEMALE;1;5;8;13;0;0;0;0;1.0;0.0;0.0;0.0;0.0;0.0;0.0;0.0;0.0;0.2;0.02;0.01;0.6;6;7;0.01
1749;cal000204;cal;gula;unknown;Gula;FEMALE;1;9;16;28;0;0;0;0;1.0;0.0;0.0;0.0;0.0;0.0;0.0;0.0;0.0;0.36;0.04;0.01;0.81;5;6;0.08
1750;cal000204;cal;vista;unknown;Vista;FEMALE;1;4;7;14;0;0;0;0;1.0;0.0;0.0;0.0;0.0;0.0;0.0;0.0;0.0;0.16;0.02;0.01;0.65;1;3;0.02
1751;cal000204;cal;tacto;unknown;Tacto;MALE;1;3;5;7;0;0;0;0;1.0;0.0;0.0;0.0;0.0;0.0;0.0;0.0;0.0;0.12;0.01;0.0;0.61;4;4;0.01
1752;cal000204;cal;febo;unknown;Febo;MALE;1;3;21;154;0;0;0;0;1.0;0.0;0.0;0.0;0.0;0.0;0.0;0.0;0.0;0.12;0.05;0.08;0.35;4;2;0.0
1753;cal000204;cal;toda-la-musica;unknown;Toda La Música;UNKNOWN;1;1;1;6;0;0;0;0;1.0;0.0;0.0;0.0;0.0;0.0;0.0;0.0;0.0;0.04;0.0;0.0;0.14;2;1;0.0
1754;cal000204;cal;musica oido gusto olfato lisonja envidia murmuracion gula vista tacto febo ecos toda-la-musica culpa lucero hombre;unknown;UNKNOWN;u;1;1;2;3;0;0;0;0;1.0;0.0;0.0;0.0;0.0;0.0;0.0;0.0;0.0;0.04;0.0;0.0;0.11;1;3;0.0
1755;cal000204;cal;lascivia;unknown;UNKNOWN;u;1;6;6;9;0;0;0;0;1.0;0.0;0.0;0.0;0.0;0.0;0.0;0.0;0.0;0.24;0.01;0.0;0.61;5;5;0.02
1756;cal000204;cal;toda-la-musica gracia lisonja envidia murmuracion culpa gula;unknown;UNKNOWN;u;1;1;1;1;0;0;0;0;1.0;0.0;0.0;0.0;0.0;0.0;0.0;0.0;0.0;0.04;0.0;0.0;0.04;0;0;0.0
1757;cal000204;cal;hombre musica;unknown;UNKNOWN;u;1;2;2;7;0;0;0;0;1.0;0.0;0.0;0.0;0.0;0.0;0.0;0.0;0.0;0.08;0.0;0.0;0.16;0;0;0.0
1758;cal000204;cal;tacto febo ecos toda-la-musica oido lisonja envidia murmuracion gula lucero musica gracia hombre olfato vista gusto culpa;unknown;UNKNOWN;u;1;1;2;2;0;0;0;0;1.0;0.0;0.0;0.0;0.0;0.0;0.0;0.0;0.0;0.04;0.0;0.0;0.14;0;1;0.0
1759;cal000204;cal;tacto febo ecos toda-la-musica oido lisonja envidia murmuracion gula lucero musica olfato vista gusto culpa hombre gracia;unknown;UNKNOWN;u;1;1;1;4;0;0;0;0;1.0;0.0;0.0;0.0;0.0;0.0;0.0;0.0;0.0;0.04;0.0;0.0;0.14;0;1;0.0
1760;cal000204;cal;tacto febo ecos toda-la-musica lisonja envidia murmuracion gula lucero musica vista gusto olfato hombre oido gracia culpa;unknown;UNKNOWN;u;1;1;2;2;0;0;0;0;1.0;0.0;0.0;0.0;0.0;0.0;0.0;0.0;0.0;0.04;0.0;0.0;0.42;6;5;0.0
1761;cal000204;cal;febo ecos toda-la-musica lucero musica hombre gracia culpa murmuracion olfato gula gusto tacto lisonja oido envidia vista;unknown;UNKNOWN;u;1;1;1;1;0;0;0;0;1.0;0.0;0.0;0.0;0.0;0.0;0.0;0.0;0.0;0.04;0.0;0.0;0.42;1;1;0.0
1762;cal000204;cal;ecos toda-la-musica lucero musica culpa murmuracion olfato gula gusto tacto lisonja oido envidia vista gracia hombre;unknown;UNKNOWN;u;1;1;1;6;0;0;0;0;1.0;0.0;0.0;0.0;0.0;0.0;0.0;0.0;0.0;0.04;0.0;0.0;0.42;0;0;0.0
1763;cal000204;cal;febo ecos toda-la-musica lucero culpa murmuracion olfato gula gusto tacto lisonja oido envidia vista hombre musica gracia;unknown;UNKNOWN;u;1;1;1;1;0;0;0;0;1.0;0.0;0.0;0.0;0.0;0.0;0.0;0.0;0.0;0.04;0.0;0.0;0.42;0;0;0.0
1764;cal000204;cal;febo ecos toda-la-musica lucero murmuracion olfato gula gusto tacto lisonja oido envidia vista hombre musica gracia culpa;unknown;UNKNOWN;u;1;1;2;2;0;0;0;0;1.0;0.0;0.0;0.0;0.0;0.0;0.0;0.0;0.0;0.04;0.0;0.0;0.42;0;0;0.0
1765;cal000204;cal;febo ecos toda-la-musica lucero murmuracion olfato tacto lisonja oido envidia vista hombre musica gracia gusto gula culpa;unknown;UNKNOWN;u;1;1;1;1;0;0;0;0;1.0;0.0;0.0;0.0;0.0;0.0;0.0;0.0;0.0;0.04;0.0;0.0;0.42;0;0;0.0
1766;cal000204;cal;febo ecos toda-la-musica lucero tacto lisonja oido envidia vista hombre musica gracia gusto gula olfato murmuracion culpa;unknown;UNKNOWN;u;1;1;1;1;0;0;0;0;1.0;0.0;0.0;0.0;0.0;0.0;0.0;0.0;0.0;0.04;0.0;0.0;0.42;0;0;0.0
1767;cal000204;cal;febo ecos toda-la-musica lucero lisonja oido envidia vista hombre musica gracia gusto gula olfato murmuracion tacto culpa;unknown;UNKNOWN;u;1;1;1;1;0;0;0;0;1.0;0.0;0.0;0.0;0.0;0.0;0.0;0.0;0.0;0.04;0.0;0.0;0.42;0;0;0.0
1768;cal000204;cal;febo ecos toda-la-musica lucero lisonja envidia vista hombre musica gracia gusto gula olfato murmuracion tacto oido culpa;unknown;UNKNOWN;u;1;1;1;1;0;0;0;0;1.0;0.0;0.0;0.0;0.0;0.0;0.0;0.0;0.0;0.04;0.0;0.0;0.42;0;0;0.0
1769;cal000204;cal;febo ecos toda-la-musica lucero lisonja hombre musica gracia gusto gula olfato murmuracion tacto oido vista envidia culpa;unknown;UNKNOWN;u;1;1;1;2;0;0;0;0;1.0;0.0;0.0;0.0;0.0;0.0;0.0;0.0;0.0;0.04;0.0;0.0;0.42;0;0;0.0
1770;cal000204;cal;musica ecos toda-la-musica lucero lisonja hombre gracia gusto gula olfato murmuracion tacto oido vista envidia culpa;unknown;UNKNOWN;u;1;1;1;6;0;0;0;0;1.0;0.0;0.0;0.0;0.0;0.0;0.0;0.0;0.0;0.04;0.0;0.0;0.42;0;0;0.0
1771;cal000204;cal;ella musica;unknown;UNKNOWN;u;1;2;2;5;0;0;0;0;1.0;0.0;0.0;0.0;0.0;0.0;0.0;0.0;0.0;0.08;0.0;0.0;0.07;0;0;0.0
1772;cal000204;cal;gracia culpa;unknown;UNKNOWN;u;1;1;1;1;0;0;0;0;1.0;0.0;0.0;0.0;0.0;0.0;0.0;0.0;0.0;0.04;0.0;0.0;0.07;0;0;0.0
1773;cal000204;cal;ecos toda-la-musica lucero gusto olfato tacto oido vista gracia culpa hombre musica lisonja murmuracion envidia gula;unknown;UNKNOWN;u;1;1;1;3;0;0;0;0;1.0;0.0;0.0;0.0;0.0;0.0;0.0;0.0;0.0;0.04;0.0;0.0;0.18;1;1;0.0
1774;cal000204;cal;febo ecos toda-la-musica lucero gusto olfato tacto oido vista gracia lisonja murmuracion envidia gula musica hombre culpa;unknown;UNKNOWN;u;1;1;1;4;0;0;0;0;1.0;0.0;0.0;0.0;0.0;0.0;0.0;0.0;0.0;0.04;0.0;0.0;0.18;0;0;0.0
1775;cal000204;cal;ecos toda-la-musica lucero gusto olfato tacto oido vista gracia lisonja murmuracion envidia gula musica culpa hombre;unknown;UNKNOWN;u;1;1;1;3;0;0;0;0;1.0;0.0;0.0;0.0;0.0;0.0;0.0;0.0;0.0;0.04;0.0;0.0;0.18;0;0;0.0
1776;cal000204;cal;culpa gula gusto olfato;unknown;UNKNOWN;u;1;1;1;1;0;0;0;0;1.0;0.0;0.0;0.0;0.0;0.0;0.0;0.0;0.0;0.04;0.0;0.0;0.04;0;0;0.0
1777;cal000204;cal;febo ecos toda-la-musica lucero tacto oido vista gracia lisonja murmuracion envidia musica hombre culpa gusto olfato gula;unknown;UNKNOWN;u;1;1;1;1;0;0;0;0;1.0;0.0;0.0;0.0;0.0;0.0;0.0;0.0;0.0;0.04;0.0;0.0;0.23;2;5;0.0
1778;cal000204;cal;febo ecos toda-la-musica lucero tacto oido vista gracia lisonja murmuracion envidia musica gusto olfato gula hombre culpa;unknown;UNKNOWN;u;1;1;1;1;0;0;0;0;1.0;0.0;0.0;0.0;0.0;0.0;0.0;0.0;0.0;0.04;0.0;0.0;0.23;1;4;0.0
1779;cal000204;cal;febo ecos toda-la-musica lucero gracia lisonja murmuracion envidia gula culpa vista oido olfato gusto hombre tacto musica;unknown;UNKNOWN;u;1;1;1;1;0;0;0;0;1.0;0.0;0.0;0.0;0.0;0.0;0.0;0.0;0.0;0.04;0.0;0.0;0.23;0;0;0.0
1780;cal000204;cal;febo ecos toda-la-musica lucero gracia lisonja murmuracion envidia gula culpa vista oido olfato gusto tacto musica hombre;unknown;UNKNOWN;u;1;1;1;1;0;0;0;0;1.0;0.0;0.0;0.0;0.0;0.0;0.0;0.0;0.0;0.04;0.0;0.0;0.23;0;0;0.0
1781;cal000204;cal;ellos musica;unknown;UNKNOWN;u;1;1;1;2;0;0;0;0;1.0;0.0;0.0;0.0;0.0;0.0;0.0;0.0;0.0;0.04;0.0;0.0;0.23;0;0;0.0
1782;cal000204;cal;tacto musica;unknown;UNKNOWN;u;1;2;3;6;0;0;0;0;1.0;0.0;0.0;0.0;0.0;0.0;0.0;0.0;0.0;0.08;0.01;0.0;0.19;1;0;0.0
1783;cal000204;cal;febo ecos toda-la-musica lucero gracia lisonja murmuracion envidia vista oido olfato gusto tacto musica hombre gula culpa;unknown;UNKNOWN;u;1;1;1;1;0;0;0;0;1.0;0.0;0.0;0.0;0.0;0.0;0.0;0.0;0.0;0.04;0.0;0.0;0.14;0;0;0.0
1784;cal000204;cal;febo ecos toda-la-musica lucero gracia lisonja murmuracion envidia vista oido olfato gusto tacto gula culpa hombre musica;unknown;UNKNOWN;u;1;1;1;2;0;0;0;0;1.0;0.0;0.0;0.0;0.0;0.0;0.0;0.0;0.0;0.04;0.0;0.0;0.14;0;0;0.0
1785;cal000204;cal;febo ecos toda-la-musica lucero gracia lisonja murmuracion envidia vista oido olfato gusto tacto gula culpa musica hombre;unknown;UNKNOWN;u;1;1;1;3;0;0;0;0;1.0;0.0;0.0;0.0;0.0;0.0;0.0;0.0;0.0;0.04;0.0;0.0;0.14;0;0;0.0
1786;cal000204;cal;lucero gracia;unknown;UNKNOWN;u;1;1;1;2;0;0;0;0;1.0;0.0;0.0;0.0;0.0;0.0;0.0;0.0;0.0;0.04;0.0;0.0;0.07;1;1;0.0
1787;cal000204;cal;gracia lucero musica;unknown;UNKNOWN;u;1;1;1;2;0;0;0;0;1.0;0.0;0.0;0.0;0.0;0.0;0.0;0.0;0.0;0.04;0.0;0.0;0.07;0;0;0.0
1788;cal000204;cal;lucero musica;unknown;UNKNOWN;u;1;1;1;1;0;0;0;0;1.0;0.0;0.0;0.0;0.0;0.0;0.0;0.0;0.0;0.04;0.0;0.0;0.07;0;0;0.0
1789;cal000204;cal;lucero culpa;unknown;UNKNOWN;u;1;1;1;2;0;0;0;0;1.0;0.0;0.0;0.0;0.0;0.0;0.0;0.0;0.0;0.04;0.0;0.0;0.07;0;0;0.0
1790;cal000204;cal;gracia musica lucero culpa;unknown;UNKNOWN;u;1;1;1;2;0;0;0;0;1.0;0.0;0.0;0.0;0.0;0.0;0.0;0.0;0.0;0.04;0.0;0.0;0.07;0;0;0.0
1791;cal000204;cal;vista oido olfato gusto tacto musica murmuracion gracia ecos toda-la-musica culpa febo lisonja envidia gula hombre lucero;unknown;UNKNOWN;u;1;1;2;2;0;0;0;0;1.0;0.0;0.0;0.0;0.0;0.0;0.0;0.0;0.0;0.04;0.0;0.0;0.3;6;7;0.0
1792;cal000204;cal;musica gracia ecos toda-la-musica culpa febo hombre lucero lisonja envidia murmuracion gula vista oido tacto gusto olfato;unknown;UNKNOWN;u;1;1;1;3;0;0;0;0;1.0;0.0;0.0;0.0;0.0;0.0;0.0;0.0;0.0;0.04;0.0;0.0;0.3;1;3;0.0
1793;cal000204;cal;musica ecos toda-la-musica culpa lisonja envidia murmuracion gula vista oido tacto gusto olfato gracia febo lucero hombre;unknown;UNKNOWN;u;1;1;2;3;0;0;0;0;1.0;0.0;0.0;0.0;0.0;0.0;0.0;0.0;0.0;0.04;0.0;0.0;0.3;0;0;0.0
1794;cal000204;cal;ecos toda-la-musica culpa lisonja envidia murmuracion gula vista oido tacto gusto olfato febo lucero hombre gracia musica;unknown;UNKNOWN;u;1;1;1;16;0;0;0;0;1.0;0.0;0.0;0.0;0.0;0.0;0.0;0.0;0.0;0.04;0.0;0.01;0.3;0;0;0.0
1795;cal000017;cal;lisidante;unknown;Lisidante;MALE;2;10;39;225;0;0;0;0;0.81;0.19;0.0;0.0;0.0;0.0;0.0;0.0;0.0;0.23;0.08;0.1;0.84;8;8;0.04
1796;cal000017;cal;reinaldos;unknown;Reinaldos;MALE;2;6;6;8;0;0;0;0;0.38;0.62;0.0;0.0;0.0;0.0;0.0;0.0;0.0;0.14;0.01;0.0;0.79;4;2;0.02
1797;cal000017;cal;oliveros;unknown;Oliveros;MALE;2;6;6;12;0;0;0;0;0.42;0.58;0.0;0.0;0.0;0.0;0.0;0.0;0.0;0.14;0.01;0.01;0.79;1;0;0.02
1798;cal000017;cal;marfisa;unknown;Marfisa;FEMALE;2;12;47;384;0;0;0;0;0.73;0.27;0.0;0.0;0.0;0.0;0.0;0.0;0.0;0.27;0.09;0.18;0.82;8;9;0.03
1799;cal000017;cal;dama-1;unknown;Dama 1ª;FEMALE;1;1;1;2;0;0;0;0;1.0;0.0;0.0;0.0;0.0;0.0;0.0;0.0;0.0;0.02;0.0;0.0;0.56;4;4;0.0
1800;cal000017;cal;flor-de-lis;unknown;Flor de Lis;FEMALE;2;4;7;28;0;0;0;0;0.57;0.43;0.0;0.0;0.0;0.0;0.0;0.0;0.0;0.09;0.01;0.01;0.61;5;5;0.01
1801;cal000017;cal;falerina;unknown;Falerina;FEMALE;2;9;43;385;0;0;0;0;0.44;0.56;0.0;0.0;0.0;0.0;0.0;0.0;0.0;0.2;0.08;0.18;0.69;8;9;0.01
1802;cal000017;cal;dama-2;unknown;Dama 2ª;FEMALE;1;1;1;1;0;0;0;0;1.0;0.0;0.0;0.0;0.0;0.0;0.0;0.0;0.0;0.02;0.0;0.0;0.56;3;2;0.0
1803;cal000017;cal;jaques;unknown;Jaques;MALE;2;9;48;81;0;0;0;0;0.68;0.32;0.0;0.0;0.0;0.0;0.0;0.0;0.0;0.2;0.09;0.04;0.46;3;7;0.02
1804;cal000017;cal;rugero;unknown;Rugero;MALE;2;11;51;266;0;0;0;0;0.2;0.8;0.0;0.0;0.0;0.0;0.0;0.0;0.0;0.25;0.1;0.12;0.69;8;7;0.01
1805;cal000017;cal;música;unknown;Música;UNKNOWN;2;7;30;80;0;0;0;0;0.05;0.95;0.0;0.0;0.0;0.0;0.0;0.0;0.0;0.16;0.06;0.04;0.74;8;8;0.01
1806;cal000017;cal;carlomagno;unknown;Carlomagno;MALE;2;14;36;153;0;0;0;0;0.42;0.58;0.0;0.0;0.0;0.0;0.0;0.0;0.0;0.32;0.07;0.07;0.9;7;5;0.13
1807;cal000017;cal;dama-3;unknown;Dama 3ª;FEMALE;1;1;1;3;0;0;0;0;1.0;0.0;0.0;0.0;0.0;0.0;0.0;0.0;0.0;0.02;0.0;0.0;0.56;2;1;0.0
1808;cal000017;cal;dama-4;unknown;Dama 4ª;FEMALE;1;2;2;2;0;0;0;0;1.0;0.0;0.0;0.0;0.0;0.0;0.0;0.0;0.0;0.05;0.0;0.0;0.59;2;2;0.0
1809;cal000017;cal;bradamante;unknown;Bradamante;FEMALE;2;11;26;101;0;0;0;0;0.34;0.66;0.0;0.0;0.0;0.0;0.0;0.0;0.0;0.25;0.05;0.05;0.87;7;6;0.05
1810;cal000017;cal;roldán;unknown;Roldán;MALE;2;8;22;107;0;0;0;0;0.08;0.92;0.0;0.0;0.0;0.0;0.0;0.0;0.0;0.18;0.04;0.05;0.84;4;3;0.05
1811;cal000017;cal;delfín;unknown;El Delfín;MALE;2;6;7;19;0;0;0;0;0.53;0.47;0.0;0.0;0.0;0.0;0.0;0.0;0.0;0.14;0.01;0.01;0.75;5;4;0.01
1812;cal000017;cal;zulemilla;unknown;Zulemilla;FEMALE;2;9;46;74;0;0;0;0;0.69;0.31;0.0;0.0;0.0;0.0;0.0;0.0;0.0;0.2;0.09;0.03;0.46;2;7;0.02
1813;cal000017;cal;salvaje;unknown;Salvaje;MALE;1;1;6;22;0;0;0;0;1.0;0.0;0.0;0.0;0.0;0.0;0.0;0.0;0.0;0.02;0.01;0.01;0.05;1;1;0.0
1814;cal000017;cal;argalía;unknown;Argalía;FEMALE;2;7;19;120;0;0;0;0;0.01;0.99;0.0;0.0;0.0;0.0;0.0;0.0;0.0;0.16;0.04;0.05;0.82;0;0;0.07
1815;cal000017;cal;durandarte;unknown;Durandarte;MALE;2;6;6;10;0;0;0;0;0.4;0.6;0.0;0.0;0.0;0.0;0.0;0.0;0.0;0.14;0.01;0.0;0.79;3;1;0.02
1816;cal000017;cal;marsilio;unknown;Marsilio;MALE;1;1;1;1;0;0;0;0;0.0;1.0;0.0;0.0;0.0;0.0;0.0;0.0;0.0;0.02;0.0;0.0;0.08;3;1;0.0
1817;cal000017;cal;merlín;unknown;Merlìn;MALE;1;1;1;1;0;0;0;0;1.0;0.0;0.0;0.0;0.0;0.0;0.0;0.0;0.0;0.02;0.0;0.0;0.56;7;7;0.0
1818;cal000017;cal;lisidante marfisa;unknown;UNKNOWN;u;1;2;2;2;0;0;0;0;1.0;0.0;0.0;0.0;0.0;0.0;0.0;0.0;0.0;0.05;0.0;0.0;0.56;7;7;0.0
1819;cal000017;cal;rugero música;unknown;UNKNOWN;u;2;2;5;9;0;0;0;0;0.89;0.11;0.0;0.0;0.0;0.0;0.0;0.0;0.0;0.05;0.01;0.0;0.59;8;6;0.0
1820;cal000017;cal;bradamante música;unknown;UNKNOWN;u;1;1;3;6;0;0;0;0;1.0;0.0;0.0;0.0;0.0;0.0;0.0;0.0;0.0;0.02;0.01;0.0;0.56;6;5;0.0
1821;cal000017;cal;delfín música;unknown;UNKNOWN;u;1;1;1;2;0;0;0;0;1.0;0.0;0.0;0.0;0.0;0.0;0.0;0.0;0.0;0.02;0.0;0.0;0.56;5;4;0.0
1822;cal000017;cal;roldán música;unknown;UNKNOWN;u;1;1;1;2;0;0;0;0;1.0;0.0;0.0;0.0;0.0;0.0;0.0;0.0;0.0;0.02;0.0;0.0;0.56;4;3;0.0
1823;cal000017;cal;reinaldos música;unknown;UNKNOWN;u;1;1;1;4;0;0;0;0;1.0;0.0;0.0;0.0;0.0;0.0;0.0;0.0;0.0;0.02;0.0;0.0;0.56;4;2;0.0
1824;cal000017;cal;durandarte música;unknown;UNKNOWN;u;1;1;1;2;0;0;0;0;1.0;0.0;0.0;0.0;0.0;0.0;0.0;0.0;0.0;0.02;0.0;0.0;0.56;3;1;0.0
1825;cal000017;cal;oliveros música;unknown;UNKNOWN;u;1;1;1;2;0;0;0;0;1.0;0.0;0.0;0.0;0.0;0.0;0.0;0.0;0.0;0.02;0.0;0.0;0.56;1;0;0.0
1826;cal000017;cal;dama-1 dama-2 dama-3;unknown;UNKNOWN;u;1;1;3;4;0;0;0;0;1.0;0.0;0.0;0.0;0.0;0.0;0.0;0.0;0.0;0.02;0.01;0.0;0.56;1;0;0.0
1827;cal000017;cal;durandarte oliveros;unknown;UNKNOWN;u;1;1;1;2;0;0;0;0;1.0;0.0;0.0;0.0;0.0;0.0;0.0;0.0;0.0;0.02;0.0;0.0;0.56;1;0;0.0
1828;cal000017;cal;dama-1 dama-2 dama-3 música;unknown;UNKNOWN;u;1;1;2;4;0;0;0;0;1.0;0.0;0.0;0.0;0.0;0.0;0.0;0.0;0.0;0.02;0.0;0.0;0.56;1;0;0.0
1829;cal000017;cal;lisidante rugero;unknown;UNKNOWN;u;1;1;1;2;0;0;0;0;1.0;0.0;0.0;0.0;0.0;0.0;0.0;0.0;0.0;0.02;0.0;0.0;0.56;1;0;0.0
1830;cal000017;cal;jaques zulemilla;unknown;UNKNOWN;u;2;6;8;11;0;0;0;0;0.73;0.27;0.0;0.0;0.0;0.0;0.0;0.0;0.0;0.14;0.02;0.01;0.7;1;0;0.04
1831;cal000017;cal;reinaldos roldán;unknown;UNKNOWN;u;1;1;1;1;0;0;0;0;1.0;0.0;0.0;0.0;0.0;0.0;0.0;0.0;0.0;0.02;0.0;0.0;0.56;1;0;0.0
1832;cal000017;cal;lisidante delfín;unknown;UNKNOWN;u;1;1;1;1;0;0;0;0;1.0;0.0;0.0;0.0;0.0;0.0;0.0;0.0;0.0;0.02;0.0;0.0;0.56;1;0;0.0
1833;cal000017;cal;roldán delfín reinaldos lisidante;unknown;UNKNOWN;u;1;1;1;1;0;0;0;0;1.0;0.0;0.0;0.0;0.0;0.0;0.0;0.0;0.0;0.02;0.0;0.0;0.56;1;0;0.0
1834;cal000017;cal;dama-4 jaques zulemilla;unknown;UNKNOWN;u;1;1;1;1;0;0;0;0;1.0;0.0;0.0;0.0;0.0;0.0;0.0;0.0;0.0;0.02;0.0;0.0;0.05;0;0;0.0
1835;cal000017;cal;roldán oliveros durandarte reinaldos rugero;unknown;UNKNOWN;u;1;1;1;1;0;0;0;0;1.0;0.0;0.0;0.0;0.0;0.0;0.0;0.0;0.0;0.02;0.0;0.0;0.02;0;0;0.0
1836;cal000017;cal;roldán reinaldos;unknown;UNKNOWN;u;1;1;1;1;0;0;0;0;1.0;0.0;0.0;0.0;0.0;0.0;0.0;0.0;0.0;0.02;0.0;0.0;0.1;0;1;0.0
1837;cal000017;cal;marsilio marfisa;unknown;UNKNOWN;u;1;1;1;1;0;0;0;0;0.0;1.0;0.0;0.0;0.0;0.0;0.0;0.0;0.0;0.02;0.0;0.0;0.07;0;0;0.0
1838;cal000017;cal;flor-de-lis lisidante;unknown;UNKNOWN;u;1;1;1;1;0;0;0;0;0.0;1.0;0.0;0.0;0.0;0.0;0.0;0.0;0.0;0.02;0.0;0.0;0.07;0;0;0.0
1839;cal000017;cal;marsilio marfisa flor-de-lis lisidante;unknown;UNKNOWN;u;1;2;2;2;0;0;0;0;0.0;1.0;0.0;0.0;0.0;0.0;0.0;0.0;0.0;0.05;0.0;0.0;0.07;0;0;0.0
1840;cal000017;cal;marsilio argalía flor-de-lis;unknown;UNKNOWN;u;1;1;1;2;0;0;0;0;0.0;1.0;0.0;0.0;0.0;0.0;0.0;0.0;0.0;0.02;0.0;0.0;0.08;0;0;0.0
1841;cal000017;cal;reinaldos durandarte delfín lisidante;unknown;UNKNOWN;u;1;1;1;5;0;0;0;0;0.0;1.0;0.0;0.0;0.0;0.0;0.0;0.0;0.0;0.02;0.0;0.0;0.0;0;0;0.0
1842;cal000017;cal;roldán durandarte;unknown;UNKNOWN;u;1;1;1;1;0;0;0;0;0.0;1.0;0.0;0.0;0.0;0.0;0.0;0.0;0.0;0.02;0.0;0.0;0.15;2;5;0.0
1843;cal000017;cal;lisidante oliveros;unknown;UNKNOWN;u;1;1;1;2;0;0;0;0;0.0;1.0;0.0;0.0;0.0;0.0;0.0;0.0;0.0;0.02;0.0;0.0;0.15;2;5;0.0
1844;cal000017;cal;roldán durandarte lisidante oliveros;unknown;UNKNOWN;u;1;1;1;1;0;0;0;0;0.0;1.0;0.0;0.0;0.0;0.0;0.0;0.0;0.0;0.02;0.0;0.0;0.15;2;5;0.0
1845;cal000017;cal;roldán durandarte lisidante oliveros reinaldos;unknown;UNKNOWN;u;1;1;1;1;0;0;0;0;0.0;1.0;0.0;0.0;0.0;0.0;0.0;0.0;0.0;0.02;0.0;0.0;0.1;2;3;0.0
1846;cal000017;cal;marfisa bradamante roldán;unknown;UNKNOWN;u;1;1;1;2;0;0;0;0;0.0;1.0;0.0;0.0;0.0;0.0;0.0;0.0;0.0;0.02;0.0;0.0;0.1;0;0;0.0
1847;cal000017;cal;roldán marfisa argalía;unknown;UNKNOWN;u;1;1;1;2;0;0;0;0;0.0;1.0;0.0;0.0;0.0;0.0;0.0;0.0;0.0;0.02;0.0;0.0;0.03;0;0;0.0
1848;cal000017;cal;bradamante marfisa;unknown;UNKNOWN;u;1;1;1;2;0;0;0;0;0.0;1.0;0.0;0.0;0.0;0.0;0.0;0.0;0.0;0.02;0.0;0.0;0.28;0;5;0.0
1849;cal000017;cal;bradamante marfisa zulemilla jaques roldán;unknown;UNKNOWN;u;1;1;1;1;0;0;0;0;0.0;1.0;0.0;0.0;0.0;0.0;0.0;0.0;0.0;0.02;0.0;0.0;0.28;0;5;0.0
1850;cal000017;cal;bradamante marfisa lisidante argalía durandarte oliveros;unknown;UNKNOWN;u;1;1;1;1;0;0;0;0;0.0;1.0;0.0;0.0;0.0;0.0;0.0;0.0;0.0;0.02;0.0;0.0;0.28;0;0;0.0
1851;cal000017;cal;bradamante marfisa lisidante argalía durandarte oliveros música;unknown;UNKNOWN;u;1;2;2;12;0;0;0;0;0.0;1.0;0.0;0.0;0.0;0.0;0.0;0.0;0.0;0.05;0.0;0.01;0.39;1;1;0.0
1852;cal000017;cal;bradamante lisidante argalía durandarte oliveros reinaldos delfín rugero;unknown;UNKNOWN;u;1;1;1;1;0;0;0;0;0.0;1.0;0.0;0.0;0.0;0.0;0.0;0.0;0.0;0.02;0.0;0.0;0.33;0;0;0.0
1853;cal000017;cal;bradamante lisidante;unknown;UNKNOWN;u;1;1;1;1;0;0;0;0;0.0;1.0;0.0;0.0;0.0;0.0;0.0;0.0;0.0;0.02;0.0;0.0;0.33;0;0;0.0
1854;cal000017;cal;argalía durandarte;unknown;UNKNOWN;u;1;1;1;1;0;0;0;0;0.0;1.0;0.0;0.0;0.0;0.0;0.0;0.0;0.0;0.02;0.0;0.0;0.33;0;0;0.0
1855;cal000017;cal;oliveros reinaldos;unknown;UNKNOWN;u;1;1;1;1;0;0;0;0;0.0;1.0;0.0;0.0;0.0;0.0;0.0;0.0;0.0;0.02;0.0;0.0;0.33;0;0;0.0
1856;cal000017;cal;delfín rugero;unknown;UNKNOWN;u;1;1;1;1;0;0;0;0;0.0;1.0;0.0;0.0;0.0;0.0;0.0;0.0;0.0;0.02;0.0;0.0;0.33;0;0;0.0
1857;cal000089;cal;músicos;unknown;Músicos;UNKNOWN;3;6;11;29;0;0;0;0;0.34;0.31;0.34;0.0;0.0;0.0;0.0;0.0;0.0;0.07;0.01;0.01;0.37;3;5;0.0
1858;cal000089;cal;eugenia;unknown;Eugenia;FEMALE;3;34;154;741;0;0;0;0;0.41;0.33;0.26;0.0;0.0;0.0;0.0;0.0;0.0;0.39;0.18;0.22;0.74;2;8;0.13
1859;cal000089;cal;filipo;unknown;Filipo;MALE;3;27;59;224;0;0;0;0;0.42;0.37;0.21;0.0;0.0;0.0;0.0;0.0;0.0;0.31;0.07;0.07;0.67;2;5;0.09
1860;cal000089;cal;sergio;unknown;Sergio;MALE;3;21;50;151;0;0;0;0;0.46;0.5;0.04;0.0;0.0;0.0;0.0;0.0;0.0;0.24;0.06;0.05;0.59;2;3;0.05
1861;cal000089;cal;julia;unknown;Julia;FEMALE;3;14;37;90;0;0;0;0;0.46;0.31;0.23;0.0;0.0;0.0;0.0;0.0;0.0;0.16;0.04;0.03;0.41;0;0;0.01
1862;cal000089;cal;capricho;unknown;Capricho;MALE;3;35;131;440;0;0;0;0;0.37;0.43;0.2;0.0;0.0;0.0;0.0;0.0;0.0;0.4;0.16;0.13;0.67;1;2;0.14
1863;cal000089;cal;eleno;unknown;Eleno;MALE;3;10;43;165;0;0;0;0;0.41;0.5;0.09;0.0;0.0;0.0;0.0;0.0;0.0;0.11;0.05;0.05;0.52;0;3;0.04
1864;cal000089;cal;demonio;unknown;Demonio;MALE;3;5;13;95;0;0;0;0;0.77;0.16;0.07;0.0;0.0;0.0;0.0;0.0;0.0;0.06;0.02;0.03;0.3;0;2;0.01
1865;cal000089;cal;aurelio;unknown;Aurelio;MALE;3;36;159;693;0;0;0;0;0.3;0.52;0.18;0.0;0.0;0.0;0.0;0.0;0.0;0.41;0.19;0.21;0.78;1;6;0.17
1866;cal000089;cal;cesarino;unknown;Cesarino;MALE;3;21;61;274;0;0;0;0;0.39;0.34;0.27;0.0;0.0;0.0;0.0;0.0;0.0;0.24;0.07;0.08;0.67;3;4;0.08
1867;cal000089;cal;melancia;unknown;Melancia;FEMALE;3;21;90;359;0;0;0;0;0.22;0.21;0.57;0.0;0.0;0.0;0.0;0.0;0.0;0.24;0.11;0.11;0.59;2;4;0.05
1868;cal000089;cal;flora;unknown;Flora;FEMALE;2;3;3;5;0;0;0;0;0.6;0.4;0.0;0.0;0.0;0.0;0.0;0.0;0.0;0.03;0.0;0.0;0.15;1;2;0.0
1869;cal000089;cal;soldado-1;unknown;Soldado 1;MALE;1;2;4;6;0;0;0;0;0.0;1.0;0.0;0.0;0.0;0.0;0.0;0.0;0.0;0.02;0.0;0.0;0.19;0;2;0.0
1870;cal000089;cal;soldado-2;unknown;Soldado 2;MALE;1;1;1;1;0;0;0;0;0.0;1.0;0.0;0.0;0.0;0.0;0.0;0.0;0.0;0.01;0.0;0.0;0.11;0;0;0.0
1871;cal000089;cal;gente;unknown;Gente;MALE;1;1;2;5;0;0;0;0;0.0;1.0;0.0;0.0;0.0;0.0;0.0;0.0;0.0;0.01;0.0;0.0;0.19;0;0;0.0
1872;cal000089;cal;eleno demonio;unknown;UNKNOWN;u;1;1;2;2;0;0;0;0;1.0;0.0;0.0;0.0;0.0;0.0;0.0;0.0;0.0;0.01;0.0;0.0;0.11;0;2;0.0
1873;cal000089;cal;todos;unknown;UNKNOWN;u;3;10;12;12;0;0;0;0;0.17;0.33;0.5;0.0;0.0;0.0;0.0;0.0;0.0;0.11;0.01;0.0;0.52;1;2;0.02
1874;cal000089;cal;filipo cesarino;unknown;UNKNOWN;u;1;1;1;1;0;0;0;0;1.0;0.0;0.0;0.0;0.0;0.0;0.0;0.0;0.0;0.01;0.0;0.0;0.15;0;3;0.0
1875;cal000089;cal;aurelio cesarino;unknown;UNKNOWN;u;1;1;1;1;0;0;0;0;1.0;0.0;0.0;0.0;0.0;0.0;0.0;0.0;0.0;0.01;0.0;0.0;0.11;0;0;0.0
1876;cal000089;cal;uno;unknown;UNKNOWN;u;1;1;1;1;0;0;0;0;0.0;1.0;0.0;0.0;0.0;0.0;0.0;0.0;0.0;0.01;0.0;0.0;0.07;0;2;0.0
1877;cal000089;cal;unos;unknown;UNKNOWN;u;1;1;1;1;0;0;0;0;0.0;1.0;0.0;0.0;0.0;0.0;0.0;0.0;0.0;0.01;0.0;0.0;0.15;0;0;0.0
1878;cal000089;cal;otros;unknown;UNKNOWN;u;1;1;1;1;0;0;0;0;0.0;1.0;0.0;0.0;0.0;0.0;0.0;0.0;0.0;0.01;0.0;0.0;0.15;0;0;0.0
1879;cal000089;cal;aurelio melancia;unknown;UNKNOWN;u;1;1;1;1;0;0;0;0;0.0;1.0;0.0;0.0;0.0;0.0;0.0;0.0;0.0;0.01;0.0;0.0;0.19;0;0;0.0
1880;cal000089;cal;eugenia julia;unknown;UNKNOWN;u;1;1;1;1;0;0;0;0;0.0;0.0;1.0;0.0;0.0;0.0;0.0;0.0;0.0;0.01;0.0;0.0;0.15;3;1;0.0
1881;cal000089;cal;melancia cesarino;unknown;UNKNOWN;u;1;1;1;1;0;0;0;0;0.0;0.0;1.0;0.0;0.0;0.0;0.0;0.0;0.0;0.01;0.0;0.0;0.37;0;1;0.0
1882;cal000089;cal;aurelio sergio;unknown;UNKNOWN;u;1;1;1;1;0;0;0;0;0.0;0.0;1.0;0.0;0.0;0.0;0.0;0.0;0.0;0.01;0.0;0.0;0.37;0;1;0.0
1883;cal000089;cal;aurelio cesarino eleno;unknown;UNKNOWN;u;1;1;1;1;0;0;0;0;0.0;0.0;1.0;0.0;0.0;0.0;0.0;0.0;0.0;0.01;0.0;0.0;0.19;0;2;0.0
1884;cal000089;cal;músicos todos;unknown;UNKNOWN;u;1;1;1;4;0;0;0;0;0.0;0.0;1.0;0.0;0.0;0.0;0.0;0.0;0.0;0.01;0.0;0.0;0.04;0;1;0.0
1885;cal000164;cal;coro-1;unknown;Coro 1.º;UNKNOWN;1;1;4;4;0;0;0;0;1.0;0.0;0.0;0.0;0.0;0.0;0.0;0.0;0.0;0.03;0.01;0.0;0.35;0;0;0.0
1886;cal000164;cal;coro-2;unknown;Coro 2.º;UNKNOWN;1;1;4;4;0;0;0;0;1.0;0.0;0.0;0.0;0.0;0.0;0.0;0.0;0.0;0.03;0.01;0.0;0.35;0;0;0.0
1887;cal000164;cal;musicos;unknown;Músicos;UNKNOWN;1;1;1;2;0;0;0;0;1.0;0.0;0.0;0.0;0.0;0.0;0.0;0.0;0.0;0.03;0.0;0.0;0.35;1;0;0.0
1888;cal000164;cal;furor;unknown;Furor;MALE;1;13;50;214;0;0;0;0;1.0;0.0;0.0;0.0;0.0;0.0;0.0;0.0;0.0;0.42;0.1;0.1;0.88;5;4;0.08
1889;cal000164;cal;hombre;unknown;Hombre;MALE;1;8;29;154;0;0;0;0;1.0;0.0;0.0;0.0;0.0;0.0;0.0;0.0;0.0;0.26;0.06;0.07;0.84;8;2;0.07
1890;cal000164;cal;malicia;unknown;Malicia;FEMALE;1;8;16;52;0;0;0;0;1.0;0.0;0.0;0.0;0.0;0.0;0.0;0.0;0.0;0.26;0.03;0.02;0.81;7;2;0.07
1891;cal000164;cal;envidia;unknown;Envidia;FEMALE;1;9;21;42;0;0;0;0;1.0;0.0;0.0;0.0;0.0;0.0;0.0;0.0;0.0;0.29;0.04;0.02;0.84;3;3;0.06
1892;cal000164;cal;teos;unknown;Teos;MALE;1;16;74;255;0;0;0;0;1.0;0.0;0.0;0.0;0.0;0.0;0.0;0.0;0.0;0.52;0.15;0.12;0.86;6;2;0.06
1893;cal000164;cal;caridad;unknown;Caridad;FEMALE;1;4;9;21;0;0;0;0;1.0;0.0;0.0;0.0;0.0;0.0;0.0;0.0;0.0;0.13;0.02;0.01;0.65;3;0;0.02
1894;cal000164;cal;inociencia;unknown;Inociencia;FEMALE;1;16;55;173;0;0;0;0;1.0;0.0;0.0;0.0;0.0;0.0;0.0;0.0;0.0;0.52;0.11;0.08;0.86;3;1;0.06
1895;cal000164;cal;esperanza;unknown;Esperanza;FEMALE;1;4;8;12;0;0;0;0;1.0;0.0;0.0;0.0;0.0;0.0;0.0;0.0;0.0;0.13;0.02;0.01;0.65;0;0;0.02
1896;cal000164;cal;mentira;unknown;Mentira;FEMALE;1;14;56;182;0;0;0;0;1.0;0.0;0.0;0.0;0.0;0.0;0.0;0.0;0.0;0.45;0.11;0.09;0.74;4;3;0.05
1897;cal000164;cal;verdad;unknown;Verdad;FEMALE;1;15;68;699;0;0;0;0;1.0;0.0;0.0;0.0;0.0;0.0;0.0;0.0;0.0;0.48;0.13;0.33;0.65;3;2;0.13
1898;cal000164;cal;culpa;unknown;Culpa;FEMALE;1;7;26;106;0;0;0;0;1.0;0.0;0.0;0.0;0.0;0.0;0.0;0.0;0.0;0.23;0.05;0.05;0.53;5;4;0.01
1899;cal000164;cal;mundo;unknown;Mundo;MALE;1;5;37;90;0;0;0;0;1.0;0.0;0.0;0.0;0.0;0.0;0.0;0.0;0.0;0.16;0.07;0.04;0.56;7;5;0.01
1900;cal000164;cal;teseo;unknown;Teseo;MALE;1;1;1;1;0;0;0;0;1.0;0.0;0.0;0.0;0.0;0.0;0.0;0.0;0.0;0.03;0.0;0.0;0.16;0;0;0.0
1901;cal000164;cal;nino;unknown;Niño;MALE;1;1;2;16;0;0;0;0;1.0;0.0;0.0;0.0;0.0;0.0;0.0;0.0;0.0;0.03;0.0;0.01;0.35;1;0;0.0
1902;cal000164;cal;hombre envidia acompanamiento;unknown;UNKNOWN;u;1;1;1;1;0;0;0;0;1.0;0.0;0.0;0.0;0.0;0.0;0.0;0.0;0.0;0.03;0.0;0.0;0.35;4;1;0.0
1903;cal000164;cal;teos caridad inociencia esperanza coro-1 envidia coro-2;unknown;UNKNOWN;u;1;1;1;1;0;0;0;0;1.0;0.0;0.0;0.0;0.0;0.0;0.0;0.0;0.0;0.03;0.0;0.0;0.35;0;0;0.0
1904;cal000164;cal;acompanamiento;unknown;UNKNOWN;u;1;4;10;10;0;0;0;0;1.0;0.0;0.0;0.0;0.0;0.0;0.0;0.0;0.0;0.13;0.02;0.0;0.67;0;0;0.02
1905;cal000164;cal;furor teos;unknown;UNKNOWN;u;1;1;1;1;0;0;0;0;1.0;0.0;0.0;0.0;0.0;0.0;0.0;0.0;0.0;0.03;0.0;0.0;0.35;0;0;0.0
1906;cal000164;cal;malicia caridad inociencia esperanza coro-1 envidia coro-2 acompanamiento furor teos musicos;unknown;UNKNOWN;u;1;1;1;9;0;0;0;0;1.0;0.0;0.0;0.0;0.0;0.0;0.0;0.0;0.0;0.03;0.0;0.0;0.35;0;0;0.0
1907;cal000164;cal;envidia caridad inociencia esperanza;unknown;UNKNOWN;u;1;2;3;5;0;0;0;0;1.0;0.0;0.0;0.0;0.0;0.0;0.0;0.0;0.0;0.06;0.01;0.0;0.44;0;0;0.01
1908;cal000164;cal;coro-1 coro-2;unknown;UNKNOWN;u;1;1;1;9;0;0;0;0;1.0;0.0;0.0;0.0;0.0;0.0;0.0;0.0;0.0;0.03;0.0;0.0;0.07;0;0;0.0
1909;cal000164;cal;mentira verdad;unknown;UNKNOWN;u;1;2;2;5;0;0;0;0;1.0;0.0;0.0;0.0;0.0;0.0;0.0;0.0;0.0;0.06;0.0;0.0;0.26;1;1;0.0
1910;cal000164;cal;esperanza coro-1 envidia coro-2 musicos acompanamiento mentira verdad teos inociencia hombre malicia furor caridad;unknown;UNKNOWN;u;1;1;1;6;0;0;0;0;1.0;0.0;0.0;0.0;0.0;0.0;0.0;0.0;0.0;0.03;0.0;0.0;0.21;0;0;0.0
1911;cal000164;cal;caridad esperanza envidia inociencia;unknown;UNKNOWN;u;1;5;6;8;0;0;0;0;1.0;0.0;0.0;0.0;0.0;0.0;0.0;0.0;0.0;0.16;0.01;0.0;0.4;3;1;0.0
1912;cal000164;cal;mentira musicos;unknown;UNKNOWN;u;1;1;1;5;0;0;0;0;1.0;0.0;0.0;0.0;0.0;0.0;0.0;0.0;0.0;0.03;0.0;0.0;0.23;0;0;0.0
1913;cal000164;cal;esperanza coro-1 envidia coro-2 acompanamiento culpa verdad malicia caridad teos inociencia hombre furor mentira musicos;unknown;UNKNOWN;u;1;1;1;1;0;0;0;0;1.0;0.0;0.0;0.0;0.0;0.0;0.0;0.0;0.0;0.03;0.0;0.0;0.23;0;0;0.0
1914;cal000164;cal;esperanza coro-1 envidia coro-2 acompanamiento culpa verdad malicia caridad teos hombre mentira musicos inociencia furor;unknown;UNKNOWN;u;1;1;1;2;0;0;0;0;1.0;0.0;0.0;0.0;0.0;0.0;0.0;0.0;0.0;0.03;0.0;0.0;0.23;0;0;0.0
1915;cal000164;cal;esperanza coro-1 envidia coro-2 acompanamiento culpa malicia caridad mentira musicos furor teos inociencia verdad hombre;unknown;UNKNOWN;u;1;1;1;2;0;0;0;0;1.0;0.0;0.0;0.0;0.0;0.0;0.0;0.0;0.0;0.03;0.0;0.0;0.09;1;0;0.0
1916;cal000164;cal;verdad malicia;unknown;UNKNOWN;u;1;1;1;3;0;0;0;0;1.0;0.0;0.0;0.0;0.0;0.0;0.0;0.0;0.0;0.03;0.0;0.0;0.09;0;0;0.0
1917;cal000164;cal;verdad musicos;unknown;UNKNOWN;u;1;1;1;4;0;0;0;0;1.0;0.0;0.0;0.0;0.0;0.0;0.0;0.0;0.0;0.03;0.0;0.0;0.05;0;0;0.0
1918;cal000164;cal;inociencia teos;unknown;UNKNOWN;u;1;1;1;4;0;0;0;0;1.0;0.0;0.0;0.0;0.0;0.0;0.0;0.0;0.0;0.03;0.0;0.0;0.05;0;0;0.0
1919;cal000164;cal;esperanza coro-1 envidia coro-2 acompanamiento culpa hombre musicos furor mentira caridad malicia verdad teos inociencia mundo;unknown;UNKNOWN;u;1;1;1;1;0;0;0;0;1.0;0.0;0.0;0.0;0.0;0.0;0.0;0.0;0.0;0.03;0.0;0.0;0.23;0;0;0.0
1920;cal000164;cal;envidia mentira;unknown;UNKNOWN;u;1;2;3;7;0;0;0;0;1.0;0.0;0.0;0.0;0.0;0.0;0.0;0.0;0.0;0.06;0.01;0.0;0.09;0;0;0.0
1921;cal000164;cal;esperanza coro-1 coro-2 acompanamiento musicos verdad mentira envidia teseo teos inociencia hombre malicia furor mundo;unknown;UNKNOWN;u;1;1;1;1;0;0;0;0;1.0;0.0;0.0;0.0;0.0;0.0;0.0;0.0;0.0;0.03;0.0;0.0;0.37;5;1;0.0
1922;cal000164;cal;esperanza coro-1 coro-2 acompanamiento musicos verdad mentira envidia teseo hombre malicia furor mundo culpa teos inociencia;unknown;UNKNOWN;u;1;1;1;2;0;0;0;0;1.0;0.0;0.0;0.0;0.0;0.0;0.0;0.0;0.0;0.03;0.0;0.0;0.37;3;0;0.0
1923;cal000164;cal;esperanza coro-1 coro-2 acompanamiento musicos verdad envidia teseo hombre malicia furor culpa teos inociencia mentira mundo;unknown;UNKNOWN;u;1;1;1;1;0;0;0;0;1.0;0.0;0.0;0.0;0.0;0.0;0.0;0.0;0.0;0.03;0.0;0.0;0.37;2;0;0.0
1924;cal000164;cal;esperanza coro-1 coro-2 acompanamiento musicos verdad teseo culpa teos inociencia mundo furor mentira envidia malicia hombre;unknown;UNKNOWN;u;1;1;1;1;0;0;0;0;1.0;0.0;0.0;0.0;0.0;0.0;0.0;0.0;0.0;0.03;0.0;0.0;0.37;0;0;0.0
1925;cal000164;cal;esperanza coro-1 coro-2 acompanamiento musicos teseo culpa teos inociencia mundo furor mentira envidia malicia hombre verdad;unknown;UNKNOWN;u;1;1;1;1;0;0;0;0;1.0;0.0;0.0;0.0;0.0;0.0;0.0;0.0;0.0;0.03;0.0;0.0;0.09;2;1;0.0
1926;cal000164;cal;esperanza coro-1 coro-2 acompanamiento musicos teseo inociencia envidia verdad mentira malicia hombre teos culpa mundo furor;unknown;UNKNOWN;u;1;1;1;2;0;0;0;0;1.0;0.0;0.0;0.0;0.0;0.0;0.0;0.0;0.0;0.03;0.0;0.0;0.35;5;1;0.0
1927;cal000164;cal;esperanza coro-1 coro-2 acompanamiento musicos teseo inociencia envidia mentira mundo malicia hombre verdad culpa furor teos;unknown;UNKNOWN;u;1;1;1;1;0;0;0;0;1.0;0.0;0.0;0.0;0.0;0.0;0.0;0.0;0.0;0.03;0.0;0.0;0.35;1;1;0.0
1928;cal000164;cal;esperanza coro-1 coro-2 acompanamiento teseo teos musicos verdad mentira hombre furor mundo malicia inociencia envidia culpa nino;unknown;UNKNOWN;u;1;1;2;5;0;0;0;0;1.0;0.0;0.0;0.0;0.0;0.0;0.0;0.0;0.0;0.03;0.0;0.0;0.35;0;0;0.0
1929;cal000090;cal;seis-ninfas;unknown;Seis ninfas marinas;FEMALE;1;1;1;1;0;0;0;0;0.0;1.0;0.0;0.0;0.0;0.0;0.0;0.0;0.0;0.02;0.0;0.0;0.27;1;2;0.0
1930;cal000090;cal;música;unknown;Músicos;UNKNOWN;1;2;17;18;0;0;0;0;0.0;1.0;0.0;0.0;0.0;0.0;0.0;0.0;0.0;0.04;0.03;0.01;0.31;0;0;0.01
1931;cal000090;cal;hombres;unknown;Hombres;MALE;1;1;3;4;0;0;0;0;1.0;0.0;0.0;0.0;0.0;0.0;0.0;0.0;0.0;0.02;0.0;0.0;0.31;4;4;0.0
1932;cal000090;cal;mujeres;unknown;Mujeres;FEMALE;1;1;3;4;0;0;0;0;1.0;0.0;0.0;0.0;0.0;0.0;0.0;0.0;0.0;0.02;0.0;0.0;0.31;4;5;0.0
1933;cal000090;cal;coro-1;unknown;Coro 1;UNKNOWN;2;5;12;19;0;0;0;0;0.42;0.58;0.0;0.0;0.0;0.0;0.0;0.0;0.0;0.09;0.02;0.01;0.44;0;0;0.01
1934;cal000090;cal;coro-2;unknown;Coro 2;UNKNOWN;2;4;8;15;0;0;0;0;0.53;0.47;0.0;0.0;0.0;0.0;0.0;0.0;0.0;0.08;0.01;0.01;0.21;1;1;0.0
1935;cal000090;cal;coro-3;unknown;Coro 3;UNKNOWN;1;1;1;8;0;0;0;0;1.0;0.0;0.0;0.0;0.0;0.0;0.0;0.0;0.0;0.02;0.0;0.0;0.02;0;0;0.0
1936;cal000090;cal;coro-4;unknown;Coro 4;UNKNOWN;1;1;1;8;0;0;0;0;1.0;0.0;0.0;0.0;0.0;0.0;0.0;0.0;0.0;0.02;0.0;0.0;0.19;3;0;0.0
1937;cal000090;cal;iris;unknown;Iris;FEMALE;2;7;16;97;0;0;0;0;0.74;0.26;0.0;0.0;0.0;0.0;0.0;0.0;0.0;0.13;0.03;0.04;0.5;3;4;0.06
1938;cal000090;cal;rústico;unknown;Rústico;MALE;2;19;79;220;0;0;0;0;0.5;0.5;0.0;0.0;0.0;0.0;0.0;0.0;0.0;0.36;0.12;0.08;0.79;4;7;0.1
1939;cal000090;cal;eco;unknown;Eco;FEMALE;2;7;18;58;0;0;0;0;0.66;0.34;0.0;0.0;0.0;0.0;0.0;0.0;0.0;0.13;0.03;0.02;0.69;7;10;0.05
1940;cal000090;cal;apolo;unknown;Apolo;MALE;2;22;90;420;0;0;0;0;0.17;0.83;0.0;0.0;0.0;0.0;0.0;0.0;0.0;0.42;0.14;0.16;0.71;4;9;0.07
1941;cal000090;cal;zarzuela;unknown;Zarzuela;FEMALE;1;1;19;219;0;0;0;0;1.0;0.0;0.0;0.0;0.0;0.0;0.0;0.0;0.0;0.02;0.03;0.08;0.19;2;0;0.0
1942;cal000090;cal;amor;unknown;Amor;MALE;2;7;43;152;0;0;0;0;0.32;0.68;0.0;0.0;0.0;0.0;0.0;0.0;0.0;0.13;0.07;0.06;0.38;7;3;0.01
1943;cal000090;cal;dafne;unknown;Dafne;FEMALE;2;22;89;575;0;0;0;0;0.58;0.42;0.0;0.0;0.0;0.0;0.0;0.0;0.0;0.42;0.14;0.22;0.79;2;7;0.1
1944;cal000090;cal;libia;unknown;Libia;FEMALE;2;7;9;111;0;0;0;0;0.97;0.03;0.0;0.0;0.0;0.0;0.0;0.0;0.0;0.13;0.01;0.04;0.6;5;9;0.04
1945;cal000090;cal;silvio;unknown;Silvio;MALE;2;5;32;182;0;0;0;0;0.52;0.48;0.0;0.0;0.0;0.0;0.0;0.0;0.0;0.09;0.05;0.07;0.6;2;1;0.03
1946;cal000090;cal;céfalo;unknown;Céfalo;MALE;2;6;39;181;0;0;0;0;0.45;0.55;0.0;0.0;0.0;0.0;0.0;0.0;0.0;0.11;0.06;0.07;0.4;4;3;0.01
1947;cal000090;cal;flora;unknown;Flora;FEMALE;2;4;5;31;0;0;0;0;0.9;0.1;0.0;0.0;0.0;0.0;0.0;0.0;0.0;0.08;0.01;0.01;0.54;0;6;0.01
1948;cal000090;cal;lauro;unknown;Lauro;MALE;2;3;5;17;0;0;0;0;0.82;0.18;0.0;0.0;0.0;0.0;0.0;0.0;0.0;0.06;0.01;0.01;0.52;1;6;0.01
1949;cal000090;cal;bata;unknown;Bata;FEMALE;2;7;41;80;0;0;0;0;0.68;0.33;0.0;0.0;0.0;0.0;0.0;0.0;0.0;0.13;0.06;0.03;0.56;2;3;0.02
1950;cal000090;cal;uno-1;unknown;Hombre 1;MALE;2;2;2;5;0;0;0;0;0.8;0.2;0.0;0.0;0.0;0.0;0.0;0.0;0.0;0.04;0.0;0.0;0.52;3;8;0.01
1951;cal000090;cal;uno-2;unknown;Hombre 2;MALE;1;1;1;1;0;0;0;0;0.0;1.0;0.0;0.0;0.0;0.0;0.0;0.0;0.0;0.02;0.0;0.0;0.31;0;4;0.0
1952;cal000090;cal;uno-3;unknown;Hombre 3;MALE;1;1;1;1;0;0;0;0;0.0;1.0;0.0;0.0;0.0;0.0;0.0;0.0;0.0;0.02;0.0;0.0;0.31;0;3;0.0
1953;cal000090;cal;uno-4;unknown;Hombre 4;MALE;1;1;1;1;0;0;0;0;0.0;1.0;0.0;0.0;0.0;0.0;0.0;0.0;0.0;0.02;0.0;0.0;0.31;0;2;0.0
1954;cal000090;cal;uno-5;unknown;Hombre 5;MALE;1;1;1;1;0;0;0;0;0.0;1.0;0.0;0.0;0.0;0.0;0.0;0.0;0.0;0.02;0.0;0.0;0.31;0;1;0.0
1955;cal000090;cal;uno-6;unknown;Hombre 6;MALE;1;1;1;1;0;0;0;0;0.0;1.0;0.0;0.0;0.0;0.0;0.0;0.0;0.0;0.02;0.0;0.0;0.31;0;0;0.0
1956;cal000090;cal;un-mujer;unknown;Un Mujer;FEMALE;1;2;2;8;0;0;0;0;1.0;0.0;0.0;0.0;0.0;0.0;0.0;0.0;0.0;0.04;0.0;0.0;0.4;3;4;0.01
1957;cal000090;cal;eco iris;unknown;UNKNOWN;u;1;1;1;3;0;0;0;0;1.0;0.0;0.0;0.0;0.0;0.0;0.0;0.0;0.0;0.02;0.0;0.0;0.08;0;0;0.0
1958;cal000090;cal;todos;unknown;UNKNOWN;u;2;10;38;92;0;0;0;0;0.49;0.51;0.0;0.0;0.0;0.0;0.0;0.0;0.0;0.19;0.06;0.04;0.81;6;11;0.08
1959;cal000090;cal;dentro;unknown;UNKNOWN;u;1;5;7;20;0;0;0;0;1.0;0.0;0.0;0.0;0.0;0.0;0.0;0.0;0.0;0.09;0.01;0.01;0.33;3;0;0.01
1960;cal000090;cal;uno-1 uno-2;unknown;UNKNOWN;u;2;4;4;4;0;0;0;0;0.75;0.25;0.0;0.0;0.0;0.0;0.0;0.0;0.0;0.08;0.01;0.0;0.48;3;2;0.02
1961;cal000090;cal;uno-3 uno-4;unknown;UNKNOWN;u;2;4;6;6;0;0;0;0;0.83;0.17;0.0;0.0;0.0;0.0;0.0;0.0;0.0;0.08;0.01;0.0;0.48;3;2;0.02
1962;cal000090;cal;uno-5 uno-4;unknown;UNKNOWN;u;1;1;1;1;0;0;0;0;1.0;0.0;0.0;0.0;0.0;0.0;0.0;0.0;0.0;0.02;0.0;0.0;0.19;2;0;0.0
1963;cal000090;cal;rústico bata;unknown;UNKNOWN;u;1;1;1;1;0;0;0;0;1.0;0.0;0.0;0.0;0.0;0.0;0.0;0.0;0.0;0.02;0.0;0.0;0.31;1;2;0.0
1964;cal000090;cal;flora lauro;unknown;UNKNOWN;u;1;1;1;2;0;0;0;0;1.0;0.0;0.0;0.0;0.0;0.0;0.0;0.0;0.0;0.02;0.0;0.0;0.31;0;1;0.0
1965;cal000090;cal;flora lauro todos;unknown;UNKNOWN;u;1;1;1;3;0;0;0;0;1.0;0.0;0.0;0.0;0.0;0.0;0.0;0.0;0.0;0.02;0.0;0.0;0.31;0;1;0.0
1966;cal000090;cal;uno-5 uno-6;unknown;UNKNOWN;u;1;1;1;1;0;0;0;0;1.0;0.0;0.0;0.0;0.0;0.0;0.0;0.0;0.0;0.02;0.0;0.0;0.1;0;0;0.0
1967;cal000090;cal;seis-ninfas dafne rústico libia;unknown;UNKNOWN;u;1;1;1;5;0;0;0;0;1.0;0.0;0.0;0.0;0.0;0.0;0.0;0.0;0.0;0.02;0.0;0.0;0.08;1;2;0.0
1968;cal000090;cal;seis-ninfas dafne rústico;unknown;UNKNOWN;u;1;1;1;3;0;0;0;0;1.0;0.0;0.0;0.0;0.0;0.0;0.0;0.0;0.0;0.02;0.0;0.0;0.08;0;1;0.0
1969;cal000090;cal;todas;unknown;UNKNOWN;u;1;2;10;12;0;0;0;0;1.0;0.0;0.0;0.0;0.0;0.0;0.0;0.0;0.0;0.04;0.02;0.0;0.12;2;2;0.0
1970;cal000090;cal;amor eco;unknown;UNKNOWN;u;1;1;1;1;0;0;0;0;0.0;1.0;0.0;0.0;0.0;0.0;0.0;0.0;0.0;0.02;0.0;0.0;0.08;0;0;0.0
1971;cal000090;cal;uno-1 uno-2 uno-3 uno-4 uno-5 uno-6;unknown;UNKNOWN;u;1;1;1;2;0;0;0;0;0.0;1.0;0.0;0.0;0.0;0.0;0.0;0.0;0.0;0.02;0.0;0.0;0.31;0;0;0.0
1972;cal000090;cal;silvio céfalo;unknown;UNKNOWN;u;1;1;3;3;0;0;0;0;0.0;1.0;0.0;0.0;0.0;0.0;0.0;0.0;0.0;0.02;0.0;0.0;0.12;1;0;0.0
1973;cal000090;cal;coro-1 coro-2;unknown;UNKNOWN;u;1;2;2;4;0;0;0;0;0.0;1.0;0.0;0.0;0.0;0.0;0.0;0.0;0.0;0.04;0.0;0.0;0.15;1;1;0.0
1974;cal000090;cal;música dafne;unknown;UNKNOWN;u;1;1;1;1;0;0;0;0;0.0;1.0;0.0;0.0;0.0;0.0;0.0;0.0;0.0;0.02;0.0;0.0;0.06;0;0;0.0
1975;cal000090;cal;silvio céfalo anteo lauro;unknown;UNKNOWN;u;1;1;1;1;0;0;0;0;0.0;1.0;0.0;0.0;0.0;0.0;0.0;0.0;0.0;0.02;0.0;0.0;0.27;1;2;0.0
1976;cal000090;cal;todos música;unknown;UNKNOWN;u;1;1;13;14;0;0;0;0;0.0;1.0;0.0;0.0;0.0;0.0;0.0;0.0;0.0;0.02;0.02;0.01;0.27;0;0;0.0
1977;cal000165;cal;musicos;unknown;Músicos;UNKNOWN;1;6;31;43;0;0;0;0;1.0;0.0;0.0;0.0;0.0;0.0;0.0;0.0;0.0;0.19;0.05;0.02;0.65;3;2;0.06
1978;cal000165;cal;coro-1;unknown;Coro 1.º;UNKNOWN;1;3;8;8;0;0;0;0;1.0;0.0;0.0;0.0;0.0;0.0;0.0;0.0;0.0;0.09;0.01;0.0;0.57;2;2;0.02
1979;cal000165;cal;coro-2;unknown;Coro 2.º;UNKNOWN;1;3;9;9;0;0;0;0;1.0;0.0;0.0;0.0;0.0;0.0;0.0;0.0;0.0;0.09;0.02;0.0;0.57;2;2;0.02
1980;cal000165;cal;discordia;unknown;Discordia;FEMALE;1;17;87;562;0;0;0;0;1.0;0.0;0.0;0.0;0.0;0.0;0.0;0.0;0.0;0.53;0.15;0.27;0.72;3;2;0.1
1981;cal000165;cal;guerra;unknown;Guerra;FEMALE;1;12;61;176;0;0;0;0;1.0;0.0;0.0;0.0;0.0;0.0;0.0;0.0;0.0;0.38;0.11;0.08;0.7;4;4;0.08
1982;cal000165;cal;rey-1;unknown;Rey 1.º;MALE;1;5;42;138;0;0;0;0;1.0;0.0;0.0;0.0;0.0;0.0;0.0;0.0;0.0;0.16;0.07;0.07;0.53;1;4;0.01
1983;cal000165;cal;angel;unknown;Ángel;MALE;1;1;1;32;0;0;0;0;1.0;0.0;0.0;0.0;0.0;0.0;0.0;0.0;0.0;0.03;0.0;0.02;0.1;0;0;0.0
1984;cal000165;cal;rey-2;unknown;Rey 2.º;MALE;1;6;21;108;0;0;0;0;1.0;0.0;0.0;0.0;0.0;0.0;0.0;0.0;0.0;0.19;0.04;0.05;0.5;4;2;0.0
1985;cal000165;cal;paz;unknown;Paz;FEMALE;1;17;104;378;0;0;0;0;1.0;0.0;0.0;0.0;0.0;0.0;0.0;0.0;0.0;0.53;0.18;0.18;0.82;2;1;0.15
1986;cal000165;cal;ocio;unknown;Ocio;MALE;1;15;59;190;0;0;0;0;1.0;0.0;0.0;0.0;0.0;0.0;0.0;0.0;0.0;0.47;0.1;0.09;0.78;4;3;0.11
1987;cal000165;cal;seglar;unknown;Seglar;MALE;1;6;43;146;0;0;0;0;1.0;0.0;0.0;0.0;0.0;0.0;0.0;0.0;0.0;0.19;0.07;0.07;0.57;5;1;0.06
1988;cal000165;cal;eclesiastico;unknown;Eclesiástico;MALE;1;7;42;124;0;0;0;0;1.0;0.0;0.0;0.0;0.0;0.0;0.0;0.0;0.0;0.22;0.07;0.06;0.65;4;1;0.07
1989;cal000165;cal;justicia;unknown;Justicia;FEMALE;1;2;8;27;0;0;0;0;1.0;0.0;0.0;0.0;0.0;0.0;0.0;0.0;0.0;0.06;0.01;0.01;0.07;1;1;0.0
1990;cal000165;cal;esposa;unknown;Esposa;FEMALE;1;5;9;17;0;0;0;0;1.0;0.0;0.0;0.0;0.0;0.0;0.0;0.0;0.0;0.16;0.02;0.01;0.5;0;0;0.0
1991;cal000165;cal;fama;unknown;Fama;FEMALE;1;2;7;87;0;0;0;0;1.0;0.0;0.0;0.0;0.0;0.0;0.0;0.0;0.0;0.06;0.01;0.04;0.5;5;5;0.0
1992;cal000165;cal;gracia;unknown;Gracia;FEMALE;1;2;6;11;0;0;0;0;1.0;0.0;0.0;0.0;0.0;0.0;0.0;0.0;0.0;0.06;0.01;0.01;0.5;1;2;0.0
1993;cal000165;cal;acompanamiento;unknown;UNKNOWN;u;1;4;10;16;0;0;0;0;1.0;0.0;0.0;0.0;0.0;0.0;0.0;0.0;0.0;0.12;0.02;0.01;0.57;2;1;0.06
1994;cal000165;cal;rey-1 musicos rey-2 seglar guerra eclesiastico acompanamiento discordia ocio;unknown;UNKNOWN;u;1;1;2;2;0;0;0;0;1.0;0.0;0.0;0.0;0.0;0.0;0.0;0.0;0.0;0.03;0.0;0.0;0.1;1;0;0.0
1995;cal000165;cal;ocio musicos;unknown;UNKNOWN;u;1;1;2;2;0;0;0;0;1.0;0.0;0.0;0.0;0.0;0.0;0.0;0.0;0.0;0.03;0.0;0.0;0.12;0;0;0.0
1996;cal000165;cal;musicos ocio;unknown;UNKNOWN;u;1;1;1;1;0;0;0;0;1.0;0.0;0.0;0.0;0.0;0.0;0.0;0.0;0.0;0.03;0.0;0.0;0.12;0;0;0.0
1997;cal000165;cal;musicos coro-1;unknown;UNKNOWN;u;1;1;1;1;0;0;0;0;1.0;0.0;0.0;0.0;0.0;0.0;0.0;0.0;0.0;0.03;0.0;0.0;0.23;0;0;0.0
1998;cal000165;cal;coro-1 coro-2;unknown;UNKNOWN;u;1;2;2;4;0;0;0;0;1.0;0.0;0.0;0.0;0.0;0.0;0.0;0.0;0.0;0.06;0.0;0.0;0.35;0;0;0.01
1999;cal000165;cal;musicos seglar eclesiastico acompanamiento rey-2 esposa justicia rey-1 guerra discordia ocio coro-1 coro-2 paz;unknown;UNKNOWN;u;1;1;1;1;0;0;0;0;1.0;0.0;0.0;0.0;0.0;0.0;0.0;0.0;0.0;0.03;0.0;0.0;0.23;0;0;0.0
2000;cal000165;cal;musicos seglar eclesiastico acompanamiento rey-2 esposa justicia rey-1 guerra discordia coro-1 coro-2 ocio paz;unknown;UNKNOWN;u;1;1;2;2;0;0;0;0;1.0;0.0;0.0;0.0;0.0;0.0;0.0;0.0;0.0;0.03;0.0;0.0;0.23;0;0;0.0
2001;cal000165;cal;ocio paz;unknown;UNKNOWN;u;1;1;1;1;0;0;0;0;1.0;0.0;0.0;0.0;0.0;0.0;0.0;0.0;0.0;0.03;0.0;0.0;0.23;0;0;0.0
2002;cal000165;cal;ocio guerra;unknown;UNKNOWN;u;1;1;1;1;0;0;0;0;1.0;0.0;0.0;0.0;0.0;0.0;0.0;0.0;0.0;0.03;0.0;0.0;0.12;0;0;0.0
2003;cal000165;cal;musicos seglar eclesiastico acompanamiento rey-2 esposa justicia rey-1 coro-1 coro-2 paz discordia ocio guerra;unknown;UNKNOWN;u;1;1;1;2;0;0;0;0;1.0;0.0;0.0;0.0;0.0;0.0;0.0;0.0;0.0;0.03;0.0;0.0;0.12;0;0;0.0
2004;cal000165;cal;musicos seglar eclesiastico acompanamiento rey-2 esposa justicia rey-1 coro-1 coro-2 paz ocio guerra discordia;unknown;UNKNOWN;u;1;1;2;2;0;0;0;0;1.0;0.0;0.0;0.0;0.0;0.0;0.0;0.0;0.0;0.03;0.0;0.0;0.12;0;0;0.0
2005;cal000165;cal;musicos acompanamiento esposa justicia coro-1 coro-2 paz ocio guerra discordia rey-1 rey-2 eclesiastico seglar;unknown;UNKNOWN;u;1;1;1;1;0;0;0;0;1.0;0.0;0.0;0.0;0.0;0.0;0.0;0.0;0.0;0.03;0.0;0.0;0.05;0;0;0.0
2006;cal000165;cal;coro-2 coro-1 musicos;unknown;UNKNOWN;u;1;1;1;5;0;0;0;0;1.0;0.0;0.0;0.0;0.0;0.0;0.0;0.0;0.0;0.03;0.0;0.0;0.2;0;0;0.0
2007;cal000165;cal;seglar eclesiastico;unknown;UNKNOWN;u;1;1;1;1;0;0;0;0;1.0;0.0;0.0;0.0;0.0;0.0;0.0;0.0;0.0;0.03;0.0;0.0;0.12;0;0;0.0
2008;cal000165;cal;seglar paz;unknown;UNKNOWN;u;1;1;1;1;0;0;0;0;1.0;0.0;0.0;0.0;0.0;0.0;0.0;0.0;0.0;0.03;0.0;0.0;0.12;0;0;0.0
2009;cal000165;cal;acompanamiento esposa justicia ocio rey-1 rey-2 coro-1 coro-2 musicos paz eclesiastico seglar;unknown;UNKNOWN;u;1;1;1;5;0;0;0;0;1.0;0.0;0.0;0.0;0.0;0.0;0.0;0.0;0.0;0.03;0.0;0.0;0.12;0;0;0.0
2010;cal000165;cal;discordia guerra;unknown;UNKNOWN;u;1;2;3;3;0;0;0;0;1.0;0.0;0.0;0.0;0.0;0.0;0.0;0.0;0.0;0.06;0.01;0.0;0.1;0;0;0.0
2011;cal000165;cal;discordia ocio;unknown;UNKNOWN;u;1;1;1;1;0;0;0;0;1.0;0.0;0.0;0.0;0.0;0.0;0.0;0.0;0.0;0.03;0.0;0.0;0.1;2;0;0.0
2012;cal000165;cal;acompanamiento esposa justicia rey-1 rey-2 paz eclesiastico seglar fama musicos ocio guerra discordia coro-1 coro-2;unknown;UNKNOWN;u;1;1;1;2;0;0;0;0;1.0;0.0;0.0;0.0;0.0;0.0;0.0;0.0;0.0;0.03;0.0;0.0;0.42;3;4;0.0
2013;cal000165;cal;ambos;unknown;UNKNOWN;u;1;1;1;2;0;0;0;0;1.0;0.0;0.0;0.0;0.0;0.0;0.0;0.0;0.0;0.03;0.0;0.0;0.42;2;4;0.0
2014;cal000165;cal;acompanamiento justicia ocio paz coro-1 coro-2 ambos discordia guerra fama eclesiastico seglar musicos gracia rey-1 rey-2 esposa;unknown;UNKNOWN;u;1;1;1;1;0;0;0;0;1.0;0.0;0.0;0.0;0.0;0.0;0.0;0.0;0.0;0.03;0.0;0.0;0.42;0;0;0.0
2015;cal000165;cal;acompanamiento justicia coro-1 coro-2 ambos fama musicos seglar eclesiastico rey-1 esposa gracia rey-2 ocio discordia guerra paz;unknown;UNKNOWN;u;1;1;1;1;0;0;0;0;1.0;0.0;0.0;0.0;0.0;0.0;0.0;0.0;0.0;0.03;0.0;0.0;0.3;1;0;0.0
2016;cal000165;cal;acompanamiento justicia coro-1 coro-2 ambos musicos seglar eclesiastico rey-1 esposa gracia rey-2 ocio discordia guerra paz fama;unknown;UNKNOWN;u;1;1;1;4;0;0;0;0;1.0;0.0;0.0;0.0;0.0;0.0;0.0;0.0;0.0;0.03;0.0;0.0;0.3;0;0;0.0
2017;cal000165;cal;acompanamiento justicia coro-1 coro-2 ambos musicos seglar eclesiastico rey-1 esposa gracia rey-2 discordia guerra paz fama ocio;unknown;UNKNOWN;u;1;1;1;2;0;0;0;0;1.0;0.0;0.0;0.0;0.0;0.0;0.0;0.0;0.0;0.03;0.0;0.0;0.3;0;0;0.0
2018;cal000166;cal;musicos;unknown;Músicos;UNKNOWN;1;2;5;26;0;0;0;0;1.0;0.0;0.0;0.0;0.0;0.0;0.0;0.0;0.0;0.06;0.01;0.01;0.24;1;1;0.01
2019;cal000166;cal;coro;unknown;Coro;UNKNOWN;1;1;1;1;0;0;0;0;1.0;0.0;0.0;0.0;0.0;0.0;0.0;0.0;0.0;0.03;0.0;0.0;0.24;0;0;0.0
2020;cal000166;cal;coro-2;unknown;Coro 2.º;UNKNOWN;1;1;2;8;0;0;0;0;1.0;0.0;0.0;0.0;0.0;0.0;0.0;0.0;0.0;0.03;0.01;0.0;0.24;0;0;0.0
2021;cal000166;cal;coro-1;unknown;Coro 1.º;UNKNOWN;1;1;1;1;0;0;0;0;1.0;0.0;0.0;0.0;0.0;0.0;0.0;0.0;0.0;0.03;0.0;0.0;0.24;0;0;0.0
2022;cal000166;cal;malicia;unknown;Malicia;FEMALE;1;15;57;467;0;0;0;0;1.0;0.0;0.0;0.0;0.0;0.0;0.0;0.0;0.0;0.42;0.15;0.23;0.58;3;6;0.03
2023;cal000166;cal;lisonja;unknown;Lisonja;FEMALE;1;20;71;267;0;0;0;0;1.0;0.0;0.0;0.0;0.0;0.0;0.0;0.0;0.0;0.56;0.18;0.13;0.55;5;6;0.04
2024;cal000166;cal;bautista;unknown;Bautista;MALE;1;9;44;142;0;0;0;0;1.0;0.0;0.0;0.0;0.0;0.0;0.0;0.0;0.0;0.25;0.11;0.07;0.48;6;6;0.02
2025;cal000166;cal;duque;unknown;Duque;MALE;1;9;47;453;0;0;0;0;1.0;0.0;0.0;0.0;0.0;0.0;0.0;0.0;0.0;0.25;0.12;0.22;0.7;3;5;0.1
2026;cal000166;cal;andres;unknown;Andrés;MALE;1;6;7;32;0;0;0;0;1.0;0.0;0.0;0.0;0.0;0.0;0.0;0.0;0.0;0.17;0.02;0.02;0.52;2;4;0.02
2027;cal000166;cal;pedro;unknown;Pedro;MALE;1;6;8;45;0;0;0;0;1.0;0.0;0.0;0.0;0.0;0.0;0.0;0.0;0.0;0.17;0.02;0.02;0.7;3;3;0.1
2028;cal000166;cal;juan;unknown;Juan;MALE;1;4;4;8;0;0;0;0;1.0;0.0;0.0;0.0;0.0;0.0;0.0;0.0;0.0;0.11;0.01;0.0;0.39;1;2;0.0
2029;cal000166;cal;diego;unknown;Diego;MALE;1;4;5;12;0;0;0;0;1.0;0.0;0.0;0.0;0.0;0.0;0.0;0.0;0.0;0.11;0.01;0.01;0.39;1;1;0.0
2030;cal000166;cal;mateo;unknown;Mateo;MALE;1;5;5;12;0;0;0;0;1.0;0.0;0.0;0.0;0.0;0.0;0.0;0.0;0.0;0.14;0.01;0.01;0.48;2;0;0.01
2031;cal000166;cal;simplicidad;unknown;Simplicidad;FEMALE;1;6;16;54;0;0;0;0;1.0;0.0;0.0;0.0;0.0;0.0;0.0;0.0;0.0;0.17;0.04;0.03;0.48;1;0;0.01
2032;cal000166;cal;sinagoga;unknown;Sinagoga;FEMALE;1;6;47;307;0;0;0;0;1.0;0.0;0.0;0.0;0.0;0.0;0.0;0.0;0.0;0.17;0.12;0.15;0.55;3;6;0.14
2033;cal000166;cal;esposa;unknown;Esposa;FEMALE;1;11;31;121;0;0;0;0;1.0;0.0;0.0;0.0;0.0;0.0;0.0;0.0;0.0;0.31;0.08;0.06;0.91;1;2;0.27
2034;cal000166;cal;oracion;unknown;Oración;FEMALE;1;6;14;42;0;0;0;0;1.0;0.0;0.0;0.0;0.0;0.0;0.0;0.0;0.0;0.17;0.04;0.02;0.36;0;0;0.02
2035;cal000166;cal;diego lisonja mateo simplicidad malicia pedro duque bautista andres;unknown;UNKNOWN;u;1;1;1;1;0;0;0;0;1.0;0.0;0.0;0.0;0.0;0.0;0.0;0.0;0.0;0.03;0.0;0.0;0.09;1;1;0.0
2036;cal000166;cal;acompanamiento;unknown;UNKNOWN;u;1;1;2;5;0;0;0;0;1.0;0.0;0.0;0.0;0.0;0.0;0.0;0.0;0.0;0.03;0.01;0.0;0.06;1;0;0.0
2037;cal000166;cal;bautista duque andres diego juan mateo simplicidad malicia lisonja acompanamiento;unknown;UNKNOWN;u;1;1;1;2;0;0;0;0;1.0;0.0;0.0;0.0;0.0;0.0;0.0;0.0;0.0;0.03;0.0;0.0;0.06;1;0;0.0
2038;cal000166;cal;duque andres diego juan mateo simplicidad malicia acompanamiento bautista sinagoga lisonja;unknown;UNKNOWN;u;1;1;1;1;0;0;0;0;1.0;0.0;0.0;0.0;0.0;0.0;0.0;0.0;0.0;0.03;0.0;0.0;0.24;1;1;0.0
2039;cal000166;cal;duque andres diego juan mateo simplicidad malicia acompanamiento bautista lisonja sinagoga;unknown;UNKNOWN;u;1;1;1;1;0;0;0;0;1.0;0.0;0.0;0.0;0.0;0.0;0.0;0.0;0.0;0.03;0.0;0.0;0.24;1;1;0.0
2040;cal000166;cal;andres diego juan mateo simplicidad malicia acompanamiento bautista lisonja sinagoga pedro esposa;unknown;UNKNOWN;u;1;1;1;1;0;0;0;0;1.0;0.0;0.0;0.0;0.0;0.0;0.0;0.0;0.0;0.03;0.0;0.0;0.24;0;0;0.0
2041;cal000166;cal;andres diego juan mateo simplicidad malicia acompanamiento bautista pedro sinagoga lisonja esposa;unknown;UNKNOWN;u;1;1;1;1;0;0;0;0;1.0;0.0;0.0;0.0;0.0;0.0;0.0;0.0;0.0;0.03;0.0;0.0;0.24;0;0;0.0
2042;cal000166;cal;sinagoga lisonja;unknown;UNKNOWN;u;1;1;1;7;0;0;0;0;1.0;0.0;0.0;0.0;0.0;0.0;0.0;0.0;0.0;0.03;0.0;0.0;0.24;0;0;0.0
2043;cal000166;cal;andres diego juan mateo simplicidad malicia acompanamiento bautista pedro esposa sinagoga lisonja;unknown;UNKNOWN;u;1;1;1;1;0;0;0;0;1.0;0.0;0.0;0.0;0.0;0.0;0.0;0.0;0.0;0.03;0.0;0.0;0.09;2;1;0.0
2044;cal000166;cal;andres diego juan mateo simplicidad malicia acompanamiento bautista sinagoga lisonja pedro esposa oracion;unknown;UNKNOWN;u;1;1;2;2;0;0;0;0;1.0;0.0;0.0;0.0;0.0;0.0;0.0;0.0;0.0;0.03;0.01;0.0;0.15;0;0;0.0
2045;cal000166;cal;andres diego juan mateo simplicidad malicia acompanamiento bautista sinagoga lisonja pedro esposa oracion musicos;unknown;UNKNOWN;u;1;1;3;3;0;0;0;0;1.0;0.0;0.0;0.0;0.0;0.0;0.0;0.0;0.0;0.03;0.01;0.0;0.15;0;0;0.0
2046;cal000166;cal;juan acompanamiento bautista sinagoga lisonja oracion pedro andres mateo simplicidad duque esposa malicia musicos;unknown;UNKNOWN;u;1;1;1;2;0;0;0;0;1.0;0.0;0.0;0.0;0.0;0.0;0.0;0.0;0.0;0.03;0.0;0.0;0.12;0;0;0.0
2047;cal000166;cal;juan acompanamiento sinagoga lisonja oracion pedro andres mateo simplicidad musicos esposa bautista malicia duque;unknown;UNKNOWN;u;1;1;1;2;0;0;0;0;1.0;0.0;0.0;0.0;0.0;0.0;0.0;0.0;0.0;0.03;0.0;0.0;0.33;2;5;0.0
2048;cal000166;cal;acompanamiento sinagoga lisonja oracion coro coro-1 coro-2 musicos bautista simplicidad esposa mateo juan malicia pedro duque andres diego;unknown;UNKNOWN;u;1;1;1;2;0;0;0;0;1.0;0.0;0.0;0.0;0.0;0.0;0.0;0.0;0.0;0.03;0.0;0.0;0.33;0;0;0.0
2049;cal000166;cal;oracion bautista;unknown;UNKNOWN;u;1;2;2;2;0;0;0;0;1.0;0.0;0.0;0.0;0.0;0.0;0.0;0.0;0.0;0.06;0.01;0.0;0.15;0;0;0.0
2050;cal000166;cal;duque esposa;unknown;UNKNOWN;u;1;1;1;1;0;0;0;0;1.0;0.0;0.0;0.0;0.0;0.0;0.0;0.0;0.0;0.03;0.0;0.0;0.15;0;0;0.0
2051;cal000166;cal;acompanamiento coro coro-1 coro-2 musicos oracion lisonja malicia simplicidad andres bautista juan mateo diego pedro sinagoga esposa duque;unknown;UNKNOWN;u;1;1;1;6;0;0;0;0;1.0;0.0;0.0;0.0;0.0;0.0;0.0;0.0;0.0;0.03;0.0;0.0;0.06;0;0;0.0
2052;cal000091;cal;don-enrique;unknown;Don Enrique;MALE;3;26;143;551;0;0;0;0;0.37;0.39;0.25;0.0;0.0;0.0;0.0;0.0;0.0;0.39;0.2;0.16;0.64;2;5;0.05
2053;cal000091;cal;chacón;unknown;Chacón;MALE;3;25;71;370;0;0;0;0;0.67;0.23;0.1;0.0;0.0;0.0;0.0;0.0;0.0;0.38;0.1;0.11;0.68;2;4;0.07
2054;cal000091;cal;don-juan;unknown;Don Juan;MALE;3;15;51;370;0;0;0;0;0.18;0.24;0.58;0.0;0.0;0.0;0.0;0.0;0.0;0.23;0.07;0.11;0.64;2;3;0.1
2055;cal000091;cal;don-félix;unknown;Don Félix;MALE;3;15;38;193;0;0;0;0;0.31;0.56;0.12;0.0;0.0;0.0;0.0;0.0;0.0;0.23;0.05;0.06;0.68;1;1;0.11
2056;cal000091;cal;don-diego;unknown;Don Diego;MALE;3;27;100;648;0;0;0;0;0.16;0.38;0.45;0.0;0.0;0.0;0.0;0.0;0.0;0.41;0.14;0.19;0.59;0;2;0.04
2057;cal000091;cal;celio;unknown;Celio;MALE;3;5;8;19;0;0;0;0;0.58;0.26;0.16;0.0;0.0;0.0;0.0;0.0;0.0;0.08;0.01;0.01;0.36;1;0;0.01
2058;cal000091;cal;don-fernando;unknown;Don Fernando;MALE;1;1;8;42;0;0;0;0;0.0;0.0;1.0;0.0;0.0;0.0;0.0;0.0;0.0;0.02;0.01;0.01;0.41;3;4;0.0
2059;cal000091;cal;beatriz;unknown;Beatriz;FEMALE;3;19;53;250;0;0;0;0;0.44;0.42;0.14;0.0;0.0;0.0;0.0;0.0;0.0;0.29;0.07;0.07;0.64;1;4;0.04
2060;cal000091;cal;leonor;unknown;Leonor;FEMALE;3;37;160;717;0;0;0;0;0.22;0.51;0.27;0.0;0.0;0.0;0.0;0.0;0.0;0.56;0.22;0.21;0.68;3;5;0.08
2061;cal000091;cal;inés;unknown;Inés;FEMALE;3;23;52;167;0;0;0;0;0.19;0.47;0.34;0.0;0.0;0.0;0.0;0.0;0.0;0.35;0.07;0.05;0.64;2;2;0.04
2062;cal000091;cal;isabel;unknown;Isabel;FEMALE;1;2;2;12;0;0;0;0;1.0;0.0;0.0;0.0;0.0;0.0;0.0;0.0;0.0;0.03;0.0;0.0;0.36;0;3;0.01
2063;cal000091;cal;juana;unknown;Juana;FEMALE;2;5;13;46;0;0;0;0;0.35;0.65;0.0;0.0;0.0;0.0;0.0;0.0;0.0;0.08;0.02;0.01;0.32;4;1;0.01
2064;cal000091;cal;todos;unknown;UNKNOWN;u;2;3;7;10;0;0;0;0;0.3;0.0;0.7;0.0;0.0;0.0;0.0;0.0;0.0;0.05;0.01;0.0;0.41;2;4;0.0
2065;cal000091;cal;uno;unknown;UNKNOWN;u;1;1;2;5;0;0;0;0;1.0;0.0;0.0;0.0;0.0;0.0;0.0;0.0;0.0;0.02;0.0;0.0;0.14;0;1;0.0
2066;cal000091;cal;unos;unknown;UNKNOWN;u;1;1;1;1;0;0;0;0;1.0;0.0;0.0;0.0;0.0;0.0;0.0;0.0;0.0;0.02;0.0;0.0;0.18;0;0;0.0
2067;cal000091;cal;otros;unknown;UNKNOWN;u;1;1;1;1;0;0;0;0;1.0;0.0;0.0;0.0;0.0;0.0;0.0;0.0;0.0;0.02;0.0;0.0;0.18;0;0;0.0
2068;cal000091;cal;juana inés;unknown;UNKNOWN;u;1;1;1;1;0;0;0;0;1.0;0.0;0.0;0.0;0.0;0.0;0.0;0.0;0.0;0.02;0.0;0.0;0.23;0;0;0.0
2069;cal000091;cal;don-juan don-félix;unknown;UNKNOWN;u;1;1;1;1;0;0;0;0;0.0;1.0;0.0;0.0;0.0;0.0;0.0;0.0;0.0;0.02;0.0;0.0;0.09;0;0;0.0
2070;cal000091;cal;don-diego don-enrique;unknown;UNKNOWN;u;1;1;1;1;0;0;0;0;0.0;1.0;0.0;0.0;0.0;0.0;0.0;0.0;0.0;0.02;0.0;0.0;0.23;0;1;0.0
2071;cal000091;cal;don-félix beatriz;unknown;UNKNOWN;u;1;1;3;3;0;0;0;0;0.0;0.0;1.0;0.0;0.0;0.0;0.0;0.0;0.0;0.02;0.0;0.0;0.18;1;1;0.0
2072;cal000091;cal;don-juan don-diego;unknown;UNKNOWN;u;1;1;1;1;0;0;0;0;0.0;0.0;1.0;0.0;0.0;0.0;0.0;0.0;0.0;0.02;0.0;0.0;0.09;0;0;0.0
2073;cal000092;cal;música;unknown;Músicos;UNKNOWN;1;1;1;1;0;0;0;0;0.0;0.0;1.0;0.0;0.0;0.0;0.0;0.0;0.0;0.01;0.0;0.0;0.19;0;0;0.0
2074;cal000092;cal;cipriano;unknown;Cipriano;MALE;3;31;178;1075;0;0;0;0;0.35;0.3;0.35;0.0;0.0;0.0;0.0;0.0;0.0;0.43;0.24;0.32;0.81;2;6;0.16
2075;cal000092;cal;demonio;unknown;El Demonio;MALE;3;18;116;610;0;0;0;0;0.2;0.47;0.33;0.0;0.0;0.0;0.0;0.0;0.0;0.25;0.16;0.18;0.69;1;1;0.04
2076;cal000092;cal;floro;unknown;Floro;MALE;3;14;47;167;0;0;0;0;0.5;0.35;0.14;0.0;0.0;0.0;0.0;0.0;0.0;0.19;0.06;0.05;0.81;1;4;0.05
2077;cal000092;cal;lelio;unknown;Lelio;MALE;3;18;57;238;0;0;0;0;0.55;0.35;0.1;0.0;0.0;0.0;0.0;0.0;0.0;0.25;0.08;0.07;0.75;0;4;0.03
2078;cal000092;cal;moscón;unknown;Moscón;MALE;3;15;56;128;0;0;0;0;0.4;0.3;0.3;0.0;0.0;0.0;0.0;0.0;0.0;0.21;0.08;0.04;0.62;1;5;0.01
2079;cal000092;cal;justina;unknown;Justina;FEMALE;3;23;106;391;0;0;0;0;0.17;0.27;0.55;0.0;0.0;0.0;0.0;0.0;0.0;0.32;0.14;0.12;0.88;0;6;0.15
2080;cal000092;cal;libia;unknown;Libia;FEMALE;3;10;36;106;0;0;0;0;0.25;0.24;0.52;0.0;0.0;0.0;0.0;0.0;0.0;0.14;0.05;0.03;0.62;1;5;0.01
2081;cal000092;cal;gobernador;unknown;El Gobernador de Antioquía;MALE;2;6;19;118;0;0;0;0;0.0;0.27;0.73;0.0;0.0;0.0;0.0;0.0;0.0;0.08;0.03;0.04;0.75;0;7;0.03
2082;cal000092;cal;lisandro;unknown;Lisandro;MALE;3;9;34;252;0;0;0;0;0.72;0.23;0.05;0.0;0.0;0.0;0.0;0.0;0.0;0.12;0.05;0.07;0.38;0;0;0.0
2083;cal000092;cal;clarín;unknown;Clarín;MALE;3;20;73;225;0;0;0;0;0.22;0.32;0.46;0.0;0.0;0.0;0.0;0.0;0.0;0.28;0.1;0.07;0.62;1;3;0.01
2084;cal000092;cal;fabio;unknown;Fabio;MALE;2;5;9;29;0;0;0;0;0.0;0.1;0.9;0.0;0.0;0.0;0.0;0.0;0.0;0.07;0.01;0.01;0.62;1;5;0.0
2085;cal000092;cal;esqueleto;unknown;El Esqueleto;MALE;1;1;1;2;0;0;0;0;0.0;0.0;1.0;0.0;0.0;0.0;0.0;0.0;0.0;0.01;0.0;0.0;0.06;0;0;0.0
2086;cal000092;cal;criado;unknown;Un Criado;MALE;1;2;2;4;0;0;0;0;0.0;0.0;1.0;0.0;0.0;0.0;0.0;0.0;0.0;0.03;0.0;0.0;0.25;1;0;0.0
2087;cal000092;cal;moscón clarín;unknown;UNKNOWN;u;1;1;1;1;0;0;0;0;1.0;0.0;0.0;0.0;0.0;0.0;0.0;0.0;0.0;0.01;0.0;0.0;0.31;0;3;0.0
2088;cal000092;cal;todos;unknown;UNKNOWN;u;2;5;7;7;0;0;0;0;0.0;0.43;0.57;0.0;0.0;0.0;0.0;0.0;0.0;0.07;0.01;0.0;0.62;1;4;0.06
2089;cal000092;cal;uno;unknown;UNKNOWN;u;1;2;2;10;0;0;0;0;0.0;0.0;1.0;0.0;0.0;0.0;0.0;0.0;0.0;0.03;0.0;0.0;0.25;1;0;0.0
2090;cal000093;cal;música;unknown;Músicos;UNKNOWN;3;7;14;34;0;0;0;0;0.53;0.24;0.24;0.0;0.0;0.0;0.0;0.0;0.0;0.12;0.02;0.01;0.34;2;3;0.01
2091;cal000093;cal;ulises;unknown;Ulises;MALE;3;21;102;670;0;0;0;0;0.38;0.33;0.29;0.0;0.0;0.0;0.0;0.0;0.0;0.37;0.15;0.19;0.69;3;2;0.1
2092;cal000093;cal;antistes;unknown;Antistes;MALE;3;10;33;292;0;0;0;0;0.54;0.02;0.45;0.0;0.0;0.0;0.0;0.0;0.0;0.18;0.05;0.08;0.55;1;7;0.02
2093;cal000093;cal;arquelao;unknown;Arquelao;MALE;3;7;15;29;0;0;0;0;0.55;0.07;0.38;0.0;0.0;0.0;0.0;0.0;0.0;0.12;0.02;0.01;0.48;3;7;0.0
2094;cal000093;cal;lebrel;unknown;Lebrel;MALE;3;17;68;216;0;0;0;0;0.07;0.44;0.49;0.0;0.0;0.0;0.0;0.0;0.0;0.3;0.1;0.06;0.62;5;3;0.02
2095;cal000093;cal;polidoro;unknown;Polidoro;MALE;2;5;9;24;0;0;0;0;0.5;0.0;0.5;0.0;0.0;0.0;0.0;0.0;0.0;0.09;0.01;0.01;0.34;2;4;0.0
2096;cal000093;cal;timantes;unknown;Timantes;MALE;2;5;11;31;0;0;0;0;0.58;0.0;0.42;0.0;0.0;0.0;0.0;0.0;0.0;0.09;0.02;0.01;0.34;2;5;0.0
2097;cal000093;cal;floro;unknown;Floro;MALE;2;4;7;9;0;0;0;0;0.67;0.0;0.33;0.0;0.0;0.0;0.0;0.0;0.0;0.07;0.01;0.0;0.34;2;3;0.0
2098;cal000093;cal;clarín;unknown;Clarín;MALE;3;24;91;319;0;0;0;0;0.08;0.77;0.15;0.0;0.0;0.0;0.0;0.0;0.0;0.42;0.14;0.09;0.76;4;2;0.23
2099;cal000093;cal;arsidas;unknown;Arsidas;MALE;3;9;35;226;0;0;0;0;0.27;0.47;0.26;0.0;0.0;0.0;0.0;0.0;0.0;0.16;0.05;0.07;0.59;4;7;0.05
2100;cal000093;cal;lisidas;unknown;Lisidas;MALE;3;10;18;87;0;0;0;0;0.21;0.41;0.38;0.0;0.0;0.0;0.0;0.0;0.0;0.18;0.03;0.03;0.55;3;2;0.04
2101;cal000093;cal;circe;unknown;Circe;FEMALE;3;30;114;920;0;0;0;0;0.36;0.37;0.27;0.0;0.0;0.0;0.0;0.0;0.0;0.53;0.17;0.27;0.76;2;2;0.08
2102;cal000093;cal;flérida;unknown;Flérida;FEMALE;3;18;32;229;0;0;0;0;0.08;0.45;0.47;0.0;0.0;0.0;0.0;0.0;0.0;0.32;0.05;0.07;0.62;4;2;0.04
2103;cal000093;cal;libia;unknown;Libia;FEMALE;3;10;20;60;0;0;0;0;0.02;0.63;0.35;0.0;0.0;0.0;0.0;0.0;0.0;0.18;0.03;0.02;0.55;5;3;0.04
2104;cal000093;cal;iris;unknown;Iris;FEMALE;1;1;2;16;0;0;0;0;1.0;0.0;0.0;0.0;0.0;0.0;0.0;0.0;0.0;0.02;0.0;0.0;0.14;0;3;0.0
2105;cal000093;cal;casimira;unknown;Casimira;FEMALE;3;5;6;9;0;0;0;0;0.22;0.44;0.33;0.0;0.0;0.0;0.0;0.0;0.0;0.09;0.01;0.0;0.59;1;2;0.03
2106;cal000093;cal;tisbe;unknown;Tisbe;FEMALE;2;2;3;5;0;0;0;0;0.0;0.4;0.6;0.0;0.0;0.0;0.0;0.0;0.0;0.04;0.0;0.0;0.24;2;0;0.0
2107;cal000093;cal;sirene;unknown;Sirene;FEMALE;1;1;2;3;0;0;0;0;0.0;0.0;1.0;0.0;0.0;0.0;0.0;0.0;0.0;0.02;0.0;0.0;0.24;3;0;0.0
2108;cal000093;cal;galatea;unknown;Galatea;FEMALE;1;1;3;55;0;0;0;0;0.0;0.0;1.0;0.0;0.0;0.0;0.0;0.0;0.0;0.02;0.0;0.02;0.14;4;0;0.0
2109;cal000093;cal;clori;unknown;Clori;FEMALE;2;3;4;5;0;0;0;0;0.0;0.4;0.6;0.0;0.0;0.0;0.0;0.0;0.0;0.05;0.01;0.0;0.45;5;2;0.01
2110;cal000093;cal;brutamonte;unknown;Brutamonte;MALE;1;2;16;42;0;0;0;0;0.0;1.0;0.0;0.0;0.0;0.0;0.0;0.0;0.0;0.04;0.02;0.01;0.07;1;1;0.0
2111;cal000093;cal;dueña;unknown;Dueña;FEMALE;1;4;6;19;0;0;0;0;0.0;1.0;0.0;0.0;0.0;0.0;0.0;0.0;0.0;0.07;0.01;0.01;0.1;0;0;0.0
2112;cal000093;cal;enano;unknown;Enano;MALE;1;2;5;11;0;0;0;0;0.0;1.0;0.0;0.0;0.0;0.0;0.0;0.0;0.0;0.04;0.01;0.0;0.07;1;1;0.0
2113;cal000093;cal;aquiles;unknown;Aquiles;MALE;1;1;4;46;0;0;0;0;0.0;0.0;1.0;0.0;0.0;0.0;0.0;0.0;0.0;0.02;0.01;0.01;0.03;0;0;0.0
2114;cal000093;cal;soldado;unknown;Soldado;MALE;1;1;3;12;0;0;0;0;0.0;0.0;1.0;0.0;0.0;0.0;0.0;0.0;0.0;0.02;0.0;0.0;0.14;0;0;0.0
2115;cal000093;cal;astrea;unknown;Astrea;FEMALE;3;9;23;51;0;0;0;0;0.02;0.67;0.31;0.0;0.0;0.0;0.0;0.0;0.0;0.16;0.03;0.01;0.55;6;4;0.04
2116;cal000093;cal;todos;unknown;UNKNOWN;u;2;5;11;12;0;0;0;0;0.33;0.0;0.67;0.0;0.0;0.0;0.0;0.0;0.0;0.09;0.02;0.0;0.59;0;0;0.05
2117;cal000093;cal;voces;unknown;UNKNOWN;u;2;2;2;2;0;0;0;0;0.0;0.5;0.5;0.0;0.0;0.0;0.0;0.0;0.0;0.04;0.0;0.0;0.21;1;0;0.0
2118;cal000093;cal;circe flérida libia astrea tisbe sirene clori;unknown;UNKNOWN;u;1;1;1;1;0;0;0;0;0.0;0.0;1.0;0.0;0.0;0.0;0.0;0.0;0.0;0.02;0.0;0.0;0.14;0;1;0.0
2119;cal000093;cal;todas;unknown;UNKNOWN;u;1;1;1;1;0;0;0;0;0.0;0.0;1.0;0.0;0.0;0.0;0.0;0.0;0.0;0.02;0.0;0.0;0.21;1;1;0.0
2120;cal000094;cal;música;unknown;Músicos;UNKNOWN;2;2;5;26;0;0;0;0;0.85;0.0;0.15;0.0;0.0;0.0;0.0;0.0;0.0;0.06;0.01;0.01;0.68;3;7;0.01
2121;cal000094;cal;soldado-1;unknown;Soldados;MALE;3;5;22;70;0;0;0;0;0.04;0.86;0.1;0.0;0.0;0.0;0.0;0.0;0.0;0.16;0.04;0.02;0.72;0;2;0.02
2122;cal000094;cal;soldado-2;unknown;Soldados;MALE;1;2;16;26;0;0;0;0;0.0;1.0;0.0;0.0;0.0;0.0;0.0;0.0;0.0;0.06;0.03;0.01;0.28;0;4;0.0
2123;cal000094;cal;tetrarca;unknown;El Tetrarca de Jerusalén;MALE;3;10;108;1022;0;0;0;0;0.38;0.38;0.24;0.0;0.0;0.0;0.0;0.0;0.0;0.31;0.18;0.27;0.76;3;3;0.03
2124;cal000094;cal;octaviano;unknown;Octaviano;MALE;3;9;76;514;0;0;0;0;0.21;0.29;0.5;0.0;0.0;0.0;0.0;0.0;0.0;0.28;0.12;0.13;0.84;2;6;0.05
2125;cal000094;cal;aristóbolo;unknown;Aristóbolo;MALE;2;3;13;134;0;0;0;0;0.86;0.14;0.0;0.0;0.0;0.0;0.0;0.0;0.0;0.09;0.02;0.03;0.36;1;1;0.0
2126;cal000094;cal;filipo;unknown;Filipo;MALE;3;8;53;145;0;0;0;0;0.25;0.63;0.12;0.0;0.0;0.0;0.0;0.0;0.0;0.25;0.09;0.04;0.72;2;0;0.02
2127;cal000094;cal;tolomeo;unknown;Tolomeo;MALE;3;17;73;443;0;0;0;0;0.27;0.38;0.35;0.0;0.0;0.0;0.0;0.0;0.0;0.53;0.12;0.12;0.8;2;4;0.08
2128;cal000094;cal;capitán;unknown;Patricio;MALE;3;6;23;91;0;0;0;0;0.52;0.29;0.2;0.0;0.0;0.0;0.0;0.0;0.0;0.19;0.04;0.02;0.8;3;7;0.03
2129;cal000094;cal;polidoro;unknown;Polidoro;MALE;3;5;51;243;0;0;0;0;0.27;0.43;0.3;0.0;0.0;0.0;0.0;0.0;0.0;0.16;0.08;0.06;0.8;0;5;0.03
2130;cal000094;cal;mariene;unknown;Mariene;FEMALE;3;15;84;833;0;0;0;0;0.28;0.24;0.48;0.0;0.0;0.0;0.0;0.0;0.0;0.47;0.14;0.22;0.8;2;5;0.07
2131;cal000094;cal;libia;unknown;Libia;FEMALE;3;15;44;199;0;0;0;0;0.37;0.29;0.34;0.0;0.0;0.0;0.0;0.0;0.0;0.47;0.07;0.05;0.52;1;1;0.07
2132;cal000094;cal;sirene;unknown;Sirene;FEMALE;3;11;23;72;0;0;0;0;0.24;0.29;0.47;0.0;0.0;0.0;0.0;0.0;0.0;0.34;0.04;0.02;0.48;0;1;0.05
2133;cal000094;cal;unos;unknown;UNKNOWN;u;1;1;1;1;0;0;0;0;1.0;0.0;0.0;0.0;0.0;0.0;0.0;0.0;0.0;0.03;0.0;0.0;0.28;0;5;0.0
2134;cal000094;cal;otros;unknown;UNKNOWN;u;2;2;2;2;0;0;0;0;0.5;0.0;0.5;0.0;0.0;0.0;0.0;0.0;0.0;0.06;0.0;0.0;0.68;0;8;0.01
2135;cal000094;cal;todos;unknown;UNKNOWN;u;2;3;4;4;0;0;0;0;0.25;0.0;0.75;0.0;0.0;0.0;0.0;0.0;0.0;0.09;0.01;0.0;0.76;0;4;0.02
2136;cal000094;cal;libia sirene;unknown;UNKNOWN;u;1;1;1;4;0;0;0;0;1.0;0.0;0.0;0.0;0.0;0.0;0.0;0.0;0.0;0.03;0.0;0.0;0.08;0;0;0.0
2137;cal000094;cal;mariene sirene libia;unknown;UNKNOWN;u;1;1;1;4;0;0;0;0;1.0;0.0;0.0;0.0;0.0;0.0;0.0;0.0;0.0;0.03;0.0;0.0;0.12;0;0;0.0
2138;cal000094;cal;soldado-1 soldado-2;unknown;UNKNOWN;u;2;2;2;2;0;0;0;0;0.0;0.5;0.5;0.0;0.0;0.0;0.0;0.0;0.0;0.06;0.0;0.0;0.64;0;3;0.0
2139;cal000094;cal;tolomeo libia;unknown;UNKNOWN;u;1;1;1;1;0;0;0;0;0.0;1.0;0.0;0.0;0.0;0.0;0.0;0.0;0.0;0.03;0.0;0.0;0.08;0;0;0.0
2140;cal000094;cal;voces;unknown;UNKNOWN;u;1;1;4;4;0;0;0;0;0.0;0.0;1.0;0.0;0.0;0.0;0.0;0.0;0.0;0.03;0.01;0.0;0.6;1;7;0.0
2141;cal000094;cal;música voces;unknown;UNKNOWN;u;1;1;1;1;0;0;0;0;0.0;0.0;1.0;0.0;0.0;0.0;0.0;0.0;0.0;0.03;0.0;0.0;0.6;0;5;0.0
2142;cal000094;cal;todos música;unknown;UNKNOWN;u;1;1;2;9;0;0;0;0;0.0;0.0;1.0;0.0;0.0;0.0;0.0;0.0;0.0;0.03;0.0;0.0;0.6;0;5;0.0
2143;cal000094;cal;tolomeo filipo;unknown;UNKNOWN;u;1;1;1;1;0;0;0;0;0.0;0.0;1.0;0.0;0.0;0.0;0.0;0.0;0.0;0.03;0.0;0.0;0.6;0;3;0.0
2144;cal000094;cal;tetrarca octaviano;unknown;UNKNOWN;u;1;1;1;1;0;0;0;0;0.0;0.0;1.0;0.0;0.0;0.0;0.0;0.0;0.0;0.03;0.0;0.0;0.16;0;1;0.0
2145;cal000095;cal;música;unknown;Músicos;UNKNOWN;2;2;5;26;0;0;0;0;0.85;0.0;0.15;0.0;0.0;0.0;0.0;0.0;0.0;0.04;0.01;0.01;0.32;2;4;0.0
2146;cal000095;cal;tetrarca;unknown;El Tetrarca de Jerusalén;MALE;3;24;108;1020;0;0;0;0;0.38;0.38;0.24;0.0;0.0;0.0;0.0;0.0;0.0;0.44;0.18;0.26;0.6;3;3;0.04
2147;cal000095;cal;polidoro;unknown;Polidoro;MALE;3;7;52;245;0;0;0;0;0.27;0.43;0.3;0.0;0.0;0.0;0.0;0.0;0.0;0.13;0.09;0.06;0.6;1;6;0.04
2148;cal000095;cal;octaviano;unknown;Octaviano;MALE;3;15;75;526;0;0;0;0;0.22;0.28;0.5;0.0;0.0;0.0;0.0;0.0;0.0;0.28;0.12;0.14;0.68;2;4;0.07
2149;cal000095;cal;mariene;unknown;Mariene;FEMALE;3;22;83;836;0;0;0;0;0.28;0.24;0.48;0.0;0.0;0.0;0.0;0.0;0.0;0.41;0.14;0.22;0.76;2;3;0.13
2150;cal000095;cal;aristóbolo;unknown;Aristóbolo;MALE;2;3;13;134;0;0;0;0;0.86;0.14;0.0;0.0;0.0;0.0;0.0;0.0;0.0;0.06;0.02;0.03;0.24;1;1;0.0
2151;cal000095;cal;libia;unknown;Libia;FEMALE;3;11;39;187;0;0;0;0;0.4;0.31;0.29;0.0;0.0;0.0;0.0;0.0;0.0;0.2;0.06;0.05;0.56;1;2;0.06
2152;cal000095;cal;filipo;unknown;Filipo;MALE;3;14;53;144;0;0;0;0;0.25;0.63;0.12;0.0;0.0;0.0;0.0;0.0;0.0;0.26;0.09;0.04;0.52;2;2;0.01
2153;cal000095;cal;sirene;unknown;Sirene;FEMALE;3;9;22;72;0;0;0;0;0.24;0.28;0.49;0.0;0.0;0.0;0.0;0.0;0.0;0.17;0.04;0.02;0.48;0;3;0.03
2154;cal000095;cal;tolomeo;unknown;Tolomeo;MALE;3;23;73;445;0;0;0;0;0.27;0.38;0.35;0.0;0.0;0.0;0.0;0.0;0.0;0.43;0.12;0.12;0.64;2;5;0.06
2155;cal000095;cal;capitán;unknown;Patricio;MALE;3;9;23;91;0;0;0;0;0.52;0.29;0.2;0.0;0.0;0.0;0.0;0.0;0.0;0.17;0.04;0.02;0.8;1;6;0.14
2156;cal000095;cal;soldado-1;unknown;Soldado 1°;MALE;3;8;21;69;0;0;0;0;0.04;0.86;0.1;0.0;0.0;0.0;0.0;0.0;0.0;0.15;0.03;0.02;0.4;0;1;0.01
2157;cal000095;cal;soldado-2;unknown;Soldado 2°;MALE;1;3;17;27;0;0;0;0;0.0;1.0;0.0;0.0;0.0;0.0;0.0;0.0;0.0;0.06;0.03;0.01;0.2;0;2;0.0
2158;cal000095;cal;unos;unknown;UNKNOWN;u;1;1;1;1;0;0;0;0;1.0;0.0;0.0;0.0;0.0;0.0;0.0;0.0;0.0;0.02;0.0;0.0;0.16;0;2;0.0
2159;cal000095;cal;otros;unknown;UNKNOWN;u;1;1;1;1;0;0;0;0;1.0;0.0;0.0;0.0;0.0;0.0;0.0;0.0;0.0;0.02;0.0;0.0;0.16;0;2;0.0
2160;cal000095;cal;todos;unknown;UNKNOWN;u;2;4;5;6;0;0;0;0;0.17;0.0;0.83;0.0;0.0;0.0;0.0;0.0;0.0;0.07;0.01;0.0;0.6;0;1;0.05
2161;cal000095;cal;mariene sirene;unknown;UNKNOWN;u;1;1;1;4;0;0;0;0;1.0;0.0;0.0;0.0;0.0;0.0;0.0;0.0;0.0;0.02;0.0;0.0;0.16;3;0;0.0
2162;cal000095;cal;libia mariene sirene;unknown;UNKNOWN;u;1;1;1;4;0;0;0;0;1.0;0.0;0.0;0.0;0.0;0.0;0.0;0.0;0.0;0.02;0.0;0.0;0.16;0;0;0.0
2163;cal000095;cal;soldado-1 soldado-2;unknown;UNKNOWN;u;2;2;2;2;0;0;0;0;0.0;0.5;0.5;0.0;0.0;0.0;0.0;0.0;0.0;0.04;0.0;0.0;0.2;0;2;0.0
2164;cal000095;cal;tolomeo libia;unknown;UNKNOWN;u;1;1;1;1;0;0;0;0;0.0;1.0;0.0;0.0;0.0;0.0;0.0;0.0;0.0;0.02;0.0;0.0;0.08;0;0;0.0
2165;cal000095;cal;voces;unknown;UNKNOWN;u;1;1;4;4;0;0;0;0;0.0;0.0;1.0;0.0;0.0;0.0;0.0;0.0;0.0;0.02;0.01;0.0;0.16;1;1;0.0
2166;cal000095;cal;música voces;unknown;UNKNOWN;u;1;1;1;1;0;0;0;0;0.0;0.0;1.0;0.0;0.0;0.0;0.0;0.0;0.0;0.02;0.0;0.0;0.16;1;1;0.0
2167;cal000095;cal;todos música;unknown;UNKNOWN;u;1;2;2;9;0;0;0;0;0.0;0.0;1.0;0.0;0.0;0.0;0.0;0.0;0.0;0.04;0.0;0.0;0.28;0;0;0.0
2168;cal000095;cal;tolomeo filipo;unknown;UNKNOWN;u;1;1;1;1;0;0;0;0;0.0;0.0;1.0;0.0;0.0;0.0;0.0;0.0;0.0;0.02;0.0;0.0;0.2;1;1;0.0
2169;cal000095;cal;octaviano tetrarca;unknown;UNKNOWN;u;1;1;1;1;0;0;0;0;0.0;0.0;1.0;0.0;0.0;0.0;0.0;0.0;0.0;0.02;0.0;0.0;0.4;2;4;0.0
2170;cal000018;cal;don-gutierre;unknown;Don Gutierre;MALE;3;29;140;1022;0;0;0;0;0.22;0.44;0.35;0.0;0.0;0.0;0.0;0.0;0.0;0.44;0.22;0.32;0.69;2;4;0.15
2171;cal000018;cal;rey-don-pedro;unknown;Rey Don Pedro;MALE;3;18;119;419;0;0;0;0;0.31;0.11;0.58;0.0;0.0;0.0;0.0;0.0;0.0;0.27;0.19;0.13;0.81;1;6;0.28
2172;cal000018;cal;infante-don-enrique;unknown;Infante Don Enrique;MALE;3;16;80;325;0;0;0;0;0.54;0.3;0.16;0.0;0.0;0.0;0.0;0.0;0.0;0.24;0.12;0.1;0.44;0;4;0.03
2173;cal000018;cal;don-arias;unknown;Don Arias;MALE;2;12;27;167;0;0;0;0;0.56;0.44;0.0;0.0;0.0;0.0;0.0;0.0;0.0;0.18;0.04;0.05;0.38;0;2;0.02
2174;cal000018;cal;don-diego;unknown;Don Diego;MALE;3;13;34;78;0;0;0;0;0.32;0.14;0.54;0.0;0.0;0.0;0.0;0.0;0.0;0.2;0.05;0.02;0.62;1;3;0.08
2175;cal000018;cal;doña-mencía-de-acuña;unknown;Doña Mencía de Acuña;FEMALE;3;24;111;480;0;0;0;0;0.44;0.4;0.16;0.0;0.0;0.0;0.0;0.0;0.0;0.36;0.17;0.15;0.44;2;3;0.08
2176;cal000018;cal;leonor;unknown;Leonor;FEMALE;3;7;16;197;0;0;0;0;0.51;0.42;0.07;0.0;0.0;0.0;0.0;0.0;0.0;0.11;0.03;0.06;0.62;0;4;0.13
2177;cal000018;cal;jacinta;unknown;Jacinta;FEMALE;3;14;30;80;0;0;0;0;0.12;0.46;0.41;0.0;0.0;0.0;0.0;0.0;0.0;0.21;0.05;0.03;0.31;1;2;0.04
2178;cal000018;cal;inés;unknown;Inés;FEMALE;2;2;2;3;0;0;0;0;0.67;0.0;0.33;0.0;0.0;0.0;0.0;0.0;0.0;0.03;0.0;0.0;0.25;1;3;0.0
2179;cal000018;cal;teodora;unknown;Teodora;FEMALE;1;1;3;5;0;0;0;0;0.0;1.0;0.0;0.0;0.0;0.0;0.0;0.0;0.0;0.02;0.0;0.0;0.12;0;0;0.0
2180;cal000018;cal;coquín;unknown;Coquín;MALE;3;13;54;326;0;0;0;0;0.37;0.35;0.28;0.0;0.0;0.0;0.0;0.0;0.0;0.2;0.08;0.1;0.44;0;0;0.05
2181;cal000018;cal;ludovico;unknown;Ludovico;MALE;1;3;11;73;0;0;0;0;0.0;0.0;1.0;0.0;0.0;0.0;0.0;0.0;0.0;0.05;0.02;0.02;0.19;0;0;0.0
2182;cal000018;cal;soldado-1;unknown;Soldado 1°;MALE;1;1;1;1;0;0;0;0;1.0;0.0;0.0;0.0;0.0;0.0;0.0;0.0;0.0;0.02;0.0;0.0;0.31;1;3;0.0
2183;cal000018;cal;soldado-2;unknown;Soldado 1°;MALE;1;1;2;3;0;0;0;0;1.0;0.0;0.0;0.0;0.0;0.0;0.0;0.0;0.0;0.02;0.0;0.0;0.31;1;1;0.0
2184;cal000018;cal;soldado-3;unknown;Soldado 3°;MALE;1;1;6;7;0;0;0;0;1.0;0.0;0.0;0.0;0.0;0.0;0.0;0.0;0.0;0.02;0.01;0.0;0.31;1;4;0.0
2185;cal000018;cal;viejo;unknown;Un Viejo;MALE;1;1;2;2;0;0;0;0;1.0;0.0;0.0;0.0;0.0;0.0;0.0;0.0;0.0;0.02;0.0;0.0;0.31;1;0;0.0
2186;cal000018;cal;música;unknown;Música;UNKNOWN;1;2;2;8;0;0;0;0;0.0;0.0;1.0;0.0;0.0;0.0;0.0;0.0;0.0;0.03;0.0;0.0;0.19;0;1;0.0
2187;cal000019;cal;música;unknown;Músicos;UNKNOWN;3;9;16;49;0;0;0;0;0.16;0.29;0.55;0.0;0.0;0.0;0.0;0.0;0.0;0.14;0.02;0.01;0.46;4;2;0.07
2188;cal000019;cal;aquiles;unknown;Aquiles;MALE;3;38;241;979;0;0;0;0;0.31;0.3;0.39;0.0;0.0;0.0;0.0;0.0;0.0;0.58;0.26;0.27;0.76;2;4;0.2
2189;cal000019;cal;deidamia;unknown;Deidamia;FEMALE;3;33;203;605;0;0;0;0;0.21;0.35;0.44;0.0;0.0;0.0;0.0;0.0;0.0;0.51;0.22;0.16;0.54;2;2;0.04
2190;cal000019;cal;tetis;unknown;Tetis;MALE;3;8;33;272;0;0;0;0;0.02;0.92;0.06;0.0;0.0;0.0;0.0;0.0;0.0;0.12;0.04;0.07;0.54;5;2;0.07
2191;cal000019;cal;cintia;unknown;Cintia;FEMALE;2;5;9;21;0;0;0;0;0.67;0.0;0.33;0.0;0.0;0.0;0.0;0.0;0.0;0.08;0.01;0.01;0.27;1;0;0.01
2192;cal000019;cal;sirene;unknown;Sirene;FEMALE;3;13;28;63;0;0;0;0;0.56;0.1;0.35;0.0;0.0;0.0;0.0;0.0;0.0;0.2;0.03;0.02;0.39;0;2;0.03
2193;cal000019;cal;lidoro;unknown;Lidoro;MALE;3;26;125;572;0;0;0;0;0.47;0.22;0.31;0.0;0.0;0.0;0.0;0.0;0.0;0.4;0.13;0.15;0.61;2;3;0.06
2194;cal000019;cal;danteo;unknown;Danteo;MALE;3;14;40;204;0;0;0;0;0.69;0.28;0.03;0.0;0.0;0.0;0.0;0.0;0.0;0.22;0.04;0.06;0.54;3;4;0.07
2195;cal000019;cal;ulises;unknown;Ulises;MALE;3;23;75;459;0;0;0;0;0.15;0.38;0.47;0.0;0.0;0.0;0.0;0.0;0.0;0.35;0.08;0.12;0.59;3;1;0.06
2196;cal000019;cal;el-rey;unknown;El Rey;MALE;3;16;42;171;0;0;0;0;0.3;0.28;0.42;0.0;0.0;0.0;0.0;0.0;0.0;0.25;0.05;0.05;0.51;3;5;0.02
2197;cal000019;cal;libio;unknown;Libio;MALE;3;16;71;216;0;0;0;0;0.42;0.24;0.34;0.0;0.0;0.0;0.0;0.0;0.0;0.25;0.08;0.06;0.59;2;6;0.09
2198;cal000019;cal;criado;unknown;Criado;MALE;1;1;2;5;0;0;0;0;0.0;1.0;0.0;0.0;0.0;0.0;0.0;0.0;0.0;0.02;0.0;0.0;0.1;0;4;0.0
2199;cal000019;cal;armindo;unknown;Armindo;MALE;1;2;4;7;0;0;0;0;1.0;0.0;0.0;0.0;0.0;0.0;0.0;0.0;0.0;0.03;0.0;0.0;0.24;1;2;0.01
2200;cal000019;cal;ninfa-1;unknown;Ninfa 1;FEMALE;1;1;3;3;0;0;0;0;0.0;1.0;0.0;0.0;0.0;0.0;0.0;0.0;0.0;0.02;0.0;0.0;0.2;3;1;0.0
2201;cal000019;cal;ninfa-2;unknown;Ninfa 2;FEMALE;1;1;3;3;0;0;0;0;0.0;1.0;0.0;0.0;0.0;0.0;0.0;0.0;0.0;0.02;0.0;0.0;0.2;2;1;0.0
2202;cal000019;cal;ninfa-3;unknown;Ninfa 3;FEMALE;1;1;3;3;0;0;0;0;0.0;1.0;0.0;0.0;0.0;0.0;0.0;0.0;0.0;0.02;0.0;0.0;0.2;1;1;0.0
2203;cal000019;cal;ninfa-4;unknown;Ninfa 4;FEMALE;1;1;3;3;0;0;0;0;0.0;1.0;0.0;0.0;0.0;0.0;0.0;0.0;0.0;0.02;0.0;0.0;0.2;0;1;0.0
2204;cal000019;cal;aquiles deidamia tetis cintia sirene lidoro danteo ulises el-rey libio armindo;unknown;UNKNOWN;u;1;1;1;1;0;0;0;0;1.0;0.0;0.0;0.0;0.0;0.0;0.0;0.0;0.0;0.02;0.0;0.0;0.12;1;3;0.0
2205;cal000019;cal;deidamia tetis cintia sirene lidoro danteo ulises el-rey libio armindo;unknown;UNKNOWN;u;1;1;1;1;0;0;0;0;1.0;0.0;0.0;0.0;0.0;0.0;0.0;0.0;0.0;0.02;0.0;0.0;0.12;0;1;0.0
2206;cal000019;cal;tetis ulises armindo;unknown;UNKNOWN;u;1;1;1;1;0;0;0;0;1.0;0.0;0.0;0.0;0.0;0.0;0.0;0.0;0.0;0.02;0.0;0.0;0.17;0;0;0.0
2207;cal000019;cal;danteo ulises el-rey deidamia lidoro libio;unknown;UNKNOWN;u;1;1;1;1;0;0;0;0;1.0;0.0;0.0;0.0;0.0;0.0;0.0;0.0;0.0;0.02;0.0;0.0;0.22;2;1;0.0
2208;cal000019;cal;aquiles tetis armindo acompañamiento criados música;unknown;UNKNOWN;u;1;1;1;1;0;0;0;0;1.0;0.0;0.0;0.0;0.0;0.0;0.0;0.0;0.0;0.02;0.0;0.0;0.22;2;0;0.0
2209;cal000019;cal;cintia sirene;unknown;UNKNOWN;u;1;2;3;6;0;0;0;0;1.0;0.0;0.0;0.0;0.0;0.0;0.0;0.0;0.0;0.03;0.0;0.0;0.07;2;0;0.0
2210;cal000019;cal;tetis cintia lidoro danteo ulises el-rey libio armindo;unknown;UNKNOWN;u;1;1;1;1;0;0;0;0;1.0;0.0;0.0;0.0;0.0;0.0;0.0;0.0;0.0;0.02;0.0;0.0;0.07;0;0;0.0
2211;cal000019;cal;deidamia danteo ulises el-rey aquiles lidoro libio;unknown;UNKNOWN;u;1;1;1;2;0;0;0;0;1.0;0.0;0.0;0.0;0.0;0.0;0.0;0.0;0.0;0.02;0.0;0.0;0.0;0;0;0.0
2212;cal000019;cal;deidamia tetis cintia;unknown;UNKNOWN;u;1;1;1;1;0;0;0;0;1.0;0.0;0.0;0.0;0.0;0.0;0.0;0.0;0.0;0.02;0.0;0.0;0.1;0;0;0.0
2213;cal000019;cal;sirene lidoro danteo;unknown;UNKNOWN;u;1;1;1;1;0;0;0;0;1.0;0.0;0.0;0.0;0.0;0.0;0.0;0.0;0.0;0.02;0.0;0.0;0.1;0;0;0.0
2214;cal000019;cal;ulises el-rey armindo;unknown;UNKNOWN;u;1;1;1;1;0;0;0;0;1.0;0.0;0.0;0.0;0.0;0.0;0.0;0.0;0.0;0.02;0.0;0.0;0.1;0;0;0.0
2215;cal000019;cal;aquiles deidamia el-rey danteo ulises lidoro libio;unknown;UNKNOWN;u;1;1;1;2;0;0;0;0;1.0;0.0;0.0;0.0;0.0;0.0;0.0;0.0;0.0;0.02;0.0;0.0;0.2;0;5;0.0
2216;cal000019;cal;aquiles deidamia el-rey ulises libio tetis;unknown;UNKNOWN;u;1;1;1;1;0;0;0;0;1.0;0.0;0.0;0.0;0.0;0.0;0.0;0.0;0.0;0.02;0.0;0.0;0.2;0;0;0.0
2217;cal000019;cal;ninfa-1 ninfa-2 ninfa-3 ninfa-4;unknown;UNKNOWN;u;1;1;3;13;0;0;0;0;0.0;1.0;0.0;0.0;0.0;0.0;0.0;0.0;0.0;0.02;0.0;0.0;0.2;0;1;0.0
2218;cal000019;cal;ninfa-1 ninfa-2 ninfa-3 ninfa-4 tetis aquiles;unknown;UNKNOWN;u;1;1;1;6;0;0;0;0;0.0;1.0;0.0;0.0;0.0;0.0;0.0;0.0;0.0;0.02;0.0;0.0;0.2;0;0;0.0
2219;cal000019;cal;ulises música;unknown;UNKNOWN;u;1;1;3;13;0;0;0;0;0.0;1.0;0.0;0.0;0.0;0.0;0.0;0.0;0.0;0.02;0.0;0.0;0.05;0;0;0.0
2220;cal000019;cal;aquiles deidamia;unknown;UNKNOWN;u;1;1;1;1;0;0;0;0;0.0;0.0;1.0;0.0;0.0;0.0;0.0;0.0;0.0;0.02;0.0;0.0;0.07;0;0;0.0
2221;cal000019;cal;música aquiles danteo lidoro deidamia ulises libio;unknown;UNKNOWN;u;1;1;1;1;0;0;0;0;0.0;0.0;1.0;0.0;0.0;0.0;0.0;0.0;0.0;0.02;0.0;0.0;0.24;1;6;0.0
2222;cal000019;cal;música danteo lidoro deidamia ulises libio;unknown;UNKNOWN;u;1;1;1;1;0;0;0;0;0.0;0.0;1.0;0.0;0.0;0.0;0.0;0.0;0.0;0.02;0.0;0.0;0.24;0;2;0.0
2223;cal000019;cal;música aquiles danteo lidoro deidamia libio el-rey;unknown;UNKNOWN;u;1;1;1;1;0;0;0;0;0.0;0.0;1.0;0.0;0.0;0.0;0.0;0.0;0.0;0.02;0.0;0.0;0.24;0;0;0.0
2224;cal000019;cal;aquiles deidamia tetis cintia sirene lidoro danteo ulises el-rey libio armindo criados;unknown;UNKNOWN;u;1;1;1;1;0;0;0;0;0.0;0.0;1.0;0.0;0.0;0.0;0.0;0.0;0.0;0.02;0.0;0.0;0.22;1;6;0.0
2225;cal000019;cal;aquiles deidamia tetis cintia sirene lidoro danteo el-rey libio armindo criados;unknown;UNKNOWN;u;1;1;1;1;0;0;0;0;0.0;0.0;1.0;0.0;0.0;0.0;0.0;0.0;0.0;0.02;0.0;0.0;0.22;0;2;0.0
2226;cal000019;cal;deidamia cintia sirene lidoro danteo ulises el-rey libio armindo criados;unknown;UNKNOWN;u;1;1;1;1;0;0;0;0;0.0;0.0;1.0;0.0;0.0;0.0;0.0;0.0;0.0;0.02;0.0;0.0;0.22;0;1;0.0
2227;cal000020;cal;música;unknown;Músicos;UNKNOWN;1;2;15;15;0;0;0;0;1.0;0.0;0.0;0.0;0.0;0.0;0.0;0.0;0.0;0.06;0.04;0.01;0.08;1;0;0.0
2228;cal000020;cal;sabiduría;unknown;La Sabiduría;FEMALE;1;9;12;220;0;0;0;0;1.0;0.0;0.0;0.0;0.0;0.0;0.0;0.0;0.0;0.26;0.03;0.1;0.4;1;0;0.05
2229;cal000020;cal;fe;unknown;La Fe;FEMALE;1;12;28;148;0;0;0;0;1.0;0.0;0.0;0.0;0.0;0.0;0.0;0.0;0.0;0.34;0.07;0.07;0.42;6;3;0.07
2230;cal000020;cal;esperanza;unknown;La Esperanza;FEMALE;1;5;17;102;0;0;0;0;1.0;0.0;0.0;0.0;0.0;0.0;0.0;0.0;0.0;0.14;0.04;0.04;0.33;5;3;0.03
2231;cal000020;cal;caridad;unknown;La Caridad;FEMALE;1;12;19;75;0;0;0;0;1.0;0.0;0.0;0.0;0.0;0.0;0.0;0.0;0.0;0.34;0.05;0.03;0.4;5;3;0.06
2232;cal000020;cal;misericordia;unknown;La Misericordia;FEMALE;1;9;14;56;0;0;0;0;1.0;0.0;0.0;0.0;0.0;0.0;0.0;0.0;0.0;0.26;0.04;0.02;0.4;5;2;0.06
2233;cal000020;cal;fortaleza;unknown;La Fortaleza;FEMALE;1;2;15;64;0;0;0;0;1.0;0.0;0.0;0.0;0.0;0.0;0.0;0.0;0.0;0.06;0.04;0.03;0.23;0;0;0.02
2234;cal000020;cal;apostasía;unknown;La Apostasía;MALE;1;5;33;168;0;0;0;0;1.0;0.0;0.0;0.0;0.0;0.0;0.0;0.0;0.0;0.14;0.08;0.07;0.46;4;2;0.1
2235;cal000020;cal;apetito;unknown;El Apetito;MALE;1;2;9;39;0;0;0;0;1.0;0.0;0.0;0.0;0.0;0.0;0.0;0.0;0.0;0.06;0.02;0.02;0.15;3;0;0.0
2236;cal000020;cal;pereza;unknown;La Pereza;FEMALE;1;2;12;35;0;0;0;0;1.0;0.0;0.0;0.0;0.0;0.0;0.0;0.0;0.0;0.06;0.03;0.02;0.13;2;0;0.0
2237;cal000020;cal;sulamitis;unknown;La Sulamitis;FEMALE;1;7;22;139;0;0;0;0;1.0;0.0;0.0;0.0;0.0;0.0;0.0;0.0;0.0;0.2;0.06;0.06;0.42;5;2;0.09
2238;cal000020;cal;rey;unknown;El Rey;MALE;1;10;27;325;0;0;0;0;1.0;0.0;0.0;0.0;0.0;0.0;0.0;0.0;0.0;0.29;0.07;0.14;0.42;3;1;0.13
2239;cal000020;cal;príncipe;unknown;El Príncipe;MALE;1;12;42;294;0;0;0;0;1.0;0.0;0.0;0.0;0.0;0.0;0.0;0.0;0.0;0.34;0.11;0.13;0.56;7;2;0.17
2240;cal000020;cal;hebraísmo;unknown;El Hebraísmo;MALE;1;8;45;236;0;0;0;0;1.0;0.0;0.0;0.0;0.0;0.0;0.0;0.0;0.0;0.23;0.11;0.1;0.62;6;6;0.21
2241;cal000020;cal;ateísmo;unknown;El Ateísmo;MALE;1;2;7;108;0;0;0;0;1.0;0.0;0.0;0.0;0.0;0.0;0.0;0.0;0.0;0.06;0.02;0.05;0.21;0;0;0.0
2242;cal000020;cal;idolatría;unknown;La Idolatría;MALE;1;3;7;44;0;0;0;0;1.0;0.0;0.0;0.0;0.0;0.0;0.0;0.0;0.0;0.09;0.02;0.02;0.29;0;2;0.01
2243;cal000020;cal;lascivia;unknown;La Lascivia;FEMALE;1;4;14;35;0;0;0;0;1.0;0.0;0.0;0.0;0.0;0.0;0.0;0.0;0.0;0.11;0.04;0.02;0.21;2;0;0.01
2244;cal000020;cal;avaricia;unknown;La Avaricia;FEMALE;1;2;8;23;0;0;0;0;1.0;0.0;0.0;0.0;0.0;0.0;0.0;0.0;0.0;0.06;0.02;0.01;0.15;0;0;0.0
2245;cal000020;cal;gentilismo;unknown;El Gentilismo;MALE;1;2;3;29;0;0;0;0;1.0;0.0;0.0;0.0;0.0;0.0;0.0;0.0;0.0;0.06;0.01;0.01;0.19;0;3;0.02
2246;cal000020;cal;caridad esperanza misericordia sabiduría;unknown;UNKNOWN;u;1;1;1;2;0;0;0;0;1.0;0.0;0.0;0.0;0.0;0.0;0.0;0.0;0.0;0.03;0.0;0.0;0.12;1;1;0.0
2247;cal000020;cal;caridad fe misericordia;unknown;UNKNOWN;u;1;1;1;1;0;0;0;0;1.0;0.0;0.0;0.0;0.0;0.0;0.0;0.0;0.0;0.03;0.0;0.0;0.12;3;0;0.0
2248;cal000020;cal;caridad esperanza misericordia fe;unknown;UNKNOWN;u;1;1;4;13;0;0;0;0;1.0;0.0;0.0;0.0;0.0;0.0;0.0;0.0;0.0;0.03;0.01;0.01;0.12;0;0;0.0
2249;cal000020;cal;ateísmo idolatría apostasía hebraísmo;unknown;UNKNOWN;u;1;2;4;7;0;0;0;0;1.0;0.0;0.0;0.0;0.0;0.0;0.0;0.0;0.0;0.06;0.01;0.0;0.31;0;4;0.03
2250;cal000020;cal;hebraísmo música;unknown;UNKNOWN;u;1;1;1;2;0;0;0;0;1.0;0.0;0.0;0.0;0.0;0.0;0.0;0.0;0.0;0.03;0.0;0.0;0.19;0;3;0.0
2251;cal000020;cal;idolatría música;unknown;UNKNOWN;u;1;1;1;2;0;0;0;0;1.0;0.0;0.0;0.0;0.0;0.0;0.0;0.0;0.0;0.03;0.0;0.0;0.19;0;2;0.0
2252;cal000020;cal;apostasía música;unknown;UNKNOWN;u;1;1;1;2;0;0;0;0;1.0;0.0;0.0;0.0;0.0;0.0;0.0;0.0;0.0;0.03;0.0;0.0;0.19;0;1;0.0
2253;cal000020;cal;ateísmo música;unknown;UNKNOWN;u;1;1;1;2;0;0;0;0;1.0;0.0;0.0;0.0;0.0;0.0;0.0;0.0;0.0;0.03;0.0;0.0;0.19;0;0;0.0
2254;cal000020;cal;ateísmo idolatría apostasía hebraísmo música;unknown;UNKNOWN;u;1;1;2;12;0;0;0;0;1.0;0.0;0.0;0.0;0.0;0.0;0.0;0.0;0.0;0.03;0.01;0.01;0.19;0;0;0.0
2255;cal000020;cal;apostasía idolatría;unknown;UNKNOWN;u;1;2;2;3;0;0;0;0;1.0;0.0;0.0;0.0;0.0;0.0;0.0;0.0;0.0;0.06;0.01;0.0;0.27;0;0;0.01
2256;cal000020;cal;caridad misericordia;unknown;UNKNOWN;u;1;2;4;5;0;0;0;0;1.0;0.0;0.0;0.0;0.0;0.0;0.0;0.0;0.0;0.06;0.01;0.0;0.1;0;0;0.0
2257;cal000020;cal;esperanza hebraísmo;unknown;UNKNOWN;u;1;1;1;1;0;0;0;0;1.0;0.0;0.0;0.0;0.0;0.0;0.0;0.0;0.0;0.03;0.0;0.0;0.1;0;0;0.0
2258;cal000020;cal;música esperanza hebraísmo fe caridad misericordia;unknown;UNKNOWN;u;1;1;1;4;0;0;0;0;1.0;0.0;0.0;0.0;0.0;0.0;0.0;0.0;0.0;0.03;0.0;0.0;0.04;0;0;0.0
2259;cal000020;cal;apetito lascivia avaricia pereza;unknown;UNKNOWN;u;1;1;1;3;0;0;0;0;1.0;0.0;0.0;0.0;0.0;0.0;0.0;0.0;0.0;0.03;0.0;0.0;0.1;0;0;0.0
2260;cal000020;cal;música sulamitis fortaleza;unknown;UNKNOWN;u;1;1;1;2;0;0;0;0;1.0;0.0;0.0;0.0;0.0;0.0;0.0;0.0;0.0;0.03;0.0;0.0;0.06;0;0;0.0
2261;cal000020;cal;príncipe música;unknown;UNKNOWN;u;1;1;1;2;0;0;0;0;1.0;0.0;0.0;0.0;0.0;0.0;0.0;0.0;0.0;0.03;0.0;0.0;0.08;0;0;0.0
2262;cal000020;cal;fe apetito;unknown;UNKNOWN;u;1;1;1;2;0;0;0;0;1.0;0.0;0.0;0.0;0.0;0.0;0.0;0.0;0.0;0.03;0.0;0.0;0.06;0;0;0.0
2263;cal000020;cal;avaricia lascivia;unknown;UNKNOWN;u;1;1;2;2;0;0;0;0;1.0;0.0;0.0;0.0;0.0;0.0;0.0;0.0;0.0;0.03;0.01;0.0;0.08;0;0;0.0
2264;cal000020;cal;fe caridad esperanza fortaleza;unknown;UNKNOWN;u;1;1;1;1;0;0;0;0;1.0;0.0;0.0;0.0;0.0;0.0;0.0;0.0;0.0;0.03;0.0;0.0;0.06;0;2;0.0
2265;cal000020;cal;fe caridad esperanza fortaleza rey;unknown;UNKNOWN;u;1;1;1;2;0;0;0;0;1.0;0.0;0.0;0.0;0.0;0.0;0.0;0.0;0.0;0.03;0.0;0.0;0.06;0;0;0.0
2266;cal000020;cal;música apostasía hebraísmo sulamitis;unknown;UNKNOWN;u;1;1;1;2;0;0;0;0;1.0;0.0;0.0;0.0;0.0;0.0;0.0;0.0;0.0;0.03;0.0;0.0;0.04;0;1;0.0
2267;cal000020;cal;misericordia caridad esperanza fortaleza príncipe sabiduría lascivia;unknown;UNKNOWN;u;1;1;1;2;0;0;0;0;1.0;0.0;0.0;0.0;0.0;0.0;0.0;0.0;0.0;0.03;0.0;0.0;0.06;0;0;0.0
2268;cal000020;cal;hebraísmo apostasía gentilismo;unknown;UNKNOWN;u;1;1;1;2;0;0;0;0;1.0;0.0;0.0;0.0;0.0;0.0;0.0;0.0;0.0;0.03;0.0;0.0;0.13;0;4;0.0
2269;cal000020;cal;apostasía gentilismo;unknown;UNKNOWN;u;1;1;1;1;0;0;0;0;1.0;0.0;0.0;0.0;0.0;0.0;0.0;0.0;0.0;0.03;0.0;0.0;0.13;0;3;0.0
2270;cal000020;cal;música rey príncipe;unknown;UNKNOWN;u;1;1;1;3;0;0;0;0;1.0;0.0;0.0;0.0;0.0;0.0;0.0;0.0;0.0;0.03;0.0;0.0;0.13;0;1;0.0
2271;cal000020;cal;apostasía idolatría gentilismo hebraísmo música;unknown;UNKNOWN;u;1;1;1;6;0;0;0;0;1.0;0.0;0.0;0.0;0.0;0.0;0.0;0.0;0.0;0.03;0.0;0.0;0.15;2;3;0.0
2272;cal000020;cal;apostasía idolatría gentilismo hebraísmo príncipe sulamitis caridad esperanza misericordia fortaleza música;unknown;UNKNOWN;u;1;1;1;6;0;0;0;0;1.0;0.0;0.0;0.0;0.0;0.0;0.0;0.0;0.0;0.03;0.0;0.0;0.15;2;3;0.0
2273;cal000020;cal;apostasía idolatría gentilismo hebraísmo príncipe sulamitis caridad esperanza misericordia fortaleza;unknown;UNKNOWN;u;1;1;1;2;0;0;0;0;1.0;0.0;0.0;0.0;0.0;0.0;0.0;0.0;0.0;0.03;0.0;0.0;0.15;1;1;0.0
2274;cal000020;cal;caridad fortaleza;unknown;UNKNOWN;u;1;1;2;2;0;0;0;0;1.0;0.0;0.0;0.0;0.0;0.0;0.0;0.0;0.0;0.03;0.01;0.0;0.1;1;2;0.0
2275;cal000020;cal;apetito apostasía;unknown;UNKNOWN;u;1;1;2;2;0;0;0;0;1.0;0.0;0.0;0.0;0.0;0.0;0.0;0.0;0.0;0.03;0.01;0.0;0.1;1;2;0.0
2276;cal000020;cal;esperanza misericordia caridad fe;unknown;UNKNOWN;u;1;1;1;3;0;0;0;0;1.0;0.0;0.0;0.0;0.0;0.0;0.0;0.0;0.0;0.03;0.0;0.0;0.19;1;0;0.0
2277;cal000020;cal;esperanza misericordia caridad fe sulamitis hebraísmo;unknown;UNKNOWN;u;1;1;1;2;0;0;0;0;1.0;0.0;0.0;0.0;0.0;0.0;0.0;0.0;0.0;0.03;0.0;0.0;0.19;0;0;0.0
2278;cal000020;cal;esperanza misericordia caridad fe sulamitis gentilismo;unknown;UNKNOWN;u;1;1;1;4;0;0;0;0;1.0;0.0;0.0;0.0;0.0;0.0;0.0;0.0;0.0;0.03;0.0;0.0;0.06;0;0;0.0
2279;cal000020;cal;música esperanza misericordia caridad fe sulamitis gentilismo rey;unknown;UNKNOWN;u;1;1;1;6;0;0;0;0;1.0;0.0;0.0;0.0;0.0;0.0;0.0;0.0;0.0;0.03;0.0;0.0;0.06;0;0;0.0
2280;cal000167;cal;musicos;unknown;Músicos;UNKNOWN;1;3;4;20;0;0;0;0;1.0;0.0;0.0;0.0;0.0;0.0;0.0;0.0;0.0;0.15;0.02;0.01;0.47;2;3;0.01
2281;cal000167;cal;judaismo;unknown;Judaísmo;MALE;1;7;31;364;0;0;0;0;1.0;0.0;0.0;0.0;0.0;0.0;0.0;0.0;0.0;0.35;0.17;0.23;0.73;0;1;0.0
2282;cal000167;cal;hombre;unknown;Hombre;MALE;1;9;31;523;0;0;0;0;1.0;0.0;0.0;0.0;0.0;0.0;0.0;0.0;0.0;0.45;0.17;0.34;1.0;4;4;0.09
2283;cal000167;cal;rey;unknown;Rey;MALE;1;7;27;149;0;0;0;0;1.0;0.0;0.0;0.0;0.0;0.0;0.0;0.0;0.0;0.35;0.15;0.1;0.93;5;4;0.05
2284;cal000167;cal;reina;unknown;Reina;FEMALE;1;5;13;116;0;0;0;0;1.0;0.0;0.0;0.0;0.0;0.0;0.0;0.0;0.0;0.25;0.07;0.07;0.93;4;6;0.05
2285;cal000167;cal;vista;unknown;Vista;FEMALE;1;6;10;30;0;0;0;0;1.0;0.0;0.0;0.0;0.0;0.0;0.0;0.0;0.0;0.3;0.06;0.02;0.87;3;5;0.02
2286;cal000167;cal;fe;unknown;Fe;FEMALE;1;6;34;202;0;0;0;0;1.0;0.0;0.0;0.0;0.0;0.0;0.0;0.0;0.0;0.3;0.19;0.13;0.87;0;5;0.02
2287;cal000167;cal;tacto;unknown;Tacto;MALE;1;3;5;16;0;0;0;0;1.0;0.0;0.0;0.0;0.0;0.0;0.0;0.0;0.0;0.15;0.03;0.01;0.8;2;4;0.0
2288;cal000167;cal;olfato;unknown;Olfato;MALE;1;2;3;11;0;0;0;0;1.0;0.0;0.0;0.0;0.0;0.0;0.0;0.0;0.0;0.1;0.02;0.01;0.53;0;3;0.0
2289;cal000167;cal;gusto;unknown;Gusto;MALE;1;6;9;46;0;0;0;0;1.0;0.0;0.0;0.0;0.0;0.0;0.0;0.0;0.0;0.3;0.05;0.03;0.93;2;3;0.05
2290;cal000167;cal;oido;unknown;Oído;MALE;1;5;7;57;0;0;0;0;1.0;0.0;0.0;0.0;0.0;0.0;0.0;0.0;0.0;0.25;0.04;0.04;0.87;2;1;0.04
2291;cal000167;cal;caridad;unknown;Caridad;FEMALE;1;2;2;5;0;0;0;0;1.0;0.0;0.0;0.0;0.0;0.0;0.0;0.0;0.0;0.1;0.01;0.0;0.73;2;1;0.0
2292;cal000167;cal;esperanza;unknown;Esperanza;FEMALE;1;2;2;7;0;0;0;0;1.0;0.0;0.0;0.0;0.0;0.0;0.0;0.0;0.0;0.1;0.01;0.0;0.73;1;1;0.0
2293;cal000167;cal;musicos rey reina hombre;unknown;UNKNOWN;u;1;1;1;1;0;0;0;0;1.0;0.0;0.0;0.0;0.0;0.0;0.0;0.0;0.0;0.05;0.01;0.0;0.27;0;0;0.0
2294;cal000167;cal;rey reina musicos tacto olfato fe vista gusto hombre;unknown;UNKNOWN;u;1;1;1;1;0;0;0;0;1.0;0.0;0.0;0.0;0.0;0.0;0.0;0.0;0.0;0.05;0.01;0.0;0.2;0;1;0.0
2295;cal000167;cal;olfato oido reina vista caridad tacto esperanza gusto fe judaismo rey;unknown;UNKNOWN;u;1;1;1;1;0;0;0;0;1.0;0.0;0.0;0.0;0.0;0.0;0.0;0.0;0.0;0.05;0.01;0.0;0.73;0;0;0.0
2296;cal000168;cal;musicos;unknown;Músicos;UNKNOWN;1;4;8;23;0;0;0;0;1.0;0.0;0.0;0.0;0.0;0.0;0.0;0.0;0.0;0.19;0.02;0.01;0.67;2;1;0.04
2297;cal000168;cal;judaismo;unknown;Judaísmo;MALE;1;8;121;269;0;0;0;0;1.0;0.0;0.0;0.0;0.0;0.0;0.0;0.0;0.0;0.38;0.24;0.14;0.88;4;7;0.09
2298;cal000168;cal;sinagoga;unknown;Sinagoga;FEMALE;1;9;104;377;0;0;0;0;1.0;0.0;0.0;0.0;0.0;0.0;0.0;0.0;0.0;0.43;0.21;0.2;0.88;2;6;0.09
2299;cal000168;cal;fe;unknown;Fe;FEMALE;1;6;42;300;0;0;0;0;1.0;0.0;0.0;0.0;0.0;0.0;0.0;0.0;0.0;0.29;0.08;0.16;0.79;0;1;0.07
2300;cal000168;cal;abel;unknown;Abel;MALE;1;2;4;32;0;0;0;0;1.0;0.0;0.0;0.0;0.0;0.0;0.0;0.0;0.0;0.1;0.01;0.02;0.58;3;8;0.0
2301;cal000168;cal;isaac;unknown;Isaac;MALE;1;2;3;28;0;0;0;0;1.0;0.0;0.0;0.0;0.0;0.0;0.0;0.0;0.0;0.1;0.01;0.01;0.58;2;5;0.0
2302;cal000168;cal;josef;unknown;Josef;MALE;1;2;3;31;0;0;0;0;1.0;0.0;0.0;0.0;0.0;0.0;0.0;0.0;0.0;0.1;0.01;0.02;0.58;2;4;0.0
2303;cal000168;cal;melquisedec;unknown;Melquisedec;MALE;1;1;2;28;0;0;0;0;1.0;0.0;0.0;0.0;0.0;0.0;0.0;0.0;0.0;0.05;0.0;0.01;0.46;1;3;0.0
2304;cal000168;cal;san-juan;unknown;San Juan;MALE;1;7;22;80;0;0;0;0;1.0;0.0;0.0;0.0;0.0;0.0;0.0;0.0;0.0;0.33;0.04;0.04;0.75;3;2;0.03
2305;cal000168;cal;pablo;unknown;Pablo;MALE;1;7;37;169;0;0;0;0;1.0;0.0;0.0;0.0;0.0;0.0;0.0;0.0;0.0;0.33;0.07;0.09;0.83;2;1;0.08
2306;cal000168;cal;simplicidad;unknown;Simplicidad;FEMALE;1;5;20;83;0;0;0;0;1.0;0.0;0.0;0.0;0.0;0.0;0.0;0.0;0.0;0.24;0.04;0.04;0.71;1;1;0.01
2307;cal000168;cal;emanuel;unknown;Emanuel;MALE;1;9;73;303;0;0;0;0;1.0;0.0;0.0;0.0;0.0;0.0;0.0;0.0;0.0;0.43;0.14;0.16;0.83;1;0;0.08
2308;cal000168;cal;baptista;unknown;Baptista;MALE;1;6;17;54;0;0;0;0;1.0;0.0;0.0;0.0;0.0;0.0;0.0;0.0;0.0;0.29;0.03;0.03;0.67;4;5;0.02
2309;cal000168;cal;gentilidad;unknown;Gentilidad;FEMALE;1;5;34;102;0;0;0;0;1.0;0.0;0.0;0.0;0.0;0.0;0.0;0.0;0.0;0.24;0.07;0.05;0.54;3;1;0.04
2310;cal000168;cal;sinagoga musicos;unknown;UNKNOWN;u;1;1;1;1;0;0;0;0;1.0;0.0;0.0;0.0;0.0;0.0;0.0;0.0;0.0;0.05;0.0;0.0;0.29;1;0;0.0
2311;cal000168;cal;judaismo musicos;unknown;UNKNOWN;u;1;1;1;1;0;0;0;0;1.0;0.0;0.0;0.0;0.0;0.0;0.0;0.0;0.0;0.05;0.0;0.0;0.29;1;0;0.0
2312;cal000168;cal;judaismo sinagoga musicos;unknown;UNKNOWN;u;1;1;1;2;0;0;0;0;1.0;0.0;0.0;0.0;0.0;0.0;0.0;0.0;0.0;0.05;0.0;0.0;0.29;1;0;0.0
2313;cal000168;cal;judaismo sinagoga;unknown;UNKNOWN;u;1;1;3;5;0;0;0;0;1.0;0.0;0.0;0.0;0.0;0.0;0.0;0.0;0.0;0.05;0.01;0.0;0.29;1;0;0.0
2314;cal000168;cal;acompanamiento;unknown;UNKNOWN;u;1;1;2;7;0;0;0;0;1.0;0.0;0.0;0.0;0.0;0.0;0.0;0.0;0.0;0.05;0.0;0.0;0.46;1;3;0.0
2315;cal000168;cal;sinagoga judaismo;unknown;UNKNOWN;u;1;2;2;3;0;0;0;0;1.0;0.0;0.0;0.0;0.0;0.0;0.0;0.0;0.0;0.1;0.0;0.0;0.58;1;0;0.0
2316;cal000168;cal;pablo san-juan baptista;unknown;UNKNOWN;u;1;1;1;1;0;0;0;0;1.0;0.0;0.0;0.0;0.0;0.0;0.0;0.0;0.0;0.05;0.0;0.0;0.21;1;4;0.0
2317;cal000168;cal;pablo gentilidad;unknown;UNKNOWN;u;1;1;1;1;0;0;0;0;1.0;0.0;0.0;0.0;0.0;0.0;0.0;0.0;0.0;0.05;0.0;0.0;0.17;0;1;0.0
2318;cal000168;cal;gentilidad pablo;unknown;UNKNOWN;u;1;1;1;2;0;0;0;0;1.0;0.0;0.0;0.0;0.0;0.0;0.0;0.0;0.0;0.05;0.0;0.0;0.17;0;0;0.0
2319;cal000168;cal;judaismo gentilidad;unknown;UNKNOWN;u;1;1;2;2;0;0;0;0;1.0;0.0;0.0;0.0;0.0;0.0;0.0;0.0;0.0;0.05;0.0;0.0;0.42;3;4;0.0
2320;cal000168;cal;isaac josef melquisedec acompanamiento san-juan baptista musicos pablo fe simplicidad gentilidad emanuel judaismo sinagoga;unknown;UNKNOWN;u;1;1;1;1;0;0;0;0;1.0;0.0;0.0;0.0;0.0;0.0;0.0;0.0;0.0;0.05;0.0;0.0;0.42;0;0;0.0
2321;cal000169;cal;musicos;unknown;Músicos;UNKNOWN;1;9;29;63;0;0;0;0;1.0;0.0;0.0;0.0;0.0;0.0;0.0;0.0;0.0;0.24;0.06;0.03;0.42;2;4;0.04
2322;cal000169;cal;luzbel;unknown;Luzbel;MALE;1;13;63;466;0;0;0;0;1.0;0.0;0.0;0.0;0.0;0.0;0.0;0.0;0.0;0.35;0.14;0.21;0.67;5;6;0.1
2323;cal000169;cal;culpa;unknown;Culpa;FEMALE;1;12;65;398;0;0;0;0;1.0;0.0;0.0;0.0;0.0;0.0;0.0;0.0;0.0;0.32;0.14;0.18;0.69;3;6;0.09
2324;cal000169;cal;gracia;unknown;Gracia;FEMALE;1;13;43;152;0;0;0;0;1.0;0.0;0.0;0.0;0.0;0.0;0.0;0.0;0.0;0.35;0.09;0.07;0.71;2;5;0.08
2325;cal000169;cal;naturaleza;unknown;Naturaleza;FEMALE;1;18;77;365;0;0;0;0;1.0;0.0;0.0;0.0;0.0;0.0;0.0;0.0;0.0;0.49;0.17;0.17;0.73;4;3;0.11
2326;cal000169;cal;voluntad;unknown;Voluntad;FEMALE;1;9;17;40;0;0;0;0;1.0;0.0;0.0;0.0;0.0;0.0;0.0;0.0;0.0;0.24;0.04;0.02;0.67;1;3;0.05
2327;cal000169;cal;deseo;unknown;Deseo;MALE;1;8;11;24;0;0;0;0;1.0;0.0;0.0;0.0;0.0;0.0;0.0;0.0;0.0;0.22;0.02;0.01;0.62;1;2;0.04
2328;cal000169;cal;obediencia;unknown;Obediencia;FEMALE;1;10;17;37;0;0;0;0;1.0;0.0;0.0;0.0;0.0;0.0;0.0;0.0;0.0;0.27;0.04;0.02;0.71;0;2;0.09
2329;cal000169;cal;apetito;unknown;Apetito;MALE;1;9;12;38;0;0;0;0;1.0;0.0;0.0;0.0;0.0;0.0;0.0;0.0;0.0;0.24;0.03;0.02;0.67;0;1;0.07
2330;cal000169;cal;mundo;unknown;Mundo;MALE;1;11;21;99;0;0;0;0;1.0;0.0;0.0;0.0;0.0;0.0;0.0;0.0;0.0;0.3;0.05;0.05;0.58;4;3;0.06
2331;cal000169;cal;pastor;unknown;Pastor;MALE;1;14;40;369;0;0;0;0;1.0;0.0;0.0;0.0;0.0;0.0;0.0;0.0;0.0;0.38;0.09;0.17;0.6;5;4;0.05
2332;cal000169;cal;abel;unknown;Abel;MALE;1;1;1;14;0;0;0;0;1.0;0.0;0.0;0.0;0.0;0.0;0.0;0.0;0.0;0.03;0.0;0.01;0.31;0;0;0.0
2333;cal000169;cal;moises;unknown;Moisés;MALE;1;1;1;12;0;0;0;0;1.0;0.0;0.0;0.0;0.0;0.0;0.0;0.0;0.0;0.03;0.0;0.01;0.21;1;3;0.0
2334;cal000169;cal;san-juan;unknown;San Juan;MALE;1;1;1;13;0;0;0;0;1.0;0.0;0.0;0.0;0.0;0.0;0.0;0.0;0.0;0.03;0.0;0.01;0.21;1;1;0.0
2335;cal000169;cal;culpa luzbel;unknown;UNKNOWN;u;1;1;1;2;0;0;0;0;1.0;0.0;0.0;0.0;0.0;0.0;0.0;0.0;0.0;0.03;0.0;0.0;0.19;0;0;0.0
2336;cal000169;cal;voluntad deseo obediencia apetito naturaleza gracia;unknown;UNKNOWN;u;1;1;1;2;0;0;0;0;1.0;0.0;0.0;0.0;0.0;0.0;0.0;0.0;0.0;0.03;0.0;0.0;0.19;0;0;0.0
2337;cal000169;cal;voluntad deseo obediencia apetito naturaleza gracia musicos;unknown;UNKNOWN;u;1;1;1;8;0;0;0;0;1.0;0.0;0.0;0.0;0.0;0.0;0.0;0.0;0.0;0.03;0.0;0.0;0.19;0;0;0.0
2338;cal000169;cal;luzbel culpa;unknown;UNKNOWN;u;1;3;4;8;0;0;0;0;1.0;0.0;0.0;0.0;0.0;0.0;0.0;0.0;0.0;0.08;0.01;0.0;0.27;0;2;0.0
2339;cal000169;cal;luzbel culpa musicos;unknown;UNKNOWN;u;1;1;1;4;0;0;0;0;1.0;0.0;0.0;0.0;0.0;0.0;0.0;0.0;0.0;0.03;0.0;0.0;0.1;0;1;0.0
2340;cal000169;cal;acompanamiento;unknown;UNKNOWN;u;1;6;19;25;0;0;0;0;1.0;0.0;0.0;0.0;0.0;0.0;0.0;0.0;0.0;0.16;0.04;0.01;0.46;0;1;0.01
2341;cal000169;cal;deseo obediencia apetito naturaleza gracia musicos luzbel culpa acompanamiento pastor mundo;unknown;UNKNOWN;u;1;1;1;1;0;0;0;0;1.0;0.0;0.0;0.0;0.0;0.0;0.0;0.0;0.0;0.03;0.0;0.0;0.1;2;0;0.0
2342;cal000169;cal;afectos;unknown;UNKNOWN;u;1;2;3;8;0;0;0;0;1.0;0.0;0.0;0.0;0.0;0.0;0.0;0.0;0.0;0.05;0.01;0.0;0.23;3;2;0.0
2343;cal000169;cal;acompanamiento culpa gracia naturaleza mundo musicos luzbel pastor apetito voluntad deseo obediencia;unknown;UNKNOWN;u;1;1;1;1;0;0;0;0;1.0;0.0;0.0;0.0;0.0;0.0;0.0;0.0;0.0;0.03;0.0;0.0;0.25;0;0;0.0
2344;cal000169;cal;acompanamiento culpa gracia naturaleza mundo voluntad deseo obediencia apetito musicos luzbel pastor;unknown;UNKNOWN;u;1;1;1;1;0;0;0;0;1.0;0.0;0.0;0.0;0.0;0.0;0.0;0.0;0.0;0.03;0.0;0.0;0.25;0;0;0.0
2345;cal000169;cal;mundo voluntad deseo obediencia apetito musicos acompanamiento pastor luzbel gracia naturaleza;unknown;UNKNOWN;u;1;1;1;3;0;0;0;0;1.0;0.0;0.0;0.0;0.0;0.0;0.0;0.0;0.0;0.03;0.0;0.0;0.04;0;0;0.0
2346;cal000169;cal;gracia naturaleza;unknown;UNKNOWN;u;1;2;2;2;0;0;0;0;1.0;0.0;0.0;0.0;0.0;0.0;0.0;0.0;0.0;0.05;0.0;0.0;0.17;0;1;0.0
2347;cal000169;cal;musicos luzbel pastor acompanamiento mundo obediencia voluntad deseo apetito gracia naturaleza;unknown;UNKNOWN;u;1;1;1;1;0;0;0;0;1.0;0.0;0.0;0.0;0.0;0.0;0.0;0.0;0.0;0.03;0.0;0.0;0.15;0;0;0.0
2348;cal000169;cal;mundo obediencia apetito;unknown;UNKNOWN;u;1;1;1;1;0;0;0;0;1.0;0.0;0.0;0.0;0.0;0.0;0.0;0.0;0.0;0.03;0.0;0.0;0.06;0;0;0.0
2349;cal000169;cal;musicos luzbel acompanamiento deseo voluntad pastor naturaleza gracia mundo obediencia apetito;unknown;UNKNOWN;u;1;1;1;1;0;0;0;0;1.0;0.0;0.0;0.0;0.0;0.0;0.0;0.0;0.0;0.03;0.0;0.0;0.06;0;0;0.0
2350;cal000169;cal;deseo voluntad pastor naturaleza gracia mundo obediencia apetito culpa luzbel acompanamiento;unknown;UNKNOWN;u;1;1;1;1;0;0;0;0;1.0;0.0;0.0;0.0;0.0;0.0;0.0;0.0;0.0;0.03;0.0;0.0;0.15;2;0;0.0
2351;cal000169;cal;     deseo voluntad pastor naturaleza gracia mundo obediencia apetito acompanamiento luzbel culpa musicos;unknown;UNKNOWN;u;1;1;1;1;0;0;0;0;1.0;0.0;0.0;0.0;0.0;0.0;0.0;0.0;0.0;0.03;0.0;0.0;0.15;2;0;0.0
2352;cal000169;cal;voluntad deseo obediencia apetito;unknown;UNKNOWN;u;1;1;1;1;0;0;0;0;1.0;0.0;0.0;0.0;0.0;0.0;0.0;0.0;0.0;0.03;0.0;0.0;0.21;1;2;0.0
2353;cal000169;cal;deseo obediencia apetito;unknown;UNKNOWN;u;1;1;1;2;0;0;0;0;1.0;0.0;0.0;0.0;0.0;0.0;0.0;0.0;0.0;0.03;0.0;0.0;0.21;0;2;0.0
2354;cal000169;cal;deseo apetito voluntad culpa;unknown;UNKNOWN;u;1;1;1;1;0;0;0;0;1.0;0.0;0.0;0.0;0.0;0.0;0.0;0.0;0.0;0.03;0.0;0.0;0.21;0;0;0.0
2355;cal000169;cal;obediencia gracia;unknown;UNKNOWN;u;1;1;1;1;0;0;0;0;1.0;0.0;0.0;0.0;0.0;0.0;0.0;0.0;0.0;0.03;0.0;0.0;0.21;0;0;0.0
2356;cal000169;cal;deseo apetito obediencia voluntad;unknown;UNKNOWN;u;1;3;3;5;0;0;0;0;1.0;0.0;0.0;0.0;0.0;0.0;0.0;0.0;0.0;0.08;0.01;0.0;0.25;0;0;0.01
2357;cal000169;cal;apetito obediencia deseo voluntad;unknown;UNKNOWN;u;1;1;1;1;0;0;0;0;1.0;0.0;0.0;0.0;0.0;0.0;0.0;0.0;0.0;0.03;0.0;0.0;0.12;2;2;0.0
2358;cal000169;cal;obediencia luzbel musicos;unknown;UNKNOWN;u;1;1;1;2;0;0;0;0;1.0;0.0;0.0;0.0;0.0;0.0;0.0;0.0;0.0;0.03;0.0;0.0;0.04;0;1;0.0
2359;cal000169;cal;acompanamiento gracia naturaleza deseo apetito obediencia voluntad mundo culpa pastor luzbel musicos;unknown;UNKNOWN;u;1;1;1;2;0;0;0;0;1.0;0.0;0.0;0.0;0.0;0.0;0.0;0.0;0.0;0.03;0.0;0.0;0.04;1;0;0.0
2360;cal000169;cal;acompanamiento gracia deseo apetito obediencia voluntad pastor luzbel naturaleza musicos culpa mundo;unknown;UNKNOWN;u;1;1;1;3;0;0;0;0;1.0;0.0;0.0;0.0;0.0;0.0;0.0;0.0;0.0;0.03;0.0;0.0;0.12;0;1;0.0
2361;cal000169;cal;acompanamiento gracia deseo apetito obediencia voluntad pastor naturaleza musicos culpa mundo luzbel;unknown;UNKNOWN;u;1;1;1;1;0;0;0;0;1.0;0.0;0.0;0.0;0.0;0.0;0.0;0.0;0.0;0.03;0.0;0.0;0.12;0;0;0.0
2362;cal000169;cal;acompanamiento gracia deseo apetito obediencia voluntad pastor naturaleza musicos mundo luzbel culpa;unknown;UNKNOWN;u;1;1;1;2;0;0;0;0;1.0;0.0;0.0;0.0;0.0;0.0;0.0;0.0;0.0;0.03;0.0;0.0;0.12;0;0;0.0
2363;cal000169;cal;acompanamiento gracia deseo apetito obediencia voluntad naturaleza musicos mundo culpa luzbel pastor;unknown;UNKNOWN;u;1;1;1;1;0;0;0;0;1.0;0.0;0.0;0.0;0.0;0.0;0.0;0.0;0.0;0.03;0.0;0.0;0.31;5;6;0.0
2364;cal000169;cal;acompanamiento gracia deseo apetito obediencia voluntad naturaleza musicos mundo pastor luzbel culpa;unknown;UNKNOWN;u;1;1;1;2;0;0;0;0;1.0;0.0;0.0;0.0;0.0;0.0;0.0;0.0;0.0;0.03;0.0;0.0;0.31;4;5;0.0
2365;cal000169;cal;acompanamiento gracia deseo apetito obediencia voluntad musicos luzbel culpa naturaleza mundo pastor;unknown;UNKNOWN;u;1;1;1;1;0;0;0;0;1.0;0.0;0.0;0.0;0.0;0.0;0.0;0.0;0.0;0.03;0.0;0.0;0.31;3;3;0.0
2366;cal000169;cal;acompanamiento gracia obediencia musicos naturaleza pastor voluntad deseo apetito mundo luzbel culpa;unknown;UNKNOWN;u;1;1;1;3;0;0;0;0;1.0;0.0;0.0;0.0;0.0;0.0;0.0;0.0;0.0;0.03;0.0;0.0;0.31;2;1;0.0
2367;cal000169;cal;acompanamiento musicos voluntad deseo apetito mundo naturaleza obediencia abel moises gracia san-juan pastor luzbel culpa;unknown;UNKNOWN;u;1;1;1;1;0;0;0;0;1.0;0.0;0.0;0.0;0.0;0.0;0.0;0.0;0.0;0.03;0.0;0.0;0.21;1;0;0.0
2368;cal000169;cal;acompanamiento musicos voluntad deseo apetito mundo obediencia abel moises gracia san-juan pastor luzbel culpa naturaleza;unknown;UNKNOWN;u;1;1;1;3;0;0;0;0;1.0;0.0;0.0;0.0;0.0;0.0;0.0;0.0;0.0;0.03;0.0;0.0;0.21;0;0;0.0
2369;cal000169;cal;musicos acompanamiento voluntad deseo apetito mundo obediencia abel moises gracia san-juan pastor luzbel culpa naturaleza;unknown;UNKNOWN;u;1;1;1;4;0;0;0;0;1.0;0.0;0.0;0.0;0.0;0.0;0.0;0.0;0.0;0.03;0.0;0.0;0.21;0;0;0.0
2370;cal000205;cal;musicos;unknown;Músicos;UNKNOWN;1;6;33;50;0;0;0;0;1.0;0.0;0.0;0.0;0.0;0.0;0.0;0.0;0.0;0.21;0.06;0.03;0.77;5;2;0.04
2371;cal000205;cal;lucero;unknown;Lucero;MALE;1;10;82;405;0;0;0;0;1.0;0.0;0.0;0.0;0.0;0.0;0.0;0.0;0.0;0.34;0.16;0.21;0.82;1;3;0.04
2372;cal000205;cal;culpa;unknown;Culpa;FEMALE;1;12;86;228;0;0;0;0;1.0;0.0;0.0;0.0;0.0;0.0;0.0;0.0;0.0;0.41;0.17;0.12;0.91;1;3;0.07
2373;cal000205;cal;pintor;unknown;Pintor;MALE;1;9;58;392;0;0;0;0;1.0;0.0;0.0;0.0;0.0;0.0;0.0;0.0;0.0;0.31;0.11;0.21;0.82;4;2;0.07
2374;cal000205;cal;ciencia;unknown;Ciencia;FEMALE;1;8;17;36;0;0;0;0;1.0;0.0;0.0;0.0;0.0;0.0;0.0;0.0;0.0;0.28;0.03;0.02;0.68;4;1;0.01
2375;cal000205;cal;inocencia;unknown;Inocencia;FEMALE;1;8;17;37;0;0;0;0;1.0;0.0;0.0;0.0;0.0;0.0;0.0;0.0;0.0;0.28;0.03;0.02;0.68;3;1;0.01
2376;cal000205;cal;gracia;unknown;Gracia;FEMALE;1;8;32;101;0;0;0;0;1.0;0.0;0.0;0.0;0.0;0.0;0.0;0.0;0.0;0.28;0.06;0.05;0.68;2;1;0.01
2377;cal000205;cal;naturaleza;unknown;Naturaleza;FEMALE;1;14;90;349;0;0;0;0;1.0;0.0;0.0;0.0;0.0;0.0;0.0;0.0;0.0;0.48;0.18;0.18;0.95;0;2;0.12
2378;cal000205;cal;albedrio;unknown;Albedrío;MALE;1;12;31;66;0;0;0;0;1.0;0.0;0.0;0.0;0.0;0.0;0.0;0.0;0.0;0.41;0.06;0.03;0.73;3;2;0.04
2379;cal000205;cal;mundo;unknown;Mundo;MALE;1;10;31;144;0;0;0;0;1.0;0.0;0.0;0.0;0.0;0.0;0.0;0.0;0.0;0.34;0.06;0.08;0.64;5;1;0.02
2380;cal000205;cal;amor;unknown;Amor;MALE;1;3;16;58;0;0;0;0;1.0;0.0;0.0;0.0;0.0;0.0;0.0;0.0;0.0;0.1;0.03;0.03;0.45;4;2;0.0
2381;cal000205;cal;albedrio mundo amor musica culpa lucero pintor ciencia inocencia musicos gracia;unknown;UNKNOWN;u;1;1;3;3;0;0;0;0;1.0;0.0;0.0;0.0;0.0;0.0;0.0;0.0;0.0;0.03;0.01;0.0;0.45;2;2;0.0
2382;cal000205;cal;albedrio mundo amor musica pintor lucero culpa ciencia inocencia musicos gracia;unknown;UNKNOWN;u;1;1;2;2;0;0;0;0;1.0;0.0;0.0;0.0;0.0;0.0;0.0;0.0;0.0;0.03;0.0;0.0;0.45;1;1;0.0
2383;cal000205;cal;albedrio mundo amor musica pintor culpa lucero ciencia inocencia musicos gracia;unknown;UNKNOWN;u;1;1;2;2;0;0;0;0;1.0;0.0;0.0;0.0;0.0;0.0;0.0;0.0;0.0;0.03;0.0;0.0;0.45;1;1;0.0
2384;cal000205;cal;mundo amor musica pintor ciencia inocencia musicos naturaleza culpa lucero gracia;unknown;UNKNOWN;u;1;1;1;5;0;0;0;0;1.0;0.0;0.0;0.0;0.0;0.0;0.0;0.0;0.0;0.03;0.0;0.0;0.09;1;1;0.0
2385;cal000205;cal;gracia culpa naturaleza;unknown;UNKNOWN;u;1;1;1;2;0;0;0;0;1.0;0.0;0.0;0.0;0.0;0.0;0.0;0.0;0.0;0.03;0.0;0.0;0.32;3;0;0.0
2386;cal000205;cal;mundo musicos;unknown;UNKNOWN;u;1;1;1;2;0;0;0;0;1.0;0.0;0.0;0.0;0.0;0.0;0.0;0.0;0.0;0.03;0.0;0.0;0.27;0;0;0.0
2387;cal000205;cal;musicos mundo;unknown;UNKNOWN;u;1;1;1;2;0;0;0;0;1.0;0.0;0.0;0.0;0.0;0.0;0.0;0.0;0.0;0.03;0.0;0.0;0.32;2;2;0.0
2388;cal000205;cal;musicos ella;unknown;UNKNOWN;u;1;1;2;4;0;0;0;0;1.0;0.0;0.0;0.0;0.0;0.0;0.0;0.0;0.0;0.03;0.0;0.0;0.32;0;0;0.0
2389;cal000205;cal;ella musica;unknown;UNKNOWN;u;1;1;3;3;0;0;0;0;1.0;0.0;0.0;0.0;0.0;0.0;0.0;0.0;0.0;0.03;0.01;0.0;0.27;0;0;0.0
2390;cal000205;cal;pintor musicos;unknown;UNKNOWN;u;1;1;1;2;0;0;0;0;1.0;0.0;0.0;0.0;0.0;0.0;0.0;0.0;0.0;0.03;0.0;0.0;0.27;0;0;0.0
2391;cal000205;cal;lucero pintor;unknown;UNKNOWN;u;1;1;1;1;0;0;0;0;1.0;0.0;0.0;0.0;0.0;0.0;0.0;0.0;0.0;0.03;0.0;0.0;0.45;0;0;0.0
2392;cal000096;cal;música;unknown;Músicos;UNKNOWN;1;3;7;12;0;0;0;0;0.0;1.0;0.0;0.0;0.0;0.0;0.0;0.0;0.0;0.03;0.01;0.0;0.42;2;2;0.01
2393;cal000096;cal;don-juan;unknown;Don Juan Roca;MALE;3;31;112;584;0;0;0;0;0.18;0.41;0.41;0.0;0.0;0.0;0.0;0.0;0.0;0.34;0.12;0.17;0.79;0;4;0.11
2394;cal000096;cal;juanete;unknown;Juanete;MALE;3;23;67;268;0;0;0;0;0.39;0.38;0.23;0.0;0.0;0.0;0.0;0.0;0.0;0.26;0.07;0.08;0.83;2;4;0.25
2395;cal000096;cal;don-luis;unknown;Don Luis;MALE;3;19;76;325;0;0;0;0;0.55;0.04;0.41;0.0;0.0;0.0;0.0;0.0;0.0;0.21;0.08;0.09;0.54;2;3;0.03
2396;cal000096;cal;porcia;unknown;Porcia;FEMALE;3;27;104;342;0;0;0;0;0.3;0.29;0.41;0.0;0.0;0.0;0.0;0.0;0.0;0.3;0.12;0.1;0.54;2;6;0.03
2397;cal000096;cal;don-álvaro;unknown;Don Álvaro;MALE;3;30;152;548;0;0;0;0;0.4;0.36;0.24;0.0;0.0;0.0;0.0;0.0;0.0;0.33;0.17;0.16;0.79;2;4;0.09
2398;cal000096;cal;don-pedro;unknown;Don Pedro;MALE;2;7;15;40;0;0;0;0;0.23;0.0;0.78;0.0;0.0;0.0;0.0;0.0;0.0;0.08;0.02;0.01;0.42;1;2;0.0
2399;cal000096;cal;serafina;unknown;Serafina;FEMALE;3;31;151;699;0;0;0;0;0.46;0.32;0.22;0.0;0.0;0.0;0.0;0.0;0.0;0.34;0.17;0.2;0.67;3;5;0.04
2400;cal000096;cal;príncipe;unknown;El Príncipe de Ursino;MALE;3;19;84;357;0;0;0;0;0.33;0.25;0.42;0.0;0.0;0.0;0.0;0.0;0.0;0.21;0.09;0.1;0.5;1;4;0.09
2401;cal000096;cal;flora;unknown;Flora;FEMALE;2;14;35;61;0;0;0;0;0.08;0.92;0.0;0.0;0.0;0.0;0.0;0.0;0.0;0.16;0.04;0.02;0.54;0;3;0.03
2402;cal000096;cal;julia;unknown;Julia;FEMALE;3;6;8;17;0;0;0;0;0.35;0.12;0.53;0.0;0.0;0.0;0.0;0.0;0.0;0.07;0.01;0.0;0.33;2;5;0.0
2403;cal000096;cal;celio;unknown;Celio;MALE;3;5;20;57;0;0;0;0;0.4;0.53;0.07;0.0;0.0;0.0;0.0;0.0;0.0;0.06;0.02;0.02;0.25;2;2;0.0
2404;cal000096;cal;fabio;unknown;Fabio;MALE;3;6;11;31;0;0;0;0;0.13;0.74;0.13;0.0;0.0;0.0;0.0;0.0;0.0;0.07;0.01;0.01;0.54;0;4;0.02
2405;cal000096;cal;belardo;unknown;Belardo;MALE;1;15;29;71;0;0;0;0;0.0;0.0;1.0;0.0;0.0;0.0;0.0;0.0;0.0;0.17;0.03;0.02;0.21;1;3;0.0
2406;cal000096;cal;marinero-1;unknown;Marinero Primero;MALE;1;2;3;5;0;0;0;0;0.0;1.0;0.0;0.0;0.0;0.0;0.0;0.0;0.0;0.02;0.0;0.0;0.25;0;4;0.0
2407;cal000096;cal;marinero-2;unknown;Marinero Segundo;MALE;1;2;2;3;0;0;0;0;0.0;1.0;0.0;0.0;0.0;0.0;0.0;0.0;0.0;0.02;0.0;0.0;0.25;0;2;0.0
2408;cal000096;cal;hombre-1;unknown;Un Hombre;MALE;1;2;4;10;0;0;0;0;0.0;1.0;0.0;0.0;0.0;0.0;0.0;0.0;0.0;0.02;0.0;0.0;0.42;1;4;0.01
2409;cal000096;cal;caballero;unknown;Un Caballero;MALE;1;1;1;2;0;0;0;0;0.0;1.0;0.0;0.0;0.0;0.0;0.0;0.0;0.0;0.01;0.0;0.0;0.08;0;0;0.0
2410;cal000096;cal;dama-1;unknown;Una Dama;FEMALE;1;1;1;2;0;0;0;0;0.0;1.0;0.0;0.0;0.0;0.0;0.0;0.0;0.0;0.01;0.0;0.0;0.25;1;2;0.0
2411;cal000096;cal;mujer-1;unknown;Una Mujer;FEMALE;1;1;3;8;0;0;0;0;0.0;1.0;0.0;0.0;0.0;0.0;0.0;0.0;0.0;0.01;0.0;0.0;0.33;1;5;0.0
2412;cal000096;cal;voces;unknown;UNKNOWN;u;1;1;1;1;0;0;0;0;1.0;0.0;0.0;0.0;0.0;0.0;0.0;0.0;0.0;0.01;0.0;0.0;0.12;0;0;0.0
2413;cal000096;cal;porcia príncipe;unknown;UNKNOWN;u;1;1;1;4;0;0;0;0;0.0;1.0;0.0;0.0;0.0;0.0;0.0;0.0;0.0;0.01;0.0;0.0;0.04;0;0;0.0
2414;cal000096;cal;todos;unknown;UNKNOWN;u;2;3;5;6;0;0;0;0;0.0;0.83;0.17;0.0;0.0;0.0;0.0;0.0;0.0;0.03;0.01;0.0;0.46;1;4;0.01
2415;cal000096;cal;gente;unknown;UNKNOWN;u;1;2;3;4;0;0;0;0;0.0;1.0;0.0;0.0;0.0;0.0;0.0;0.0;0.0;0.02;0.0;0.0;0.25;0;2;0.0
2416;cal000096;cal;otro;unknown;UNKNOWN;u;1;1;1;3;0;0;0;0;0.0;1.0;0.0;0.0;0.0;0.0;0.0;0.0;0.0;0.01;0.0;0.0;0.08;0;0;0.0
2417;cal000170;cal;musicos;unknown;Músicos;UNKNOWN;1;5;7;22;0;0;0;0;1.0;0.0;0.0;0.0;0.0;0.0;0.0;0.0;0.0;0.16;0.02;0.01;0.79;3;0;0.0
2418;cal000170;cal;pecado;unknown;Pecado;MALE;1;11;69;368;0;0;0;0;1.0;0.0;0.0;0.0;0.0;0.0;0.0;0.0;0.0;0.35;0.16;0.23;0.64;2;2;0.02
2419;cal000170;cal;muerte;unknown;Muerte;FEMALE;1;11;50;137;0;0;0;0;1.0;0.0;0.0;0.0;0.0;0.0;0.0;0.0;0.0;0.35;0.12;0.09;0.86;3;1;0.01
2420;cal000170;cal;cuerpo;unknown;Cuerpo;MALE;1;18;94;425;0;0;0;0;1.0;0.0;0.0;0.0;0.0;0.0;0.0;0.0;0.0;0.58;0.22;0.26;1.0;1;0;0.07
2421;cal000170;cal;alma;unknown;Alma;FEMALE;1;16;90;346;0;0;0;0;1.0;0.0;0.0;0.0;0.0;0.0;0.0;0.0;0.0;0.52;0.21;0.22;1.0;0;0;0.07
2422;cal000170;cal;vida;unknown;Vida;FEMALE;1;10;32;94;0;0;0;0;1.0;0.0;0.0;0.0;0.0;0.0;0.0;0.0;0.0;0.32;0.08;0.06;0.93;3;2;0.02
2423;cal000170;cal;memoria;unknown;Memoria;FEMALE;1;6;11;20;0;0;0;0;1.0;0.0;0.0;0.0;0.0;0.0;0.0;0.0;0.0;0.19;0.03;0.01;0.93;2;2;0.02
2424;cal000170;cal;voluntad;unknown;Voluntad;FEMALE;1;11;24;66;0;0;0;0;1.0;0.0;0.0;0.0;0.0;0.0;0.0;0.0;0.0;0.35;0.06;0.04;0.93;2;2;0.02
2425;cal000170;cal;entendimiento;unknown;Entendimiento;MALE;1;11;36;107;0;0;0;0;1.0;0.0;0.0;0.0;0.0;0.0;0.0;0.0;0.0;0.35;0.09;0.07;0.93;5;2;0.02
2426;cal000170;cal;cristo;unknown;Cristo;MALE;1;1;1;14;0;0;0;0;1.0;0.0;0.0;0.0;0.0;0.0;0.0;0.0;0.0;0.03;0.0;0.01;0.21;1;1;0.0
2427;cal000170;cal;alma vida entendimiento;unknown;UNKNOWN;u;1;1;2;3;0;0;0;0;1.0;0.0;0.0;0.0;0.0;0.0;0.0;0.0;0.0;0.03;0.0;0.0;0.5;1;1;0.0
2428;cal000170;cal;memoria voluntad alma vida pecado musicos muerte cuerpo;unknown;UNKNOWN;u;1;1;2;2;0;0;0;0;1.0;0.0;0.0;0.0;0.0;0.0;0.0;0.0;0.0;0.03;0.0;0.0;0.79;5;2;0.0
2429;cal000170;cal;voluntad pecado musicos muerte memoria alma vida cuerpo;unknown;UNKNOWN;u;1;1;1;1;0;0;0;0;1.0;0.0;0.0;0.0;0.0;0.0;0.0;0.0;0.0;0.03;0.0;0.0;0.79;1;1;0.0
2430;cal000170;cal;cuerpo vida;unknown;UNKNOWN;u;1;1;1;1;0;0;0;0;1.0;0.0;0.0;0.0;0.0;0.0;0.0;0.0;0.0;0.03;0.0;0.0;0.79;1;1;0.0
2431;cal000170;cal;vida cuerpo;unknown;UNKNOWN;u;1;1;1;2;0;0;0;0;1.0;0.0;0.0;0.0;0.0;0.0;0.0;0.0;0.0;0.03;0.0;0.0;0.79;1;1;0.0
2432;cal000097;cal;voces;unknown;Voces;UNKNOWN;3;4;4;5;0;0;0;0;0.2;0.6;0.2;0.0;0.0;0.0;0.0;0.0;0.0;0.06;0.0;0.0;0.32;2;5;0.01
2433;cal000097;cal;don-pedro;unknown;Don Pedro Torrellas;MALE;3;37;208;1155;0;0;0;0;0.4;0.37;0.23;0.0;0.0;0.0;0.0;0.0;0.0;0.52;0.23;0.29;0.68;2;6;0.17
2434;cal000097;cal;don-jerónimo;unknown;Don Jerónimo de Ansa;MALE;3;17;80;374;0;0;0;0;0.46;0.37;0.17;0.0;0.0;0.0;0.0;0.0;0.0;0.24;0.09;0.09;0.54;1;6;0.05
2435;cal000097;cal;ginés;unknown;Ginés;MALE;3;22;83;407;0;0;0;0;0.22;0.29;0.5;0.0;0.0;0.0;0.0;0.0;0.0;0.31;0.09;0.1;0.46;3;5;0.03
2436;cal000097;cal;gonzalo;unknown;Gonzalo;MALE;3;4;9;47;0;0;0;0;0.13;0.11;0.77;0.0;0.0;0.0;0.0;0.0;0.0;0.06;0.01;0.01;0.07;0;2;0.0
2437;cal000097;cal;carlos;unknown;Carlos Quinto;MALE;2;6;17;99;0;0;0;0;0.09;0.0;0.91;0.0;0.0;0.0;0.0;0.0;0.0;0.08;0.02;0.02;0.46;0;7;0.05
2438;cal000097;cal;condestable;unknown;El Condestable;MALE;2;8;30;144;0;0;0;0;0.01;0.0;0.99;0.0;0.0;0.0;0.0;0.0;0.0;0.11;0.03;0.04;0.56;0;6;0.19
2439;cal000097;cal;almirante;unknown;El Almirante;MALE;3;17;56;195;0;0;0;0;0.02;0.35;0.63;0.0;0.0;0.0;0.0;0.0;0.0;0.24;0.06;0.05;0.61;1;3;0.11
2440;cal000097;cal;marqués;unknown;El Marqués de Brandemburg;MALE;3;11;35;117;0;0;0;0;0.07;0.1;0.83;0.0;0.0;0.0;0.0;0.0;0.0;0.15;0.04;0.03;0.49;0;3;0.06
2441;cal000097;cal;benavente;unknown;Conde de Benavente;MALE;1;5;16;79;0;0;0;0;0.0;0.0;1.0;0.0;0.0;0.0;0.0;0.0;0.0;0.07;0.02;0.02;0.22;0;3;0.01
2442;cal000097;cal;fernando;unknown;Fernando;MALE;1;1;2;8;0;0;0;0;0.0;0.0;1.0;0.0;0.0;0.0;0.0;0.0;0.0;0.01;0.0;0.0;0.05;0;1;0.0
2443;cal000097;cal;violante;unknown;Violante;FEMALE;3;19;99;479;0;0;0;0;0.3;0.53;0.17;0.0;0.0;0.0;0.0;0.0;0.0;0.27;0.11;0.12;0.46;1;7;0.08
2444;cal000097;cal;flora;unknown;Flora;FEMALE;3;12;33;98;0;0;0;0;0.07;0.74;0.18;0.0;0.0;0.0;0.0;0.0;0.0;0.17;0.04;0.02;0.39;0;3;0.01
2445;cal000097;cal;serafina;unknown;Serafina;FEMALE;3;6;34;349;0;0;0;0;0.16;0.64;0.2;0.0;0.0;0.0;0.0;0.0;0.0;0.08;0.04;0.09;0.39;3;7;0.04
2446;cal000097;cal;gila;unknown;Gila;FEMALE;3;9;59;114;0;0;0;0;0.25;0.12;0.62;0.0;0.0;0.0;0.0;0.0;0.0;0.13;0.07;0.03;0.37;1;4;0.03
2447;cal000097;cal;benito;unknown;Benito;MALE;3;11;72;200;0;0;0;0;0.21;0.46;0.33;0.0;0.0;0.0;0.0;0.0;0.0;0.15;0.08;0.05;0.37;2;3;0.03
2448;cal000097;cal;caballero-primero;unknown;Caballero Primero;MALE;1;1;1;1;0;0;0;0;1.0;0.0;0.0;0.0;0.0;0.0;0.0;0.0;0.0;0.01;0.0;0.0;0.1;0;3;0.0
2449;cal000097;cal;caballero-segundo;unknown;Caballero Segundo;MALE;1;1;1;6;0;0;0;0;1.0;0.0;0.0;0.0;0.0;0.0;0.0;0.0;0.0;0.01;0.0;0.0;0.1;0;2;0.0
2450;cal000097;cal;duque;unknown;El Duque;MALE;1;1;1;3;0;0;0;0;0.0;0.0;1.0;0.0;0.0;0.0;0.0;0.0;0.0;0.01;0.0;0.0;0.2;0;1;0.0
2451;cal000097;cal;tambor;unknown;Tambor;MALE;1;1;1;15;0;0;0;0;0.0;0.0;1.0;0.0;0.0;0.0;0.0;0.0;0.0;0.01;0.0;0.0;0.1;0;0;0.0
2452;cal000097;cal;música;unknown;Música;UNKNOWN;1;2;10;41;0;0;0;0;1.0;0.0;0.0;0.0;0.0;0.0;0.0;0.0;0.0;0.03;0.01;0.01;0.22;2;1;0.01
2453;cal000097;cal;otros;unknown;UNKNOWN;u;2;3;4;5;0;0;0;0;0.8;0.0;0.2;0.0;0.0;0.0;0.0;0.0;0.0;0.04;0.0;0.0;0.29;1;5;0.01
2454;cal000097;cal;unos;unknown;UNKNOWN;u;2;4;4;4;0;0;0;0;0.75;0.0;0.25;0.0;0.0;0.0;0.0;0.0;0.0;0.06;0.0;0.0;0.29;1;4;0.01
2455;cal000097;cal;unos otros;unknown;UNKNOWN;u;1;1;1;1;0;0;0;0;1.0;0.0;0.0;0.0;0.0;0.0;0.0;0.0;0.0;0.01;0.0;0.0;0.12;0;2;0.0
2456;cal000097;cal;serafina música;unknown;UNKNOWN;u;1;1;1;2;0;0;0;0;1.0;0.0;0.0;0.0;0.0;0.0;0.0;0.0;0.0;0.01;0.0;0.0;0.1;1;1;0.0
2457;cal000097;cal;benito gila;unknown;UNKNOWN;u;2;3;8;10;0;0;0;0;0.2;0.0;0.8;0.0;0.0;0.0;0.0;0.0;0.0;0.04;0.01;0.0;0.12;0;2;0.0
2458;cal000097;cal;don-pedro música;unknown;UNKNOWN;u;1;1;1;2;0;0;0;0;1.0;0.0;0.0;0.0;0.0;0.0;0.0;0.0;0.0;0.01;0.0;0.0;0.12;0;0;0.0
2459;cal000097;cal;don-pedro violante;unknown;UNKNOWN;u;1;1;1;1;0;0;0;0;1.0;0.0;0.0;0.0;0.0;0.0;0.0;0.0;0.0;0.01;0.0;0.0;0.12;0;0;0.0
2460;cal000097;cal;una;unknown;UNKNOWN;u;1;1;1;3;0;0;0;0;1.0;0.0;0.0;0.0;0.0;0.0;0.0;0.0;0.0;0.01;0.0;0.0;0.12;0;0;0.0
2461;cal000097;cal;don-pedro violante música;unknown;UNKNOWN;u;1;1;1;2;0;0;0;0;1.0;0.0;0.0;0.0;0.0;0.0;0.0;0.0;0.0;0.01;0.0;0.0;0.12;0;0;0.0
2462;cal000097;cal;fabio voces;unknown;UNKNOWN;u;1;1;2;3;0;0;0;0;0.0;1.0;0.0;0.0;0.0;0.0;0.0;0.0;0.0;0.01;0.0;0.0;0.07;2;1;0.0
2463;cal000097;cal;todos;unknown;UNKNOWN;u;1;4;4;6;0;0;0;0;0.0;0.0;1.0;0.0;0.0;0.0;0.0;0.0;0.0;0.06;0.0;0.0;0.34;0;3;0.01
2464;cal000097;cal;don-pedro carlos;unknown;UNKNOWN;u;1;1;1;1;0;0;0;0;0.0;0.0;1.0;0.0;0.0;0.0;0.0;0.0;0.0;0.01;0.0;0.0;0.17;0;2;0.0
2465;cal000097;cal;don-pedro don-jerónimo almirante marqués;unknown;UNKNOWN;u;1;2;2;2;0;0;0;0;0.0;0.0;1.0;0.0;0.0;0.0;0.0;0.0;0.0;0.03;0.0;0.0;0.17;0;0;0.01
2466;cal000097;cal;don-pedro don-jerónimo;unknown;UNKNOWN;u;1;1;1;1;0;0;0;0;0.0;0.0;1.0;0.0;0.0;0.0;0.0;0.0;0.0;0.01;0.0;0.0;0.1;0;0;0.0
2467;cal000097;cal;almirante marqués;unknown;UNKNOWN;u;1;1;1;1;0;0;0;0;0.0;0.0;1.0;0.0;0.0;0.0;0.0;0.0;0.0;0.01;0.0;0.0;0.1;0;0;0.0
2468;cal000097;cal;don-jerónimo don-pedro;unknown;UNKNOWN;u;1;1;3;3;0;0;0;0;0.0;0.0;1.0;0.0;0.0;0.0;0.0;0.0;0.0;0.01;0.0;0.0;0.2;0;4;0.0
2469;cal000097;cal;benavente duque;unknown;UNKNOWN;u;1;1;1;1;0;0;0;0;0.0;0.0;1.0;0.0;0.0;0.0;0.0;0.0;0.0;0.01;0.0;0.0;0.1;0;2;0.0
2470;cal000097;cal;benavente marqués condestable duque;unknown;UNKNOWN;u;1;1;1;1;0;0;0;0;0.0;0.0;1.0;0.0;0.0;0.0;0.0;0.0;0.0;0.01;0.0;0.0;0.1;0;1;0.0
2471;cal000097;cal;benavente marqués condestable duque tambor;unknown;UNKNOWN;u;1;1;1;2;0;0;0;0;0.0;0.0;1.0;0.0;0.0;0.0;0.0;0.0;0.0;0.01;0.0;0.0;0.1;0;0;0.0
2472;cal000097;cal;don-jerónimo serafina;unknown;UNKNOWN;u;1;1;1;1;0;0;0;0;0.0;0.0;1.0;0.0;0.0;0.0;0.0;0.0;0.0;0.01;0.0;0.0;0.24;1;3;0.0
2473;cal000206;cal;iglesia;unknown;Iglesia;FEMALE;1;3;3;108;0;0;0;0;1.0;0.0;0.0;0.0;0.0;0.0;0.0;0.0;0.0;0.25;0.04;0.13;0.08;0;0;0.0
2474;cal000206;cal;san-miguel;unknown;San Miguel;MALE;1;2;4;132;0;0;0;0;1.0;0.0;0.0;0.0;0.0;0.0;0.0;0.0;0.0;0.17;0.06;0.16;0.08;1;0;0.0
2475;cal000206;cal;hornos;unknown;Hornos;MALE;1;3;4;53;0;0;0;0;1.0;0.0;0.0;0.0;0.0;0.0;0.0;0.0;0.0;0.25;0.06;0.06;0.17;0;1;0.0
2476;cal000206;cal;weimar;unknown;Weimar;MALE;1;3;5;101;0;0;0;0;1.0;0.0;0.0;0.0;0.0;0.0;0.0;0.0;0.0;0.25;0.07;0.12;0.17;0;0;0.0
2477;cal000206;cal;fabricio;unknown;Fabricio;MALE;1;1;1;28;0;0;0;0;1.0;0.0;0.0;0.0;0.0;0.0;0.0;0.0;0.0;0.08;0.01;0.03;0.17;0;2;0.0
2478;cal000206;cal;rey;unknown;Rey;MALE;1;4;18;97;0;0;0;0;1.0;0.0;0.0;0.0;0.0;0.0;0.0;0.0;0.0;0.33;0.25;0.12;0.58;0;6;0.06
2479;cal000206;cal;infante;unknown;Infante;MALE;1;4;22;148;0;0;0;0;1.0;0.0;0.0;0.0;0.0;0.0;0.0;0.0;0.0;0.33;0.31;0.18;0.58;0;5;0.06
2480;cal000206;cal;teutonico;unknown;Teutónico;MALE;1;1;2;6;0;0;0;0;1.0;0.0;0.0;0.0;0.0;0.0;0.0;0.0;0.0;0.08;0.03;0.01;0.42;0;3;0.0
2481;cal000206;cal;galaso;unknown;Galaso;MALE;1;1;1;2;0;0;0;0;1.0;0.0;0.0;0.0;0.0;0.0;0.0;0.0;0.0;0.08;0.01;0.0;0.42;0;2;0.0
2482;cal000206;cal;leganes;unknown;Leganés;MALE;1;3;3;16;0;0;0;0;1.0;0.0;0.0;0.0;0.0;0.0;0.0;0.0;0.0;0.25;0.04;0.02;0.42;0;1;0.0
2483;cal000206;cal;idiaquez;unknown;Idiáquez;MALE;1;3;4;10;0;0;0;0;1.0;0.0;0.0;0.0;0.0;0.0;0.0;0.0;0.0;0.25;0.06;0.01;0.42;0;0;0.0
2484;cal000206;cal;rivera;unknown;Rivera;MALE;1;3;4;106;0;0;0;0;1.0;0.0;0.0;0.0;0.0;0.0;0.0;0.0;0.0;0.25;0.06;0.13;0.25;0;0;0.0
2485;cal000206;cal;reina;unknown;Reina;FEMALE;1;1;1;12;0;0;0;0;1.0;0.0;0.0;0.0;0.0;0.0;0.0;0.0;0.0;0.08;0.01;0.01;0.25;0;3;0.0
2486;cal000171;cal;musicos;unknown;Músicos;UNKNOWN;1;1;1;12;0;0;0;0;1.0;0.0;0.0;0.0;0.0;0.0;0.0;0.0;0.0;0.33;0.01;0.02;0.57;6;6;0.0
2487;cal000171;cal;soberbia;unknown;Soberbia;FEMALE;1;2;5;17;0;0;0;0;1.0;0.0;0.0;0.0;0.0;0.0;0.0;0.0;0.0;0.67;0.04;0.03;0.87;5;7;0.01
2488;cal000171;cal;afecto-1;unknown;Afecto 1.º;MALE;1;2;6;18;0;0;0;0;1.0;0.0;0.0;0.0;0.0;0.0;0.0;0.0;0.0;0.67;0.05;0.03;0.87;5;6;0.01
2489;cal000171;cal;avaricia;unknown;Avaricia;FEMALE;1;2;5;26;0;0;0;0;1.0;0.0;0.0;0.0;0.0;0.0;0.0;0.0;0.0;0.67;0.04;0.05;0.87;4;6;0.01
2490;cal000171;cal;afecto-2;unknown;Afecto 2.º;MALE;1;2;6;13;0;0;0;0;1.0;0.0;0.0;0.0;0.0;0.0;0.0;0.0;0.0;0.67;0.05;0.02;0.87;4;5;0.01
2491;cal000171;cal;envidia;unknown;Envidia;FEMALE;1;2;2;3;0;0;0;0;1.0;0.0;0.0;0.0;0.0;0.0;0.0;0.0;0.0;0.67;0.02;0.01;0.87;3;5;0.01
2492;cal000171;cal;afecto-3;unknown;Afecto 3.º;MALE;1;2;6;23;0;0;0;0;1.0;0.0;0.0;0.0;0.0;0.0;0.0;0.0;0.0;0.67;0.05;0.04;0.87;3;4;0.01
2493;cal000171;cal;lascivia;unknown;Lascivia;FEMALE;1;2;4;11;0;0;0;0;1.0;0.0;0.0;0.0;0.0;0.0;0.0;0.0;0.0;0.67;0.03;0.02;0.87;2;4;0.01
2494;cal000171;cal;afecto-4;unknown;Afecto 4.º;MALE;1;2;4;9;0;0;0;0;1.0;0.0;0.0;0.0;0.0;0.0;0.0;0.0;0.0;0.67;0.03;0.02;0.87;2;3;0.01
2495;cal000171;cal;ira;unknown;Ira;FEMALE;1;2;3;13;0;0;0;0;1.0;0.0;0.0;0.0;0.0;0.0;0.0;0.0;0.0;0.67;0.02;0.02;0.87;1;3;0.01
2496;cal000171;cal;afecto-5;unknown;Afecto 5.º;MALE;1;2;2;4;0;0;0;0;1.0;0.0;0.0;0.0;0.0;0.0;0.0;0.0;0.0;0.67;0.02;0.01;0.87;1;2;0.01
2497;cal000171;cal;gula;unknown;Gula;FEMALE;1;2;4;10;0;0;0;0;1.0;0.0;0.0;0.0;0.0;0.0;0.0;0.0;0.0;0.67;0.03;0.02;0.87;0;2;0.01
2498;cal000171;cal;apetito;unknown;Apetito;MALE;1;2;5;15;0;0;0;0;1.0;0.0;0.0;0.0;0.0;0.0;0.0;0.0;0.0;0.67;0.04;0.03;0.87;0;1;0.01
2499;cal000171;cal;demonio;unknown;Demonio;MALE;1;2;33;168;0;0;0;0;1.0;0.0;0.0;0.0;0.0;0.0;0.0;0.0;0.0;0.67;0.26;0.32;0.91;6;8;0.11
2500;cal000171;cal;genero-humano;unknown;Género Humano;MALE;1;1;12;67;0;0;0;0;1.0;0.0;0.0;0.0;0.0;0.0;0.0;0.0;0.0;0.33;0.1;0.13;0.78;6;7;0.0
2501;cal000171;cal;peregrino;unknown;Peregrino;MALE;1;2;18;74;0;0;0;0;1.0;0.0;0.0;0.0;0.0;0.0;0.0;0.0;0.0;0.67;0.14;0.14;0.91;0;0;0.11
2502;cal000171;cal;soberbia afecto-1 avaricia afecto-2 envidia afecto-3 lascivia afecto-4 ira afecto-5 gula apetito musicos;unknown;UNKNOWN;u;1;1;1;12;0;0;0;0;1.0;0.0;0.0;0.0;0.0;0.0;0.0;0.0;0.0;0.33;0.01;0.02;0.57;0;0;0.0
2503;cal000171;cal;afecto-1 avaricia afecto-2 envidia afecto-3 lascivia afecto-4 ira afecto-5 gula apetito musicos demonio;unknown;UNKNOWN;u;1;1;2;4;0;0;0;0;1.0;0.0;0.0;0.0;0.0;0.0;0.0;0.0;0.0;0.33;0.02;0.01;0.78;6;8;0.0
2504;cal000171;cal;musicos afecto-1 avaricia afecto-2 envidia afecto-3 lascivia afecto-4 ira afecto-5 gula apetito demonio genero-humano;unknown;UNKNOWN;u;1;1;1;4;0;0;0;0;1.0;0.0;0.0;0.0;0.0;0.0;0.0;0.0;0.0;0.33;0.01;0.01;0.78;6;7;0.0
2505;cal000171;cal;ira afecto-5 demonio soberbia avaricia lascivia envidia gula afecto-1 afecto-2 afecto-3 afecto-4 apetito genero-humano musicos;unknown;UNKNOWN;u;1;1;1;8;0;0;0;0;1.0;0.0;0.0;0.0;0.0;0.0;0.0;0.0;0.0;0.33;0.01;0.02;0.78;1;2;0.0
2506;cal000171;cal;envidia musicos afecto-3 lascivia afecto-5 afecto-4 ira gula genero-humano demonio apetito soberbia afecto-1 avaricia afecto-2;unknown;UNKNOWN;u;1;1;1;3;0;0;0;0;1.0;0.0;0.0;0.0;0.0;0.0;0.0;0.0;0.0;0.33;0.01;0.01;0.78;0;1;0.0
2507;cal000171;cal;envidia musicos afecto-3 lascivia afecto-5 afecto-4 ira gula genero-humano apetito soberbia afecto-1 avaricia afecto-2 demonio peregrino;unknown;UNKNOWN;u;1;1;2;13;0;0;0;0;1.0;0.0;0.0;0.0;0.0;0.0;0.0;0.0;0.0;0.33;0.02;0.02;0.17;0;0;0.0
2508;cal000171;cal;envidia musicos afecto-3 lascivia afecto-5 afecto-4 ira gula genero-humano apetito soberbia afecto-1 avaricia afecto-2 peregrino demonio;unknown;UNKNOWN;u;1;1;1;1;0;0;0;0;1.0;0.0;0.0;0.0;0.0;0.0;0.0;0.0;0.0;0.33;0.01;0.0;0.17;0;0;0.0
2509;cal000171;cal;envidia lascivia ira gula soberbia avaricia;unknown;UNKNOWN;u;1;1;1;3;0;0;0;0;1.0;0.0;0.0;0.0;0.0;0.0;0.0;0.0;0.0;0.33;0.01;0.01;0.17;0;0;0.0
2510;cal000172;cal;musicos;unknown;Músicos;UNKNOWN;1;6;22;36;0;0;0;0;1.0;0.0;0.0;0.0;0.0;0.0;0.0;0.0;0.0;0.18;0.04;0.02;0.71;2;5;0.03
2511;cal000172;cal;demonio;unknown;Demonio;MALE;1;18;75;526;0;0;0;0;1.0;0.0;0.0;0.0;0.0;0.0;0.0;0.0;0.0;0.53;0.14;0.26;0.83;3;6;0.07
2512;cal000172;cal;soberbia;unknown;Soberbia;FEMALE;1;13;37;261;0;0;0;0;1.0;0.0;0.0;0.0;0.0;0.0;0.0;0.0;0.0;0.38;0.07;0.13;0.66;3;6;0.01
2513;cal000172;cal;afecto-1;unknown;Afecto 1.º;MALE;1;13;70;231;0;0;0;0;1.0;0.0;0.0;0.0;0.0;0.0;0.0;0.0;0.0;0.38;0.13;0.11;0.89;4;8;0.16
2514;cal000172;cal;afecto-4;unknown;Afecto 4.º;MALE;1;4;15;62;0;0;0;0;1.0;0.0;0.0;0.0;0.0;0.0;0.0;0.0;0.0;0.12;0.03;0.03;0.66;3;5;0.02
2515;cal000172;cal;lascivia;unknown;Lascivia;FEMALE;1;5;21;56;0;0;0;0;1.0;0.0;0.0;0.0;0.0;0.0;0.0;0.0;0.0;0.15;0.04;0.03;0.66;2;5;0.01
2516;cal000172;cal;afecto-2;unknown;Afecto 2.º;MALE;1;5;20;66;0;0;0;0;1.0;0.0;0.0;0.0;0.0;0.0;0.0;0.0;0.0;0.15;0.04;0.03;0.66;2;3;0.01
2517;cal000172;cal;afecto-3;unknown;Afecto 3.º;MALE;1;4;9;30;0;0;0;0;1.0;0.0;0.0;0.0;0.0;0.0;0.0;0.0;0.0;0.12;0.02;0.01;0.71;2;3;0.07
2518;cal000172;cal;gula;unknown;Gula;FEMALE;1;5;11;32;0;0;0;0;1.0;0.0;0.0;0.0;0.0;0.0;0.0;0.0;0.0;0.15;0.02;0.02;0.63;1;2;0.0
2519;cal000172;cal;genero-humano;unknown;Género Humano;MALE;1;8;51;156;0;0;0;0;1.0;0.0;0.0;0.0;0.0;0.0;0.0;0.0;0.0;0.24;0.1;0.08;0.71;3;8;0.03
2520;cal000172;cal;apetito;unknown;Apetito;MALE;1;10;32;94;0;0;0;0;1.0;0.0;0.0;0.0;0.0;0.0;0.0;0.0;0.0;0.29;0.06;0.05;0.8;3;7;0.05
2521;cal000172;cal;mendigo;unknown;Un Mendigo;MALE;1;1;3;6;0;0;0;0;1.0;0.0;0.0;0.0;0.0;0.0;0.0;0.0;0.0;0.03;0.01;0.0;0.54;0;1;0.0
2522;cal000172;cal;angel;unknown;Ángel;MALE;1;10;23;115;0;0;0;0;1.0;0.0;0.0;0.0;0.0;0.0;0.0;0.0;0.0;0.29;0.04;0.06;0.77;1;1;0.03
2523;cal000172;cal;peregrino;unknown;Peregrino;MALE;1;13;91;285;0;0;0;0;1.0;0.0;0.0;0.0;0.0;0.0;0.0;0.0;0.0;0.38;0.18;0.14;0.66;2;6;0.07
2524;cal000172;cal;simplicidad;unknown;Simplicidad;FEMALE;1;5;15;45;0;0;0;0;1.0;0.0;0.0;0.0;0.0;0.0;0.0;0.0;0.0;0.15;0.03;0.02;0.54;0;3;0.01
2525;cal000172;cal;nino;unknown;Niño;MALE;1;1;1;3;0;0;0;0;1.0;0.0;0.0;0.0;0.0;0.0;0.0;0.0;0.0;0.03;0.0;0.0;0.09;0;1;0.0
2526;cal000172;cal;nino-2;unknown;Niño 2.º;MALE;1;1;1;12;0;0;0;0;1.0;0.0;0.0;0.0;0.0;0.0;0.0;0.0;0.0;0.03;0.0;0.01;0.09;0;0;0.0
2527;cal000172;cal;afecto-4 musicos;unknown;UNKNOWN;u;1;1;2;6;0;0;0;0;1.0;0.0;0.0;0.0;0.0;0.0;0.0;0.0;0.0;0.03;0.0;0.0;0.09;0;0;0.0
2528;cal000172;cal;lascivia demonio;unknown;UNKNOWN;u;1;1;1;2;0;0;0;0;1.0;0.0;0.0;0.0;0.0;0.0;0.0;0.0;0.0;0.03;0.0;0.0;0.03;0;0;0.0
2529;cal000172;cal;genero-humano musicos;unknown;UNKNOWN;u;1;3;3;5;0;0;0;0;1.0;0.0;0.0;0.0;0.0;0.0;0.0;0.0;0.0;0.09;0.01;0.0;0.63;3;7;0.01
2530;cal000172;cal;afecto-4 afecto-2 afecto-3 afecto-1 afecto-5 lascivia gula demonio soberbia musicos apetito genero-humano;unknown;UNKNOWN;u;1;1;1;1;0;0;0;0;1.0;0.0;0.0;0.0;0.0;0.0;0.0;0.0;0.0;0.03;0.0;0.0;0.54;3;7;0.0
2531;cal000172;cal;musicos demonio afecto-1 soberbia afecto-4 lascivia afecto-3 afecto-2 afecto-5 gula apetito mendigo genero-humano;unknown;UNKNOWN;u;1;1;1;1;0;0;0;0;1.0;0.0;0.0;0.0;0.0;0.0;0.0;0.0;0.0;0.03;0.0;0.0;0.54;0;1;0.0
2532;cal000172;cal;afecto-1 soberbia afecto-4 lascivia afecto-3 gula apetito musicos angel genero-humano mendigo afecto-2 demonio afecto-5;unknown;UNKNOWN;u;1;1;1;1;0;0;0;0;1.0;0.0;0.0;0.0;0.0;0.0;0.0;0.0;0.0;0.03;0.0;0.0;0.54;0;0;0.0
2533;cal000172;cal;afecto-1 soberbia afecto-4 lascivia afecto-3 gula apetito musicos angel mendigo afecto-2 demonio genero-humano afecto-5;unknown;UNKNOWN;u;1;1;1;1;0;0;0;0;1.0;0.0;0.0;0.0;0.0;0.0;0.0;0.0;0.0;0.03;0.0;0.0;0.54;0;0;0.0
2534;cal000172;cal;musicos angel mendigo apetito genero-humano soberbia afecto-1 lascivia afecto-2 gula afecto-3 afecto-4 afecto-5 demonio;unknown;UNKNOWN;u;1;1;1;1;0;0;0;0;1.0;0.0;0.0;0.0;0.0;0.0;0.0;0.0;0.0;0.03;0.0;0.0;0.54;0;0;0.0
2535;cal000172;cal;musicos angel mendigo demonio apetito genero-humano soberbia afecto-1 lascivia afecto-2 gula afecto-3 afecto-4 afecto-5;unknown;UNKNOWN;u;1;1;1;2;0;0;0;0;1.0;0.0;0.0;0.0;0.0;0.0;0.0;0.0;0.0;0.03;0.0;0.0;0.54;0;0;0.0
2536;cal000172;cal;angel musicos;unknown;UNKNOWN;u;1;1;1;1;0;0;0;0;1.0;0.0;0.0;0.0;0.0;0.0;0.0;0.0;0.0;0.03;0.0;0.0;0.23;0;0;0.0
2537;cal000172;cal;mendigo soberbia afecto-1 lascivia afecto-2 gula afecto-3 afecto-4 afecto-5 apetito simplicidad demonio peregrino angel genero-humano musicos;unknown;UNKNOWN;u;1;1;1;4;0;0;0;0;1.0;0.0;0.0;0.0;0.0;0.0;0.0;0.0;0.0;0.03;0.0;0.0;0.23;0;0;0.0
2538;cal000172;cal;afecto-1 musicos;unknown;UNKNOWN;u;1;1;1;2;0;0;0;0;1.0;0.0;0.0;0.0;0.0;0.0;0.0;0.0;0.0;0.03;0.0;0.0;0.11;1;1;0.0
2539;cal000172;cal;simplicidad apetito;unknown;UNKNOWN;u;1;1;1;2;0;0;0;0;1.0;0.0;0.0;0.0;0.0;0.0;0.0;0.0;0.0;0.03;0.0;0.0;0.11;0;3;0.0
2540;cal000172;cal;apetito simplicidad;unknown;UNKNOWN;u;1;1;1;1;0;0;0;0;1.0;0.0;0.0;0.0;0.0;0.0;0.0;0.0;0.0;0.03;0.0;0.0;0.14;0;2;0.0
2541;cal000172;cal;afecto-1 demonio;unknown;UNKNOWN;u;1;1;1;1;0;0;0;0;1.0;0.0;0.0;0.0;0.0;0.0;0.0;0.0;0.0;0.03;0.0;0.0;0.09;0;0;0.0
2542;cal000172;cal;mendigo afecto-3 genero-humano afecto-5 musicos soberbia simplicidad afecto-2 afecto-4 lascivia angel apetito demonio afecto-1 peregrino gula;unknown;UNKNOWN;u;1;1;1;2;0;0;0;0;1.0;0.0;0.0;0.0;0.0;0.0;0.0;0.0;0.0;0.03;0.0;0.0;0.23;1;6;0.0
2543;cal000172;cal;demonio mendigo genero-humano afecto-5 musicos soberbia afecto-2 afecto-4 lascivia gula afecto-1 apetito simplicidad angel afecto-3 peregrino;unknown;UNKNOWN;u;1;1;1;1;0;0;0;0;1.0;0.0;0.0;0.0;0.0;0.0;0.0;0.0;0.0;0.03;0.0;0.0;0.23;0;0;0.0
2544;cal000172;cal;musicos mendigo soberbia afecto-2 afecto-4 afecto-5 lascivia gula apetito simplicidad afecto-3 genero-humano peregrino afecto-1 demonio angel;unknown;UNKNOWN;u;1;1;1;4;0;0;0;0;1.0;0.0;0.0;0.0;0.0;0.0;0.0;0.0;0.0;0.03;0.0;0.0;0.14;0;4;0.0
2545;cal000172;cal;mendigo musicos nino peregrino nino-2 afecto-1 demonio soberbia afecto-2 afecto-4 lascivia gula afecto-3 afecto-5 genero-humano angel apetito simplicidad;unknown;UNKNOWN;u;1;1;1;4;0;0;0;0;1.0;0.0;0.0;0.0;0.0;0.0;0.0;0.0;0.0;0.03;0.0;0.0;0.29;0;0;0.0
2546;cal000098;cal;don-fernando;unknown;Don Fernando;MALE;3;32;111;936;0;0;0;0;0.25;0.43;0.32;0.0;0.0;0.0;0.0;0.0;0.0;0.52;0.22;0.32;0.68;0;6;0.11
2547;cal000098;cal;don-enrique;unknown;Don Enrique;MALE;3;13;32;132;0;0;0;0;0.43;0.38;0.19;0.0;0.0;0.0;0.0;0.0;0.0;0.21;0.06;0.05;0.47;0;4;0.06
2548;cal000098;cal;don-juan;unknown;Don Juan;MALE;3;17;31;116;0;0;0;0;0.29;0.28;0.42;0.0;0.0;0.0;0.0;0.0;0.0;0.27;0.06;0.04;0.58;0;7;0.06
2549;cal000098;cal;rey;unknown;Rey Moro;MALE;3;18;70;346;0;0;0;0;0.26;0.32;0.42;0.0;0.0;0.0;0.0;0.0;0.0;0.29;0.14;0.12;0.53;1;3;0.03
2550;cal000098;cal;celín;unknown;Celín;FEMALE;2;4;4;13;0;0;0;0;0.0;0.31;0.69;0.0;0.0;0.0;0.0;0.0;0.0;0.06;0.01;0.0;0.42;0;8;0.01
2551;cal000098;cal;muley;unknown;Muley;MALE;3;20;69;690;0;0;0;0;0.58;0.28;0.13;0.0;0.0;0.0;0.0;0.0;0.0;0.32;0.14;0.24;0.42;0;4;0.01
2552;cal000098;cal;fénix;unknown;Fénix;MALE;3;13;68;280;0;0;0;0;0.34;0.48;0.19;0.0;0.0;0.0;0.0;0.0;0.0;0.21;0.14;0.1;0.53;1;1;0.12
2553;cal000098;cal;rosa;unknown;Rosa;FEMALE;2;3;4;15;0;0;0;0;0.87;0.13;0.0;0.0;0.0;0.0;0.0;0.0;0.0;0.05;0.01;0.01;0.16;2;1;0.0
2554;cal000098;cal;zara;unknown;Zara;FEMALE;2;5;14;36;0;0;0;0;0.78;0.22;0.0;0.0;0.0;0.0;0.0;0.0;0.0;0.08;0.03;0.01;0.42;1;4;0.1
2555;cal000098;cal;tarudante;unknown;Tarudante;MALE;1;4;24;69;0;0;0;0;0.0;0.0;1.0;0.0;0.0;0.0;0.0;0.0;0.0;0.06;0.05;0.02;0.42;0;5;0.01
2556;cal000098;cal;alfonso;unknown;Don Alfonso;MALE;1;6;35;172;0;0;0;0;0.0;0.0;1.0;0.0;0.0;0.0;0.0;0.0;0.0;0.1;0.07;0.06;0.32;0;2;0.0
2557;cal000098;cal;brito;unknown;Brito;MALE;2;8;11;48;0;0;0;0;0.79;0.0;0.21;0.0;0.0;0.0;0.0;0.0;0.0;0.13;0.02;0.02;0.58;0;4;0.16
2558;cal000098;cal;estrella;unknown;Estrella;FEMALE;1;1;1;4;0;0;0;0;1.0;0.0;0.0;0.0;0.0;0.0;0.0;0.0;0.0;0.02;0.0;0.0;0.16;0;0;0.0
2559;cal000098;cal;moro-1;unknown;Un Moro;MALE;1;2;2;4;0;0;0;0;1.0;0.0;0.0;0.0;0.0;0.0;0.0;0.0;0.0;0.03;0.0;0.0;0.16;0;3;0.01
2560;cal000098;cal;moro-2;unknown;Otro Moro;MALE;1;1;1;2;0;0;0;0;1.0;0.0;0.0;0.0;0.0;0.0;0.0;0.0;0.0;0.02;0.0;0.0;0.11;0;1;0.0
2561;cal000098;cal;cautivo-1;unknown;Cautivo Primero;MALE;3;7;9;29;0;0;0;0;0.31;0.55;0.14;0.0;0.0;0.0;0.0;0.0;0.0;0.11;0.02;0.01;0.37;0;3;0.04
2562;cal000098;cal;cautivo-2;unknown;Cautivo Segundo;MALE;3;6;8;20;0;0;0;0;0.15;0.8;0.05;0.0;0.0;0.0;0.0;0.0;0.0;0.1;0.02;0.01;0.37;0;2;0.04
2563;cal000098;cal;cautivo-3;unknown;Cautivo Tercero;MALE;1;2;2;3;0;0;0;0;0.0;1.0;0.0;0.0;0.0;0.0;0.0;0.0;0.0;0.03;0.0;0.0;0.21;0;1;0.0
2564;cal000098;cal;cautivo-1 cautivo-2 cautivo-3;unknown;UNKNOWN;u;1;1;1;4;0;0;0;0;1.0;0.0;0.0;0.0;0.0;0.0;0.0;0.0;0.0;0.02;0.0;0.0;0.16;0;0;0.0
2565;cal000099;cal;rey;unknown;Egerio;MALE;2;11;39;356;0;0;0;0;0.35;0.65;0.0;0.0;0.0;0.0;0.0;0.0;0.0;0.32;0.1;0.11;0.59;3;5;0.01
2566;cal000099;cal;leogario;unknown;Leogario;MALE;3;10;15;39;0;0;0;0;0.59;0.36;0.05;0.0;0.0;0.0;0.0;0.0;0.0;0.29;0.04;0.01;0.71;3;3;0.05
2567;cal000099;cal;capitán;unknown;Un Capitán;MALE;3;8;12;34;0;0;0;0;0.29;0.53;0.18;0.0;0.0;0.0;0.0;0.0;0.0;0.24;0.03;0.01;0.53;2;1;0.02
2568;cal000099;cal;polonia;unknown;Polonia;FEMALE;3;14;49;395;0;0;0;0;0.18;0.45;0.37;0.0;0.0;0.0;0.0;0.0;0.0;0.41;0.13;0.12;0.59;1;3;0.02
2569;cal000099;cal;patricio;unknown;Patricio;MALE;2;11;36;433;0;0;0;0;0.67;0.33;0.0;0.0;0.0;0.0;0.0;0.0;0.0;0.32;0.09;0.13;0.76;2;7;0.17
2570;cal000099;cal;lesbia;unknown;Lesbia;FEMALE;3;9;18;71;0;0;0;0;0.49;0.24;0.27;0.0;0.0;0.0;0.0;0.0;0.0;0.26;0.05;0.02;0.65;1;1;0.03
2571;cal000099;cal;ludovico;unknown;Ludovico;MALE;3;13;81;1337;0;0;0;0;0.23;0.2;0.56;0.0;0.0;0.0;0.0;0.0;0.0;0.38;0.21;0.4;0.71;1;4;0.1
2572;cal000099;cal;filipo;unknown;Filipo;MALE;3;11;32;169;0;0;0;0;0.33;0.46;0.22;0.0;0.0;0.0;0.0;0.0;0.0;0.32;0.08;0.05;0.76;2;5;0.09
2573;cal000099;cal;paulín;unknown;Paulín;MALE;3;10;49;287;0;0;0;0;0.4;0.08;0.52;0.0;0.0;0.0;0.0;0.0;0.0;0.29;0.13;0.09;0.71;1;3;0.12
2574;cal000099;cal;locía;unknown;Locía;FEMALE;2;5;17;50;0;0;0;0;0.84;0.16;0.0;0.0;0.0;0.0;0.0;0.0;0.0;0.15;0.04;0.01;0.53;1;2;0.01
2575;cal000099;cal;embozado;unknown;Un Hombre Embozado;MALE;1;2;3;6;0;0;0;0;0.0;0.0;1.0;0.0;0.0;0.0;0.0;0.0;0.0;0.06;0.01;0.0;0.24;0;2;0.0
2576;cal000099;cal;ángel-bueno;unknown;Un Ángel Bueno;MALE;2;2;11;86;0;0;0;0;0.44;0.56;0.0;0.0;0.0;0.0;0.0;0.0;0.0;0.06;0.03;0.03;0.18;0;0;0.01
2577;cal000099;cal;canónigo-1;unknown;Canónigo Reglar 1;MALE;1;2;14;52;0;0;0;0;0.0;0.0;1.0;0.0;0.0;0.0;0.0;0.0;0.0;0.06;0.04;0.02;0.41;2;4;0.12
2578;cal000099;cal;canónigo-2;unknown;Canónigos Reglar 2;MALE;1;1;1;4;0;0;0;0;0.0;0.0;1.0;0.0;0.0;0.0;0.0;0.0;0.0;0.03;0.0;0.0;0.06;0;0;0.0
2579;cal000099;cal;ángel-malo;unknown;Un Ángel Malo;MALE;1;1;1;9;0;0;0;0;0.0;1.0;0.0;0.0;0.0;0.0;0.0;0.0;0.0;0.03;0.0;0.0;0.12;0;1;0.0
2580;cal000099;cal;viejo;unknown;Un Viejo;MALE;1;3;5;17;0;0;0;0;1.0;0.0;0.0;0.0;0.0;0.0;0.0;0.0;0.0;0.09;0.01;0.01;0.29;1;1;0.0
2581;cal000099;cal;todos;unknown;UNKNOWN;u;1;1;1;1;0;0;0;0;0.0;1.0;0.0;0.0;0.0;0.0;0.0;0.0;0.0;0.03;0.0;0.0;0.35;0;1;0.0
2582;cal000099;cal;dentro;unknown;UNKNOWN;u;1;1;1;1;0;0;0;0;0.0;0.0;1.0;0.0;0.0;0.0;0.0;0.0;0.0;0.03;0.0;0.0;0.18;0;0;0.0
2583;cal000173;cal;musicos;unknown;Músicos;UNKNOWN;1;6;33;72;0;0;0;0;1.0;0.0;0.0;0.0;0.0;0.0;0.0;0.0;0.0;0.27;0.07;0.03;0.73;5;2;0.1
2584;cal000173;cal;coro-1;unknown;Coro 1.º;UNKNOWN;1;1;4;5;0;0;0;0;1.0;0.0;0.0;0.0;0.0;0.0;0.0;0.0;0.0;0.05;0.01;0.0;0.12;0;0;0.0
2585;cal000173;cal;coro-2;unknown;Coro 2.º;UNKNOWN;1;1;3;3;0;0;0;0;1.0;0.0;0.0;0.0;0.0;0.0;0.0;0.0;0.0;0.05;0.01;0.0;0.12;0;0;0.0
2586;cal000173;cal;judaismo;unknown;Judaísmo;MALE;1;11;96;271;0;0;0;0;1.0;0.0;0.0;0.0;0.0;0.0;0.0;0.0;0.0;0.5;0.19;0.13;0.76;6;2;0.06
2587;cal000173;cal;gentilidad;unknown;Gentilidad;FEMALE;1;12;79;216;0;0;0;0;1.0;0.0;0.0;0.0;0.0;0.0;0.0;0.0;0.0;0.55;0.16;0.1;0.76;5;6;0.06
2588;cal000173;cal;fe;unknown;Fe;FEMALE;1;9;67;420;0;0;0;0;1.0;0.0;0.0;0.0;0.0;0.0;0.0;0.0;0.0;0.41;0.14;0.2;0.78;6;3;0.1
2589;cal000173;cal;jeronimo;unknown;Jerónimo;MALE;1;4;11;59;0;0;0;0;1.0;0.0;0.0;0.0;0.0;0.0;0.0;0.0;0.0;0.18;0.02;0.03;0.63;6;7;0.01
2590;cal000173;cal;ambrosio;unknown;Ambrosio;MALE;1;7;29;98;0;0;0;0;1.0;0.0;0.0;0.0;0.0;0.0;0.0;0.0;0.0;0.32;0.06;0.05;0.73;5;6;0.03
2591;cal000173;cal;agustin;unknown;Agustín;MALE;1;2;3;5;0;0;0;0;1.0;0.0;0.0;0.0;0.0;0.0;0.0;0.0;0.0;0.09;0.01;0.0;0.44;5;4;0.0
2592;cal000173;cal;tomas;unknown;Tomás;MALE;1;7;15;61;0;0;0;0;1.0;0.0;0.0;0.0;0.0;0.0;0.0;0.0;0.0;0.32;0.03;0.03;0.68;6;4;0.02
2593;cal000173;cal;gregorio;unknown;Gregorio;MALE;1;5;10;49;0;0;0;0;1.0;0.0;0.0;0.0;0.0;0.0;0.0;0.0;0.0;0.23;0.02;0.02;0.63;5;3;0.01
2594;cal000173;cal;delfica;unknown;Délfica;FEMALE;1;4;6;23;0;0;0;0;1.0;0.0;0.0;0.0;0.0;0.0;0.0;0.0;0.0;0.18;0.01;0.01;0.66;3;2;0.01
2595;cal000173;cal;persica;unknown;Pérsica;FEMALE;1;4;7;24;0;0;0;0;1.0;0.0;0.0;0.0;0.0;0.0;0.0;0.0;0.0;0.18;0.01;0.01;0.59;2;1;0.0
2596;cal000173;cal;cumana;unknown;Cumana;FEMALE;1;4;6;34;0;0;0;0;1.0;0.0;0.0;0.0;0.0;0.0;0.0;0.0;0.0;0.18;0.01;0.02;0.66;1;2;0.01
2597;cal000173;cal;tiburtina;unknown;Tiburtina;FEMALE;1;5;7;38;0;0;0;0;1.0;0.0;0.0;0.0;0.0;0.0;0.0;0.0;0.0;0.23;0.01;0.02;0.71;0;2;0.02
2598;cal000173;cal;augustin;unknown;Augustín;MALE;1;9;47;357;0;0;0;0;1.0;0.0;0.0;0.0;0.0;0.0;0.0;0.0;0.0;0.41;0.09;0.17;0.83;0;1;0.13
2599;cal000173;cal;regocijo;unknown;Regocijo;MALE;1;8;32;317;0;0;0;0;1.0;0.0;0.0;0.0;0.0;0.0;0.0;0.0;0.0;0.36;0.06;0.15;0.63;4;7;0.03
2600;cal000173;cal;sibilas;unknown;Sibilas;FEMALE;1;2;2;3;0;0;0;0;1.0;0.0;0.0;0.0;0.0;0.0;0.0;0.0;0.0;0.09;0.0;0.0;0.39;4;5;0.0
2601;cal000173;cal;nino;unknown;Niño;MALE;1;1;1;10;0;0;0;0;1.0;0.0;0.0;0.0;0.0;0.0;0.0;0.0;0.0;0.05;0.0;0.0;0.39;4;0;0.0
2602;cal000173;cal;musicos judaismo gentilidad;unknown;UNKNOWN;u;1;1;1;3;0;0;0;0;1.0;0.0;0.0;0.0;0.0;0.0;0.0;0.0;0.0;0.05;0.0;0.0;0.1;0;0;0.0
2603;cal000173;cal;gentilidad judaismo;unknown;UNKNOWN;u;1;3;4;7;0;0;0;0;1.0;0.0;0.0;0.0;0.0;0.0;0.0;0.0;0.0;0.14;0.01;0.0;0.39;1;3;0.0
2604;cal000173;cal;judaismo gentilidad;unknown;UNKNOWN;u;1;2;3;4;0;0;0;0;1.0;0.0;0.0;0.0;0.0;0.0;0.0;0.0;0.0;0.09;0.01;0.0;0.22;0;1;0.0
2605;cal000173;cal;fe musicos;unknown;UNKNOWN;u;1;1;1;7;0;0;0;0;1.0;0.0;0.0;0.0;0.0;0.0;0.0;0.0;0.0;0.05;0.0;0.0;0.1;0;0;0.0
2606;cal000173;cal;jeronimo ambrosio agustin tomas gregorio;unknown;UNKNOWN;u;1;1;1;2;0;0;0;0;1.0;0.0;0.0;0.0;0.0;0.0;0.0;0.0;0.0;0.05;0.0;0.0;0.41;5;2;0.0
2607;cal000173;cal;delfica persica cumana tiburtina musicos;unknown;UNKNOWN;u;1;1;1;2;0;0;0;0;1.0;0.0;0.0;0.0;0.0;0.0;0.0;0.0;0.0;0.05;0.0;0.0;0.41;0;1;0.0
2608;cal000173;cal;delfica cumana tiburtina persica;unknown;UNKNOWN;u;1;1;1;2;0;0;0;0;1.0;0.0;0.0;0.0;0.0;0.0;0.0;0.0;0.0;0.05;0.0;0.0;0.41;0;1;0.0
2609;cal000173;cal;persica delfica cumana tiburtina fe musicos;unknown;UNKNOWN;u;1;1;1;5;0;0;0;0;1.0;0.0;0.0;0.0;0.0;0.0;0.0;0.0;0.0;0.05;0.0;0.0;0.41;0;1;0.0
2610;cal000173;cal;persica delfica cumana tiburtina fe musicos gregorio regocijo jeronimo ambrosio augustin tomas gentilidad judaismo;unknown;UNKNOWN;u;1;1;1;1;0;0;0;0;1.0;0.0;0.0;0.0;0.0;0.0;0.0;0.0;0.0;0.05;0.0;0.0;0.22;0;0;0.0
2611;cal000173;cal;persica delfica cumana tiburtina fe musicos gregorio jeronimo ambrosio augustin tomas gentilidad judaismo regocijo;unknown;UNKNOWN;u;1;1;1;1;0;0;0;0;1.0;0.0;0.0;0.0;0.0;0.0;0.0;0.0;0.0;0.05;0.0;0.0;0.22;0;0;0.0
2612;cal000173;cal;voz;unknown;UNKNOWN;u;1;1;4;13;0;0;0;0;1.0;0.0;0.0;0.0;0.0;0.0;0.0;0.0;0.0;0.05;0.01;0.01;0.12;0;0;0.0
2613;cal000173;cal;persica delfica cumana tiburtina fe jeronimo gregorio tomas ambrosio gentilidad judaismo regocijo coro-2 coro-1 voz augustin musicos;unknown;UNKNOWN;u;1;1;1;2;0;0;0;0;1.0;0.0;0.0;0.0;0.0;0.0;0.0;0.0;0.0;0.05;0.0;0.0;0.12;0;0;0.0
2614;cal000173;cal;ambrosio fe;unknown;UNKNOWN;u;1;1;2;2;0;0;0;0;1.0;0.0;0.0;0.0;0.0;0.0;0.0;0.0;0.0;0.05;0.0;0.0;0.1;1;3;0.0
2615;cal000173;cal;gregorio tomas gentilidad judaismo coro-2 coro-1 voz musicos agustin ambrosio fe persica tiburtina delfica cumana regocijo augustin;unknown;UNKNOWN;u;1;1;2;2;0;0;0;0;1.0;0.0;0.0;0.0;0.0;0.0;0.0;0.0;0.0;0.05;0.0;0.0;0.24;1;1;0.0
2616;cal000173;cal;fe regocijo;unknown;UNKNOWN;u;1;1;1;1;0;0;0;0;1.0;0.0;0.0;0.0;0.0;0.0;0.0;0.0;0.0;0.05;0.0;0.0;0.24;0;1;0.0
2617;cal000173;cal;gregorio tomas gentilidad judaismo coro-2 coro-1 voz agustin persica tiburtina delfica cumana regocijo musicos fe ambrosio augustin;unknown;UNKNOWN;u;1;1;1;2;0;0;0;0;1.0;0.0;0.0;0.0;0.0;0.0;0.0;0.0;0.0;0.05;0.0;0.0;0.24;0;0;0.0
2618;cal000173;cal;gentilidad regocijo;unknown;UNKNOWN;u;1;1;1;1;0;0;0;0;1.0;0.0;0.0;0.0;0.0;0.0;0.0;0.0;0.0;0.05;0.0;0.0;0.07;0;0;0.0
2619;cal000173;cal;tomas musicos;unknown;UNKNOWN;u;1;1;4;5;0;0;0;0;1.0;0.0;0.0;0.0;0.0;0.0;0.0;0.0;0.0;0.05;0.01;0.0;0.34;0;0;0.0
2620;cal000173;cal;coro-1 voz agustin augustin persica ambrosio delfica jeronimo cumana gregorio tomas fe regocijo tiburtina musicos judaismo gentilidad;unknown;UNKNOWN;u;1;1;1;1;0;0;0;0;1.0;0.0;0.0;0.0;0.0;0.0;0.0;0.0;0.0;0.05;0.0;0.0;0.2;2;2;0.0
2621;cal000173;cal;coro-2 coro-1 voz agustin augustin persica ambrosio delfica jeronimo cumana gregorio tiburtina musicos regocijo judaismo tomas sibilas gentilidad fe;unknown;UNKNOWN;u;1;1;1;1;0;0;0;0;1.0;0.0;0.0;0.0;0.0;0.0;0.0;0.0;0.0;0.05;0.0;0.0;0.02;0;0;0.0
2622;cal000173;cal;coro-1 voz agustin persica delfica cumana tiburtina musicos sibilas gentilidad gregorio jeronimo ambrosio augustin tomas regocijo fe judaismo;unknown;UNKNOWN;u;1;1;1;1;0;0;0;0;1.0;0.0;0.0;0.0;0.0;0.0;0.0;0.0;0.0;0.05;0.0;0.0;0.39;4;1;0.0
2623;cal000173;cal;coro-1 voz agustin musicos sibilas regocijo nino gentilidad tiburtina gregorio delfica jeronimo persica augustin ambrosio tomas cumana judaismo fe;unknown;UNKNOWN;u;1;1;4;8;0;0;0;0;1.0;0.0;0.0;0.0;0.0;0.0;0.0;0.0;0.0;0.05;0.01;0.0;0.39;0;0;0.0
2624;cal000021;cal;músicos;unknown;Músicos;UNKNOWN;1;9;19;21;0;0;0;0;1.0;0.0;0.0;0.0;0.0;0.0;0.0;0.0;0.0;0.17;0.05;0.01;0.59;1;0;0.07
2625;cal000021;cal;alcorán;unknown;Alcorán;MALE;1;17;50;420;0;0;0;0;1.0;0.0;0.0;0.0;0.0;0.0;0.0;0.0;0.0;0.33;0.13;0.21;0.55;2;2;0.08
2626;cal000021;cal;hebraísmo;unknown;Hebraísmo;MALE;1;13;60;228;0;0;0;0;1.0;0.0;0.0;0.0;0.0;0.0;0.0;0.0;0.0;0.25;0.16;0.12;0.45;1;1;0.05
2627;cal000021;cal;rústico;unknown;Rústico;MALE;1;9;36;151;0;0;0;0;1.0;0.0;0.0;0.0;0.0;0.0;0.0;0.0;0.0;0.17;0.09;0.08;0.48;1;1;0.08
2628;cal000021;cal;rey;unknown;Santo Rey;MALE;1;24;67;485;0;0;0;0;1.0;0.0;0.0;0.0;0.0;0.0;0.0;0.0;0.0;0.46;0.18;0.25;0.83;1;4;0.26
2629;cal000021;cal;leandro;unknown;San Leandro;MALE;1;1;2;18;0;0;0;0;1.0;0.0;0.0;0.0;0.0;0.0;0.0;0.0;0.0;0.02;0.01;0.01;0.34;4;2;0.0
2630;cal000021;cal;viejo;unknown;Un Viejo;MALE;1;4;10;72;0;0;0;0;1.0;0.0;0.0;0.0;0.0;0.0;0.0;0.0;0.0;0.08;0.03;0.04;0.1;0;1;0.0
2631;cal000021;cal;apostasía;unknown;Apostasía;FEMALE;1;16;45;253;0;0;0;0;1.0;0.0;0.0;0.0;0.0;0.0;0.0;0.0;0.0;0.31;0.12;0.13;0.48;0;2;0.08
2632;cal000021;cal;fe;unknown;Fe;FEMALE;1;9;12;55;0;0;0;0;1.0;0.0;0.0;0.0;0.0;0.0;0.0;0.0;0.0;0.17;0.03;0.03;0.48;2;0;0.05
2633;cal000021;cal;esperanza;unknown;Esperanza;FEMALE;1;6;9;38;0;0;0;0;1.0;0.0;0.0;0.0;0.0;0.0;0.0;0.0;0.0;0.12;0.02;0.02;0.41;2;3;0.01
2634;cal000021;cal;caridad;unknown;Caridad;FEMALE;1;7;14;41;0;0;0;0;1.0;0.0;0.0;0.0;0.0;0.0;0.0;0.0;0.0;0.13;0.04;0.02;0.48;4;3;0.02
2635;cal000021;cal;isidro;unknown;San Isidro;MALE;1;1;2;9;0;0;0;0;1.0;0.0;0.0;0.0;0.0;0.0;0.0;0.0;0.0;0.02;0.01;0.0;0.34;4;0;0.0
2636;cal000021;cal;religión-de-santo-domingo;unknown;La Religión de Santo Domingo;FEMALE;1;15;29;141;0;0;0;0;1.0;0.0;0.0;0.0;0.0;0.0;0.0;0.0;0.0;0.29;0.08;0.07;0.72;1;2;0.12
2637;cal000021;cal;hebraísmo alcorán;unknown;UNKNOWN;u;1;2;3;6;0;0;0;0;1.0;0.0;0.0;0.0;0.0;0.0;0.0;0.0;0.0;0.04;0.01;0.0;0.14;1;0;0.0
2638;cal000021;cal;alcorán apostasía;unknown;UNKNOWN;u;1;1;1;1;0;0;0;0;1.0;0.0;0.0;0.0;0.0;0.0;0.0;0.0;0.0;0.02;0.0;0.0;0.14;0;1;0.0
2639;cal000021;cal;alcorán hebraísmo;unknown;UNKNOWN;u;1;3;4;6;0;0;0;0;1.0;0.0;0.0;0.0;0.0;0.0;0.0;0.0;0.0;0.06;0.01;0.0;0.21;0;0;0.0
2640;cal000021;cal;alcorán hebraísmo rústico rey leandro viejo fe esperanza caridad isidro religión-de-santo-domingo;unknown;UNKNOWN;u;1;1;1;2;0;0;0;0;1.0;0.0;0.0;0.0;0.0;0.0;0.0;0.0;0.0;0.02;0.0;0.0;0.07;1;1;0.0
2641;cal000021;cal;alcorán hebraísmo rey leandro viejo fe esperanza caridad isidro religión-de-santo-domingo;unknown;UNKNOWN;u;1;1;1;2;0;0;0;0;1.0;0.0;0.0;0.0;0.0;0.0;0.0;0.0;0.0;0.02;0.0;0.0;0.1;0;0;0.0
2642;cal000021;cal;hebraísmo rey religión-de-santo-domingo apostasía músicos caridad rústico;unknown;UNKNOWN;u;1;1;3;8;0;0;0;0;1.0;0.0;0.0;0.0;0.0;0.0;0.0;0.0;0.0;0.02;0.01;0.0;0.21;1;0;0.0
2643;cal000021;cal;hebraísmo rey;unknown;UNKNOWN;u;1;1;1;1;0;0;0;0;1.0;0.0;0.0;0.0;0.0;0.0;0.0;0.0;0.0;0.02;0.0;0.0;0.14;0;1;0.0
2644;cal000021;cal;apostasía caridad;unknown;UNKNOWN;u;1;1;1;2;0;0;0;0;1.0;0.0;0.0;0.0;0.0;0.0;0.0;0.0;0.0;0.02;0.0;0.0;0.14;0;1;0.0
2645;cal000021;cal;alcorán rústico caridad apostasía esperanza fe hebraísmo isidro leandro músicos religión-de-santo-domingo rey rústico viejo;unknown;UNKNOWN;u;1;1;1;1;0;0;0;0;1.0;0.0;0.0;0.0;0.0;0.0;0.0;0.0;0.0;0.02;0.0;0.0;0.14;0;1;0.0
2646;cal000021;cal;alcorán rústico caridad apostasía esperanza fe hebraísmo músicos religión-de-santo-domingo rey rústico;unknown;UNKNOWN;u;1;1;1;1;0;0;0;0;1.0;0.0;0.0;0.0;0.0;0.0;0.0;0.0;0.0;0.02;0.0;0.0;0.14;0;0;0.0
2647;cal000021;cal;alcorán rústico caridad apostasía esperanza fe hebraísmo religión-de-santo-domingo rey rústico;unknown;UNKNOWN;u;1;1;1;1;0;0;0;0;1.0;0.0;0.0;0.0;0.0;0.0;0.0;0.0;0.0;0.02;0.0;0.0;0.14;0;0;0.0
2648;cal000021;cal;isidro leandro;unknown;UNKNOWN;u;1;1;2;3;0;0;0;0;1.0;0.0;0.0;0.0;0.0;0.0;0.0;0.0;0.0;0.02;0.01;0.0;0.34;4;0;0.0
2649;cal000021;cal;esperanza caridad fe;unknown;UNKNOWN;u;1;1;1;1;0;0;0;0;1.0;0.0;0.0;0.0;0.0;0.0;0.0;0.0;0.0;0.02;0.0;0.0;0.34;0;0;0.0
2650;cal000021;cal;esperanza fe caridad leandro isidro;unknown;UNKNOWN;u;1;2;3;5;0;0;0;0;1.0;0.0;0.0;0.0;0.0;0.0;0.0;0.0;0.0;0.04;0.01;0.0;0.38;0;0;0.0
2651;cal000021;cal;isidro leandro caridad fe esperanza viejo rústico;unknown;UNKNOWN;u;1;1;1;1;0;0;0;0;1.0;0.0;0.0;0.0;0.0;0.0;0.0;0.0;0.0;0.02;0.0;0.0;0.21;0;1;0.0
2652;cal000021;cal;isidro leandro caridad fe esperanza viejo rústico religión-de-santo-domingo;unknown;UNKNOWN;u;1;1;1;3;0;0;0;0;1.0;0.0;0.0;0.0;0.0;0.0;0.0;0.0;0.0;0.02;0.0;0.0;0.21;0;1;0.0
2653;cal000021;cal;isidro leandro caridad fe esperanza viejo rústico religión-de-santo-domingo músicos;unknown;UNKNOWN;u;1;1;1;3;0;0;0;0;1.0;0.0;0.0;0.0;0.0;0.0;0.0;0.0;0.0;0.02;0.0;0.0;0.21;0;0;0.0
2654;cal000174;cal;musicos;unknown;Músicos;UNKNOWN;1;4;20;25;0;0;0;0;1.0;0.0;0.0;0.0;0.0;0.0;0.0;0.0;0.0;0.08;0.04;0.01;0.24;1;3;0.01
2655;cal000174;cal;sultana;unknown;Sultana;FEMALE;1;12;30;456;0;0;0;0;1.0;0.0;0.0;0.0;0.0;0.0;0.0;0.0;0.0;0.25;0.06;0.19;0.57;0;11;0.19
2656;cal000174;cal;abenyucef;unknown;Abenyucef;MALE;1;6;36;155;0;0;0;0;1.0;0.0;0.0;0.0;0.0;0.0;0.0;0.0;0.0;0.12;0.08;0.06;0.39;0;5;0.05
2657;cal000174;cal;rey;unknown;Rey;MALE;1;30;123;831;0;0;0;0;1.0;0.0;0.0;0.0;0.0;0.0;0.0;0.0;0.0;0.62;0.26;0.35;0.74;2;11;0.3
2658;cal000174;cal;vargas;unknown;Vargas;MALE;1;6;9;16;0;0;0;0;1.0;0.0;0.0;0.0;0.0;0.0;0.0;0.0;0.0;0.12;0.02;0.01;0.39;0;3;0.04
2659;cal000174;cal;correa;unknown;Correa;FEMALE;1;1;1;6;0;0;0;0;1.0;0.0;0.0;0.0;0.0;0.0;0.0;0.0;0.0;0.02;0.0;0.0;0.02;0;0;0.0
2660;cal000174;cal;calatrava;unknown;Calatrava;MALE;1;4;4;7;0;0;0;0;1.0;0.0;0.0;0.0;0.0;0.0;0.0;0.0;0.0;0.08;0.01;0.0;0.37;0;4;0.02
2661;cal000174;cal;alcantara;unknown;Alcántara;MALE;1;4;4;7;0;0;0;0;1.0;0.0;0.0;0.0;0.0;0.0;0.0;0.0;0.0;0.08;0.01;0.0;0.37;0;3;0.02
2662;cal000174;cal;prior;unknown;Prior;MALE;1;1;1;1;0;0;0;0;1.0;0.0;0.0;0.0;0.0;0.0;0.0;0.0;0.0;0.02;0.0;0.0;0.07;0;0;0.0
2663;cal000174;cal;santiago;unknown;Santiago;MALE;1;8;12;56;0;0;0;0;1.0;0.0;0.0;0.0;0.0;0.0;0.0;0.0;0.0;0.17;0.03;0.02;0.33;0;8;0.02
2664;cal000174;cal;segovia;unknown;Segovia;MALE;1;13;34;131;0;0;0;0;1.0;0.0;0.0;0.0;0.0;0.0;0.0;0.0;0.0;0.27;0.07;0.05;0.44;1;11;0.06
2665;cal000174;cal;principe;unknown;Príncipe;MALE;1;10;19;63;0;0;0;0;1.0;0.0;0.0;0.0;0.0;0.0;0.0;0.0;0.0;0.21;0.04;0.03;0.48;0;2;0.06
2666;cal000174;cal;angel-1;unknown;Ángel 1.º;MALE;1;8;26;99;0;0;0;0;1.0;0.0;0.0;0.0;0.0;0.0;0.0;0.0;0.0;0.17;0.06;0.04;0.22;1;1;0.01
2667;cal000174;cal;angel-2;unknown;Ángel 2.º;MALE;1;8;26;82;0;0;0;0;1.0;0.0;0.0;0.0;0.0;0.0;0.0;0.0;0.0;0.17;0.06;0.03;0.22;1;0;0.01
2668;cal000174;cal;nina;unknown;Niña;FEMALE;1;1;1;24;0;0;0;0;1.0;0.0;0.0;0.0;0.0;0.0;0.0;0.0;0.0;0.02;0.0;0.01;0.15;0;0;0.0
2669;cal000174;cal;almirante;unknown;Almirante;MALE;1;8;11;71;0;0;0;0;1.0;0.0;0.0;0.0;0.0;0.0;0.0;0.0;0.0;0.17;0.02;0.03;0.41;0;8;0.06
2670;cal000174;cal;don-pelay;unknown;Don Pelay;MALE;1;6;8;56;0;0;0;0;1.0;0.0;0.0;0.0;0.0;0.0;0.0;0.0;0.0;0.12;0.02;0.02;0.39;0;5;0.05
2671;cal000174;cal;soldado;unknown;Soldado;MALE;1;1;1;1;0;0;0;0;1.0;0.0;0.0;0.0;0.0;0.0;0.0;0.0;0.0;0.02;0.0;0.0;0.06;0;0;0.0
2672;cal000174;cal;tropezon;unknown;Tropezón;MALE;1;9;20;149;0;0;0;0;1.0;0.0;0.0;0.0;0.0;0.0;0.0;0.0;0.0;0.19;0.04;0.06;0.22;0;2;0.03
2673;cal000174;cal;san-juan;unknown;San Juan;MALE;1;2;3;23;0;0;0;0;1.0;0.0;0.0;0.0;0.0;0.0;0.0;0.0;0.0;0.04;0.01;0.01;0.26;1;7;0.0
2674;cal000174;cal;sultana abenyucef acompanamiento rey vargas correa calatrava alcantara prior santiago segovia principe almirante don-pelay soldado tropezon;unknown;UNKNOWN;u;1;1;2;2;0;0;0;0;1.0;0.0;0.0;0.0;0.0;0.0;0.0;0.0;0.0;0.02;0.0;0.0;0.06;0;0;0.0
2675;cal000174;cal;acompanamiento;unknown;UNKNOWN;u;1;11;27;30;0;0;0;0;1.0;0.0;0.0;0.0;0.0;0.0;0.0;0.0;0.0;0.23;0.06;0.01;0.56;0;6;0.08
2676;cal000174;cal;calatrava alcantara prior;unknown;UNKNOWN;u;1;1;1;1;0;0;0;0;1.0;0.0;0.0;0.0;0.0;0.0;0.0;0.0;0.0;0.02;0.0;0.0;0.07;0;0;0.0
2677;cal000174;cal;angel-2 angel-1;unknown;UNKNOWN;u;1;2;4;6;0;0;0;0;1.0;0.0;0.0;0.0;0.0;0.0;0.0;0.0;0.0;0.04;0.01;0.0;0.15;1;0;0.0
2678;cal000174;cal;angel-2 angel-1 musicos;unknown;UNKNOWN;u;1;1;1;5;0;0;0;0;1.0;0.0;0.0;0.0;0.0;0.0;0.0;0.0;0.0;0.02;0.0;0.0;0.15;1;0;0.0
2679;cal000174;cal;nina angel-1 angel-2 musicos;unknown;UNKNOWN;u;1;1;1;9;0;0;0;0;1.0;0.0;0.0;0.0;0.0;0.0;0.0;0.0;0.0;0.02;0.0;0.0;0.15;0;0;0.0
2680;cal000174;cal;vargas correa calatrava alcantara prior principe santiago segovia acompanamiento rey almirante;unknown;UNKNOWN;u;1;1;1;1;0;0;0;0;1.0;0.0;0.0;0.0;0.0;0.0;0.0;0.0;0.0;0.02;0.0;0.0;0.09;0;0;0.0
2681;cal000174;cal;almirante rey;unknown;UNKNOWN;u;1;1;1;2;0;0;0;0;1.0;0.0;0.0;0.0;0.0;0.0;0.0;0.0;0.0;0.02;0.0;0.0;0.02;0;0;0.0
2682;cal000174;cal;vargas correa calatrava alcantara prior acompanamiento principe don-pelay santiago soldado segovia rey almirante tropezon;unknown;UNKNOWN;u;1;1;1;1;0;0;0;0;1.0;0.0;0.0;0.0;0.0;0.0;0.0;0.0;0.0;0.02;0.0;0.0;0.06;0;0;0.0
2683;cal000174;cal;abenyucef vargas correa calatrava alcantara prior acompanamiento principe don-pelay santiago soldado segovia rey tropezon almirante;unknown;UNKNOWN;u;1;1;1;1;0;0;0;0;1.0;0.0;0.0;0.0;0.0;0.0;0.0;0.0;0.0;0.02;0.0;0.0;0.06;0;0;0.0
2684;cal000174;cal;correa calatrava alcantara prior acompanamiento principe don-pelay santiago soldado segovia rey tropezon almirante;unknown;UNKNOWN;u;1;1;1;1;0;0;0;0;1.0;0.0;0.0;0.0;0.0;0.0;0.0;0.0;0.0;0.02;0.0;0.0;0.07;0;0;0.0
2685;cal000174;cal;correa calatrava alcantara prior acompanamiento principe don-pelay santiago soldado segovia rey tropezon almirante abenyucef sultana;unknown;UNKNOWN;u;1;1;1;1;0;0;0;0;1.0;0.0;0.0;0.0;0.0;0.0;0.0;0.0;0.0;0.02;0.0;0.0;0.07;0;0;0.0
2686;cal000174;cal;correa calatrava alcantara prior acompanamiento principe don-pelay santiago soldado segovia rey tropezon almirante sultana abenyucef;unknown;UNKNOWN;u;1;1;1;1;0;0;0;0;1.0;0.0;0.0;0.0;0.0;0.0;0.0;0.0;0.0;0.02;0.0;0.0;0.07;0;0;0.0
2687;cal000174;cal;correa calatrava alcantara prior acompanamiento principe don-pelay santiago soldado segovia tropezon almirante sultana rey san-juan abenyucef;unknown;UNKNOWN;u;1;1;1;1;0;0;0;0;1.0;0.0;0.0;0.0;0.0;0.0;0.0;0.0;0.0;0.02;0.0;0.0;0.15;1;4;0.0
2688;cal000174;cal;prior santiago soldado tropezon almirante abenyucef sultana acompanamiento don-pelay calatrava alcantara san-juan vargas rey principe segovia;unknown;UNKNOWN;u;1;1;1;1;0;0;0;0;1.0;0.0;0.0;0.0;0.0;0.0;0.0;0.0;0.0;0.02;0.0;0.0;0.09;0;0;0.0
2689;cal000174;cal;segovia tropezon;unknown;UNKNOWN;u;1;1;1;1;0;0;0;0;1.0;0.0;0.0;0.0;0.0;0.0;0.0;0.0;0.0;0.02;0.0;0.0;0.06;0;1;0.0
2690;cal000174;cal;prior soldado almirante sultana don-pelay calatrava alcantara san-juan acompanamiento vargas principe santiago tropezon rey segovia abenyucef;unknown;UNKNOWN;u;1;1;1;2;0;0;0;0;1.0;0.0;0.0;0.0;0.0;0.0;0.0;0.0;0.0;0.02;0.0;0.0;0.09;1;1;0.0
2691;cal000174;cal;prior soldado almirante don-pelay calatrava alcantara san-juan acompanamiento vargas acompanamiento principe tropezon abenyucef santiago segovia rey sultana;unknown;UNKNOWN;u;1;1;1;3;0;0;0;0;1.0;0.0;0.0;0.0;0.0;0.0;0.0;0.0;0.0;0.02;0.0;0.0;0.24;0;8;0.0
2692;cal000174;cal;prior soldado almirante don-pelay calatrava alcantara san-juan acompanamiento vargas principe tropezon abenyucef santiago segovia rey sultana;unknown;UNKNOWN;u;1;1;1;1;0;0;0;0;1.0;0.0;0.0;0.0;0.0;0.0;0.0;0.0;0.0;0.02;0.0;0.0;0.24;0;8;0.0
2693;cal000174;cal;correa prior don-pelay soldado acompanamiento tropezon santiago segovia sultana almirante san-juan calatrava alcantara vargas principe abenyucef rey;unknown;UNKNOWN;u;1;1;1;2;0;0;0;0;1.0;0.0;0.0;0.0;0.0;0.0;0.0;0.0;0.0;0.02;0.0;0.0;0.24;0;0;0.0
2694;cal000174;cal;prior soldado acompanamiento tropezon santiago segovia sultana almirante san-juan calatrava alcantara vargas don-pelay principe abenyucef rey;unknown;UNKNOWN;u;1;1;1;1;0;0;0;0;1.0;0.0;0.0;0.0;0.0;0.0;0.0;0.0;0.0;0.02;0.0;0.0;0.07;0;2;0.0
2695;cal000174;cal;segovia santiago;unknown;UNKNOWN;u;1;1;1;1;0;0;0;0;1.0;0.0;0.0;0.0;0.0;0.0;0.0;0.0;0.0;0.02;0.0;0.0;0.07;0;2;0.0
2696;cal000174;cal;prior don-pelay soldado tropezon sultana almirante san-juan calatrava alcantara vargas acompanamiento abenyucef segovia santiago principe rey;unknown;UNKNOWN;u;1;1;1;1;0;0;0;0;1.0;0.0;0.0;0.0;0.0;0.0;0.0;0.0;0.0;0.02;0.0;0.0;0.02;0;0;0.0
2697;cal000174;cal;prior soldado acompanamiento tropezon sultana acompanamiento san-juan calatrava alcantara segovia santiago don-pelay principe almirante abenyucef vargas rey;unknown;UNKNOWN;u;1;1;1;1;0;0;0;0;1.0;0.0;0.0;0.0;0.0;0.0;0.0;0.0;0.0;0.02;0.0;0.0;0.06;0;1;0.0
2698;cal000174;cal;musicos soldado tropezon sultana san-juan calatrava alcantara segovia santiago don-pelay almirante abenyucef rey acompanamiento principe vargas;unknown;UNKNOWN;u;1;1;1;1;0;0;0;0;1.0;0.0;0.0;0.0;0.0;0.0;0.0;0.0;0.0;0.02;0.0;0.0;0.07;1;0;0.0
2699;cal000174;cal;musicos prior soldado acompanamiento tropezon sultana san-juan calatrava alcantara segovia santiago don-pelay almirante abenyucef rey principe vargas;unknown;UNKNOWN;u;1;1;2;2;0;0;0;0;1.0;0.0;0.0;0.0;0.0;0.0;0.0;0.0;0.0;0.02;0.0;0.0;0.07;1;0;0.0
2700;cal000174;cal;musicos prior soldado tropezon sultana acompanamiento san-juan calatrava alcantara segovia santiago don-pelay almirante abenyucef rey principe vargas;unknown;UNKNOWN;u;1;1;1;1;0;0;0;0;1.0;0.0;0.0;0.0;0.0;0.0;0.0;0.0;0.0;0.02;0.0;0.0;0.07;1;0;0.0
2701;cal000174;cal;angel-1 angel-2;unknown;UNKNOWN;u;1;2;8;13;0;0;0;0;1.0;0.0;0.0;0.0;0.0;0.0;0.0;0.0;0.0;0.04;0.02;0.01;0.07;1;2;0.0
2702;cal000174;cal;tropezon rey;unknown;UNKNOWN;u;1;1;1;3;0;0;0;0;1.0;0.0;0.0;0.0;0.0;0.0;0.0;0.0;0.0;0.02;0.0;0.0;0.02;0;0;0.0
2703;cal000174;cal;prior soldado san-juan calatrava alcantara santiago don-pelay almirante abenyucef acompanamiento principe vargas sultana segovia tropezon rey;unknown;UNKNOWN;u;1;1;2;2;0;0;0;0;1.0;0.0;0.0;0.0;0.0;0.0;0.0;0.0;0.0;0.02;0.0;0.0;0.2;0;8;0.0
2704;cal000174;cal;musicos angeles;unknown;UNKNOWN;u;1;1;1;16;0;0;0;0;1.0;0.0;0.0;0.0;0.0;0.0;0.0;0.0;0.0;0.02;0.0;0.01;0.2;0;5;0.0
2705;cal000174;cal;rey musicos;unknown;UNKNOWN;u;1;1;3;5;0;0;0;0;1.0;0.0;0.0;0.0;0.0;0.0;0.0;0.0;0.0;0.02;0.01;0.0;0.07;0;2;0.0
2706;cal000174;cal;prior soldado acompanamiento san-juan abenyucef tropezon segovia almirante alcantara vargas calatrava don-pelay principe santiago rey musicos angel-1 angel-2 sultana;unknown;UNKNOWN;u;1;1;1;1;0;0;0;0;1.0;0.0;0.0;0.0;0.0;0.0;0.0;0.0;0.0;0.02;0.0;0.0;0.09;1;2;0.0
2707;cal000174;cal;prior soldado san-juan acompanamiento abenyucef tropezon segovia almirante alcantara vargas calatrava don-pelay santiago rey musicos angel-1 angel-2 sultana principe;unknown;UNKNOWN;u;1;1;1;1;0;0;0;0;1.0;0.0;0.0;0.0;0.0;0.0;0.0;0.0;0.0;0.02;0.0;0.0;0.09;1;1;0.0
2708;cal000174;cal;prior soldado acompanamiento san-juan abenyucef tropezon almirante alcantara vargas calatrava don-pelay santiago rey musicos angel-1 angel-2 sultana principe segovia;unknown;UNKNOWN;u;1;1;2;5;0;0;0;0;1.0;0.0;0.0;0.0;0.0;0.0;0.0;0.0;0.0;0.02;0.0;0.0;0.09;1;0;0.0
2709;cal000100;cal;músicos;unknown;Músicos;UNKNOWN;1;2;3;15;0;0;0;0;1.0;0.0;0.0;0.0;0.0;0.0;0.0;0.0;0.0;0.04;0.0;0.0;0.69;4;2;0.0
2710;cal000100;cal;flérida;unknown;Flérida;FEMALE;3;27;258;936;0;0;0;0;0.3;0.38;0.32;0.0;0.0;0.0;0.0;0.0;0.0;0.5;0.23;0.23;0.92;3;2;0.04
2711;cal000100;cal;laura;unknown;Laura;FEMALE;3;24;166;640;0;0;0;0;0.3;0.41;0.29;0.0;0.0;0.0;0.0;0.0;0.0;0.44;0.15;0.15;0.92;0;1;0.04
2712;cal000100;cal;flora;unknown;Flora;FEMALE;2;5;12;43;0;0;0;0;0.93;0.07;0.0;0.0;0.0;0.0;0.0;0.0;0.0;0.09;0.01;0.01;0.77;2;1;0.0
2713;cal000100;cal;libia;unknown;Libia;FEMALE;2;3;4;14;0;0;0;0;0.93;0.07;0.0;0.0;0.0;0.0;0.0;0.0;0.0;0.06;0.0;0.0;0.77;1;1;0.0
2714;cal000100;cal;federico;unknown;Federico;MALE;3;34;299;1063;0;0;0;0;0.34;0.31;0.35;0.0;0.0;0.0;0.0;0.0;0.0;0.63;0.27;0.26;1.0;4;4;0.09
2715;cal000100;cal;enrique;unknown;Enrique;MALE;3;14;78;342;0;0;0;0;0.32;0.38;0.3;0.0;0.0;0.0;0.0;0.0;0.0;0.26;0.07;0.08;0.77;4;3;0.03
2716;cal000100;cal;lisardo;unknown;Lisardo;MALE;3;10;35;119;0;0;0;0;0.26;0.49;0.25;0.0;0.0;0.0;0.0;0.0;0.0;0.19;0.03;0.03;0.85;0;0;0.01
2717;cal000100;cal;arnesto;unknown;Arnesto;MALE;3;13;86;234;0;0;0;0;0.11;0.06;0.83;0.0;0.0;0.0;0.0;0.0;0.0;0.24;0.08;0.06;0.85;3;1;0.01
2718;cal000100;cal;fabio;unknown;Fabio;MALE;3;25;175;744;0;0;0;0;0.34;0.41;0.24;0.0;0.0;0.0;0.0;0.0;0.0;0.46;0.16;0.18;1.0;4;2;0.09
2719;cal000100;cal;federico enrique;unknown;UNKNOWN;u;1;1;1;1;0;0;0;0;1.0;0.0;0.0;0.0;0.0;0.0;0.0;0.0;0.0;0.02;0.0;0.0;0.23;0;0;0.0
2720;cal000100;cal;todos;unknown;UNKNOWN;u;2;2;2;3;0;0;0;0;0.67;0.0;0.33;0.0;0.0;0.0;0.0;0.0;0.0;0.04;0.0;0.0;0.69;4;2;0.0
2721;cal000100;cal;fabio federico;unknown;UNKNOWN;u;1;1;1;1;0;0;0;0;0.0;0.0;1.0;0.0;0.0;0.0;0.0;0.0;0.0;0.02;0.0;0.0;0.31;0;0;0.0
2722;cal000100;cal;arnesto federico;unknown;UNKNOWN;u;1;1;1;1;0;0;0;0;0.0;0.0;1.0;0.0;0.0;0.0;0.0;0.0;0.0;0.02;0.0;0.0;0.54;1;3;0.0
2723;cal000175;cal;musicos;unknown;Músicos;UNKNOWN;1;6;10;32;0;0;0;0;1.0;0.0;0.0;0.0;0.0;0.0;0.0;0.0;0.0;0.33;0.03;0.02;0.74;3;2;0.04
2724;cal000175;cal;virtudes;unknown;Virtudes;FEMALE;1;1;1;1;0;0;0;0;1.0;0.0;0.0;0.0;0.0;0.0;0.0;0.0;0.0;0.06;0.0;0.0;0.5;3;3;0.0
2725;cal000175;cal;demonio;unknown;Demonio;MALE;1;9;18;430;0;0;0;0;1.0;0.0;0.0;0.0;0.0;0.0;0.0;0.0;0.0;0.5;0.06;0.23;0.8;0;4;0.04
2726;cal000175;cal;aspid;unknown;Áspid;MALE;1;11;33;249;0;0;0;0;1.0;0.0;0.0;0.0;0.0;0.0;0.0;0.0;0.0;0.61;0.11;0.13;0.85;1;2;0.09
2727;cal000175;cal;basilisco;unknown;Basilisco;MALE;1;8;24;118;0;0;0;0;1.0;0.0;0.0;0.0;0.0;0.0;0.0;0.0;0.0;0.44;0.08;0.06;0.74;1;2;0.03
2728;cal000175;cal;esperanza;unknown;Esperanza;FEMALE;1;5;9;54;0;0;0;0;1.0;0.0;0.0;0.0;0.0;0.0;0.0;0.0;0.0;0.28;0.03;0.03;0.74;3;3;0.03
2729;cal000175;cal;caridad;unknown;Caridad;FEMALE;1;6;22;87;0;0;0;0;1.0;0.0;0.0;0.0;0.0;0.0;0.0;0.0;0.0;0.33;0.07;0.05;0.83;2;1;0.05
2730;cal000175;cal;fe;unknown;Fe;FEMALE;1;6;10;46;0;0;0;0;1.0;0.0;0.0;0.0;0.0;0.0;0.0;0.0;0.0;0.33;0.03;0.02;0.8;1;5;0.05
2731;cal000175;cal;alegria;unknown;Alegría;FEMALE;1;4;5;22;0;0;0;0;1.0;0.0;0.0;0.0;0.0;0.0;0.0;0.0;0.0;0.22;0.02;0.01;0.63;1;5;0.01
2732;cal000175;cal;pensamiento;unknown;Pensamiento;MALE;1;3;23;69;0;0;0;0;1.0;0.0;0.0;0.0;0.0;0.0;0.0;0.0;0.0;0.17;0.07;0.04;0.63;5;5;0.01
2733;cal000175;cal;maximiliano;unknown;Maximiliano;MALE;1;8;42;364;0;0;0;0;1.0;0.0;0.0;0.0;0.0;0.0;0.0;0.0;0.0;0.44;0.14;0.2;0.93;3;2;0.13
2734;cal000175;cal;sacerdote;unknown;Sacerdote;MALE;1;4;12;57;0;0;0;0;1.0;0.0;0.0;0.0;0.0;0.0;0.0;0.0;0.0;0.22;0.04;0.03;0.65;3;2;0.01
2735;cal000175;cal;angel;unknown;Ángel;MALE;1;4;22;64;0;0;0;0;1.0;0.0;0.0;0.0;0.0;0.0;0.0;0.0;0.0;0.22;0.07;0.03;0.72;5;7;0.02
2736;cal000175;cal;federico;unknown;Federico;MALE;1;8;25;151;0;0;0;0;1.0;0.0;0.0;0.0;0.0;0.0;0.0;0.0;0.0;0.44;0.08;0.08;0.61;4;6;0.07
2737;cal000175;cal;criado-1;unknown;Criado 1.º;MALE;1;1;2;5;0;0;0;0;1.0;0.0;0.0;0.0;0.0;0.0;0.0;0.0;0.0;0.06;0.01;0.0;0.22;3;2;0.0
2738;cal000175;cal;criado-2;unknown;Criado 2.º;MALE;1;1;2;9;0;0;0;0;1.0;0.0;0.0;0.0;0.0;0.0;0.0;0.0;0.0;0.06;0.01;0.0;0.22;3;1;0.0
2739;cal000175;cal;aspid demonio musicos;unknown;UNKNOWN;u;1;1;1;9;0;0;0;0;1.0;0.0;0.0;0.0;0.0;0.0;0.0;0.0;0.0;0.06;0.0;0.0;0.09;0;0;0.0
2740;cal000175;cal;demonio aspid basilisco;unknown;UNKNOWN;u;1;2;2;3;0;0;0;0;1.0;0.0;0.0;0.0;0.0;0.0;0.0;0.0;0.0;0.11;0.01;0.0;0.57;4;6;0.01
2741;cal000175;cal;esperanza caridad fe alegria musicos;unknown;UNKNOWN;u;1;1;1;4;0;0;0;0;1.0;0.0;0.0;0.0;0.0;0.0;0.0;0.0;0.0;0.06;0.0;0.0;0.22;2;5;0.0
2742;cal000175;cal;caridad esperanza;unknown;UNKNOWN;u;1;1;1;1;0;0;0;0;1.0;0.0;0.0;0.0;0.0;0.0;0.0;0.0;0.0;0.06;0.0;0.0;0.22;1;4;0.0
2743;cal000175;cal;musicos alegria caridad esperanza fe pensamiento;unknown;UNKNOWN;u;1;1;1;5;0;0;0;0;1.0;0.0;0.0;0.0;0.0;0.0;0.0;0.0;0.0;0.06;0.0;0.0;0.22;0;2;0.0
2744;cal000175;cal;musicos alegria caridad esperanza fe pensamiento sacerdote;unknown;UNKNOWN;u;1;1;1;2;0;0;0;0;1.0;0.0;0.0;0.0;0.0;0.0;0.0;0.0;0.0;0.06;0.0;0.0;0.5;5;4;0.0
2745;cal000175;cal;musicos caridad esperanza fe angel sacerdote pensamiento alegria;unknown;UNKNOWN;u;1;1;1;1;0;0;0;0;1.0;0.0;0.0;0.0;0.0;0.0;0.0;0.0;0.0;0.06;0.0;0.0;0.5;4;3;0.0
2746;cal000175;cal;musicos caridad esperanza fe aspid demonio sacerdote virtudes alegria maximiliano pensamiento;unknown;UNKNOWN;u;1;1;2;2;0;0;0;0;1.0;0.0;0.0;0.0;0.0;0.0;0.0;0.0;0.0;0.06;0.01;0.0;0.5;3;3;0.0
2747;cal000175;cal;caridad fe aspid demonio sacerdote virtudes alegria maximiliano musicos pensamiento esperanza;unknown;UNKNOWN;u;1;1;1;5;0;0;0;0;1.0;0.0;0.0;0.0;0.0;0.0;0.0;0.0;0.0;0.06;0.0;0.0;0.5;2;3;0.0
2748;cal000175;cal;caridad fe demonio sacerdote virtudes alegria musicos esperanza pensamiento maximiliano aspid;unknown;UNKNOWN;u;1;1;1;2;0;0;0;0;1.0;0.0;0.0;0.0;0.0;0.0;0.0;0.0;0.0;0.06;0.0;0.0;0.5;2;2;0.0
2749;cal000175;cal;caridad fe demonio virtudes alegria musicos esperanza pensamiento maximiliano aspid sacerdote;unknown;UNKNOWN;u;1;1;1;1;0;0;0;0;1.0;0.0;0.0;0.0;0.0;0.0;0.0;0.0;0.0;0.06;0.0;0.0;0.5;2;2;0.0
2750;cal000175;cal;musicos caridad demonio virtudes alegria esperanza maximiliano aspid sacerdote pensamiento fe;unknown;UNKNOWN;u;1;1;1;5;0;0;0;0;1.0;0.0;0.0;0.0;0.0;0.0;0.0;0.0;0.0;0.06;0.0;0.0;0.5;1;2;0.0
2751;cal000175;cal;caridad demonio virtudes alegria esperanza aspid sacerdote fe pensamiento basilisco maximiliano musicos;unknown;UNKNOWN;u;1;1;1;2;0;0;0;0;1.0;0.0;0.0;0.0;0.0;0.0;0.0;0.0;0.0;0.06;0.0;0.0;0.5;1;1;0.0
2752;cal000175;cal;demonio virtudes alegria esperanza aspid fe pensamiento basilisco maximiliano musicos sacerdote;unknown;UNKNOWN;u;1;1;1;1;0;0;0;0;1.0;0.0;0.0;0.0;0.0;0.0;0.0;0.0;0.0;0.06;0.0;0.0;0.5;1;1;0.0
2753;cal000175;cal;virtudes alegria esperanza aspid fe basilisco maximiliano musicos sacerdote pensamiento caridad;unknown;UNKNOWN;u;1;1;1;6;0;0;0;0;1.0;0.0;0.0;0.0;0.0;0.0;0.0;0.0;0.0;0.06;0.0;0.0;0.5;0;1;0.0
2754;cal000175;cal;alegria musicos sacerdote pensamiento demonio maximiliano angel aspid basilisco caridad fe esperanza;unknown;UNKNOWN;u;1;1;1;1;0;0;0;0;1.0;0.0;0.0;0.0;0.0;0.0;0.0;0.0;0.0;0.06;0.0;0.0;0.22;0;1;0.0
2755;cal000175;cal;acompanamiento;unknown;UNKNOWN;u;1;3;14;16;0;0;0;0;1.0;0.0;0.0;0.0;0.0;0.0;0.0;0.0;0.0;0.17;0.05;0.01;0.3;0;3;0.01
2756;cal000175;cal;alegria musicos sacerdote pensamiento demonio angel basilisco caridad fe esperanza maximiliano voces aspid acompanamiento;unknown;UNKNOWN;u;1;1;1;1;0;0;0;0;1.0;0.0;0.0;0.0;0.0;0.0;0.0;0.0;0.0;0.06;0.0;0.0;0.22;0;1;0.0
2757;cal000175;cal;alegria musicos pensamiento angel basilisco caridad fe esperanza aspid demonio sacerdote acompanamiento;unknown;UNKNOWN;u;1;1;1;1;0;0;0;0;1.0;0.0;0.0;0.0;0.0;0.0;0.0;0.0;0.0;0.06;0.0;0.0;0.09;0;2;0.0
2758;cal000175;cal;alegria musicos pensamiento basilisco caridad fe esperanza aspid demonio maximiliano sacerdote acompanamiento federico;unknown;UNKNOWN;u;1;1;1;1;0;0;0;0;1.0;0.0;0.0;0.0;0.0;0.0;0.0;0.0;0.0;0.06;0.0;0.0;0.09;0;1;0.0
2759;cal000175;cal;alegria musicos pensamiento caridad fe esperanza maximiliano sacerdote acompanamiento federico basilisco aspid demonio;unknown;UNKNOWN;u;1;1;1;1;0;0;0;0;1.0;0.0;0.0;0.0;0.0;0.0;0.0;0.0;0.0;0.06;0.0;0.0;0.07;0;2;0.0
2760;cal000175;cal;alegria musicos pensamiento caridad fe esperanza maximiliano sacerdote acompanamiento basilisco aspid demonio federico;unknown;UNKNOWN;u;1;1;1;1;0;0;0;0;1.0;0.0;0.0;0.0;0.0;0.0;0.0;0.0;0.0;0.06;0.0;0.0;0.07;0;1;0.0
2761;cal000175;cal;fe esperanza caridad;unknown;UNKNOWN;u;1;1;2;5;0;0;0;0;1.0;0.0;0.0;0.0;0.0;0.0;0.0;0.0;0.0;0.06;0.01;0.0;0.22;0;0;0.0
2762;cal000175;cal;criado-1 criado-2;unknown;UNKNOWN;u;1;1;1;2;0;0;0;0;1.0;0.0;0.0;0.0;0.0;0.0;0.0;0.0;0.0;0.06;0.0;0.0;0.22;0;0;0.0
2763;cal000175;cal;maximiliano musicos;unknown;UNKNOWN;u;1;1;1;2;0;0;0;0;1.0;0.0;0.0;0.0;0.0;0.0;0.0;0.0;0.0;0.06;0.0;0.0;0.22;0;0;0.0
2764;cal000175;cal;angel caridad;unknown;UNKNOWN;u;1;1;1;3;0;0;0;0;1.0;0.0;0.0;0.0;0.0;0.0;0.0;0.0;0.0;0.06;0.0;0.0;0.24;1;2;0.0
2765;cal000175;cal;caridad angel;unknown;UNKNOWN;u;1;1;2;5;0;0;0;0;1.0;0.0;0.0;0.0;0.0;0.0;0.0;0.0;0.0;0.06;0.01;0.0;0.24;0;1;0.0
2766;cal000175;cal;aspid basilisco;unknown;UNKNOWN;u;1;1;1;2;0;0;0;0;1.0;0.0;0.0;0.0;0.0;0.0;0.0;0.0;0.0;0.06;0.0;0.0;0.24;0;1;0.0
2767;cal000175;cal;angel caridad musicos;unknown;UNKNOWN;u;1;1;1;4;0;0;0;0;1.0;0.0;0.0;0.0;0.0;0.0;0.0;0.0;0.0;0.06;0.0;0.0;0.24;0;1;0.0
2768;cal000175;cal;acompanamiento criado-1 criado-2 musicos maximiliano angel caridad fe esperanza federico alegria pensamiento sacerdote;unknown;UNKNOWN;u;1;1;2;7;0;0;0;0;1.0;0.0;0.0;0.0;0.0;0.0;0.0;0.0;0.0;0.06;0.01;0.0;0.28;0;0;0.0
2769;cal000175;cal;musicos acompanamiento criado-1 criado-2 maximiliano angel caridad fe esperanza federico alegria pensamiento sacerdote;unknown;UNKNOWN;u;1;1;1;5;0;0;0;0;1.0;0.0;0.0;0.0;0.0;0.0;0.0;0.0;0.0;0.06;0.0;0.0;0.28;0;0;0.0
2770;cal000101;cal;unos;unknown;Unos;MALE;3;12;15;19;0;0;0;0;0.21;0.37;0.42;0.0;0.0;0.0;0.0;0.0;0.0;0.12;0.02;0.0;0.53;3;4;0.04
2771;cal000101;cal;otros;unknown;Otros;MALE;3;12;19;20;0;0;0;0;0.3;0.3;0.4;0.0;0.0;0.0;0.0;0.0;0.0;0.12;0.02;0.0;0.53;3;3;0.04
2772;cal000101;cal;musicos;unknown;Músicos;UNKNOWN;2;4;5;43;0;0;0;0;0.47;0.0;0.53;0.0;0.0;0.0;0.0;0.0;0.0;0.04;0.01;0.01;0.53;0;3;0.01
2773;cal000101;cal;otras;unknown;Otras;FEMALE;1;1;1;1;0;0;0;0;0.0;1.0;0.0;0.0;0.0;0.0;0.0;0.0;0.0;0.01;0.0;0.0;0.11;0;0;0.0
2774;cal000101;cal;hombres;unknown;Hombres;MALE;1;1;1;1;0;0;0;0;0.0;0.0;1.0;0.0;0.0;0.0;0.0;0.0;0.0;0.01;0.0;0.0;0.06;0;0;0.0
2775;cal000101;cal;magon;unknown;Magón;MALE;3;6;10;101;0;0;0;0;0.11;0.87;0.02;0.0;0.0;0.0;0.0;0.0;0.0;0.06;0.01;0.02;0.53;2;4;0.02
2776;cal000101;cal;flavia;unknown;Flavia;FEMALE;3;13;22;317;0;0;0;0;0.55;0.36;0.09;0.0;0.0;0.0;0.0;0.0;0.0;0.13;0.02;0.07;0.58;5;5;0.03
2777;cal000101;cal;turpin;unknown;Turpín;MALE;3;18;54;280;0;0;0;0;0.41;0.33;0.26;0.0;0.0;0.0;0.0;0.0;0.0;0.18;0.06;0.06;0.33;2;4;0.0
2778;cal000101;cal;brunel;unknown;Brunel;MALE;3;16;49;192;0;0;0;0;0.34;0.18;0.47;0.0;0.0;0.0;0.0;0.0;0.0;0.16;0.05;0.04;0.39;1;5;0.01
2779;cal000101;cal;scipion;unknown;Scipión;MALE;3;45;132;1022;0;0;0;0;0.31;0.22;0.48;0.0;0.0;0.0;0.0;0.0;0.0;0.45;0.14;0.23;0.83;6;11;0.14
2780;cal000101;cal;fabio;unknown;Fabio;MALE;3;19;42;200;0;0;0;0;0.12;0.38;0.51;0.0;0.0;0.0;0.0;0.0;0.0;0.19;0.05;0.05;0.61;5;9;0.04
2781;cal000101;cal;mujer-2;unknown;Mujer 2;FEMALE;1;1;1;1;0;0;0;0;1.0;0.0;0.0;0.0;0.0;0.0;0.0;0.0;0.0;0.01;0.0;0.0;0.17;2;0;0.0
2782;cal000101;cal;livia;unknown;Livia;FEMALE;3;14;23;84;0;0;0;0;0.11;0.73;0.17;0.0;0.0;0.0;0.0;0.0;0.0;0.14;0.02;0.02;0.44;2;2;0.02
2783;cal000101;cal;mujer-3;unknown;Mujer 3;FEMALE;1;1;1;1;0;0;0;0;1.0;0.0;0.0;0.0;0.0;0.0;0.0;0.0;0.0;0.01;0.0;0.0;0.17;0;0;0.0
2784;cal000101;cal;soldado-1;unknown;Soldado 1;MALE;3;6;10;36;0;0;0;0;0.64;0.33;0.03;0.0;0.0;0.0;0.0;0.0;0.0;0.06;0.01;0.01;0.39;0;5;0.01
2785;cal000101;cal;soldado-2;unknown;Soldado 2;MALE;3;5;9;29;0;0;0;0;0.79;0.17;0.03;0.0;0.0;0.0;0.0;0.0;0.0;0.05;0.01;0.01;0.39;0;4;0.01
2786;cal000101;cal;lelio;unknown;Lelio;MALE;3;31;125;431;0;0;0;0;0.43;0.29;0.28;0.0;0.0;0.0;0.0;0.0;0.0;0.31;0.13;0.1;0.72;1;9;0.07
2787;cal000101;cal;egidio;unknown;Egidio;MALE;3;30;121;412;0;0;0;0;0.38;0.33;0.29;0.0;0.0;0.0;0.0;0.0;0.0;0.3;0.13;0.09;0.69;1;7;0.06
2788;cal000101;cal;luceyo;unknown;Luceyo;MALE;3;15;72;398;0;0;0;0;0.48;0.29;0.23;0.0;0.0;0.0;0.0;0.0;0.0;0.15;0.08;0.09;0.5;2;5;0.01
2789;cal000101;cal;arminda;unknown;Arminda;FEMALE;3;21;93;443;0;0;0;0;0.49;0.27;0.24;0.0;0.0;0.0;0.0;0.0;0.0;0.21;0.1;0.1;0.58;0;6;0.03
2790;cal000101;cal;dentro;unknown;Dentro;UNKNOWN;2;6;7;12;0;0;0;0;0.42;0.0;0.58;0.0;0.0;0.0;0.0;0.0;0.0;0.06;0.01;0.0;0.47;0;7;0.01
2791;cal000101;cal;mujer;unknown;Mujer;FEMALE;2;2;2;2;0;0;0;0;0.0;0.5;0.5;0.0;0.0;0.0;0.0;0.0;0.0;0.02;0.0;0.0;0.14;1;0;0.0
2792;cal000101;cal;soldado-3;unknown;Soldado 3;MALE;1;1;1;6;0;0;0;0;0.0;1.0;0.0;0.0;0.0;0.0;0.0;0.0;0.0;0.01;0.0;0.0;0.17;0;5;0.0
2793;cal000101;cal;soldado-4;unknown;Soldado 4;MALE;1;1;1;3;0;0;0;0;0.0;1.0;0.0;0.0;0.0;0.0;0.0;0.0;0.0;0.01;0.0;0.0;0.17;0;2;0.0
2794;cal000101;cal;soldado-6;unknown;Soldado 6;MALE;1;1;1;2;0;0;0;0;0.0;0.0;1.0;0.0;0.0;0.0;0.0;0.0;0.0;0.01;0.0;0.0;0.19;0;3;0.0
2795;cal000101;cal;soldado-7;unknown;Soldado 7;MALE;1;1;1;2;0;0;0;0;0.0;0.0;1.0;0.0;0.0;0.0;0.0;0.0;0.0;0.01;0.0;0.0;0.19;0;2;0.0
2796;cal000101;cal;maximo;unknown;Máximo;MALE;1;7;21;82;0;0;0;0;0.0;0.0;1.0;0.0;0.0;0.0;0.0;0.0;0.0;0.07;0.02;0.02;0.36;1;4;0.0
2797;cal000101;cal;celio;unknown;Celio;MALE;1;2;2;8;0;0;0;0;0.0;0.0;1.0;0.0;0.0;0.0;0.0;0.0;0.0;0.02;0.0;0.0;0.08;0;0;0.0
2798;cal000101;cal;soldado;unknown;Soldado;MALE;1;1;1;2;0;0;0;0;0.0;0.0;1.0;0.0;0.0;0.0;0.0;0.0;0.0;0.01;0.0;0.0;0.19;0;0;0.0
2799;cal000101;cal;flora;unknown;Flora;FEMALE;1;1;1;4;0;0;0;0;0.0;0.0;1.0;0.0;0.0;0.0;0.0;0.0;0.0;0.01;0.0;0.0;0.11;1;0;0.0
2800;cal000101;cal;curcio;unknown;Curcio;MALE;1;5;13;55;0;0;0;0;0.0;0.0;1.0;0.0;0.0;0.0;0.0;0.0;0.0;0.05;0.01;0.01;0.39;1;3;0.0
2801;cal000101;cal;mujer mujer-2 mujer-3;unknown;UNKNOWN;u;2;4;4;4;0;0;0;0;0.5;0.0;0.5;0.0;0.0;0.0;0.0;0.0;0.0;0.04;0.0;0.0;0.33;1;4;0.01
2802;cal000101;cal;otros magon flavia turpin brunel scipion fabio mujer-2 livia mujer-3 soldado-1 soldado-2 lelio egidio luceyo arminda dentro musicos mujer otras soldado-3 soldado-4 soldado-6 soldado-7 maximo celio soldado flora hombres curcio;unknown;UNKNOWN;u;3;21;33;66;0;0;0;0;0.32;0.21;0.47;0.0;0.0;0.0;0.0;0.0;0.0;0.21;0.04;0.02;0.83;3;4;0.12
2803;cal000101;cal;mujer-2 livia mujer-3 arminda mujer otras flora;unknown;UNKNOWN;u;2;5;13;41;0;0;0;0;0.73;0.27;0.0;0.0;0.0;0.0;0.0;0.0;0.0;0.05;0.01;0.01;0.5;0;5;0.02
2804;cal000101;cal;soldado-1 soldado-2 soldado-3;unknown;UNKNOWN;u;1;1;1;2;0;0;0;0;1.0;0.0;0.0;0.0;0.0;0.0;0.0;0.0;0.0;0.01;0.0;0.0;0.19;0;0;0.0
2805;cal000101;cal;hombres curcio;unknown;UNKNOWN;u;3;11;18;31;0;0;0;0;0.23;0.32;0.45;0.0;0.0;0.0;0.0;0.0;0.0;0.11;0.02;0.01;0.5;0;5;0.01
2806;cal000101;cal;arminda musicos;unknown;UNKNOWN;u;1;1;1;7;0;0;0;0;0.0;0.0;1.0;0.0;0.0;0.0;0.0;0.0;0.0;0.01;0.0;0.0;0.31;0;6;0.0
2807;cal000102;cal;espínola;unknown;El Marqués Espínola;MALE;3;27;96;1000;0;0;0;0;0.25;0.53;0.22;0.0;0.0;0.0;0.0;0.0;0.0;0.55;0.18;0.29;0.86;1;12;0.11
2808;cal000102;cal;alonso;unknown;Alonso Ladrón;MALE;3;25;58;266;0;0;0;0;0.42;0.38;0.2;0.0;0.0;0.0;0.0;0.0;0.0;0.51;0.11;0.08;0.79;1;3;0.11
2809;cal000102;cal;juan;unknown;El Conde Juan de Nasau;MALE;1;4;6;23;0;0;0;0;1.0;0.0;0.0;0.0;0.0;0.0;0.0;0.0;0.0;0.08;0.01;0.01;0.5;0;5;0.01
2810;cal000102;cal;barlanzón;unknown;Marqués de Barlanzón;MALE;3;11;38;142;0;0;0;0;0.33;0.09;0.58;0.0;0.0;0.0;0.0;0.0;0.0;0.22;0.07;0.04;0.71;0;6;0.03
2811;cal000102;cal;pablos;unknown;Pablos Ballón;MALE;1;2;3;8;0;0;0;0;1.0;0.0;0.0;0.0;0.0;0.0;0.0;0.0;0.0;0.04;0.01;0.0;0.39;0;4;0.01
2812;cal000102;cal;belveder;unknown;Marqués de Belveder;MALE;1;1;1;1;0;0;0;0;1.0;0.0;0.0;0.0;0.0;0.0;0.0;0.0;0.0;0.02;0.0;0.0;0.11;0;1;0.0
2813;cal000102;cal;medina;unknown;Don Francisco de Medina;MALE;2;8;11;44;0;0;0;0;0.48;0.0;0.52;0.0;0.0;0.0;0.0;0.0;0.0;0.16;0.02;0.01;0.32;1;5;0.0
2814;cal000102;cal;fadrique;unknown;Don Fadrique Bazán;MALE;3;17;45;213;0;0;0;0;0.41;0.3;0.29;0.0;0.0;0.0;0.0;0.0;0.0;0.35;0.08;0.06;0.79;1;2;0.05
2815;cal000102;cal;gonzalo;unknown;Don Gonzalo de Córdoba;MALE;3;14;19;86;0;0;0;0;0.21;0.42;0.37;0.0;0.0;0.0;0.0;0.0;0.0;0.29;0.04;0.03;0.71;0;9;0.03
2816;cal000102;cal;luis;unknown;Don Luis de Velasco;MALE;3;5;8;18;0;0;0;0;0.39;0.39;0.22;0.0;0.0;0.0;0.0;0.0;0.0;0.1;0.01;0.01;0.64;0;11;0.02
2817;cal000102;cal;vicente;unknown;Don Vicente Pimentel;MALE;3;10;24;155;0;0;0;0;0.44;0.22;0.34;0.0;0.0;0.0;0.0;0.0;0.0;0.2;0.04;0.05;0.61;2;9;0.02
2818;cal000102;cal;flora;unknown;Madama Flora;FEMALE;3;14;44;470;0;0;0;0;0.38;0.39;0.23;0.0;0.0;0.0;0.0;0.0;0.0;0.29;0.08;0.14;0.61;0;5;0.11
2819;cal000102;cal;alberto;unknown;Alberto;MALE;2;5;13;92;0;0;0;0;0.29;0.71;0.0;0.0;0.0;0.0;0.0;0.0;0.0;0.1;0.02;0.03;0.25;1;2;0.0
2820;cal000102;cal;carlos;unknown;Carlos;MALE;2;5;12;69;0;0;0;0;0.42;0.58;0.0;0.0;0.0;0.0;0.0;0.0;0.0;0.1;0.02;0.02;0.25;1;2;0.0
2821;cal000102;cal;enrique;unknown;Enrique de Nasau;MALE;2;4;6;119;0;0;0;0;0.76;0.0;0.24;0.0;0.0;0.0;0.0;0.0;0.0;0.08;0.01;0.04;0.36;1;0;0.0
2822;cal000102;cal;morgan;unknown;Morgan;MALE;3;10;20;60;0;0;0;0;0.45;0.1;0.45;0.0;0.0;0.0;0.0;0.0;0.0;0.2;0.04;0.02;0.71;1;7;0.07
2823;cal000102;cal;justino;unknown;Justino de Nasau;MALE;3;9;43;236;0;0;0;0;0.03;0.22;0.75;0.0;0.0;0.0;0.0;0.0;0.0;0.18;0.08;0.07;0.61;0;6;0.03
2824;cal000102;cal;laura;unknown;Laura;FEMALE;3;4;12;59;0;0;0;0;0.05;0.76;0.19;0.0;0.0;0.0;0.0;0.0;0.0;0.08;0.02;0.02;0.36;1;6;0.0
2825;cal000102;cal;ingeniero;unknown;Un Ingeniero;MALE;1;1;6;8;0;0;0;0;0.0;1.0;0.0;0.0;0.0;0.0;0.0;0.0;0.0;0.02;0.01;0.0;0.07;0;2;0.0
2826;cal000102;cal;estela;unknown;Estela;FEMALE;1;1;5;21;0;0;0;0;0.0;1.0;0.0;0.0;0.0;0.0;0.0;0.0;0.0;0.02;0.01;0.01;0.04;1;0;0.0
2827;cal000102;cal;príncipe;unknown;Príncipe de Polonia;MALE;1;3;12;64;0;0;0;0;0.0;1.0;0.0;0.0;0.0;0.0;0.0;0.0;0.0;0.06;0.02;0.02;0.25;0;5;0.0
2828;cal000102;cal;sargento;unknown;Un Sargento;MALE;2;2;4;9;0;0;0;0;0.0;0.78;0.22;0.0;0.0;0.0;0.0;0.0;0.0;0.04;0.01;0.0;0.29;0;4;0.0
2829;cal000102;cal;espía;unknown;Una Espía;FEMALE;1;1;5;22;0;0;0;0;0.0;0.0;1.0;0.0;0.0;0.0;0.0;0.0;0.0;0.02;0.01;0.01;0.25;0;5;0.0
2830;cal000102;cal;vergas;unknown;Conde Enrique de Vergas;MALE;1;3;28;160;0;0;0;0;0.0;0.0;1.0;0.0;0.0;0.0;0.0;0.0;0.0;0.06;0.05;0.05;0.39;0;6;0.0
2831;cal000102;cal;unos;unknown;UNKNOWN;u;1;1;1;1;0;0;0;0;1.0;0.0;0.0;0.0;0.0;0.0;0.0;0.0;0.0;0.02;0.0;0.0;0.36;0;1;0.0
2832;cal000102;cal;otro;unknown;UNKNOWN;u;1;2;4;4;0;0;0;0;1.0;0.0;0.0;0.0;0.0;0.0;0.0;0.0;0.0;0.04;0.01;0.0;0.46;0;1;0.02
2833;cal000102;cal;alberto carlos;unknown;UNKNOWN;u;1;1;3;3;0;0;0;0;0.0;1.0;0.0;0.0;0.0;0.0;0.0;0.0;0.0;0.02;0.01;0.0;0.14;1;2;0.0
2834;cal000102;cal;voces;unknown;UNKNOWN;u;1;3;9;42;0;0;0;0;0.0;0.0;1.0;0.0;0.0;0.0;0.0;0.0;0.0;0.06;0.02;0.01;0.39;0;5;0.0
2835;cal000102;cal;todos;unknown;UNKNOWN;u;1;2;2;3;0;0;0;0;0.0;0.0;1.0;0.0;0.0;0.0;0.0;0.0;0.0;0.04;0.0;0.0;0.43;0;0;0.0
2836;cal000022;cal;soldados;unknown;Soldados;MALE;1;1;1;2;0;0;0;0;1.0;0.0;0.0;0.0;0.0;0.0;0.0;0.0;0.0;0.04;0.0;0.0;0.03;0;0;0.0
2837;cal000022;cal;sinagoga;unknown;La Sinagoga;FEMALE;1;11;53;375;0;0;0;0;1.0;0.0;0.0;0.0;0.0;0.0;0.0;0.0;0.0;0.39;0.14;0.21;0.57;1;2;0.12
2838;cal000022;cal;orden;unknown;El Orden;MALE;1;5;15;28;0;0;0;0;1.0;0.0;0.0;0.0;0.0;0.0;0.0;0.0;0.0;0.18;0.04;0.02;0.57;4;1;0.03
2839;cal000022;cal;gentilidad;unknown;La Gentilidad;FEMALE;1;7;36;82;0;0;0;0;1.0;0.0;0.0;0.0;0.0;0.0;0.0;0.0;0.0;0.25;0.1;0.05;0.47;2;1;0.07
2840;cal000022;cal;san-pedro;unknown;San Pedro;MALE;1;2;9;37;0;0;0;0;1.0;0.0;0.0;0.0;0.0;0.0;0.0;0.0;0.0;0.07;0.02;0.02;0.2;1;1;0.0
2841;cal000022;cal;apostasía;unknown;La Apostasía;FEMALE;1;12;47;358;0;0;0;0;1.0;0.0;0.0;0.0;0.0;0.0;0.0;0.0;0.0;0.43;0.13;0.2;0.67;2;1;0.21
2842;cal000022;cal;zabulón;unknown;Zabulón;MALE;1;12;40;188;0;0;0;0;1.0;0.0;0.0;0.0;0.0;0.0;0.0;0.0;0.0;0.43;0.11;0.1;0.5;4;0;0.05
2843;cal000022;cal;iglesia;unknown;La Iglesia;FEMALE;1;10;50;316;0;0;0;0;1.0;0.0;0.0;0.0;0.0;0.0;0.0;0.0;0.0;0.36;0.14;0.18;0.7;3;3;0.12
2844;cal000022;cal;penitencia;unknown;La Penitencia;FEMALE;1;5;18;32;0;0;0;0;1.0;0.0;0.0;0.0;0.0;0.0;0.0;0.0;0.0;0.18;0.05;0.02;0.57;3;1;0.03
2845;cal000022;cal;oración;unknown;La Oración;FEMALE;1;6;10;56;0;0;0;0;1.0;0.0;0.0;0.0;0.0;0.0;0.0;0.0;0.0;0.21;0.03;0.03;0.57;4;3;0.03
2846;cal000022;cal;música;unknown;Música;UNKNOWN;1;1;5;17;0;0;0;0;1.0;0.0;0.0;0.0;0.0;0.0;0.0;0.0;0.0;0.04;0.01;0.01;0.27;4;3;0.0
2847;cal000022;cal;bautismo;unknown;El Bautismo;MALE;1;11;61;265;0;0;0;0;1.0;0.0;0.0;0.0;0.0;0.0;0.0;0.0;0.0;0.39;0.17;0.15;0.67;4;2;0.08
2848;cal000022;cal;soldados bautismo zabulón;unknown;UNKNOWN;u;1;1;1;2;0;0;0;0;1.0;0.0;0.0;0.0;0.0;0.0;0.0;0.0;0.0;0.04;0.0;0.0;0.07;0;0;0.0
2849;cal000022;cal;bautismo oración orden penitencia;unknown;UNKNOWN;u;1;1;1;2;0;0;0;0;1.0;0.0;0.0;0.0;0.0;0.0;0.0;0.0;0.0;0.04;0.0;0.0;0.27;3;1;0.0
2850;cal000022;cal;iglesia bautismo;unknown;UNKNOWN;u;1;1;1;1;0;0;0;0;1.0;0.0;0.0;0.0;0.0;0.0;0.0;0.0;0.0;0.04;0.0;0.0;0.27;0;0;0.0
2851;cal000022;cal;apostasía orden;unknown;UNKNOWN;u;1;1;1;1;0;0;0;0;1.0;0.0;0.0;0.0;0.0;0.0;0.0;0.0;0.0;0.04;0.0;0.0;0.27;0;0;0.0
2852;cal000022;cal;apostasía iglesia bautismo orden penitencia oración;unknown;UNKNOWN;u;1;1;1;1;0;0;0;0;1.0;0.0;0.0;0.0;0.0;0.0;0.0;0.0;0.0;0.04;0.0;0.0;0.13;0;0;0.0
2853;cal000022;cal;acompañamiento gentilidad iglesia bautismo marineros oración orden penitencia san-pedro soldados zabulón;unknown;UNKNOWN;u;1;1;1;1;0;0;0;0;1.0;0.0;0.0;0.0;0.0;0.0;0.0;0.0;0.0;0.04;0.0;0.0;0.1;0;0;0.0
2854;cal000022;cal;acompañamiento gentilidad iglesia penitencia;unknown;UNKNOWN;u;1;1;1;3;0;0;0;0;1.0;0.0;0.0;0.0;0.0;0.0;0.0;0.0;0.0;0.04;0.0;0.0;0.1;0;0;0.0
2855;cal000022;cal;bautismo marineros oración orden;unknown;UNKNOWN;u;1;1;1;2;0;0;0;0;1.0;0.0;0.0;0.0;0.0;0.0;0.0;0.0;0.0;0.04;0.0;0.0;0.1;0;0;0.0
2856;cal000022;cal;acompañamiento apostasía bautismo gentilidad iglesia marineros oración orden penitencia san-pedro soldados;unknown;UNKNOWN;u;1;1;2;2;0;0;0;0;1.0;0.0;0.0;0.0;0.0;0.0;0.0;0.0;0.0;0.04;0.01;0.0;0.07;1;0;0.0
2857;cal000022;cal;acompañamiento apostasía gentilidad zabulón marineros san-pedro soldados;unknown;UNKNOWN;u;1;1;1;2;0;0;0;0;1.0;0.0;0.0;0.0;0.0;0.0;0.0;0.0;0.0;0.04;0.0;0.0;0.27;1;0;0.0
2858;cal000022;cal;apostasía iglesia música sinagoga bautismo oración penitencia orden zabulón;unknown;UNKNOWN;u;1;1;2;8;0;0;0;0;1.0;0.0;0.0;0.0;0.0;0.0;0.0;0.0;0.0;0.04;0.01;0.0;0.3;2;3;0.0
2859;cal000022;cal;apostasía iglesia música sinagoga bautismo oración penitencia orden;unknown;UNKNOWN;u;1;1;1;4;0;0;0;0;1.0;0.0;0.0;0.0;0.0;0.0;0.0;0.0;0.0;0.04;0.0;0.0;0.3;2;3;0.0
2860;cal000022;cal;apostasía iglesia sinagoga bautismo penitencia orden zabulón;unknown;UNKNOWN;u;1;1;1;4;0;0;0;0;1.0;0.0;0.0;0.0;0.0;0.0;0.0;0.0;0.0;0.04;0.0;0.0;0.3;0;0;0.0
2861;cal000022;cal;bautismo gentilidad penitencia iglesia orden;unknown;UNKNOWN;u;1;1;1;1;0;0;0;0;1.0;0.0;0.0;0.0;0.0;0.0;0.0;0.0;0.0;0.04;0.0;0.0;0.23;0;0;0.0
2862;cal000022;cal;gentilidad penitencia orden;unknown;UNKNOWN;u;1;1;1;1;0;0;0;0;1.0;0.0;0.0;0.0;0.0;0.0;0.0;0.0;0.0;0.04;0.0;0.0;0.1;1;0;0.0
2863;cal000022;cal;apostasía bautismo gentilidad penitencia iglesia orden;unknown;UNKNOWN;u;1;1;2;2;0;0;0;0;1.0;0.0;0.0;0.0;0.0;0.0;0.0;0.0;0.0;0.04;0.01;0.0;0.1;1;0;0.0
2864;cal000022;cal;apostasía zabulón;unknown;UNKNOWN;u;1;1;2;2;0;0;0;0;1.0;0.0;0.0;0.0;0.0;0.0;0.0;0.0;0.0;0.04;0.01;0.0;0.13;0;0;0.0
2865;cal000176;cal;musicos;unknown;Músicos;UNKNOWN;1;9;19;65;0;0;0;0;1.0;0.0;0.0;0.0;0.0;0.0;0.0;0.0;0.0;0.33;0.04;0.03;0.67;2;8;0.1
2866;cal000176;cal;acompanamiento;unknown;Voces;UNKNOWN;1;3;9;10;0;0;0;0;1.0;0.0;0.0;0.0;0.0;0.0;0.0;0.0;0.0;0.11;0.02;0.0;0.38;3;1;0.02
2867;cal000176;cal;gentilismo;unknown;Gentilismo;MALE;1;16;100;753;0;0;0;0;1.0;0.0;0.0;0.0;0.0;0.0;0.0;0.0;0.0;0.59;0.2;0.32;0.76;5;3;0.13
2868;cal000176;cal;inspiracion;unknown;Inspiración;FEMALE;1;7;35;158;0;0;0;0;1.0;0.0;0.0;0.0;0.0;0.0;0.0;0.0;0.0;0.26;0.07;0.07;0.56;1;1;0.05
2869;cal000176;cal;idolatria;unknown;Idolatría;FEMALE;1;10;81;491;0;0;0;0;1.0;0.0;0.0;0.0;0.0;0.0;0.0;0.0;0.0;0.37;0.17;0.21;0.56;5;2;0.08
2870;cal000176;cal;hebraismo;unknown;Hebraísmo;MALE;1;9;47;155;0;0;0;0;1.0;0.0;0.0;0.0;0.0;0.0;0.0;0.0;0.0;0.33;0.1;0.07;0.62;5;3;0.07
2871;cal000176;cal;sinagoga;unknown;Sinagoga;FEMALE;1;9;55;280;0;0;0;0;1.0;0.0;0.0;0.0;0.0;0.0;0.0;0.0;0.0;0.33;0.11;0.12;0.62;4;4;0.07
2872;cal000176;cal;pesar;unknown;Pesar;MALE;1;6;23;70;0;0;0;0;1.0;0.0;0.0;0.0;0.0;0.0;0.0;0.0;0.0;0.22;0.05;0.03;0.56;8;5;0.04
2873;cal000176;cal;placer;unknown;Placer;MALE;1;6;18;68;0;0;0;0;1.0;0.0;0.0;0.0;0.0;0.0;0.0;0.0;0.0;0.22;0.04;0.03;0.58;8;5;0.05
2874;cal000176;cal;naturaleza;unknown;Naturaleza;FEMALE;1;7;17;79;0;0;0;0;1.0;0.0;0.0;0.0;0.0;0.0;0.0;0.0;0.0;0.26;0.03;0.03;0.67;3;6;0.1
2875;cal000176;cal;villano-1;unknown;Villano 1.º;MALE;1;3;3;7;0;0;0;0;1.0;0.0;0.0;0.0;0.0;0.0;0.0;0.0;0.0;0.11;0.01;0.0;0.33;3;2;0.01
2876;cal000176;cal;villano-2;unknown;Villano 2.º;MALE;1;1;1;2;0;0;0;0;1.0;0.0;0.0;0.0;0.0;0.0;0.0;0.0;0.0;0.04;0.0;0.0;0.18;0;0;0.0
2877;cal000176;cal;pastor-1;unknown;Pastor 1.º;MALE;1;1;1;1;0;0;0;0;1.0;0.0;0.0;0.0;0.0;0.0;0.0;0.0;0.0;0.04;0.0;0.0;0.16;0;1;0.0
2878;cal000176;cal;pastor-2;unknown;Pastor 2.º;MALE;1;1;1;2;0;0;0;0;1.0;0.0;0.0;0.0;0.0;0.0;0.0;0.0;0.0;0.04;0.0;0.0;0.16;0;0;0.0
2879;cal000176;cal;villana-1;unknown;Villana 1.ª;FEMALE;1;2;2;10;0;0;0;0;1.0;0.0;0.0;0.0;0.0;0.0;0.0;0.0;0.0;0.07;0.0;0.0;0.16;0;0;0.0
2880;cal000176;cal;arabia;unknown;Arabia;FEMALE;1;6;12;44;0;0;0;0;1.0;0.0;0.0;0.0;0.0;0.0;0.0;0.0;0.0;0.22;0.02;0.02;0.53;2;1;0.03
2881;cal000176;cal;tarsis;unknown;Tarsis;FEMALE;1;6;13;25;0;0;0;0;1.0;0.0;0.0;0.0;0.0;0.0;0.0;0.0;0.0;0.22;0.03;0.01;0.53;3;1;0.03
2882;cal000176;cal;saba;unknown;Sabá;FEMALE;1;4;11;23;0;0;0;0;1.0;0.0;0.0;0.0;0.0;0.0;0.0;0.0;0.0;0.15;0.02;0.01;0.51;4;1;0.02
2883;cal000176;cal;zagal;unknown;Zagal;MALE;1;2;2;26;0;0;0;0;1.0;0.0;0.0;0.0;0.0;0.0;0.0;0.0;0.0;0.07;0.0;0.01;0.38;3;1;0.0
2884;cal000176;cal;acompanamiento musicos;unknown;UNKNOWN;u;1;1;1;4;0;0;0;0;1.0;0.0;0.0;0.0;0.0;0.0;0.0;0.0;0.0;0.04;0.0;0.0;0.18;2;1;0.0
2885;cal000176;cal;gentilismo idolatria musicos;unknown;UNKNOWN;u;1;1;1;1;0;0;0;0;1.0;0.0;0.0;0.0;0.0;0.0;0.0;0.0;0.0;0.04;0.0;0.0;0.18;1;0;0.0
2886;cal000176;cal;gentilismo musicos;unknown;UNKNOWN;u;1;3;5;12;0;0;0;0;1.0;0.0;0.0;0.0;0.0;0.0;0.0;0.0;0.0;0.11;0.01;0.01;0.24;2;0;0.01
2887;cal000176;cal;placer musicos;unknown;UNKNOWN;u;1;1;1;2;0;0;0;0;1.0;0.0;0.0;0.0;0.0;0.0;0.0;0.0;0.0;0.04;0.0;0.0;0.18;0;2;0.0
2888;cal000176;cal;musicos naturaleza;unknown;UNKNOWN;u;1;1;1;2;0;0;0;0;1.0;0.0;0.0;0.0;0.0;0.0;0.0;0.0;0.0;0.04;0.0;0.0;0.18;0;2;0.0
2889;cal000176;cal;inspiracion idolatria gentilismo villano-1 villano-2 placer pesar musicos naturaleza sinagoga hebraismo pastor-1 pastor-2;unknown;UNKNOWN;u;1;1;1;2;0;0;0;0;1.0;0.0;0.0;0.0;0.0;0.0;0.0;0.0;0.0;0.04;0.0;0.0;0.16;0;0;0.0
2890;cal000176;cal;sinagoga hebraismo;unknown;UNKNOWN;u;1;2;2;4;0;0;0;0;1.0;0.0;0.0;0.0;0.0;0.0;0.0;0.0;0.0;0.07;0.0;0.0;0.22;0;0;0.0
2891;cal000176;cal;inspiracion idolatria gentilismo villano-1 villano-2 acompanamiento musicos pastor-1 pastor-2 sinagoga hebraismo pesar naturaleza placer villana-1;unknown;UNKNOWN;u;1;1;1;2;0;0;0;0;1.0;0.0;0.0;0.0;0.0;0.0;0.0;0.0;0.0;0.04;0.0;0.0;0.09;0;0;0.0
2892;cal000176;cal;inspiracion idolatria villano-1 villano-2 acompanamiento pastor-1 pastor-2 sinagoga hebraismo placer pesar musicos gentilismo villana-1 naturaleza;unknown;UNKNOWN;u;1;1;1;5;0;0;0;0;1.0;0.0;0.0;0.0;0.0;0.0;0.0;0.0;0.0;0.04;0.0;0.0;0.09;0;0;0.0
2893;cal000176;cal;inspiracion gentilismo musicos;unknown;UNKNOWN;u;1;1;1;2;0;0;0;0;1.0;0.0;0.0;0.0;0.0;0.0;0.0;0.0;0.0;0.04;0.0;0.0;0.04;0;0;0.0
2894;cal000176;cal;tarsis arabia gentilismo;unknown;UNKNOWN;u;1;1;1;2;0;0;0;0;1.0;0.0;0.0;0.0;0.0;0.0;0.0;0.0;0.0;0.04;0.0;0.0;0.18;1;0;0.0
2895;cal000176;cal;tarsis saba gentilismo;unknown;UNKNOWN;u;1;1;1;2;0;0;0;0;1.0;0.0;0.0;0.0;0.0;0.0;0.0;0.0;0.0;0.04;0.0;0.0;0.18;0;0;0.0
2896;cal000176;cal;musicos villano-1 villano-2 acompanamiento pastor-1 pastor-2 sinagoga hebraismo placer pesar villana-1 naturaleza idolatria inspiracion arabia tarsis saba gentilismo;unknown;UNKNOWN;u;1;1;1;9;0;0;0;0;1.0;0.0;0.0;0.0;0.0;0.0;0.0;0.0;0.0;0.04;0.0;0.0;0.18;0;0;0.0
2897;cal000176;cal;inspiracion idolatria gentilismo;unknown;UNKNOWN;u;1;1;1;3;0;0;0;0;1.0;0.0;0.0;0.0;0.0;0.0;0.0;0.0;0.0;0.04;0.0;0.0;0.16;0;0;0.0
2898;cal000176;cal;musicos villano-1 villano-2 acompanamiento pastor-1 pastor-2 sinagoga hebraismo placer pesar villana-1 naturaleza arabia tarsis saba inspiracion idolatria gentilismo;unknown;UNKNOWN;u;1;1;1;8;0;0;0;0;1.0;0.0;0.0;0.0;0.0;0.0;0.0;0.0;0.0;0.04;0.0;0.0;0.16;0;0;0.0
2899;cal000176;cal;musicos villano-1 villano-2 acompanamiento pastor-1 pastor-2 sinagoga hebraismo placer pesar villana-1 naturaleza arabia tarsis saba inspiracion gentilismo idolatria;unknown;UNKNOWN;u;1;1;1;8;0;0;0;0;1.0;0.0;0.0;0.0;0.0;0.0;0.0;0.0;0.0;0.04;0.0;0.0;0.02;0;0;0.0
2900;cal000176;cal;hebraismo sinagoga;unknown;UNKNOWN;u;1;1;3;3;0;0;0;0;1.0;0.0;0.0;0.0;0.0;0.0;0.0;0.0;0.0;0.04;0.01;0.0;0.11;0;0;0.0
2901;cal000176;cal;musicos villano-1 villano-2 pastor-1 pastor-2 placer pesar villana-1 naturaleza arabia tarsis saba inspiracion gentilismo idolatria hebraismo sinagoga acompanamiento;unknown;UNKNOWN;u;1;2;2;3;0;0;0;0;1.0;0.0;0.0;0.0;0.0;0.0;0.0;0.0;0.0;0.07;0.0;0.0;0.24;3;3;0.0
2902;cal000176;cal;musicos villano-1 villano-2 pastor-1 pastor-2 villana-1 naturaleza inspiracion idolatria acompanamiento placer arabia saba tarsis hebraismo sinagoga pesar gentilismo;unknown;UNKNOWN;u;1;1;1;2;0;0;0;0;1.0;0.0;0.0;0.0;0.0;0.0;0.0;0.0;0.0;0.04;0.0;0.0;0.13;1;3;0.0
2903;cal000176;cal;hebraismo sinagoga gentilismo;unknown;UNKNOWN;u;1;1;2;4;0;0;0;0;1.0;0.0;0.0;0.0;0.0;0.0;0.0;0.0;0.0;0.04;0.0;0.0;0.13;1;3;0.0
2904;cal000176;cal;gentilismo sinagoga hebraismo;unknown;UNKNOWN;u;1;1;1;1;0;0;0;0;1.0;0.0;0.0;0.0;0.0;0.0;0.0;0.0;0.0;0.04;0.0;0.0;0.11;1;1;0.0
2905;cal000176;cal;hebraismo idolatria gentilismo;unknown;UNKNOWN;u;1;1;2;3;0;0;0;0;1.0;0.0;0.0;0.0;0.0;0.0;0.0;0.0;0.0;0.04;0.0;0.0;0.13;1;0;0.0
2906;cal000176;cal;naturaleza musicos gentilismo;unknown;UNKNOWN;u;1;1;1;1;0;0;0;0;1.0;0.0;0.0;0.0;0.0;0.0;0.0;0.0;0.0;0.04;0.0;0.0;0.18;2;2;0.0
2907;cal000176;cal;sinagoga idolatria;unknown;UNKNOWN;u;1;1;1;1;0;0;0;0;1.0;0.0;0.0;0.0;0.0;0.0;0.0;0.0;0.0;0.04;0.0;0.0;0.18;0;2;0.0
2908;cal000176;cal;villano-1 villano-2 pastor-1 pastor-2 villana-1 acompanamiento saba arabia tarsis naturaleza musicos zagal sinagoga hebraismo gentilismo pesar placer idolatria inspiracion;unknown;UNKNOWN;u;1;1;2;2;0;0;0;0;1.0;0.0;0.0;0.0;0.0;0.0;0.0;0.0;0.0;0.04;0.0;0.0;0.27;4;1;0.0
2909;cal000176;cal;villano-1 villano-2 pastor-1 pastor-2 villana-1 acompanamiento saba arabia tarsis naturaleza musicos sinagoga hebraismo pesar placer inspiracion zagal idolatria gentilismo;unknown;UNKNOWN;u;1;1;1;2;0;0;0;0;1.0;0.0;0.0;0.0;0.0;0.0;0.0;0.0;0.0;0.04;0.0;0.0;0.27;4;0;0.0
2910;cal000176;cal;villano-1 villano-2 pastor-1 pastor-2 villana-1 acompanamiento musicos sinagoga hebraismo zagal idolatria arabia tarsis saba placer pesar naturaleza gentilismo inspiracion;unknown;UNKNOWN;u;1;1;1;4;0;0;0;0;1.0;0.0;0.0;0.0;0.0;0.0;0.0;0.0;0.0;0.04;0.0;0.0;0.27;0;0;0.0
2911;cal000177;cal;musicos;unknown;Músicos;UNKNOWN;1;2;2;4;0;0;0;0;1.0;0.0;0.0;0.0;0.0;0.0;0.0;0.0;0.0;0.04;0.0;0.0;0.12;0;0;0.0
2912;cal000177;cal;leon;unknown;León;MALE;1;16;45;602;0;0;0;0;1.0;0.0;0.0;0.0;0.0;0.0;0.0;0.0;0.0;0.3;0.11;0.27;0.75;7;2;0.16
2913;cal000177;cal;fiera;unknown;Fiera;FEMALE;1;19;72;314;0;0;0;0;1.0;0.0;0.0;0.0;0.0;0.0;0.0;0.0;0.0;0.35;0.17;0.14;0.78;2;2;0.15
2914;cal000177;cal;europa;unknown;Europa;FEMALE;1;6;10;54;0;0;0;0;1.0;0.0;0.0;0.0;0.0;0.0;0.0;0.0;0.0;0.11;0.02;0.02;0.41;5;2;0.01
2915;cal000177;cal;asia;unknown;Asia;FEMALE;1;8;28;152;0;0;0;0;1.0;0.0;0.0;0.0;0.0;0.0;0.0;0.0;0.0;0.15;0.07;0.07;0.44;5;2;0.02
2916;cal000177;cal;africa;unknown;África;FEMALE;1;5;9;39;0;0;0;0;1.0;0.0;0.0;0.0;0.0;0.0;0.0;0.0;0.0;0.09;0.02;0.02;0.41;3;2;0.01
2917;cal000177;cal;america;unknown;América;FEMALE;1;6;8;31;0;0;0;0;1.0;0.0;0.0;0.0;0.0;0.0;0.0;0.0;0.0;0.11;0.02;0.01;0.41;2;2;0.01
2918;cal000177;cal;hombre;unknown;Hombre;MALE;1;10;57;225;0;0;0;0;1.0;0.0;0.0;0.0;0.0;0.0;0.0;0.0;0.0;0.19;0.14;0.1;0.72;1;0;0.08
2919;cal000177;cal;gracia;unknown;Gracia;FEMALE;1;17;51;278;0;0;0;0;1.0;0.0;0.0;0.0;0.0;0.0;0.0;0.0;0.0;0.31;0.12;0.13;0.72;2;1;0.12
2920;cal000177;cal;principe;unknown;Príncipe;MALE;1;17;49;236;0;0;0;0;1.0;0.0;0.0;0.0;0.0;0.0;0.0;0.0;0.0;0.31;0.12;0.11;0.69;3;3;0.13
2921;cal000177;cal;aguila;unknown;Águila;FEMALE;1;9;15;63;0;0;0;0;1.0;0.0;0.0;0.0;0.0;0.0;0.0;0.0;0.0;0.17;0.04;0.03;0.44;2;3;0.01
2922;cal000177;cal;lucero;unknown;Lucero;MALE;1;7;12;32;0;0;0;0;1.0;0.0;0.0;0.0;0.0;0.0;0.0;0.0;0.0;0.13;0.03;0.01;0.41;2;1;0.02
2923;cal000177;cal;simplicidad;unknown;Simplicidad;FEMALE;1;15;29;125;0;0;0;0;1.0;0.0;0.0;0.0;0.0;0.0;0.0;0.0;0.0;0.28;0.07;0.06;0.53;0;1;0.04
2924;cal000177;cal;leon fiera;unknown;UNKNOWN;u;1;1;1;2;0;0;0;0;1.0;0.0;0.0;0.0;0.0;0.0;0.0;0.0;0.0;0.02;0.0;0.0;0.31;6;1;0.0
2925;cal000177;cal;europa asia africa america;unknown;UNKNOWN;u;1;1;1;2;0;0;0;0;1.0;0.0;0.0;0.0;0.0;0.0;0.0;0.0;0.0;0.02;0.0;0.0;0.31;2;1;0.0
2926;cal000177;cal;africa america asia europa;unknown;UNKNOWN;u;1;1;4;5;0;0;0;0;1.0;0.0;0.0;0.0;0.0;0.0;0.0;0.0;0.0;0.02;0.01;0.0;0.31;1;0;0.0
2927;cal000177;cal;gracia fiera;unknown;UNKNOWN;u;1;1;1;1;0;0;0;0;1.0;0.0;0.0;0.0;0.0;0.0;0.0;0.0;0.0;0.02;0.0;0.0;0.12;0;0;0.0
2928;cal000177;cal;fiera hombre;unknown;UNKNOWN;u;1;1;1;2;0;0;0;0;1.0;0.0;0.0;0.0;0.0;0.0;0.0;0.0;0.0;0.02;0.0;0.0;0.12;0;0;0.0
2929;cal000177;cal;musicos asia europa america africa hombre gracia simplicidad bautista evangelista;unknown;UNKNOWN;u;1;2;4;8;0;0;0;0;1.0;0.0;0.0;0.0;0.0;0.0;0.0;0.0;0.0;0.04;0.01;0.0;0.16;0;1;0.0
2930;cal000177;cal;europa america africa hombre gracia aguila principe simplicidad musicos;unknown;UNKNOWN;u;1;1;1;1;0;0;0;0;1.0;0.0;0.0;0.0;0.0;0.0;0.0;0.0;0.0;0.02;0.0;0.0;0.09;0;0;0.0
2931;cal000177;cal;acompanamiento;unknown;UNKNOWN;u;1;2;4;4;0;0;0;0;1.0;0.0;0.0;0.0;0.0;0.0;0.0;0.0;0.0;0.04;0.01;0.0;0.31;2;1;0.0
2932;cal000177;cal;america africa hombre musicos aguila asia principe simplicidad gracia acompanamiento;unknown;UNKNOWN;u;1;1;1;1;0;0;0;0;1.0;0.0;0.0;0.0;0.0;0.0;0.0;0.0;0.0;0.02;0.0;0.0;0.16;1;1;0.0
2933;cal000177;cal;america africa hombre musicos aguila asia acompanamiento simplicidad principe lucero gracia;unknown;UNKNOWN;u;1;1;1;1;0;0;0;0;1.0;0.0;0.0;0.0;0.0;0.0;0.0;0.0;0.0;0.02;0.0;0.0;0.09;0;0;0.0
2934;cal000177;cal;leon musicos;unknown;UNKNOWN;u;1;1;1;2;0;0;0;0;1.0;0.0;0.0;0.0;0.0;0.0;0.0;0.0;0.0;0.02;0.0;0.0;0.06;0;0;0.0
2935;cal000177;cal;europa africa america;unknown;UNKNOWN;u;1;1;1;2;0;0;0;0;1.0;0.0;0.0;0.0;0.0;0.0;0.0;0.0;0.0;0.02;0.0;0.0;0.19;4;1;0.0
2936;cal000177;cal;america europa africa;unknown;UNKNOWN;u;1;1;1;1;0;0;0;0;1.0;0.0;0.0;0.0;0.0;0.0;0.0;0.0;0.0;0.02;0.0;0.0;0.19;0;1;0.0
2937;cal000177;cal;acompanamiento musicos gracia aguila lucero simplicidad leon africa america europa asia fiera hombre principe;unknown;UNKNOWN;u;1;1;1;1;0;0;0;0;1.0;0.0;0.0;0.0;0.0;0.0;0.0;0.0;0.0;0.02;0.0;0.0;0.12;0;1;0.0
2938;cal000177;cal;gracia principe leon africa america europa asia lucero aguila simplicidad hombre acompanamiento;unknown;UNKNOWN;u;1;1;1;1;0;0;0;0;1.0;0.0;0.0;0.0;0.0;0.0;0.0;0.0;0.0;0.02;0.0;0.0;0.22;1;1;0.0
2939;cal000177;cal;hombre europa america aguila;unknown;UNKNOWN;u;1;1;1;1;0;0;0;0;1.0;0.0;0.0;0.0;0.0;0.0;0.0;0.0;0.0;0.02;0.0;0.0;0.25;2;2;0.0
2940;cal000177;cal;leon hombre;unknown;UNKNOWN;u;1;1;1;2;0;0;0;0;1.0;0.0;0.0;0.0;0.0;0.0;0.0;0.0;0.0;0.02;0.0;0.0;0.25;1;0;0.0
2941;cal000177;cal;acompanamiento europa america africa asia simplicidad aguila leon principe gracia lucero hombre;unknown;UNKNOWN;u;1;1;1;1;0;0;0;0;1.0;0.0;0.0;0.0;0.0;0.0;0.0;0.0;0.0;0.02;0.0;0.0;0.22;3;1;0.0
2942;cal000177;cal;fiera leon;unknown;UNKNOWN;u;1;1;1;1;0;0;0;0;1.0;0.0;0.0;0.0;0.0;0.0;0.0;0.0;0.0;0.02;0.0;0.0;0.22;0;0;0.0
2943;cal000177;cal;acompanamiento europa america africa asia aguila lucero hombre fiera leon gracia principe simplicidad;unknown;UNKNOWN;u;1;1;1;1;0;0;0;0;1.0;0.0;0.0;0.0;0.0;0.0;0.0;0.0;0.0;0.02;0.0;0.0;0.09;0;0;0.0
2944;cal000023;cal;peregrino;unknown;El Peregrino;MALE;1;6;26;175;0;0;0;0;1.0;0.0;0.0;0.0;0.0;0.0;0.0;0.0;0.0;0.19;0.08;0.1;0.62;2;1;0.02
2945;cal000023;cal;infanta;unknown;La Infanta;FEMALE;1;11;51;363;0;0;0;0;1.0;0.0;0.0;0.0;0.0;0.0;0.0;0.0;0.0;0.35;0.17;0.21;0.85;2;4;0.03
2946;cal000023;cal;entendimiento;unknown;El Entendimiento;MALE;1;7;24;125;0;0;0;0;1.0;0.0;0.0;0.0;0.0;0.0;0.0;0.0;0.0;0.23;0.08;0.07;0.77;3;5;0.02
2947;cal000023;cal;inociencia;unknown;La Inociencia;FEMALE;1;14;52;221;0;0;0;0;1.0;0.0;0.0;0.0;0.0;0.0;0.0;0.0;0.0;0.45;0.17;0.13;0.92;1;4;0.07
2948;cal000023;cal;primavera;unknown;La Primavera;FEMALE;1;8;13;29;0;0;0;0;1.0;0.0;0.0;0.0;0.0;0.0;0.0;0.0;0.0;0.26;0.04;0.02;0.77;2;2;0.03
2949;cal000023;cal;estío;unknown;El Estío;MALE;1;7;19;53;0;0;0;0;1.0;0.0;0.0;0.0;0.0;0.0;0.0;0.0;0.0;0.23;0.06;0.03;0.85;0;2;0.04
2950;cal000023;cal;otoño;unknown;El Otoño;MALE;1;5;9;22;0;0;0;0;1.0;0.0;0.0;0.0;0.0;0.0;0.0;0.0;0.0;0.16;0.03;0.01;0.69;1;2;0.01
2951;cal000023;cal;ivierno;unknown;El invierno;MALE;1;8;17;78;0;0;0;0;1.0;0.0;0.0;0.0;0.0;0.0;0.0;0.0;0.0;0.26;0.06;0.04;0.77;0;1;0.03
2952;cal000023;cal;lucero;unknown;El Lucero;MALE;1;17;57;550;0;0;0;0;1.0;0.0;0.0;0.0;0.0;0.0;0.0;0.0;0.0;0.55;0.19;0.32;0.54;0;0;0.02
2953;cal000023;cal;muerte;unknown;La Muerte;FEMALE;1;7;25;77;0;0;0;0;1.0;0.0;0.0;0.0;0.0;0.0;0.0;0.0;0.0;0.23;0.08;0.04;0.69;1;4;0.03
2954;cal000023;cal;música;unknown;Música;UNKNOWN;1;6;8;29;0;0;0;0;1.0;0.0;0.0;0.0;0.0;0.0;0.0;0.0;0.0;0.19;0.03;0.02;0.92;4;3;0.07
2955;cal000023;cal;entendimiento infanta inociencia estío ivierno otoño primavera;unknown;UNKNOWN;u;1;1;4;10;0;0;0;0;1.0;0.0;0.0;0.0;0.0;0.0;0.0;0.0;0.0;0.03;0.01;0.01;0.46;2;1;0.0
2956;cal000023;cal;estío primavera otoño ivierno muerte;unknown;UNKNOWN;u;1;1;1;4;0;0;0;0;1.0;0.0;0.0;0.0;0.0;0.0;0.0;0.0;0.0;0.03;0.0;0.0;0.38;0;0;0.0
2957;cal000023;cal;lucero infanta primavera muerte;unknown;UNKNOWN;u;1;1;2;3;0;0;0;0;1.0;0.0;0.0;0.0;0.0;0.0;0.0;0.0;0.0;0.03;0.01;0.0;0.31;1;1;0.0
2958;cal000178;cal;musicos;unknown;Músicos;UNKNOWN;1;4;11;40;0;0;0;0;1.0;0.0;0.0;0.0;0.0;0.0;0.0;0.0;0.0;0.07;0.02;0.02;0.63;2;2;0.05
2959;cal000178;cal;coro-1;unknown;Coro 1.º;UNKNOWN;1;1;2;8;0;0;0;0;1.0;0.0;0.0;0.0;0.0;0.0;0.0;0.0;0.0;0.02;0.0;0.0;0.35;3;4;0.0
2960;cal000178;cal;coro-2;unknown;Coro 2.º;UNKNOWN;1;1;2;8;0;0;0;0;1.0;0.0;0.0;0.0;0.0;0.0;0.0;0.0;0.0;0.02;0.0;0.0;0.35;3;4;0.0
2961;cal000178;cal;pan;unknown;Pan;MALE;1;23;90;634;0;0;0;0;1.0;0.0;0.0;0.0;0.0;0.0;0.0;0.0;0.0;0.43;0.19;0.29;0.59;4;3;0.07
2962;cal000178;cal;noche;unknown;Noche;FEMALE;1;7;29;157;0;0;0;0;1.0;0.0;0.0;0.0;0.0;0.0;0.0;0.0;0.0;0.13;0.06;0.07;0.09;1;1;0.0
2963;cal000178;cal;mundo;unknown;Mundo;MALE;1;15;35;153;0;0;0;0;1.0;0.0;0.0;0.0;0.0;0.0;0.0;0.0;0.0;0.28;0.07;0.07;0.67;5;3;0.08
2964;cal000178;cal;judaismo;unknown;Judaísmo;MALE;1;13;50;199;0;0;0;0;1.0;0.0;0.0;0.0;0.0;0.0;0.0;0.0;0.0;0.24;0.1;0.09;0.67;2;2;0.08
2965;cal000178;cal;sinagoga;unknown;Sinagoga;FEMALE;1;2;7;13;0;0;0;0;1.0;0.0;0.0;0.0;0.0;0.0;0.0;0.0;0.0;0.04;0.01;0.01;0.15;0;1;0.0
2966;cal000178;cal;gentilismo;unknown;Gentilismo;MALE;1;13;38;155;0;0;0;0;1.0;0.0;0.0;0.0;0.0;0.0;0.0;0.0;0.0;0.24;0.08;0.07;0.8;4;4;0.14
2967;cal000178;cal;apostasia;unknown;Apostasía;FEMALE;1;12;30;139;0;0;0;0;1.0;0.0;0.0;0.0;0.0;0.0;0.0;0.0;0.0;0.22;0.06;0.06;0.7;2;3;0.09
2968;cal000178;cal;idolatria;unknown;Idolatría;FEMALE;1;3;6;17;0;0;0;0;1.0;0.0;0.0;0.0;0.0;0.0;0.0;0.0;0.0;0.06;0.01;0.01;0.26;3;1;0.0
2969;cal000178;cal;simplicidad;unknown;Simplicidad;FEMALE;1;13;46;130;0;0;0;0;1.0;0.0;0.0;0.0;0.0;0.0;0.0;0.0;0.0;0.24;0.09;0.06;0.67;2;2;0.06
2970;cal000178;cal;malicia;unknown;Malicia;FEMALE;1;5;9;29;0;0;0;0;1.0;0.0;0.0;0.0;0.0;0.0;0.0;0.0;0.0;0.09;0.02;0.01;0.46;1;2;0.02
2971;cal000178;cal;luna;unknown;Luna;FEMALE;1;19;53;279;0;0;0;0;1.0;0.0;0.0;0.0;0.0;0.0;0.0;0.0;0.0;0.35;0.11;0.13;0.8;3;3;0.15
2972;cal000178;cal;demonio;unknown;Demonio;MALE;1;11;30;151;0;0;0;0;1.0;0.0;0.0;0.0;0.0;0.0;0.0;0.0;0.0;0.2;0.06;0.07;0.28;3;1;0.01
2973;cal000178;cal;zagal-1;unknown;Zagal 1.º;MALE;1;1;1;2;0;0;0;0;1.0;0.0;0.0;0.0;0.0;0.0;0.0;0.0;0.0;0.02;0.0;0.0;0.22;0;0;0.0
2974;cal000178;cal;fe;unknown;Fe;FEMALE;1;1;2;11;0;0;0;0;1.0;0.0;0.0;0.0;0.0;0.0;0.0;0.0;0.0;0.02;0.0;0.01;0.09;1;3;0.0
2975;cal000178;cal;nino;unknown;Niño;MALE;1;1;1;3;0;0;0;0;1.0;0.0;0.0;0.0;0.0;0.0;0.0;0.0;0.0;0.02;0.0;0.0;0.09;0;2;0.0
2976;cal000178;cal;sinagoga judaismo;unknown;UNKNOWN;u;1;1;1;2;0;0;0;0;1.0;0.0;0.0;0.0;0.0;0.0;0.0;0.0;0.0;0.02;0.0;0.0;0.09;0;0;0.0
2977;cal000178;cal;gentilismo musicos;unknown;UNKNOWN;u;1;1;1;2;0;0;0;0;1.0;0.0;0.0;0.0;0.0;0.0;0.0;0.0;0.0;0.02;0.0;0.0;0.24;1;0;0.0
2978;cal000178;cal;luna musicos;unknown;UNKNOWN;u;1;1;1;2;0;0;0;0;1.0;0.0;0.0;0.0;0.0;0.0;0.0;0.0;0.0;0.02;0.0;0.0;0.24;0;0;0.0
2979;cal000178;cal;musicos pan sinagoga judaismo apostasia mundo idolatria malicia simplicidad luna gentilismo;unknown;UNKNOWN;u;1;1;1;8;0;0;0;0;1.0;0.0;0.0;0.0;0.0;0.0;0.0;0.0;0.0;0.02;0.0;0.0;0.24;0;0;0.0
2980;cal000178;cal;musicos pan sinagoga judaismo apostasia luna gentilismo malicia idolatria;unknown;UNKNOWN;u;1;1;3;3;0;0;0;0;1.0;0.0;0.0;0.0;0.0;0.0;0.0;0.0;0.0;0.02;0.01;0.0;0.24;0;0;0.0
2981;cal000178;cal;simplicidad apostasia judaismo;unknown;UNKNOWN;u;1;1;1;3;0;0;0;0;1.0;0.0;0.0;0.0;0.0;0.0;0.0;0.0;0.0;0.02;0.0;0.0;0.24;0;0;0.0
2982;cal000178;cal;pan sinagoga luna gentilismo malicia idolatria musicos simplicidad apostasia judaismo acompanamiento;unknown;UNKNOWN;u;1;2;2;2;0;0;0;0;1.0;0.0;0.0;0.0;0.0;0.0;0.0;0.0;0.0;0.04;0.0;0.0;0.3;0;1;0.01
2983;cal000178;cal;pan sinagoga malicia idolatria musicos simplicidad apostasia judaismo luna gentilismo acompanamiento;unknown;UNKNOWN;u;1;1;1;2;0;0;0;0;1.0;0.0;0.0;0.0;0.0;0.0;0.0;0.0;0.0;0.02;0.0;0.0;0.11;0;1;0.0
2984;cal000178;cal;simplicidad malicia;unknown;UNKNOWN;u;1;1;1;3;0;0;0;0;1.0;0.0;0.0;0.0;0.0;0.0;0.0;0.0;0.0;0.02;0.0;0.0;0.07;0;0;0.0
2985;cal000178;cal;pan sinagoga idolatria musicos luna gentilismo mundo demonio gentilismo apostasia judaismo simplicidad malicia acompanamiento;unknown;UNKNOWN;u;1;1;1;1;0;0;0;0;1.0;0.0;0.0;0.0;0.0;0.0;0.0;0.0;0.0;0.02;0.0;0.0;0.09;2;1;0.0
2986;cal000178;cal;apostasia judaismo;unknown;UNKNOWN;u;1;1;2;3;0;0;0;0;1.0;0.0;0.0;0.0;0.0;0.0;0.0;0.0;0.0;0.02;0.0;0.0;0.09;0;0;0.0
2987;cal000178;cal;mundo gentilismo;unknown;UNKNOWN;u;1;1;1;4;0;0;0;0;1.0;0.0;0.0;0.0;0.0;0.0;0.0;0.0;0.0;0.02;0.0;0.0;0.07;0;0;0.0
2988;cal000178;cal;sinagoga musicos gentilismo simplicidad malicia apostasia judaismo idolatria mundo gentilismo pan;unknown;UNKNOWN;u;1;1;1;1;0;0;0;0;1.0;0.0;0.0;0.0;0.0;0.0;0.0;0.0;0.0;0.02;0.0;0.0;0.22;3;4;0.0
2989;cal000178;cal;sinagoga musicos gentilismo malicia idolatria pan mundo judaismo apostasia gentilismo luna;unknown;UNKNOWN;u;1;1;1;1;0;0;0;0;1.0;0.0;0.0;0.0;0.0;0.0;0.0;0.0;0.0;0.02;0.0;0.0;0.22;1;1;0.0
2990;cal000178;cal;judaismo gentilismo;unknown;UNKNOWN;u;1;1;1;1;0;0;0;0;1.0;0.0;0.0;0.0;0.0;0.0;0.0;0.0;0.0;0.02;0.0;0.0;0.09;0;1;0.0
2991;cal000178;cal;gentilismo judaismo;unknown;UNKNOWN;u;1;1;1;1;0;0;0;0;1.0;0.0;0.0;0.0;0.0;0.0;0.0;0.0;0.0;0.02;0.0;0.0;0.09;0;0;0.0
2992;cal000178;cal;acompanamiento;unknown;UNKNOWN;u;1;3;9;10;0;0;0;0;1.0;0.0;0.0;0.0;0.0;0.0;0.0;0.0;0.0;0.06;0.02;0.0;0.35;0;0;0.0
2993;cal000178;cal;mundo acompanamiento;unknown;UNKNOWN;u;1;1;3;5;0;0;0;0;1.0;0.0;0.0;0.0;0.0;0.0;0.0;0.0;0.0;0.02;0.01;0.0;0.04;0;0;0.0
2994;cal000178;cal;musicos gentilismo idolatria zagal-1 malicia apostasia gentilismo judaismo demonio simplicidad noche acompanamiento pan luna mundo coro-1 coro-2;unknown;UNKNOWN;u;1;1;1;2;0;0;0;0;1.0;0.0;0.0;0.0;0.0;0.0;0.0;0.0;0.0;0.02;0.0;0.0;0.35;3;4;0.0
2995;cal000178;cal;gentilismo apostasia mundo judaismo;unknown;UNKNOWN;u;1;1;1;1;0;0;0;0;1.0;0.0;0.0;0.0;0.0;0.0;0.0;0.0;0.0;0.02;0.0;0.0;0.35;1;0;0.0
2996;cal000178;cal;musicos idolatria zagal-1 simplicidad noche acompanamiento coro-1 coro-2 gentilismo pan apostasia judaismo mundo;unknown;UNKNOWN;u;1;1;1;1;0;0;0;0;1.0;0.0;0.0;0.0;0.0;0.0;0.0;0.0;0.0;0.02;0.0;0.0;0.35;1;0;0.0
2997;cal000178;cal;judaismo apostasia gentilismo;unknown;UNKNOWN;u;1;1;1;1;0;0;0;0;1.0;0.0;0.0;0.0;0.0;0.0;0.0;0.0;0.0;0.02;0.0;0.0;0.35;1;0;0.0
2998;cal000178;cal;apostasia judaismo mundo gentilismo;unknown;UNKNOWN;u;1;1;1;1;0;0;0;0;1.0;0.0;0.0;0.0;0.0;0.0;0.0;0.0;0.0;0.02;0.0;0.0;0.35;1;0;0.0
2999;cal000178;cal;luna idolatria zagal-1 noche coro-1 coro-2 gentilismo apostasia judaismo mundo pan musicos simplicidad acompanamiento;unknown;UNKNOWN;u;1;1;1;1;0;0;0;0;1.0;0.0;0.0;0.0;0.0;0.0;0.0;0.0;0.0;0.02;0.0;0.0;0.35;0;0;0.0
3000;cal000178;cal;idolatria zagal-1 noche coro-1 coro-2 mundo pan musicos simplicidad acompanamiento malicia demonio judaismo apostasia gentilismo;unknown;UNKNOWN;u;1;1;1;1;0;0;0;0;1.0;0.0;0.0;0.0;0.0;0.0;0.0;0.0;0.0;0.02;0.0;0.0;0.15;0;1;0.0
3001;cal000178;cal;idolatria zagal-1 noche coro-1 coro-2 gentilismo pan musicos simplicidad acompanamiento malicia demonio apostasia mundo judaismo;unknown;UNKNOWN;u;1;1;1;1;0;0;0;0;1.0;0.0;0.0;0.0;0.0;0.0;0.0;0.0;0.0;0.02;0.0;0.0;0.15;0;0;0.0
3002;cal000178;cal;luna sinagoga;unknown;UNKNOWN;u;1;1;1;1;0;0;0;0;1.0;0.0;0.0;0.0;0.0;0.0;0.0;0.0;0.0;0.02;0.0;0.0;0.09;0;1;0.0
3003;cal000178;cal;coro-1 coro-2 musicos sinagoga idolatria apostasia simplicidad malicia acompanamiento gentilismo demonio judaismo noche luna mundo;unknown;UNKNOWN;u;1;1;1;1;0;0;0;0;1.0;0.0;0.0;0.0;0.0;0.0;0.0;0.0;0.0;0.02;0.0;0.0;0.09;1;1;0.0
3004;cal000178;cal;coro-1 coro-2 musicos gentilismo sinagoga idolatria malicia acompanamiento demonio judaismo noche fe nino apostasia pan luna mundo simplicidad;unknown;UNKNOWN;u;1;1;1;4;0;0;0;0;1.0;0.0;0.0;0.0;0.0;0.0;0.0;0.0;0.0;0.02;0.0;0.0;0.13;0;0;0.0
3005;cal000179;cal;musicos;unknown;Músicos;UNKNOWN;1;4;28;51;0;0;0;0;1.0;0.0;0.0;0.0;0.0;0.0;0.0;0.0;0.0;0.24;0.06;0.02;0.73;1;7;0.03
3006;cal000179;cal;idolatria;unknown;Idolatría;FEMALE;1;10;58;456;0;0;0;0;1.0;0.0;0.0;0.0;0.0;0.0;0.0;0.0;0.0;0.59;0.13;0.22;0.93;1;8;0.07
3007;cal000179;cal;angel-1;unknown;Ángel 1.º;MALE;1;5;24;74;0;0;0;0;1.0;0.0;0.0;0.0;0.0;0.0;0.0;0.0;0.0;0.29;0.05;0.04;0.56;1;6;0.01
3008;cal000179;cal;angel-2;unknown;Ángel 2.º;MALE;1;5;22;55;0;0;0;0;1.0;0.0;0.0;0.0;0.0;0.0;0.0;0.0;0.0;0.29;0.05;0.03;0.56;1;7;0.01
3009;cal000179;cal;baal;unknown;Baal;MALE;1;9;57;443;0;0;0;0;1.0;0.0;0.0;0.0;0.0;0.0;0.0;0.0;0.0;0.53;0.13;0.22;0.95;2;7;0.08
3010;cal000179;cal;moises;unknown;Moisés;MALE;1;12;76;328;0;0;0;0;1.0;0.0;0.0;0.0;0.0;0.0;0.0;0.0;0.0;0.71;0.17;0.16;0.98;1;5;0.09
3011;cal000179;cal;libio;unknown;Libio;MALE;1;6;24;119;0;0;0;0;1.0;0.0;0.0;0.0;0.0;0.0;0.0;0.0;0.0;0.35;0.05;0.06;0.89;1;3;0.06
3012;cal000179;cal;maria;unknown;María;FEMALE;1;5;7;23;0;0;0;0;1.0;0.0;0.0;0.0;0.0;0.0;0.0;0.0;0.0;0.29;0.02;0.01;0.55;0;2;0.02
3013;cal000179;cal;zambri;unknown;Zambrí;MALE;1;8;34;170;0;0;0;0;1.0;0.0;0.0;0.0;0.0;0.0;0.0;0.0;0.0;0.47;0.08;0.08;0.93;2;11;0.07
3014;cal000179;cal;fines;unknown;Finés;MALE;1;7;21;123;0;0;0;0;1.0;0.0;0.0;0.0;0.0;0.0;0.0;0.0;0.0;0.41;0.05;0.06;0.87;2;7;0.05
3015;cal000179;cal;aaron;unknown;Aarón;MALE;1;7;13;46;0;0;0;0;1.0;0.0;0.0;0.0;0.0;0.0;0.0;0.0;0.0;0.41;0.03;0.02;0.93;2;5;0.07
3016;cal000179;cal;heleacor;unknown;Heleacor;MALE;1;2;2;2;0;0;0;0;1.0;0.0;0.0;0.0;0.0;0.0;0.0;0.0;0.0;0.12;0.0;0.0;0.53;0;1;0.0
3017;cal000179;cal;nacor;unknown;Nacor;MALE;1;2;2;2;0;0;0;0;1.0;0.0;0.0;0.0;0.0;0.0;0.0;0.0;0.0;0.12;0.0;0.0;0.53;0;0;0.0
3018;cal000179;cal;nino-1;unknown;Niño 1.º;MALE;1;1;1;6;0;0;0;0;1.0;0.0;0.0;0.0;0.0;0.0;0.0;0.0;0.0;0.06;0.0;0.0;0.22;1;6;0.0
3019;cal000179;cal;nino-2;unknown;Niño 2.º;MALE;1;1;1;3;0;0;0;0;1.0;0.0;0.0;0.0;0.0;0.0;0.0;0.0;0.0;0.06;0.0;0.0;0.22;1;2;0.0
3020;cal000179;cal;angel-1 angel-2;unknown;UNKNOWN;u;1;3;7;15;0;0;0;0;1.0;0.0;0.0;0.0;0.0;0.0;0.0;0.0;0.0;0.18;0.02;0.01;0.15;0;4;0.0
3021;cal000179;cal;angel-2 angel-1;unknown;UNKNOWN;u;1;4;7;11;0;0;0;0;1.0;0.0;0.0;0.0;0.0;0.0;0.0;0.0;0.0;0.24;0.02;0.01;0.55;0;2;0.01
3022;cal000179;cal;acompanamiento;unknown;UNKNOWN;u;1;7;23;34;0;0;0;0;1.0;0.0;0.0;0.0;0.0;0.0;0.0;0.0;0.0;0.41;0.05;0.02;0.62;1;2;0.02
3023;cal000179;cal;musicos acompanamiento moises aaron maria;unknown;UNKNOWN;u;1;1;1;4;0;0;0;0;1.0;0.0;0.0;0.0;0.0;0.0;0.0;0.0;0.0;0.06;0.0;0.0;0.13;1;1;0.0
3024;cal000179;cal;musicos angel-1 acompanamiento maria zambri fines aaron moises;unknown;UNKNOWN;u;1;1;1;4;0;0;0;0;1.0;0.0;0.0;0.0;0.0;0.0;0.0;0.0;0.0;0.06;0.0;0.0;0.24;2;3;0.0
3025;cal000179;cal;musicos libio zambri fines aaron maria heleacor nacor moises acompanamiento;unknown;UNKNOWN;u;1;1;1;4;0;0;0;0;1.0;0.0;0.0;0.0;0.0;0.0;0.0;0.0;0.0;0.06;0.0;0.0;0.24;0;0;0.0
3026;cal000179;cal;baal idolatria;unknown;UNKNOWN;u;1;1;1;2;0;0;0;0;1.0;0.0;0.0;0.0;0.0;0.0;0.0;0.0;0.0;0.06;0.0;0.0;0.24;0;0;0.0
3027;cal000179;cal;libio heleacor nacor acompanamiento moises fines zambri aaron maria;unknown;UNKNOWN;u;1;1;1;1;0;0;0;0;1.0;0.0;0.0;0.0;0.0;0.0;0.0;0.0;0.0;0.06;0.0;0.0;0.15;0;2;0.0
3028;cal000179;cal;heleacor nacor acompanamiento fines zambri aaron maria moises libio;unknown;UNKNOWN;u;1;1;1;1;0;0;0;0;1.0;0.0;0.0;0.0;0.0;0.0;0.0;0.0;0.0;0.06;0.0;0.0;0.15;0;0;0.0
3029;cal000179;cal;nacor acompanamiento fines zambri moises maria aaron una-mujer libio musicos;unknown;UNKNOWN;u;1;1;1;2;0;0;0;0;1.0;0.0;0.0;0.0;0.0;0.0;0.0;0.0;0.0;0.06;0.0;0.0;0.15;0;0;0.0
3030;cal000179;cal;zambri nacor acompanamiento fines maria aaron una-mujer libio musicos moises;unknown;UNKNOWN;u;1;1;1;3;0;0;0;0;1.0;0.0;0.0;0.0;0.0;0.0;0.0;0.0;0.0;0.06;0.0;0.0;0.24;2;4;0.0
3031;cal000179;cal;zambri nacor acompanamiento maria una-mujer libio musicos aaron fines moises;unknown;UNKNOWN;u;1;1;1;3;0;0;0;0;1.0;0.0;0.0;0.0;0.0;0.0;0.0;0.0;0.0;0.06;0.0;0.0;0.24;2;2;0.0
3032;cal000179;cal;zambri nacor acompanamiento maria una-mujer musicos aaron fines moises libio;unknown;UNKNOWN;u;1;1;1;3;0;0;0;0;1.0;0.0;0.0;0.0;0.0;0.0;0.0;0.0;0.0;0.06;0.0;0.0;0.24;2;1;0.0
3033;cal000179;cal;angeles musicos;unknown;UNKNOWN;u;1;1;1;3;0;0;0;0;1.0;0.0;0.0;0.0;0.0;0.0;0.0;0.0;0.0;0.06;0.0;0.0;0.24;2;1;0.0
3034;cal000179;cal;zambri nacor acompanamiento maria una-mujer aaron fines libio musicos moises;unknown;UNKNOWN;u;1;1;3;3;0;0;0;0;1.0;0.0;0.0;0.0;0.0;0.0;0.0;0.0;0.0;0.06;0.01;0.0;0.24;2;1;0.0
3035;cal000179;cal;nacor acompanamiento una-mujer musicos zambri fines maria aaron libio moises;unknown;UNKNOWN;u;1;1;3;3;0;0;0;0;1.0;0.0;0.0;0.0;0.0;0.0;0.0;0.0;0.0;0.06;0.01;0.0;0.24;0;0;0.0
3036;cal000179;cal;acompanamiento baal idolatria zambri;unknown;UNKNOWN;u;1;1;1;1;0;0;0;0;1.0;0.0;0.0;0.0;0.0;0.0;0.0;0.0;0.0;0.06;0.0;0.0;0.09;0;0;0.0
3037;cal000179;cal;nacor musicos fines maria aaron libio acompanamiento zambri moises;unknown;UNKNOWN;u;1;1;1;2;0;0;0;0;1.0;0.0;0.0;0.0;0.0;0.0;0.0;0.0;0.0;0.06;0.0;0.0;0.45;1;8;0.0
3038;cal000179;cal;nacor angel-1 angel-2 fines maria aaron libio acompanamiento zambri moises musicos;unknown;UNKNOWN;u;1;1;1;1;0;0;0;0;1.0;0.0;0.0;0.0;0.0;0.0;0.0;0.0;0.0;0.06;0.0;0.0;0.45;1;7;0.0
3039;cal000179;cal;angel-2 musicos;unknown;UNKNOWN;u;1;1;1;2;0;0;0;0;1.0;0.0;0.0;0.0;0.0;0.0;0.0;0.0;0.0;0.06;0.0;0.0;0.45;1;6;0.0
3040;cal000179;cal;baal nacor una-mujer maria acompanamiento idolatria musicos zambri fines libio moises aaron;unknown;UNKNOWN;u;1;1;1;5;0;0;0;0;1.0;0.0;0.0;0.0;0.0;0.0;0.0;0.0;0.0;0.06;0.0;0.0;0.45;1;3;0.0
3041;cal000179;cal;baal nacor una-mujer maria acompanamiento idolatria acompanamiento zambri fines libio aaron moises musicos;unknown;UNKNOWN;u;1;1;1;1;0;0;0;0;1.0;0.0;0.0;0.0;0.0;0.0;0.0;0.0;0.0;0.06;0.0;0.0;0.45;1;3;0.0
3042;cal000179;cal;angel-1 musicos;unknown;UNKNOWN;u;1;1;1;2;0;0;0;0;1.0;0.0;0.0;0.0;0.0;0.0;0.0;0.0;0.0;0.06;0.0;0.0;0.45;1;2;0.0
3043;cal000179;cal;nacor una-mujer maria acompanamiento fines aaron musicos moises zambri libio;unknown;UNKNOWN;u;1;1;1;1;0;0;0;0;1.0;0.0;0.0;0.0;0.0;0.0;0.0;0.0;0.0;0.06;0.0;0.0;0.45;1;2;0.0
3044;cal000179;cal;musicos baal;unknown;UNKNOWN;u;1;1;1;2;0;0;0;0;1.0;0.0;0.0;0.0;0.0;0.0;0.0;0.0;0.0;0.06;0.0;0.0;0.45;1;2;0.0
3045;cal000179;cal;moises musicos;unknown;UNKNOWN;u;1;1;1;2;0;0;0;0;1.0;0.0;0.0;0.0;0.0;0.0;0.0;0.0;0.0;0.06;0.0;0.0;0.45;1;2;0.0
3046;cal000179;cal;fines musicos;unknown;UNKNOWN;u;1;1;1;2;0;0;0;0;1.0;0.0;0.0;0.0;0.0;0.0;0.0;0.0;0.0;0.06;0.0;0.0;0.45;1;2;0.0
3047;cal000179;cal;maria baal zambri fines musicos aaron nacor heleacor acompanamiento moises;unknown;UNKNOWN;u;1;1;1;2;0;0;0;0;1.0;0.0;0.0;0.0;0.0;0.0;0.0;0.0;0.0;0.06;0.0;0.0;0.45;1;0;0.0
3048;cal000179;cal;baal musicos;unknown;UNKNOWN;u;1;1;1;1;0;0;0;0;1.0;0.0;0.0;0.0;0.0;0.0;0.0;0.0;0.0;0.06;0.0;0.0;0.45;1;0;0.0
3049;cal000179;cal;idolatria musicos;unknown;UNKNOWN;u;1;1;1;3;0;0;0;0;1.0;0.0;0.0;0.0;0.0;0.0;0.0;0.0;0.0;0.06;0.0;0.0;0.31;0;6;0.0
3050;cal000179;cal;maria nacor heleacor acompanamiento baal aaron musicos idolatria fines zambri moises;unknown;UNKNOWN;u;1;1;1;1;0;0;0;0;1.0;0.0;0.0;0.0;0.0;0.0;0.0;0.0;0.0;0.06;0.0;0.0;0.31;0;3;0.0
3051;cal000179;cal;baal zambri musicos;unknown;UNKNOWN;u;1;1;1;1;0;0;0;0;1.0;0.0;0.0;0.0;0.0;0.0;0.0;0.0;0.0;0.06;0.0;0.0;0.31;0;2;0.0
3052;cal000179;cal;aaron fines moises;unknown;UNKNOWN;u;1;1;1;1;0;0;0;0;1.0;0.0;0.0;0.0;0.0;0.0;0.0;0.0;0.0;0.06;0.0;0.0;0.31;0;1;0.0
3053;cal000179;cal;maria nacor heleacor acompanamiento idolatria baal zambri musicos libio aaron fines moises;unknown;UNKNOWN;u;1;1;1;1;0;0;0;0;1.0;0.0;0.0;0.0;0.0;0.0;0.0;0.0;0.0;0.06;0.0;0.0;0.31;0;1;0.0
3054;cal000179;cal;fines moises musicos;unknown;UNKNOWN;u;1;1;1;2;0;0;0;0;1.0;0.0;0.0;0.0;0.0;0.0;0.0;0.0;0.0;0.06;0.0;0.0;0.31;0;1;0.0
3055;cal000179;cal;baal acompanamiento;unknown;UNKNOWN;u;1;1;1;3;0;0;0;0;1.0;0.0;0.0;0.0;0.0;0.0;0.0;0.0;0.0;0.06;0.0;0.0;0.31;0;0;0.0
3056;cal000179;cal;zambri baal acompanamiento;unknown;UNKNOWN;u;1;1;1;2;0;0;0;0;1.0;0.0;0.0;0.0;0.0;0.0;0.0;0.0;0.0;0.06;0.0;0.0;0.31;0;0;0.0
3057;cal000179;cal;maria nacor heleacor acompanamiento libio musicos moises aaron fines idolatria zambri baal;unknown;UNKNOWN;u;1;1;1;1;0;0;0;0;1.0;0.0;0.0;0.0;0.0;0.0;0.0;0.0;0.0;0.06;0.0;0.0;0.31;0;0;0.0
3058;cal000179;cal;maria nacor heleacor musicos moises aaron fines zambri acompanamiento;unknown;UNKNOWN;u;1;1;1;4;0;0;0;0;1.0;0.0;0.0;0.0;0.0;0.0;0.0;0.0;0.0;0.06;0.0;0.0;0.31;0;0;0.0
3059;cal000179;cal;musicos maria nacor heleacor acompanamiento libio idolatria aaron moises fines zambri;unknown;UNKNOWN;u;1;1;2;2;0;0;0;0;1.0;0.0;0.0;0.0;0.0;0.0;0.0;0.0;0.0;0.06;0.0;0.0;0.09;0;0;0.0
3060;cal000179;cal;musicos nacor heleacor acompanamiento libio angel-1 zambri idolatria nino-1 angel-2 fines nino-2 baal moises maria aaron;unknown;UNKNOWN;u;1;1;1;8;0;0;0;0;1.0;0.0;0.0;0.0;0.0;0.0;0.0;0.0;0.0;0.06;0.0;0.0;0.22;0;0;0.0
3061;cal000103;cal;soldados;unknown;Soldados;MALE;1;1;1;1;0;0;0;0;1.0;0.0;0.0;0.0;0.0;0.0;0.0;0.0;0.0;0.01;0.0;0.0;0.09;1;1;0.0
3062;cal000103;cal;hombres;unknown;Hombres;MALE;1;6;8;8;0;0;0;0;1.0;0.0;0.0;0.0;0.0;0.0;0.0;0.0;0.0;0.07;0.01;0.0;0.24;2;0;0.0
3063;cal000103;cal;mujeres;unknown;Mujeres;FEMALE;1;6;9;9;0;0;0;0;1.0;0.0;0.0;0.0;0.0;0.0;0.0;0.0;0.0;0.07;0.01;0.0;0.24;1;1;0.0
3064;cal000103;cal;coro-1;unknown;Coro 1;UNKNOWN;1;1;4;8;0;0;0;0;0.0;1.0;0.0;0.0;0.0;0.0;0.0;0.0;0.0;0.01;0.0;0.0;0.1;0;4;0.0
3065;cal000103;cal;coro-2;unknown;Coro 2;UNKNOWN;1;1;5;12;0;0;0;0;0.0;1.0;0.0;0.0;0.0;0.0;0.0;0.0;0.0;0.01;0.0;0.0;0.1;0;4;0.0
3066;cal000103;cal;los-dos-jóvenes;unknown;Los dos jóvenes;MALE;1;1;1;1;0;0;0;0;0.0;1.0;0.0;0.0;0.0;0.0;0.0;0.0;0.0;0.01;0.0;0.0;0.1;0;0;0.0
3067;cal000103;cal;los-dos-graciosos;unknown;Los dos graciosos;MALE;1;2;2;4;0;0;0;0;0.0;1.0;0.0;0.0;0.0;0.0;0.0;0.0;0.0;0.03;0.0;0.0;0.21;1;2;0.0
3068;cal000103;cal;focas;unknown;Focas;MALE;3;43;175;1049;0;0;0;0;0.47;0.24;0.29;0.0;0.0;0.0;0.0;0.0;0.0;0.54;0.15;0.25;0.72;5;8;0.08
3069;cal000103;cal;cintia;unknown;Cintia;FEMALE;3;42;137;526;0;0;0;0;0.28;0.42;0.3;0.0;0.0;0.0;0.0;0.0;0.0;0.53;0.12;0.12;0.81;6;10;0.11
3070;cal000103;cal;libia;unknown;Libia;FEMALE;3;27;68;267;0;0;0;0;0.61;0.21;0.18;0.0;0.0;0.0;0.0;0.0;0.0;0.34;0.06;0.06;0.72;8;13;0.05
3071;cal000103;cal;astolfo;unknown;Astolfo;MALE;3;16;68;323;0;0;0;0;0.52;0.36;0.12;0.0;0.0;0.0;0.0;0.0;0.0;0.2;0.06;0.08;0.48;6;8;0.01
3072;cal000103;cal;heraclio;unknown;Heraclio;MALE;3;35;200;712;0;0;0;0;0.24;0.33;0.43;0.0;0.0;0.0;0.0;0.0;0.0;0.44;0.17;0.17;0.84;7;13;0.11
3073;cal000103;cal;leonido;unknown;Leonido;MALE;3;34;144;513;0;0;0;0;0.26;0.43;0.31;0.0;0.0;0.0;0.0;0.0;0.0;0.42;0.12;0.12;0.86;9;12;0.12
3074;cal000103;cal;sabañón;unknown;Sabañón;MALE;3;21;54;114;0;0;0;0;0.35;0.43;0.22;0.0;0.0;0.0;0.0;0.0;0.0;0.26;0.05;0.03;0.69;3;9;0.05
3075;cal000103;cal;luquete;unknown;Luquete;MALE;3;20;54;89;0;0;0;0;0.43;0.35;0.22;0.0;0.0;0.0;0.0;0.0;0.0;0.25;0.05;0.02;0.67;3;9;0.05
3076;cal000103;cal;lisipo;unknown;Lisipo;MALE;3;24;63;233;0;0;0;0;0.06;0.67;0.27;0.0;0.0;0.0;0.0;0.0;0.0;0.3;0.05;0.05;0.48;4;4;0.02
3077;cal000103;cal;federico;unknown;Federico;MALE;2;7;23;170;0;0;0;0;0.0;0.18;0.82;0.0;0.0;0.0;0.0;0.0;0.0;0.09;0.02;0.04;0.31;0;4;0.0
3078;cal000103;cal;música;unknown;Música;UNKNOWN;3;8;26;56;0;0;0;0;0.21;0.68;0.11;0.0;0.0;0.0;0.0;0.0;0.0;0.1;0.02;0.01;0.53;4;9;0.03
3079;cal000103;cal;soldado-1;unknown;Soldado 1°;MALE;2;2;2;12;0;0;0;0;0.17;0.83;0.0;0.0;0.0;0.0;0.0;0.0;0.0;0.03;0.0;0.0;0.16;0;1;0.0
3080;cal000103;cal;dama-1;unknown;Dama 1a;FEMALE;3;4;4;9;0;0;0;0;0.11;0.44;0.44;0.0;0.0;0.0;0.0;0.0;0.0;0.05;0.0;0.0;0.48;5;5;0.01
3081;cal000103;cal;dama-2;unknown;Dama 2a;FEMALE;1;1;1;1;0;0;0;0;0.0;0.0;1.0;0.0;0.0;0.0;0.0;0.0;0.0;0.01;0.0;0.0;0.17;0;0;0.0
3082;cal000103;cal;criado-1;unknown;Criado 1°;MALE;1;1;1;3;0;0;0;0;0.0;1.0;0.0;0.0;0.0;0.0;0.0;0.0;0.0;0.01;0.0;0.0;0.16;0;0;0.0
3083;cal000103;cal;voz-1;unknown;Voz 1;UNKNOWN;1;1;2;3;0;0;0;0;0.0;0.0;1.0;0.0;0.0;0.0;0.0;0.0;0.0;0.01;0.0;0.0;0.28;3;4;0.0
3084;cal000103;cal;voz-2;unknown;Voz 2;UNKNOWN;1;1;2;2;0;0;0;0;0.0;0.0;1.0;0.0;0.0;0.0;0.0;0.0;0.0;0.01;0.0;0.0;0.28;3;4;0.0
3085;cal000103;cal;voz-3;unknown;Voz 3;UNKNOWN;1;1;1;1;0;0;0;0;0.0;0.0;1.0;0.0;0.0;0.0;0.0;0.0;0.0;0.01;0.0;0.0;0.28;3;4;0.0
3086;cal000103;cal;voz-4;unknown;Voz 4;UNKNOWN;1;1;1;1;0;0;0;0;0.0;0.0;1.0;0.0;0.0;0.0;0.0;0.0;0.0;0.01;0.0;0.0;0.28;3;4;0.0
3087;cal000103;cal;primero;unknown;1.º;MALE;2;4;6;11;0;0;0;0;0.0;0.45;0.55;0.0;0.0;0.0;0.0;0.0;0.0;0.05;0.01;0.0;0.38;0;5;0.0
3088;cal000103;cal;primera;unknown;1.ª;FEMALE;1;1;1;1;0;0;0;0;0.0;0.0;1.0;0.0;0.0;0.0;0.0;0.0;0.0;0.01;0.0;0.0;0.28;2;0;0.0
3089;cal000103;cal;segundo;unknown;2.º;MALE;2;3;5;5;0;0;0;0;0.0;0.8;0.2;0.0;0.0;0.0;0.0;0.0;0.0;0.04;0.0;0.0;0.29;0;4;0.0
3090;cal000103;cal;segunda;unknown;2.ª;FEMALE;2;2;3;3;0;0;0;0;0.33;0.0;0.67;0.0;0.0;0.0;0.0;0.0;0.0;0.03;0.0;0.0;0.34;3;2;0.0
3091;cal000103;cal;tercero;unknown;3.º;MALE;2;2;2;2;0;0;0;0;0.0;0.5;0.5;0.0;0.0;0.0;0.0;0.0;0.0;0.03;0.0;0.0;0.24;0;2;0.0
3092;cal000103;cal;tercera;unknown;3.ª;FEMALE;2;2;2;2;0;0;0;0;0.5;0.0;0.5;0.0;0.0;0.0;0.0;0.0;0.0;0.03;0.0;0.0;0.34;1;2;0.0
3093;cal000103;cal;cuarta;unknown;4.ª;FEMALE;1;1;1;1;0;0;0;0;0.0;0.0;1.0;0.0;0.0;0.0;0.0;0.0;0.0;0.01;0.0;0.0;0.28;0;0;0.0
3094;cal000103;cal;montero-1;unknown;Montero 1.º;MALE;1;1;1;3;0;0;0;0;0.0;0.0;1.0;0.0;0.0;0.0;0.0;0.0;0.0;0.01;0.0;0.0;0.14;0;0;0.0
3095;cal000103;cal;dama-1 dama-2;unknown;UNKNOWN;u;1;1;1;1;0;0;0;0;1.0;0.0;0.0;0.0;0.0;0.0;0.0;0.0;0.0;0.01;0.0;0.0;0.09;1;0;0.0
3096;cal000103;cal;unos;unknown;UNKNOWN;u;2;5;5;5;0;0;0;0;0.8;0.0;0.2;0.0;0.0;0.0;0.0;0.0;0.0;0.06;0.0;0.0;0.38;1;0;0.01
3097;cal000103;cal;otros;unknown;UNKNOWN;u;2;6;11;11;0;0;0;0;0.73;0.0;0.27;0.0;0.0;0.0;0.0;0.0;0.0;0.07;0.01;0.0;0.41;1;0;0.02
3098;cal000103;cal;cintia música;unknown;UNKNOWN;u;1;1;1;4;0;0;0;0;1.0;0.0;0.0;0.0;0.0;0.0;0.0;0.0;0.0;0.01;0.0;0.0;0.05;0;1;0.0
3099;cal000103;cal;unas;unknown;UNKNOWN;u;1;1;1;1;0;0;0;0;1.0;0.0;0.0;0.0;0.0;0.0;0.0;0.0;0.0;0.01;0.0;0.0;0.09;2;1;0.0
3100;cal000103;cal;dama-1 ismenia;unknown;UNKNOWN;u;1;1;1;4;0;0;0;0;1.0;0.0;0.0;0.0;0.0;0.0;0.0;0.0;0.0;0.01;0.0;0.0;0.07;0;0;0.0
3101;cal000103;cal;leonido astolfo;unknown;UNKNOWN;u;1;1;3;4;0;0;0;0;1.0;0.0;0.0;0.0;0.0;0.0;0.0;0.0;0.0;0.01;0.0;0.0;0.12;1;1;0.0
3102;cal000103;cal;todos;unknown;UNKNOWN;u;3;13;19;20;0;0;0;0;0.15;0.2;0.65;0.0;0.0;0.0;0.0;0.0;0.0;0.16;0.02;0.0;0.59;3;7;0.03
3103;cal000103;cal;todas;unknown;UNKNOWN;u;2;2;3;5;0;0;0;0;0.2;0.0;0.8;0.0;0.0;0.0;0.0;0.0;0.0;0.03;0.0;0.0;0.24;3;0;0.0
3104;cal000103;cal;luquete sabañón;unknown;UNKNOWN;u;2;4;6;8;0;0;0;0;0.62;0.38;0.0;0.0;0.0;0.0;0.0;0.0;0.0;0.05;0.01;0.0;0.28;1;5;0.0
3105;cal000103;cal;libia cintia;unknown;UNKNOWN;u;3;4;5;5;0;0;0;0;0.4;0.4;0.2;0.0;0.0;0.0;0.0;0.0;0.0;0.05;0.0;0.0;0.19;0;1;0.0
3106;cal000103;cal;heraclio leonido;unknown;UNKNOWN;u;3;7;14;21;0;0;0;0;0.52;0.24;0.24;0.0;0.0;0.0;0.0;0.0;0.0;0.09;0.01;0.0;0.29;2;3;0.0
3107;cal000103;cal;astolfo heraclio;unknown;UNKNOWN;u;2;3;5;5;0;0;0;0;0.4;0.0;0.6;0.0;0.0;0.0;0.0;0.0;0.0;0.04;0.0;0.0;0.31;0;2;0.0
3108;cal000103;cal;cintia libia;unknown;UNKNOWN;u;1;1;1;1;0;0;0;0;1.0;0.0;0.0;0.0;0.0;0.0;0.0;0.0;0.0;0.01;0.0;0.0;0.14;0;0;0.0
3109;cal000103;cal;focas luquete;unknown;UNKNOWN;u;1;1;1;1;0;0;0;0;0.0;1.0;0.0;0.0;0.0;0.0;0.0;0.0;0.0;0.01;0.0;0.0;0.09;0;3;0.0
3110;cal000103;cal;leonido música;unknown;UNKNOWN;u;1;1;1;1;0;0;0;0;0.0;1.0;0.0;0.0;0.0;0.0;0.0;0.0;0.0;0.01;0.0;0.0;0.05;0;0;0.0
3111;cal000103;cal;dentro;unknown;UNKNOWN;u;2;5;5;5;0;0;0;0;0.0;0.2;0.8;0.0;0.0;0.0;0.0;0.0;0.0;0.06;0.0;0.0;0.29;0;5;0.0
3112;cal000103;cal;coro-1 música;unknown;UNKNOWN;u;1;1;1;4;0;0;0;0;0.0;1.0;0.0;0.0;0.0;0.0;0.0;0.0;0.0;0.01;0.0;0.0;0.1;0;4;0.0
3113;cal000103;cal;primero segundo;unknown;UNKNOWN;u;1;1;1;1;0;0;0;0;0.0;1.0;0.0;0.0;0.0;0.0;0.0;0.0;0.0;0.01;0.0;0.0;0.16;0;2;0.0
3114;cal000103;cal;voz-1 voz-2 voz-3 voz-4;unknown;UNKNOWN;u;1;1;1;2;0;0;0;0;0.0;1.0;0.0;0.0;0.0;0.0;0.0;0.0;0.0;0.01;0.0;0.0;0.05;0;0;0.0
3115;cal000103;cal;lisipo astolfo;unknown;UNKNOWN;u;1;1;1;1;0;0;0;0;0.0;1.0;0.0;0.0;0.0;0.0;0.0;0.0;0.0;0.01;0.0;0.0;0.07;1;1;0.0
3116;cal000103;cal;leonido heraclio;unknown;UNKNOWN;u;1;1;4;4;0;0;0;0;0.0;0.0;1.0;0.0;0.0;0.0;0.0;0.0;0.0;0.01;0.0;0.0;0.28;2;0;0.0
3117;cal000103;cal;focas lisipo;unknown;UNKNOWN;u;1;1;1;1;0;0;0;0;0.0;0.0;1.0;0.0;0.0;0.0;0.0;0.0;0.0;0.01;0.0;0.0;0.17;3;0;0.0
3118;cal000103;cal;uno;unknown;UNKNOWN;u;1;1;1;3;0;0;0;0;0.0;0.0;1.0;0.0;0.0;0.0;0.0;0.0;0.0;0.01;0.0;0.0;0.16;0;2;0.0
3119;cal000104;cal;soldado;unknown;Soldados;MALE;1;1;1;1;0;0;0;0;1.0;0.0;0.0;0.0;0.0;0.0;0.0;0.0;0.0;0.02;0.0;0.0;0.04;0;0;0.0
3120;cal000104;cal;música;unknown;Músicos;UNKNOWN;3;8;18;40;0;0;0;0;0.15;0.55;0.3;0.0;0.0;0.0;0.0;0.0;0.0;0.15;0.03;0.01;0.65;5;4;0.04
3121;cal000104;cal;ninfas;unknown;Otras ocho ninfas;FEMALE;1;1;2;6;0;0;0;0;0.0;0.0;1.0;0.0;0.0;0.0;0.0;0.0;0.0;0.02;0.0;0.0;0.44;0;1;0.0
3122;cal000104;cal;cautivos;unknown;Cautivos;MALE;1;1;1;6;0;0;0;0;0.0;0.0;1.0;0.0;0.0;0.0;0.0;0.0;0.0;0.02;0.0;0.0;0.44;0;0;0.0
3123;cal000104;cal;coro-primero;unknown;Coro Primero;UNKNOWN;2;4;6;20;0;0;0;0;0.05;0.0;0.95;0.0;0.0;0.0;0.0;0.0;0.0;0.07;0.01;0.01;0.4;2;1;0.01
3124;cal000104;cal;coro-segundo;unknown;Coro Segundo;UNKNOWN;2;3;9;19;0;0;0;0;0.05;0.0;0.95;0.0;0.0;0.0;0.0;0.0;0.0;0.05;0.01;0.01;0.38;2;1;0.0
3125;cal000104;cal;egle;unknown;Egle;FEMALE;3;9;22;61;0;0;0;0;0.13;0.25;0.62;0.0;0.0;0.0;0.0;0.0;0.0;0.16;0.03;0.02;0.56;3;4;0.04
3126;cal000104;cal;verusa;unknown;Verusa;FEMALE;3;11;26;103;0;0;0;0;0.06;0.31;0.63;0.0;0.0;0.0;0.0;0.0;0.0;0.2;0.04;0.03;0.52;4;3;0.01
3127;cal000104;cal;hesperia;unknown;Hesperia;FEMALE;3;12;40;365;0;0;0;0;0.65;0.12;0.22;0.0;0.0;0.0;0.0;0.0;0.0;0.22;0.06;0.1;0.63;6;5;0.03
3128;cal000104;cal;hércules;unknown;Hércules;MALE;3;34;171;1165;0;0;0;0;0.35;0.33;0.32;0.0;0.0;0.0;0.0;0.0;0.0;0.62;0.25;0.32;0.9;9;6;0.15
3129;cal000104;cal;licas;unknown;Licas;MALE;3;26;79;319;0;0;0;0;0.39;0.48;0.13;0.0;0.0;0.0;0.0;0.0;0.0;0.47;0.11;0.09;0.9;10;6;0.14
3130;cal000104;cal;yole;unknown;Yole;FEMALE;3;16;66;415;0;0;0;0;0.14;0.26;0.6;0.0;0.0;0.0;0.0;0.0;0.0;0.29;0.1;0.11;0.79;6;4;0.1
3131;cal000104;cal;rey;unknown;Euristio;MALE;2;8;24;169;0;0;0;0;0.71;0.29;0.0;0.0;0.0;0.0;0.0;0.0;0.0;0.15;0.03;0.05;0.35;3;0;0.01
3132;cal000104;cal;anteo;unknown;Anteo;MALE;3;8;30;210;0;0;0;0;0.15;0.59;0.27;0.0;0.0;0.0;0.0;0.0;0.0;0.15;0.04;0.06;0.38;3;5;0.01
3133;cal000104;cal;cupido;unknown;Cupido;MALE;3;7;27;99;0;0;0;0;0.34;0.13;0.53;0.0;0.0;0.0;0.0;0.0;0.0;0.13;0.04;0.03;0.69;3;3;0.04
3134;cal000104;cal;venus;unknown;Venus;FEMALE;2;3;19;51;0;0;0;0;0.67;0.0;0.33;0.0;0.0;0.0;0.0;0.0;0.0;0.05;0.03;0.01;0.33;1;1;0.01
3135;cal000104;cal;dama-1;unknown;Dama 1;FEMALE;1;2;2;3;0;0;0;0;1.0;0.0;0.0;0.0;0.0;0.0;0.0;0.0;0.0;0.04;0.0;0.0;0.17;3;2;0.0
3136;cal000104;cal;dama-2;unknown;Dama 2;FEMALE;1;2;2;3;0;0;0;0;1.0;0.0;0.0;0.0;0.0;0.0;0.0;0.0;0.0;0.04;0.0;0.0;0.17;2;2;0.0
3137;cal000104;cal;dama-3;unknown;Dama 3;FEMALE;1;1;1;2;0;0;0;0;1.0;0.0;0.0;0.0;0.0;0.0;0.0;0.0;0.0;0.02;0.0;0.0;0.17;1;2;0.0
3138;cal000104;cal;aristeo;unknown;Aristeo;MALE;2;12;34;198;0;0;0;0;0.0;0.55;0.45;0.0;0.0;0.0;0.0;0.0;0.0;0.22;0.05;0.05;0.58;5;4;0.02
3139;cal000104;cal;cibele;unknown;Cibele;FEMALE;2;3;6;121;0;0;0;0;0.0;0.71;0.29;0.0;0.0;0.0;0.0;0.0;0.0;0.05;0.01;0.03;0.13;0;2;0.0
3140;cal000104;cal;calíope;unknown;Calíope;FEMALE;2;4;20;121;0;0;0;0;0.0;0.33;0.67;0.0;0.0;0.0;0.0;0.0;0.0;0.07;0.03;0.03;0.54;1;4;0.01
3141;cal000104;cal;voz-primera;unknown;Voz Primera;UNKNOWN;1;1;3;6;0;0;0;0;1.0;0.0;0.0;0.0;0.0;0.0;0.0;0.0;0.0;0.02;0.0;0.0;0.12;1;0;0.0
3142;cal000104;cal;voz-segunda;unknown;Voz Segunda;UNKNOWN;1;1;1;1;0;0;0;0;1.0;0.0;0.0;0.0;0.0;0.0;0.0;0.0;0.0;0.02;0.0;0.0;0.12;1;0;0.0
3143;cal000104;cal;voz-tercera;unknown;Voz Tercera;UNKNOWN;1;1;1;1;0;0;0;0;1.0;0.0;0.0;0.0;0.0;0.0;0.0;0.0;0.0;0.02;0.0;0.0;0.12;1;0;0.0
3144;cal000104;cal;hombre;unknown;Un Hombre;MALE;1;1;1;1;0;0;0;0;0.0;0.0;1.0;0.0;0.0;0.0;0.0;0.0;0.0;0.02;0.0;0.0;0.17;1;0;0.0
3145;cal000104;cal;mujer;unknown;Una Mujer;FEMALE;1;1;1;1;0;0;0;0;0.0;0.0;1.0;0.0;0.0;0.0;0.0;0.0;0.0;0.02;0.0;0.0;0.17;0;0;0.0
3146;cal000104;cal;voz-primera voz-segunda voz-tercera;unknown;UNKNOWN;u;3;4;5;9;0;0;0;0;0.11;0.67;0.22;0.0;0.0;0.0;0.0;0.0;0.0;0.07;0.01;0.0;0.52;2;2;0.03
3147;cal000104;cal;unos;unknown;UNKNOWN;u;1;1;1;1;0;0;0;0;1.0;0.0;0.0;0.0;0.0;0.0;0.0;0.0;0.0;0.02;0.0;0.0;0.06;1;0;0.0
3148;cal000104;cal;otros;unknown;UNKNOWN;u;2;2;2;2;0;0;0;0;0.5;0.5;0.0;0.0;0.0;0.0;0.0;0.0;0.0;0.04;0.0;0.0;0.08;1;0;0.0
3149;cal000104;cal;hesperia música;unknown;UNKNOWN;u;2;2;2;3;0;0;0;0;0.67;0.0;0.33;0.0;0.0;0.0;0.0;0.0;0.0;0.04;0.0;0.0;0.44;3;2;0.0
3150;cal000104;cal;egle verusa;unknown;UNKNOWN;u;3;4;4;4;0;0;0;0;0.25;0.5;0.25;0.0;0.0;0.0;0.0;0.0;0.0;0.07;0.01;0.0;0.25;3;1;0.0
3151;cal000104;cal;egle música;unknown;UNKNOWN;u;1;1;1;2;0;0;0;0;1.0;0.0;0.0;0.0;0.0;0.0;0.0;0.0;0.0;0.02;0.0;0.0;0.21;2;2;0.0
3152;cal000104;cal;venus cupido;unknown;UNKNOWN;u;1;1;1;1;0;0;0;0;1.0;0.0;0.0;0.0;0.0;0.0;0.0;0.0;0.0;0.02;0.0;0.0;0.21;1;1;0.0
3153;cal000104;cal;todos música;unknown;UNKNOWN;u;3;3;5;14;0;0;0;0;0.43;0.21;0.36;0.0;0.0;0.0;0.0;0.0;0.0;0.05;0.01;0.0;0.58;2;1;0.01
3154;cal000104;cal;yole música;unknown;UNKNOWN;u;3;3;4;6;0;0;0;0;0.5;0.17;0.33;0.0;0.0;0.0;0.0;0.0;0.0;0.05;0.01;0.0;0.58;4;4;0.01
3155;cal000104;cal;todos;unknown;UNKNOWN;u;3;6;13;18;0;0;0;0;0.33;0.17;0.5;0.0;0.0;0.0;0.0;0.0;0.0;0.11;0.02;0.0;0.56;2;4;0.02
3156;cal000104;cal;uno;unknown;UNKNOWN;u;2;2;2;6;0;0;0;0;0.0;0.17;0.83;0.0;0.0;0.0;0.0;0.0;0.0;0.04;0.0;0.0;0.44;1;1;0.0
3157;cal000104;cal;yole unos;unknown;UNKNOWN;u;1;1;1;1;0;0;0;0;0.0;1.0;0.0;0.0;0.0;0.0;0.0;0.0;0.0;0.02;0.0;0.0;0.02;0;0;0.0
3158;cal000104;cal;egle verusa hesperia;unknown;UNKNOWN;u;2;2;2;3;0;0;0;0;0.0;0.67;0.33;0.0;0.0;0.0;0.0;0.0;0.0;0.04;0.0;0.0;0.12;0;0;0.0
3159;cal000104;cal;cibele música;unknown;UNKNOWN;u;1;1;2;2;0;0;0;0;0.0;1.0;0.0;0.0;0.0;0.0;0.0;0.0;0.0;0.02;0.0;0.0;0.1;0;2;0.0
3160;cal000104;cal;hércules licas;unknown;UNKNOWN;u;1;1;1;1;0;0;0;0;0.0;1.0;0.0;0.0;0.0;0.0;0.0;0.0;0.0;0.02;0.0;0.0;0.08;0;0;0.0
3161;cal000104;cal;hércules música;unknown;UNKNOWN;u;2;2;3;4;0;0;0;0;0.0;0.25;0.75;0.0;0.0;0.0;0.0;0.0;0.0;0.04;0.0;0.0;0.46;5;3;0.0
3162;cal000104;cal;calíope música;unknown;UNKNOWN;u;1;1;2;6;0;0;0;0;0.0;1.0;0.0;0.0;0.0;0.0;0.0;0.0;0.0;0.02;0.0;0.0;0.12;0;1;0.0
3163;cal000104;cal;todas;unknown;UNKNOWN;u;2;3;8;16;0;0;0;0;0.0;0.5;0.5;0.0;0.0;0.0;0.0;0.0;0.0;0.05;0.01;0.0;0.54;4;3;0.02
3164;cal000104;cal;hércules todas;unknown;UNKNOWN;u;1;1;1;3;0;0;0;0;0.0;1.0;0.0;0.0;0.0;0.0;0.0;0.0;0.0;0.02;0.0;0.0;0.04;0;0;0.0
3165;cal000104;cal;yole cupido venus;unknown;UNKNOWN;u;1;1;4;4;0;0;0;0;0.0;0.0;1.0;0.0;0.0;0.0;0.0;0.0;0.0;0.02;0.01;0.0;0.08;0;0;0.0
3166;cal000104;cal;cupido venus;unknown;UNKNOWN;u;1;2;4;17;0;0;0;0;0.0;0.0;1.0;0.0;0.0;0.0;0.0;0.0;0.0;0.04;0.01;0.0;0.48;0;1;0.01
3167;cal000104;cal;yole calíope;unknown;UNKNOWN;u;1;1;1;1;0;0;0;0;0.0;0.0;1.0;0.0;0.0;0.0;0.0;0.0;0.0;0.02;0.0;0.0;0.19;0;1;0.0
3168;cal000104;cal;una;unknown;UNKNOWN;u;1;2;2;4;0;0;0;0;0.0;0.0;1.0;0.0;0.0;0.0;0.0;0.0;0.0;0.04;0.0;0.0;0.52;3;3;0.0
3169;cal000104;cal;otra;unknown;UNKNOWN;u;1;1;1;3;0;0;0;0;0.0;0.0;1.0;0.0;0.0;0.0;0.0;0.0;0.0;0.02;0.0;0.0;0.19;0;1;0.0
3170;cal000104;cal;yole hesperia verusa;unknown;UNKNOWN;u;1;1;2;2;0;0;0;0;0.0;0.0;1.0;0.0;0.0;0.0;0.0;0.0;0.0;0.02;0.0;0.0;0.44;3;3;0.0
3171;cal000104;cal;ninfas calíope;unknown;UNKNOWN;u;1;1;1;3;0;0;0;0;0.0;0.0;1.0;0.0;0.0;0.0;0.0;0.0;0.0;0.02;0.0;0.0;0.44;1;1;0.0
3172;cal000105;cal;soldado-segundo;unknown;Acompañamiento de soldados;MALE;1;1;1;3;0;0;0;0;1.0;0.0;0.0;0.0;0.0;0.0;0.0;0.0;0.0;0.02;0.0;0.0;0.07;0;0;0.0
3173;cal000105;cal;coro;unknown;Coro de Música;UNKNOWN;1;1;1;4;0;0;0;0;1.0;0.0;0.0;0.0;0.0;0.0;0.0;0.0;0.0;0.02;0.0;0.0;0.21;0;0;0.0
3174;cal000105;cal;voces;unknown;Voces;UNKNOWN;2;3;3;4;0;0;0;0;0.75;0.25;0.0;0.0;0.0;0.0;0.0;0.0;0.0;0.05;0.0;0.0;0.18;0;1;0.0
3175;cal000105;cal;anfión;unknown;Anfión;MALE;3;29;107;978;0;0;0;0;0.51;0.2;0.29;0.0;0.0;0.0;0.0;0.0;0.0;0.45;0.17;0.26;0.79;2;2;0.09
3176;cal000105;cal;celauro;unknown;Celauro;MALE;3;35;165;883;0;0;0;0;0.23;0.43;0.34;0.0;0.0;0.0;0.0;0.0;0.0;0.55;0.26;0.24;0.68;3;3;0.08
3177;cal000105;cal;lelio;unknown;Lelio;MALE;3;15;64;294;0;0;0;0;0.42;0.29;0.3;0.0;0.0;0.0;0.0;0.0;0.0;0.23;0.1;0.08;0.46;1;1;0.0
3178;cal000105;cal;lidoro;unknown;Lidoro;MALE;3;13;21;84;0;0;0;0;0.4;0.15;0.44;0.0;0.0;0.0;0.0;0.0;0.0;0.2;0.03;0.02;0.54;3;2;0.04
3179;cal000105;cal;cupido;unknown;Cupido;MALE;1;1;3;18;0;0;0;0;0.0;0.0;1.0;0.0;0.0;0.0;0.0;0.0;0.0;0.02;0.0;0.0;0.36;3;3;0.0
3180;cal000105;cal;ismenia;unknown;Ismenia;FEMALE;3;24;89;627;0;0;0;0;0.18;0.51;0.3;0.0;0.0;0.0;0.0;0.0;0.0;0.38;0.14;0.17;0.86;1;1;0.18
3181;cal000105;cal;doris;unknown;Doris;FEMALE;3;20;78;470;0;0;0;0;0.56;0.15;0.29;0.0;0.0;0.0;0.0;0.0;0.0;0.31;0.12;0.13;0.75;1;2;0.12
3182;cal000105;cal;libia;unknown;Libia;FEMALE;3;17;57;253;0;0;0;0;0.42;0.17;0.41;0.0;0.0;0.0;0.0;0.0;0.0;0.27;0.09;0.07;0.75;1;0;0.12
3183;cal000105;cal;música;unknown;Música;UNKNOWN;2;3;4;19;0;0;0;0;0.0;0.53;0.47;0.0;0.0;0.0;0.0;0.0;0.0;0.05;0.01;0.01;0.5;2;0;0.02
3184;cal000105;cal;todos;unknown;UNKNOWN;u;3;5;9;13;0;0;0;0;0.62;0.08;0.31;0.0;0.0;0.0;0.0;0.0;0.0;0.08;0.01;0.0;0.64;1;2;0.04
3185;cal000105;cal;todas;unknown;UNKNOWN;u;2;5;13;22;0;0;0;0;0.86;0.0;0.14;0.0;0.0;0.0;0.0;0.0;0.0;0.08;0.02;0.01;0.43;2;1;0.02
3186;cal000105;cal;ismenia libia música;unknown;UNKNOWN;u;1;1;1;4;0;0;0;0;1.0;0.0;0.0;0.0;0.0;0.0;0.0;0.0;0.0;0.02;0.0;0.0;0.14;0;0;0.0
3187;cal000105;cal;ismenia libia doris;unknown;UNKNOWN;u;1;1;1;5;0;0;0;0;1.0;0.0;0.0;0.0;0.0;0.0;0.0;0.0;0.0;0.02;0.0;0.0;0.14;0;1;0.0
3188;cal000105;cal;libia voces;unknown;UNKNOWN;u;1;1;1;2;0;0;0;0;1.0;0.0;0.0;0.0;0.0;0.0;0.0;0.0;0.0;0.02;0.0;0.0;0.11;0;0;0.0
3189;cal000105;cal;doris voces;unknown;UNKNOWN;u;1;1;2;3;0;0;0;0;1.0;0.0;0.0;0.0;0.0;0.0;0.0;0.0;0.0;0.02;0.0;0.0;0.11;0;0;0.0
3190;cal000105;cal;una;unknown;UNKNOWN;u;1;1;1;4;0;0;0;0;1.0;0.0;0.0;0.0;0.0;0.0;0.0;0.0;0.0;0.02;0.0;0.0;0.11;0;0;0.0
3191;cal000105;cal;ismenia música;unknown;UNKNOWN;u;1;1;1;4;0;0;0;0;0.0;1.0;0.0;0.0;0.0;0.0;0.0;0.0;0.0;0.02;0.0;0.0;0.07;0;0;0.0
3192;cal000105;cal;anfión música;unknown;UNKNOWN;u;2;2;2;7;0;0;0;0;0.0;0.57;0.43;0.0;0.0;0.0;0.0;0.0;0.0;0.03;0.0;0.0;0.39;3;2;0.0
3193;cal000105;cal;anfión ismenia música;unknown;UNKNOWN;u;1;1;1;2;0;0;0;0;0.0;1.0;0.0;0.0;0.0;0.0;0.0;0.0;0.0;0.02;0.0;0.0;0.21;1;0;0.0
3194;cal000105;cal;todos música;unknown;UNKNOWN;u;2;3;3;8;0;0;0;0;0.0;0.62;0.38;0.0;0.0;0.0;0.0;0.0;0.0;0.05;0.0;0.0;0.39;0;0;0.0
3195;cal000105;cal;unos;unknown;UNKNOWN;u;2;4;5;5;0;0;0;0;0.0;0.4;0.6;0.0;0.0;0.0;0.0;0.0;0.0;0.06;0.01;0.0;0.43;3;3;0.01
3196;cal000105;cal;otras;unknown;UNKNOWN;u;2;2;3;3;0;0;0;0;0.0;0.33;0.67;0.0;0.0;0.0;0.0;0.0;0.0;0.03;0.0;0.0;0.36;3;3;0.0
3197;cal000105;cal;doris ismenia;unknown;UNKNOWN;u;1;1;1;1;0;0;0;0;0.0;1.0;0.0;0.0;0.0;0.0;0.0;0.0;0.0;0.02;0.0;0.0;0.18;2;1;0.0
3198;cal000105;cal;otros;unknown;UNKNOWN;u;2;2;3;3;0;0;0;0;0.0;0.33;0.67;0.0;0.0;0.0;0.0;0.0;0.0;0.03;0.0;0.0;0.36;2;1;0.0
3199;cal000105;cal;celauro ismenia;unknown;UNKNOWN;u;1;1;1;2;0;0;0;0;0.0;1.0;0.0;0.0;0.0;0.0;0.0;0.0;0.0;0.02;0.0;0.0;0.07;0;0;0.0
3200;cal000105;cal;unas;unknown;UNKNOWN;u;1;1;2;2;0;0;0;0;0.0;0.0;1.0;0.0;0.0;0.0;0.0;0.0;0.0;0.02;0.0;0.0;0.29;3;3;0.0
3201;cal000106;cal;música;unknown;Músicos;UNKNOWN;3;5;12;28;0;0;0;0;0.32;0.29;0.39;0.0;0.0;0.0;0.0;0.0;0.0;0.06;0.01;0.01;0.5;3;3;0.07
3202;cal000106;cal;perseo;unknown;Perseo;MALE;3;45;189;778;0;0;0;0;0.4;0.31;0.28;0.0;0.0;0.0;0.0;0.0;0.0;0.54;0.21;0.2;0.73;7;6;0.27
3203;cal000106;cal;bato;unknown;Bato;MALE;3;23;100;388;0;0;0;0;0.43;0.3;0.27;0.0;0.0;0.0;0.0;0.0;0.0;0.27;0.11;0.1;0.55;6;5;0.13
3204;cal000106;cal;gilote;unknown;Gilote;MALE;2;6;17;37;0;0;0;0;0.95;0.05;0.0;0.0;0.0;0.0;0.0;0.0;0.0;0.07;0.02;0.01;0.19;0;4;0.01
3205;cal000106;cal;riselo;unknown;Riselo;MALE;1;4;7;10;0;0;0;0;1.0;0.0;0.0;0.0;0.0;0.0;0.0;0.0;0.0;0.05;0.01;0.0;0.1;0;4;0.0
3206;cal000106;cal;ergasto;unknown;Ergasto;MALE;1;5;12;32;0;0;0;0;1.0;0.0;0.0;0.0;0.0;0.0;0.0;0.0;0.0;0.06;0.01;0.01;0.1;0;1;0.0
3207;cal000106;cal;cardenio;unknown;Cardenio;MALE;2;9;14;30;0;0;0;0;0.5;0.5;0.0;0.0;0.0;0.0;0.0;0.0;0.0;0.11;0.02;0.01;0.19;1;4;0.0
3208;cal000106;cal;dánae;unknown;Dánae;FEMALE;2;17;82;209;0;0;0;0;0.44;0.56;0.0;0.0;0.0;0.0;0.0;0.0;0.0;0.2;0.09;0.05;0.37;4;6;0.04
3209;cal000106;cal;polídites;unknown;Polídites;MALE;2;13;45;204;0;0;0;0;0.33;0.67;0.0;0.0;0.0;0.0;0.0;0.0;0.0;0.15;0.05;0.05;0.27;1;6;0.02
3210;cal000106;cal;criado;unknown;Un Criado;MALE;1;2;2;3;0;0;0;0;1.0;0.0;0.0;0.0;0.0;0.0;0.0;0.0;0.0;0.02;0.0;0.0;0.03;0;0;0.0
3211;cal000106;cal;fineo;unknown;Fineo;MALE;3;13;47;401;0;0;0;0;0.39;0.58;0.02;0.0;0.0;0.0;0.0;0.0;0.0;0.15;0.05;0.1;0.44;6;6;0.04
3212;cal000106;cal;lidoro;unknown;Lidoro;MALE;3;18;49;375;0;0;0;0;0.42;0.14;0.43;0.0;0.0;0.0;0.0;0.0;0.0;0.21;0.05;0.1;0.44;7;7;0.04
3213;cal000106;cal;medusa;unknown;Medusa;FEMALE;1;4;13;85;0;0;0;0;0.0;0.0;1.0;0.0;0.0;0.0;0.0;0.0;0.0;0.05;0.01;0.02;0.08;2;1;0.0
3214;cal000106;cal;palas;unknown;Palas;FEMALE;3;5;25;106;0;0;0;0;0.7;0.25;0.06;0.0;0.0;0.0;0.0;0.0;0.0;0.06;0.03;0.03;0.29;0;2;0.01
3215;cal000106;cal;mercurio;unknown;Mercurio;MALE;3;6;27;146;0;0;0;0;0.49;0.46;0.05;0.0;0.0;0.0;0.0;0.0;0.0;0.07;0.03;0.04;0.31;1;2;0.02
3216;cal000106;cal;andrómeda;unknown;Andrómeda;FEMALE;3;20;70;409;0;0;0;0;0.08;0.2;0.72;0.0;0.0;0.0;0.0;0.0;0.0;0.24;0.08;0.11;0.39;5;5;0.06
3217;cal000106;cal;morfeo;unknown;Morfeo;MALE;1;1;2;17;0;0;0;0;0.0;1.0;0.0;0.0;0.0;0.0;0.0;0.0;0.0;0.01;0.0;0.0;0.02;0;0;0.0
3218;cal000106;cal;júpiter;unknown;Júpiter;MALE;2;2;7;56;0;0;0;0;0.0;0.82;0.18;0.0;0.0;0.0;0.0;0.0;0.0;0.02;0.01;0.01;0.35;0;0;0.02
3219;cal000106;cal;dama-1;unknown;Dama Primera;FEMALE;1;1;5;22;0;0;0;0;0.0;1.0;0.0;0.0;0.0;0.0;0.0;0.0;0.0;0.01;0.01;0.01;0.16;2;1;0.0
3220;cal000106;cal;dama-2;unknown;Dama Segunda;FEMALE;1;1;2;4;0;0;0;0;0.0;1.0;0.0;0.0;0.0;0.0;0.0;0.0;0.0;0.01;0.0;0.0;0.16;1;1;0.0
3221;cal000106;cal;dama-3;unknown;Dama Tercera;FEMALE;1;1;1;2;0;0;0;0;0.0;1.0;0.0;0.0;0.0;0.0;0.0;0.0;0.0;0.01;0.0;0.0;0.16;0;1;0.0
3222;cal000106;cal;juno;unknown;[Juno];FEMALE;2;3;5;41;0;0;0;0;0.0;0.59;0.41;0.0;0.0;0.0;0.0;0.0;0.0;0.04;0.01;0.01;0.29;5;3;0.02
3223;cal000106;cal;dueña;unknown;[Dueña];FEMALE;1;1;3;6;0;0;0;0;0.0;1.0;0.0;0.0;0.0;0.0;0.0;0.0;0.0;0.01;0.0;0.0;0.16;3;2;0.0
3224;cal000106;cal;rey;unknown;[El Rey de Trinacria];MALE;2;6;20;67;0;0;0;0;0.0;0.63;0.37;0.0;0.0;0.0;0.0;0.0;0.0;0.07;0.02;0.02;0.29;4;6;0.01
3225;cal000106;cal;discordia;unknown;[Discordia];FEMALE;3;12;38;141;0;0;0;0;0.25;0.67;0.08;0.0;0.0;0.0;0.0;0.0;0.0;0.14;0.04;0.04;0.32;4;2;0.04
3226;cal000106;cal;libia;unknown;[Libia];FEMALE;1;4;14;56;0;0;0;0;0.0;0.0;1.0;0.0;0.0;0.0;0.0;0.0;0.0;0.05;0.02;0.01;0.16;1;1;0.01
3227;cal000106;cal;sirene;unknown;[Sirene];FEMALE;1;4;11;24;0;0;0;0;0.0;0.0;1.0;0.0;0.0;0.0;0.0;0.0;0.0;0.05;0.01;0.01;0.08;0;1;0.0
3228;cal000106;cal;laura;unknown;[Laura];FEMALE;1;2;3;14;0;0;0;0;0.0;1.0;0.0;0.0;0.0;0.0;0.0;0.0;0.0;0.02;0.0;0.0;0.06;1;2;0.0
3229;cal000106;cal;celio;unknown;[Celio];MALE;1;2;6;32;0;0;0;0;0.0;1.0;0.0;0.0;0.0;0.0;0.0;0.0;0.0;0.02;0.01;0.01;0.1;0;0;0.0
3230;cal000106;cal;libio;unknown;[Libio];MALE;1;2;2;2;0;0;0;0;0.0;1.0;0.0;0.0;0.0;0.0;0.0;0.0;0.0;0.02;0.0;0.0;0.13;1;3;0.0
3231;cal000106;cal;furia-1;unknown;[Furia primera];FEMALE;1;1;2;5;0;0;0;0;0.0;1.0;0.0;0.0;0.0;0.0;0.0;0.0;0.0;0.01;0.0;0.0;0.1;2;0;0.0
3232;cal000106;cal;furia-2;unknown;[Furia segunda];FEMALE;1;1;2;5;0;0;0;0;0.0;1.0;0.0;0.0;0.0;0.0;0.0;0.0;0.0;0.01;0.0;0.0;0.1;1;0;0.0
3233;cal000106;cal;furia-3;unknown;[Furia tercera];FEMALE;1;1;2;5;0;0;0;0;0.0;1.0;0.0;0.0;0.0;0.0;0.0;0.0;0.0;0.01;0.0;0.0;0.1;0;0;0.0
3234;cal000106;cal;nereida-1;unknown;[Nereidas];FEMALE;1;1;6;12;0;0;0;0;0.0;0.0;1.0;0.0;0.0;0.0;0.0;0.0;0.0;0.01;0.01;0.0;0.08;4;0;0.0
3235;cal000106;cal;nereida-2;unknown;[Nereidas];FEMALE;1;1;7;8;0;0;0;0;0.0;0.0;1.0;0.0;0.0;0.0;0.0;0.0;0.0;0.01;0.01;0.0;0.08;3;0;0.0
3236;cal000106;cal;nereida-3;unknown;[Nereidas];FEMALE;1;1;5;10;0;0;0;0;0.0;0.0;1.0;0.0;0.0;0.0;0.0;0.0;0.0;0.01;0.01;0.0;0.08;2;0;0.0
3237;cal000106;cal;nereida-4;unknown;[Nereidas];FEMALE;1;1;1;1;0;0;0;0;0.0;0.0;1.0;0.0;0.0;0.0;0.0;0.0;0.0;0.01;0.0;0.0;0.08;0;0;0.0
3238;cal000106;cal;villanos;unknown;[Villanos];MALE;2;3;3;6;0;0;0;0;0.33;0.67;0.0;0.0;0.0;0.0;0.0;0.0;0.0;0.04;0.0;0.0;0.24;4;4;0.01
3239;cal000106;cal;ecos;unknown;[Ecos];MALE;1;1;4;4;0;0;0;0;0.0;0.0;1.0;0.0;0.0;0.0;0.0;0.0;0.0;0.01;0.0;0.0;0.05;0;2;0.0
3240;cal000106;cal;gilote ergasto riselo;unknown;UNKNOWN;u;1;2;6;6;0;0;0;0;1.0;0.0;0.0;0.0;0.0;0.0;0.0;0.0;0.0;0.02;0.01;0.0;0.1;0;0;0.0
3241;cal000106;cal;gilote ergasto;unknown;UNKNOWN;u;1;1;1;1;0;0;0;0;1.0;0.0;0.0;0.0;0.0;0.0;0.0;0.0;0.0;0.01;0.0;0.0;0.1;0;0;0.0
3242;cal000106;cal;voces;unknown;UNKNOWN;u;2;2;2;4;0;0;0;0;0.5;0.5;0.0;0.0;0.0;0.0;0.0;0.0;0.0;0.02;0.0;0.0;0.11;0;3;0.0
3243;cal000106;cal;perseo música;unknown;UNKNOWN;u;1;1;1;2;0;0;0;0;1.0;0.0;0.0;0.0;0.0;0.0;0.0;0.0;0.0;0.01;0.0;0.0;0.08;0;0;0.0
3244;cal000106;cal;gente;unknown;UNKNOWN;u;2;3;3;3;0;0;0;0;0.67;0.0;0.33;0.0;0.0;0.0;0.0;0.0;0.0;0.04;0.0;0.0;0.15;1;4;0.0
3245;cal000106;cal;palas mercurio;unknown;UNKNOWN;u;1;1;1;2;0;0;0;0;1.0;0.0;0.0;0.0;0.0;0.0;0.0;0.0;0.0;0.01;0.0;0.0;0.11;0;0;0.0
3246;cal000106;cal;dama-1 dama-2 dama-3 dama-4;unknown;UNKNOWN;u;1;1;1;4;0;0;0;0;0.0;1.0;0.0;0.0;0.0;0.0;0.0;0.0;0.0;0.01;0.0;0.0;0.16;3;2;0.0
3247;cal000106;cal;dánae música;unknown;UNKNOWN;u;1;1;2;4;0;0;0;0;0.0;1.0;0.0;0.0;0.0;0.0;0.0;0.0;0.0;0.01;0.0;0.0;0.16;3;2;0.0
3248;cal000106;cal;dánae perseo;unknown;UNKNOWN;u;1;4;6;6;0;0;0;0;0.0;1.0;0.0;0.0;0.0;0.0;0.0;0.0;0.0;0.05;0.01;0.0;0.19;0;6;0.01
3249;cal000106;cal;fineo unos;unknown;UNKNOWN;u;1;1;1;1;0;0;0;0;0.0;1.0;0.0;0.0;0.0;0.0;0.0;0.0;0.0;0.01;0.0;0.0;0.06;0;0;0.0
3250;cal000106;cal;lidoro otros;unknown;UNKNOWN;u;1;1;1;1;0;0;0;0;0.0;1.0;0.0;0.0;0.0;0.0;0.0;0.0;0.0;0.01;0.0;0.0;0.06;0;0;0.0
3251;cal000106;cal;todos;unknown;UNKNOWN;u;2;5;7;17;0;0;0;0;0.0;0.12;0.88;0.0;0.0;0.0;0.0;0.0;0.0;0.06;0.01;0.0;0.47;1;4;0.1
3252;cal000106;cal;discordia mercurio;unknown;UNKNOWN;u;1;1;1;1;0;0;0;0;0.0;1.0;0.0;0.0;0.0;0.0;0.0;0.0;0.0;0.01;0.0;0.0;0.03;0;0;0.0
3253;cal000106;cal;furia-1 furia-2 furia-3;unknown;UNKNOWN;u;1;2;3;6;0;0;0;0;0.0;1.0;0.0;0.0;0.0;0.0;0.0;0.0;0.0;0.02;0.0;0.0;0.1;3;0;0.0
3254;cal000106;cal;unos;unknown;UNKNOWN;u;2;3;3;3;0;0;0;0;0.0;0.33;0.67;0.0;0.0;0.0;0.0;0.0;0.0;0.04;0.0;0.0;0.16;1;0;0.0
3255;cal000106;cal;otros;unknown;UNKNOWN;u;2;3;4;4;0;0;0;0;0.0;0.25;0.75;0.0;0.0;0.0;0.0;0.0;0.0;0.04;0.0;0.0;0.16;1;0;0.0
3256;cal000106;cal;perseo mercurio;unknown;UNKNOWN;u;1;1;2;10;0;0;0;0;0.0;1.0;0.0;0.0;0.0;0.0;0.0;0.0;0.0;0.01;0.0;0.0;0.05;0;0;0.0
3257;cal000106;cal;uno;unknown;UNKNOWN;u;1;2;5;13;0;0;0;0;0.0;0.0;1.0;0.0;0.0;0.0;0.0;0.0;0.0;0.02;0.01;0.0;0.05;0;0;0.0
3258;cal000106;cal;libia sirene;unknown;UNKNOWN;u;1;1;3;5;0;0;0;0;0.0;0.0;1.0;0.0;0.0;0.0;0.0;0.0;0.0;0.01;0.0;0.0;0.05;0;1;0.0
3259;cal000106;cal;andrómeda música;unknown;UNKNOWN;u;1;1;1;3;0;0;0;0;0.0;0.0;1.0;0.0;0.0;0.0;0.0;0.0;0.0;0.01;0.0;0.0;0.1;1;0;0.0
3260;cal000106;cal;juno discordia;unknown;UNKNOWN;u;1;1;1;1;0;0;0;0;0.0;0.0;1.0;0.0;0.0;0.0;0.0;0.0;0.0;0.01;0.0;0.0;0.23;0;3;0.0
3261;cal000106;cal;palas juno;unknown;UNKNOWN;u;1;1;1;1;0;0;0;0;0.0;0.0;1.0;0.0;0.0;0.0;0.0;0.0;0.0;0.01;0.0;0.0;0.23;0;3;0.0
3262;cal000107;cal;don-alvaro;unknown;Don Álvaro;MALE;3;38;188;833;0;0;0;0;0.52;0.31;0.17;0.0;0.0;0.0;0.0;0.0;0.0;0.48;0.16;0.22;1.0;3;4;0.08
3263;cal000107;cal;angela;unknown;Ángela;FEMALE;3;50;289;950;0;0;0;0;0.33;0.34;0.33;0.0;0.0;0.0;0.0;0.0;0.0;0.63;0.25;0.25;0.93;0;2;0.05
3264;cal000107;cal;luisa;unknown;Luisa;FEMALE;3;24;81;222;0;0;0;0;0.19;0.66;0.15;0.0;0.0;0.0;0.0;0.0;0.0;0.3;0.07;0.06;0.71;1;1;0.01
3265;cal000107;cal;beatriz;unknown;Beatriz;FEMALE;3;25;113;325;0;0;0;0;0.3;0.27;0.42;0.0;0.0;0.0;0.0;0.0;0.0;0.32;0.1;0.09;0.71;2;3;0.01
3266;cal000107;cal;don-diego;unknown;Don Diego;MALE;3;10;36;131;0;0;0;0;0.55;0.18;0.27;0.0;0.0;0.0;0.0;0.0;0.0;0.13;0.03;0.03;0.64;2;2;0.01
3267;cal000107;cal;alvaro;unknown;Álvaro;MALE;3;9;10;24;0;0;0;0;0.62;0.21;0.17;0.0;0.0;0.0;0.0;0.0;0.0;0.11;0.01;0.01;0.86;2;4;0.05
3268;cal000107;cal;don-pedro;unknown;Don Pedro;MALE;3;12;44;115;0;0;0;0;0.25;0.04;0.7;0.0;0.0;0.0;0.0;0.0;0.0;0.15;0.04;0.03;0.71;2;3;0.01
3269;cal000107;cal;don-juan;unknown;Don Juan;MALE;3;40;216;714;0;0;0;0;0.34;0.29;0.37;0.0;0.0;0.0;0.0;0.0;0.0;0.51;0.18;0.19;1.0;2;6;0.08
3270;cal000107;cal;dentro;unknown;Dentro;UNKNOWN;1;1;1;1;0;0;0;0;1.0;0.0;0.0;0.0;0.0;0.0;0.0;0.0;0.0;0.01;0.0;0.0;0.29;0;2;0.0
3271;cal000107;cal;hernando;unknown;Hernando;MALE;3;33;159;407;0;0;0;0;0.1;0.4;0.49;0.0;0.0;0.0;0.0;0.0;0.0;0.42;0.14;0.11;1.0;2;2;0.08
3272;cal000107;cal;escribano;unknown;Escribano;MALE;2;3;4;9;0;0;0;0;0.78;0.22;0.0;0.0;0.0;0.0;0.0;0.0;0.0;0.04;0.0;0.0;0.5;0;0;0.0
3273;cal000107;cal;alguacil;unknown;Alguacil;MALE;2;2;11;38;0;0;0;0;0.61;0.39;0.0;0.0;0.0;0.0;0.0;0.0;0.0;0.03;0.01;0.01;0.43;1;4;0.0
3274;cal000107;cal;ines;unknown;Inés;FEMALE;2;7;17;49;0;0;0;0;0.0;0.8;0.2;0.0;0.0;0.0;0.0;0.0;0.0;0.09;0.01;0.01;0.5;3;4;0.0
3275;cal000107;cal;alguacil ines;unknown;UNKNOWN;u;1;1;1;1;0;0;0;0;0.0;1.0;0.0;0.0;0.0;0.0;0.0;0.0;0.0;0.01;0.0;0.0;0.43;0;0;0.0
3276;cal000107;cal;angela luisa beatriz don-diego alvaro don-pedro don-juan dentro hernando escribano alguacil ines;unknown;UNKNOWN;u;2;3;3;4;0;0;0;0;0.0;0.5;0.5;0.0;0.0;0.0;0.0;0.0;0.0;0.04;0.0;0.0;0.43;0;0;0.0
3277;cal000108;cal;rey;unknown;Don Pedro;MALE;3;26;152;654;0;0;0;0;0.13;0.37;0.5;0.0;0.0;0.0;0.0;0.0;0.0;0.36;0.18;0.18;1.0;1;1;0.12
3278;cal000108;cal;conde;unknown;El Conde Monforte;MALE;3;19;81;338;0;0;0;0;0.43;0.41;0.16;0.0;0.0;0.0;0.0;0.0;0.0;0.26;0.1;0.09;0.9;2;2;0.03
3279;cal000108;cal;guillén;unknown;Don Guillén;MALE;3;16;48;189;0;0;0;0;0.04;0.58;0.38;0.0;0.0;0.0;0.0;0.0;0.0;0.22;0.06;0.05;0.8;3;3;0.01
3280;cal000108;cal;vicente;unknown;Don Vicente;MALE;3;37;167;728;0;0;0;0;0.39;0.22;0.39;0.0;0.0;0.0;0.0;0.0;0.0;0.51;0.2;0.2;0.9;4;4;0.03
3281;cal000108;cal;chocolate;unknown;Chocolate;MALE;3;22;94;419;0;0;0;0;0.33;0.25;0.42;0.0;0.0;0.0;0.0;0.0;0.0;0.31;0.11;0.11;0.8;4;0;0.01
3282;cal000108;cal;reina;unknown;La Reina Doña María;FEMALE;3;16;79;507;0;0;0;0;0.3;0.27;0.43;0.0;0.0;0.0;0.0;0.0;0.0;0.22;0.1;0.14;0.8;0;1;0.01
3283;cal000108;cal;violante;unknown;Doña Violante;FEMALE;3;34;143;673;0;0;0;0;0.33;0.36;0.31;0.0;0.0;0.0;0.0;0.0;0.0;0.47;0.17;0.18;1.0;1;1;0.12
3284;cal000108;cal;elvira;unknown;Elvira;FEMALE;3;8;24;99;0;0;0;0;0.28;0.49;0.22;0.0;0.0;0.0;0.0;0.0;0.0;0.11;0.03;0.03;0.7;2;2;0.0
3285;cal000108;cal;leonor;unknown;Leonor;FEMALE;3;13;32;104;0;0;0;0;0.58;0.2;0.22;0.0;0.0;0.0;0.0;0.0;0.0;0.18;0.04;0.03;0.5;1;1;0.0
3286;cal000108;cal;música;unknown;Música;UNKNOWN;1;1;1;2;0;0;0;0;0.0;1.0;0.0;0.0;0.0;0.0;0.0;0.0;0.0;0.01;0.0;0.0;0.2;1;1;0.0
3287;cal000108;cal;todos;unknown;UNKNOWN;u;1;1;1;1;0;0;0;0;1.0;0.0;0.0;0.0;0.0;0.0;0.0;0.0;0.0;0.01;0.0;0.0;0.6;0;0;0.0
3288;cal000109;cal;leonido;unknown;Leonido;MALE;3;37;174;1068;0;0;0;0;0.33;0.35;0.33;0.0;0.0;0.0;0.0;0.0;0.0;0.43;0.18;0.21;0.71;4;5;0.14
3289;cal000109;cal;adolfo;unknown;Adolfo;MALE;3;17;50;198;0;0;0;0;0.29;0.39;0.32;0.0;0.0;0.0;0.0;0.0;0.0;0.2;0.05;0.04;0.52;1;3;0.03
3290;cal000109;cal;florante;unknown;Florante;FEMALE;3;20;55;232;0;0;0;0;0.23;0.18;0.59;0.0;0.0;0.0;0.0;0.0;0.0;0.23;0.06;0.04;0.52;2;7;0.04
3291;cal000109;cal;polidoro;unknown;Polidoro;MALE;3;28;88;381;0;0;0;0;0.42;0.19;0.39;0.0;0.0;0.0;0.0;0.0;0.0;0.32;0.09;0.07;0.6;3;3;0.07
3292;cal000109;cal;argante;unknown;Argante;MALE;3;11;41;312;0;0;0;0;0.43;0.36;0.21;0.0;0.0;0.0;0.0;0.0;0.0;0.13;0.04;0.06;0.52;5;7;0.04
3293;cal000109;cal;aurelio;unknown;Aurelio;MALE;3;12;36;225;0;0;0;0;0.29;0.2;0.51;0.0;0.0;0.0;0.0;0.0;0.0;0.14;0.04;0.04;0.4;1;3;0.01
3294;cal000109;cal;merlin;unknown;Merlín;MALE;3;18;66;446;0;0;0;0;0.24;0.42;0.33;0.0;0.0;0.0;0.0;0.0;0.0;0.21;0.07;0.09;0.38;4;3;0.01
3295;cal000109;cal;soldado;unknown;Soldado;MALE;3;9;29;142;0;0;0;0;0.01;0.45;0.54;0.0;0.0;0.0;0.0;0.0;0.0;0.1;0.03;0.03;0.21;1;2;0.0
3296;cal000109;cal;musico;unknown;Músico;MALE;3;10;25;50;0;0;0;0;0.5;0.18;0.32;0.0;0.0;0.0;0.0;0.0;0.0;0.11;0.03;0.01;0.67;2;6;0.1
3297;cal000109;cal;marfisa;unknown;Marfisa;FEMALE;3;17;81;577;0;0;0;0;0.36;0.26;0.38;0.0;0.0;0.0;0.0;0.0;0.0;0.2;0.08;0.11;0.57;5;3;0.07
3298;cal000109;cal;arminda;unknown;Arminda;FEMALE;3;25;93;653;0;0;0;0;0.19;0.29;0.52;0.0;0.0;0.0;0.0;0.0;0.0;0.29;0.09;0.13;0.62;4;9;0.07
3299;cal000109;cal;mitilene;unknown;Mitilene;FEMALE;3;20;53;216;0;0;0;0;0.5;0.28;0.21;0.0;0.0;0.0;0.0;0.0;0.0;0.23;0.05;0.04;0.52;4;4;0.07
3300;cal000109;cal;alfreda;unknown;Alfreda;FEMALE;2;8;13;44;0;0;0;0;0.0;0.57;0.43;0.0;0.0;0.0;0.0;0.0;0.0;0.09;0.01;0.01;0.4;1;3;0.01
3301;cal000109;cal;casimiro;unknown;Casimiro;MALE;1;13;49;304;0;0;0;0;0.0;0.0;1.0;0.0;0.0;0.0;0.0;0.0;0.0;0.15;0.05;0.06;0.4;4;2;0.05
3302;cal000109;cal;megera;unknown;Megera;FEMALE;2;3;8;26;0;0;0;0;0.73;0.27;0.0;0.0;0.0;0.0;0.0;0.0;0.0;0.03;0.01;0.01;0.33;1;4;0.0
3303;cal000109;cal;fama;unknown;Fama;FEMALE;1;2;3;60;0;0;0;0;0.0;0.0;1.0;0.0;0.0;0.0;0.0;0.0;0.0;0.02;0.0;0.01;0.07;0;0;0.0
3304;cal000109;cal;dama;unknown;Dama;FEMALE;3;6;9;23;0;0;0;0;0.39;0.17;0.43;0.0;0.0;0.0;0.0;0.0;0.0;0.07;0.01;0.0;0.26;2;3;0.0
3305;cal000109;cal;acompanamiento;unknown;Acompañamiento;MALE;3;22;72;137;0;0;0;0;0.14;0.65;0.21;0.0;0.0;0.0;0.0;0.0;0.0;0.25;0.07;0.03;0.57;2;5;0.04
3306;cal000109;cal;todos;unknown;UNKNOWN;u;3;11;16;23;0;0;0;0;0.17;0.26;0.57;0.0;0.0;0.0;0.0;0.0;0.0;0.13;0.02;0.0;0.45;0;5;0.01
3307;cal000109;cal;adolfo arminda;unknown;UNKNOWN;u;1;1;1;1;0;0;0;0;1.0;0.0;0.0;0.0;0.0;0.0;0.0;0.0;0.0;0.01;0.0;0.0;0.12;0;0;0.0
3308;cal000109;cal;leonido polidoro;unknown;UNKNOWN;u;1;1;1;1;0;0;0;0;1.0;0.0;0.0;0.0;0.0;0.0;0.0;0.0;0.0;0.01;0.0;0.0;0.17;0;1;0.0
3309;cal000109;cal;musico leonido;unknown;UNKNOWN;u;1;2;3;5;0;0;0;0;1.0;0.0;0.0;0.0;0.0;0.0;0.0;0.0;0.0;0.02;0.0;0.0;0.21;1;1;0.0
3310;cal000109;cal;leonido musico;unknown;UNKNOWN;u;1;1;2;2;0;0;0;0;1.0;0.0;0.0;0.0;0.0;0.0;0.0;0.0;0.0;0.01;0.0;0.0;0.17;0;0;0.0
3311;cal000109;cal;musico polidoro;unknown;UNKNOWN;u;1;1;1;2;0;0;0;0;1.0;0.0;0.0;0.0;0.0;0.0;0.0;0.0;0.0;0.01;0.0;0.0;0.17;0;0;0.0
3312;cal000109;cal;musico polidoro leonido;unknown;UNKNOWN;u;1;1;1;2;0;0;0;0;1.0;0.0;0.0;0.0;0.0;0.0;0.0;0.0;0.0;0.01;0.0;0.0;0.17;0;0;0.0
3313;cal000109;cal;musico mitilene;unknown;UNKNOWN;u;1;1;1;1;0;0;0;0;1.0;0.0;0.0;0.0;0.0;0.0;0.0;0.0;0.0;0.01;0.0;0.0;0.02;0;0;0.0
3314;cal000109;cal;musico marfisa;unknown;UNKNOWN;u;1;2;2;5;0;0;0;0;1.0;0.0;0.0;0.0;0.0;0.0;0.0;0.0;0.0;0.02;0.0;0.0;0.12;0;0;0.0
3315;cal000109;cal;marfisa musico todos;unknown;UNKNOWN;u;1;1;1;2;0;0;0;0;1.0;0.0;0.0;0.0;0.0;0.0;0.0;0.0;0.0;0.01;0.0;0.0;0.1;0;0;0.0
3316;cal000109;cal;musico megera;unknown;UNKNOWN;u;1;1;1;1;0;0;0;0;1.0;0.0;0.0;0.0;0.0;0.0;0.0;0.0;0.0;0.01;0.0;0.0;0.17;1;2;0.0
3317;cal000109;cal;musico todos;unknown;UNKNOWN;u;1;1;1;7;0;0;0;0;1.0;0.0;0.0;0.0;0.0;0.0;0.0;0.0;0.0;0.01;0.0;0.0;0.17;0;0;0.0
3318;cal000109;cal;dama marfisa alfreda arminda;unknown;UNKNOWN;u;1;1;1;1;0;0;0;0;0.0;1.0;0.0;0.0;0.0;0.0;0.0;0.0;0.0;0.01;0.0;0.0;0.1;0;0;0.0
3319;cal000109;cal;marfisa dama alfreda arminda;unknown;UNKNOWN;u;1;1;1;2;0;0;0;0;0.0;1.0;0.0;0.0;0.0;0.0;0.0;0.0;0.0;0.01;0.0;0.0;0.19;0;2;0.0
3320;cal000109;cal;marfisa alfreda arminda dama;unknown;UNKNOWN;u;1;1;3;7;0;0;0;0;0.0;1.0;0.0;0.0;0.0;0.0;0.0;0.0;0.0;0.01;0.0;0.0;0.19;0;1;0.0
3321;cal000109;cal;marfisa alfreda dama arminda;unknown;UNKNOWN;u;1;1;1;4;0;0;0;0;0.0;1.0;0.0;0.0;0.0;0.0;0.0;0.0;0.0;0.01;0.0;0.0;0.19;0;1;0.0
3322;cal000109;cal;todos musico;unknown;UNKNOWN;u;1;1;1;3;0;0;0;0;0.0;1.0;0.0;0.0;0.0;0.0;0.0;0.0;0.0;0.01;0.0;0.0;0.05;0;2;0.0
3323;cal000109;cal;leonido marfisa;unknown;UNKNOWN;u;1;1;1;1;0;0;0;0;0.0;1.0;0.0;0.0;0.0;0.0;0.0;0.0;0.0;0.01;0.0;0.0;0.05;0;0;0.0
3324;cal000109;cal;dama marfisa florante arminda;unknown;UNKNOWN;u;1;1;1;2;0;0;0;0;0.0;1.0;0.0;0.0;0.0;0.0;0.0;0.0;0.0;0.01;0.0;0.0;0.07;0;0;0.0
3325;cal000109;cal;florante adolfo;unknown;UNKNOWN;u;2;2;2;2;0;0;0;0;0.0;0.5;0.5;0.0;0.0;0.0;0.0;0.0;0.0;0.02;0.0;0.0;0.24;1;1;0.0
3326;cal000109;cal;arminda casimiro;unknown;UNKNOWN;u;1;1;1;2;0;0;0;0;0.0;0.0;1.0;0.0;0.0;0.0;0.0;0.0;0.0;0.01;0.0;0.0;0.14;1;2;0.0
3327;cal000109;cal;arminda mitilene;unknown;UNKNOWN;u;1;1;1;1;0;0;0;0;0.0;0.0;1.0;0.0;0.0;0.0;0.0;0.0;0.0;0.01;0.0;0.0;0.02;0;1;0.0
3328;cal000109;cal;argante casimiro;unknown;UNKNOWN;u;1;1;1;1;0;0;0;0;0.0;0.0;1.0;0.0;0.0;0.0;0.0;0.0;0.0;0.01;0.0;0.0;0.24;2;1;0.0
3329;cal000110;cal;música;unknown;Músicos;UNKNOWN;1;2;7;14;0;0;0;0;1.0;0.0;0.0;0.0;0.0;0.0;0.0;0.0;0.0;0.03;0.01;0.0;0.35;1;4;0.02
3330;cal000110;cal;judas;unknown;Judas;MALE;3;17;36;345;0;0;0;0;0.39;0.22;0.4;0.0;0.0;0.0;0.0;0.0;0.0;0.27;0.07;0.12;0.71;1;4;0.07
3331;cal000110;cal;capitán;unknown;Un Capitán;MALE;2;8;18;54;0;0;0;0;0.0;0.39;0.61;0.0;0.0;0.0;0.0;0.0;0.0;0.13;0.03;0.02;0.41;1;6;0.0
3332;cal000110;cal;simeón;unknown;Simeón;MALE;3;13;42;163;0;0;0;0;0.21;0.52;0.28;0.0;0.0;0.0;0.0;0.0;0.0;0.21;0.08;0.06;0.65;1;3;0.03
3333;cal000110;cal;gorgias;unknown;Gorgias;MALE;1;1;3;27;0;0;0;0;1.0;0.0;0.0;0.0;0.0;0.0;0.0;0.0;0.0;0.02;0.01;0.01;0.06;0;1;0.0
3334;cal000110;cal;jonatás;unknown;Jonatás;MALE;3;19;77;549;0;0;0;0;0.44;0.24;0.32;0.0;0.0;0.0;0.0;0.0;0.0;0.31;0.15;0.19;0.76;1;3;0.1
3335;cal000110;cal;chato;unknown;Chato;MALE;3;11;49;205;0;0;0;0;0.28;0.51;0.21;0.0;0.0;0.0;0.0;0.0;0.0;0.18;0.09;0.07;0.71;1;3;0.05
3336;cal000110;cal;lisías;unknown;Lisías;MALE;3;27;113;570;0;0;0;0;0.24;0.4;0.36;0.0;0.0;0.0;0.0;0.0;0.0;0.44;0.21;0.2;0.76;0;2;0.23
3337;cal000110;cal;zarés;unknown;Zarés;MALE;3;21;72;390;0;0;0;0;0.33;0.46;0.22;0.0;0.0;0.0;0.0;0.0;0.0;0.34;0.14;0.13;0.65;0;3;0.07
3338;cal000110;cal;tolomeo;unknown;Tolomeo;MALE;3;13;36;193;0;0;0;0;0.12;0.15;0.73;0.0;0.0;0.0;0.0;0.0;0.0;0.21;0.07;0.07;0.59;0;5;0.02
3339;cal000110;cal;cloriquea;unknown;Cloriquea;FEMALE;3;18;48;270;0;0;0;0;0.19;0.25;0.56;0.0;0.0;0.0;0.0;0.0;0.0;0.29;0.09;0.09;0.65;0;3;0.06
3340;cal000110;cal;matatías;unknown;Matatías;MALE;1;1;3;60;0;0;0;0;1.0;0.0;0.0;0.0;0.0;0.0;0.0;0.0;0.0;0.02;0.01;0.02;0.18;0;2;0.0
3341;cal000110;cal;josef;unknown;Josef;MALE;1;3;7;18;0;0;0;0;0.0;1.0;0.0;0.0;0.0;0.0;0.0;0.0;0.0;0.05;0.01;0.01;0.12;0;1;0.0
3342;cal000110;cal;soldado;unknown;Un Soldado;MALE;3;5;6;10;0;0;0;0;0.7;0.2;0.1;0.0;0.0;0.0;0.0;0.0;0.0;0.08;0.01;0.0;0.29;1;2;0.0
3343;cal000110;cal;todos;unknown;UNKNOWN;u;2;2;3;3;0;0;0;0;0.33;0.0;0.67;0.0;0.0;0.0;0.0;0.0;0.0;0.03;0.01;0.0;0.47;0;2;0.0
3344;cal000110;cal;cloriquea música;unknown;UNKNOWN;u;1;1;2;22;0;0;0;0;1.0;0.0;0.0;0.0;0.0;0.0;0.0;0.0;0.0;0.02;0.0;0.01;0.18;0;0;0.0
3345;cal000110;cal;dentro;unknown;UNKNOWN;u;1;3;4;4;0;0;0;0;0.0;0.0;1.0;0.0;0.0;0.0;0.0;0.0;0.0;0.05;0.01;0.0;0.41;0;1;0.0
3346;cal000110;cal;otros;unknown;UNKNOWN;u;1;1;1;1;0;0;0;0;0.0;0.0;1.0;0.0;0.0;0.0;0.0;0.0;0.0;0.02;0.0;0.0;0.41;0;1;0.0
3347;cal000024;cal;unos-indios;unknown;Unos indios;MALE;1;2;4;10;0;0;0;0;0.0;1.0;0.0;0.0;0.0;0.0;0.0;0.0;0.0;0.02;0.0;0.0;0.09;0;0;0.0
3348;cal000024;cal;marineros;unknown;Marineros;MALE;2;11;20;21;0;0;0;0;0.1;0.9;0.0;0.0;0.0;0.0;0.0;0.0;0.0;0.13;0.02;0.0;0.42;2;3;0.03
3349;cal000024;cal;guáscar-inga;unknown;Guáscar Inga;MALE;2;18;106;642;0;0;0;0;0.5;0.5;0.0;0.0;0.0;0.0;0.0;0.0;0.0;0.21;0.13;0.14;0.52;9;9;0.04
3350;cal000024;cal;yupanguí;unknown;Yupanguí;MALE;3;38;165;931;0;0;0;0;0.42;0.2;0.37;0.0;0.0;0.0;0.0;0.0;0.0;0.45;0.2;0.2;0.75;8;11;0.26
3351;cal000024;cal;glauca;unknown;Glauca;FEMALE;3;14;33;127;0;0;0;0;0.13;0.46;0.41;0.0;0.0;0.0;0.0;0.0;0.0;0.17;0.04;0.03;0.45;7;8;0.03
3352;cal000024;cal;tucapel;unknown;Tucapel;MALE;3;22;69;444;0;0;0;0;0.18;0.65;0.17;0.0;0.0;0.0;0.0;0.0;0.0;0.26;0.08;0.1;0.58;2;10;0.1
3353;cal000024;cal;sacerdote;unknown;Un Sacerdote;MALE;2;7;21;85;0;0;0;0;0.79;0.21;0.0;0.0;0.0;0.0;0.0;0.0;0.0;0.08;0.03;0.02;0.39;8;6;0.01
3354;cal000024;cal;guacolda;unknown;Guacolda;FEMALE;3;22;83;473;0;0;0;0;0.34;0.37;0.28;0.0;0.0;0.0;0.0;0.0;0.0;0.26;0.1;0.1;0.59;6;2;0.09
3355;cal000024;cal;idolatría;unknown;La Idolatría;FEMALE;3;15;47;545;0;0;0;0;0.37;0.27;0.37;0.0;0.0;0.0;0.0;0.0;0.0;0.18;0.06;0.12;0.44;5;5;0.08
3356;cal000024;cal;un-indio-llamado-andrés;unknown;Un Indio Llamado Andrés;MALE;1;9;20;116;0;0;0;0;0.0;0.0;1.0;0.0;0.0;0.0;0.0;0.0;0.0;0.11;0.02;0.03;0.28;2;3;0.02
3357;cal000024;cal;india-1;unknown;[india] 1.ª;FEMALE;2;3;4;10;0;0;0;0;0.5;0.0;0.5;0.0;0.0;0.0;0.0;0.0;0.0;0.04;0.0;0.0;0.23;4;0;0.0
3358;cal000024;cal;india-2;unknown;[india] 2.ª;FEMALE;2;2;3;9;0;0;0;0;0.56;0.0;0.44;0.0;0.0;0.0;0.0;0.0;0.0;0.02;0.0;0.0;0.23;3;1;0.0
3359;cal000024;cal;india-3;unknown;[india] 3.ª;FEMALE;1;1;1;2;0;0;0;0;1.0;0.0;0.0;0.0;0.0;0.0;0.0;0.0;0.0;0.01;0.0;0.0;0.19;2;0;0.0
3360;cal000024;cal;india-4;unknown;[india] 4.ª;FEMALE;1;1;2;3;0;0;0;0;1.0;0.0;0.0;0.0;0.0;0.0;0.0;0.0;0.0;0.01;0.0;0.0;0.19;1;0;0.0
3361;cal000024;cal;pizarro;unknown;Pizarro;MALE;2;14;26;134;0;0;0;0;0.37;0.63;0.0;0.0;0.0;0.0;0.0;0.0;0.0;0.17;0.03;0.03;0.47;2;3;0.06
3362;cal000024;cal;almagro;unknown;Almagro;MALE;2;6;11;77;0;0;0;0;0.49;0.51;0.0;0.0;0.0;0.0;0.0;0.0;0.0;0.07;0.01;0.02;0.2;1;3;0.01
3363;cal000024;cal;candía;unknown;Candía;FEMALE;2;9;24;177;0;0;0;0;0.84;0.16;0.0;0.0;0.0;0.0;0.0;0.0;0.0;0.11;0.03;0.04;0.2;0;4;0.01
3364;cal000024;cal;don-lorenzo-de-mendoza;unknown;Don Lorenzo de Mendoza;MALE;1;5;21;127;0;0;0;0;0.0;0.0;1.0;0.0;0.0;0.0;0.0;0.0;0.0;0.06;0.03;0.03;0.19;2;2;0.01
3365;cal000024;cal;don-jerónimo-marañón;unknown;Don Jerónimo Marañón;MALE;1;10;27;410;0;0;0;0;0.0;0.0;1.0;0.0;0.0;0.0;0.0;0.0;0.0;0.12;0.03;0.09;0.27;2;3;0.02
3366;cal000024;cal;dorador;unknown;Un Dorador;MALE;1;1;4;23;0;0;0;0;0.0;0.0;1.0;0.0;0.0;0.0;0.0;0.0;0.0;0.01;0.0;0.0;0.02;0;0;0.0
3367;cal000024;cal;eco;unknown;Eco;FEMALE;1;1;7;7;0;0;0;0;1.0;0.0;0.0;0.0;0.0;0.0;0.0;0.0;0.0;0.01;0.01;0.0;0.19;0;0;0.0
3368;cal000024;cal;ángel-1;unknown;Ángel 1.º;MALE;2;2;7;26;0;0;0;0;0.0;0.15;0.85;0.0;0.0;0.0;0.0;0.0;0.0;0.02;0.01;0.01;0.14;0;4;0.0
3369;cal000024;cal;ángel-2;unknown;Ángel 2.º;MALE;2;2;7;26;0;0;0;0;0.0;0.15;0.85;0.0;0.0;0.0;0.0;0.0;0.0;0.02;0.01;0.01;0.14;0;3;0.0
3370;cal000024;cal;indio-1;unknown;Indio 1;MALE;2;5;7;20;0;0;0;0;0.15;0.85;0.0;0.0;0.0;0.0;0.0;0.0;0.0;0.06;0.01;0.0;0.33;1;2;0.02
3371;cal000024;cal;indio-2;unknown;Indio 2;MALE;2;3;5;10;0;0;0;0;0.1;0.9;0.0;0.0;0.0;0.0;0.0;0.0;0.0;0.04;0.01;0.0;0.27;1;1;0.01
3372;cal000024;cal;indio-3;unknown;Indio 3;MALE;1;1;2;9;0;0;0;0;0.0;1.0;0.0;0.0;0.0;0.0;0.0;0.0;0.0;0.01;0.0;0.0;0.09;0;0;0.0
3373;cal000024;cal;acompañamiento;unknown;Acompañamiento;MALE;3;15;21;24;0;0;0;0;0.33;0.62;0.04;0.0;0.0;0.0;0.0;0.0;0.0;0.18;0.03;0.01;0.47;1;4;0.06
3374;cal000024;cal;música;unknown;Música;UNKNOWN;3;6;19;43;0;0;0;0;0.4;0.21;0.4;0.0;0.0;0.0;0.0;0.0;0.0;0.07;0.02;0.01;0.45;4;8;0.07
3375;cal000024;cal;yupanguí música;unknown;UNKNOWN;u;1;1;1;2;0;0;0;0;1.0;0.0;0.0;0.0;0.0;0.0;0.0;0.0;0.0;0.01;0.0;0.0;0.22;2;7;0.0
3376;cal000024;cal;glauca tucapel;unknown;UNKNOWN;u;1;1;1;1;0;0;0;0;1.0;0.0;0.0;0.0;0.0;0.0;0.0;0.0;0.0;0.01;0.0;0.0;0.22;1;5;0.0
3377;cal000024;cal;guáscar-inga yupanguí glauca tucapel sacerdote música;unknown;UNKNOWN;u;1;1;1;1;0;0;0;0;1.0;0.0;0.0;0.0;0.0;0.0;0.0;0.0;0.0;0.01;0.0;0.0;0.22;1;2;0.0
3378;cal000024;cal;yupanguí guáscar-inga tucapel glauca indio-1 indio-2;unknown;UNKNOWN;u;1;1;1;1;0;0;0;0;1.0;0.0;0.0;0.0;0.0;0.0;0.0;0.0;0.0;0.01;0.0;0.0;0.16;1;4;0.0
3379;cal000024;cal;indio-1 indio-2;unknown;UNKNOWN;u;1;1;1;1;0;0;0;0;1.0;0.0;0.0;0.0;0.0;0.0;0.0;0.0;0.0;0.01;0.0;0.0;0.16;0;0;0.0
3380;cal000024;cal;acompañamiento marineros indio-1 indio-2;unknown;UNKNOWN;u;1;1;2;3;0;0;0;0;1.0;0.0;0.0;0.0;0.0;0.0;0.0;0.0;0.0;0.01;0.0;0.0;0.16;0;0;0.0
3381;cal000024;cal;almagro candía;unknown;UNKNOWN;u;2;2;3;4;0;0;0;0;0.5;0.5;0.0;0.0;0.0;0.0;0.0;0.0;0.0;0.02;0.0;0.0;0.06;0;1;0.0
3382;cal000024;cal;candía tucapel idolatría;unknown;UNKNOWN;u;1;1;1;1;0;0;0;0;1.0;0.0;0.0;0.0;0.0;0.0;0.0;0.0;0.0;0.01;0.0;0.0;0.06;0;1;0.0
3383;cal000024;cal;idolatría acompañamiento;unknown;UNKNOWN;u;2;2;2;2;0;0;0;0;0.5;0.0;0.5;0.0;0.0;0.0;0.0;0.0;0.0;0.02;0.0;0.0;0.08;0;0;0.0
3384;cal000024;cal;música india-1 india-2 india-3 india-4 guacolda guáscar-inga idolatría;unknown;UNKNOWN;u;1;1;1;2;0;0;0;0;1.0;0.0;0.0;0.0;0.0;0.0;0.0;0.0;0.0;0.01;0.0;0.0;0.19;0;0;0.0
3385;cal000024;cal;india-1 india-2 india-3 india-4 guacolda idolatría;unknown;UNKNOWN;u;1;1;2;4;0;0;0;0;1.0;0.0;0.0;0.0;0.0;0.0;0.0;0.0;0.0;0.01;0.0;0.0;0.19;0;0;0.0
3386;cal000024;cal;india-1 india-2 india-3 india-4;unknown;UNKNOWN;u;1;1;1;2;0;0;0;0;1.0;0.0;0.0;0.0;0.0;0.0;0.0;0.0;0.0;0.01;0.0;0.0;0.0;0;0;0.0
3387;cal000024;cal;música guáscar-inga idolatría india-1;unknown;UNKNOWN;u;1;1;1;2;0;0;0;0;1.0;0.0;0.0;0.0;0.0;0.0;0.0;0.0;0.0;0.01;0.0;0.0;0.08;0;0;0.0
3388;cal000024;cal;música guáscar-inga yupanguí;unknown;UNKNOWN;u;1;1;2;2;0;0;0;0;1.0;0.0;0.0;0.0;0.0;0.0;0.0;0.0;0.0;0.01;0.0;0.0;0.08;0;0;0.0
3389;cal000024;cal;acompañamiento marineros;unknown;UNKNOWN;u;2;7;9;12;0;0;0;0;0.0;0.83;0.17;0.0;0.0;0.0;0.0;0.0;0.0;0.08;0.01;0.0;0.27;0;1;0.02
3390;cal000024;cal;candía almagro pizarro marineros;unknown;UNKNOWN;u;1;1;1;3;0;0;0;0;0.0;1.0;0.0;0.0;0.0;0.0;0.0;0.0;0.0;0.01;0.0;0.0;0.09;0;0;0.0
3391;cal000024;cal;candía almagro;unknown;UNKNOWN;u;1;1;1;1;0;0;0;0;0.0;1.0;0.0;0.0;0.0;0.0;0.0;0.0;0.0;0.01;0.0;0.0;0.14;0;3;0.0
3392;cal000024;cal;ángel-1 ángel-2;unknown;UNKNOWN;u;1;1;1;2;0;0;0;0;0.0;1.0;0.0;0.0;0.0;0.0;0.0;0.0;0.0;0.01;0.0;0.0;0.12;0;3;0.0
3393;cal000024;cal;música acompañamiento marineros;unknown;UNKNOWN;u;1;1;1;3;0;0;0;0;0.0;1.0;0.0;0.0;0.0;0.0;0.0;0.0;0.0;0.01;0.0;0.0;0.12;0;0;0.0
3394;cal000024;cal;tucapel glauca guacolda;unknown;UNKNOWN;u;1;1;1;1;0;0;0;0;0.0;1.0;0.0;0.0;0.0;0.0;0.0;0.0;0.0;0.01;0.0;0.0;0.06;0;0;0.0
3395;cal000024;cal;indio-1 indio-2 indio-3;unknown;UNKNOWN;u;1;1;3;6;0;0;0;0;0.0;1.0;0.0;0.0;0.0;0.0;0.0;0.0;0.0;0.01;0.0;0.0;0.09;2;4;0.0
3396;cal000024;cal;yupanguí guáscar-inga;unknown;UNKNOWN;u;1;1;1;1;0;0;0;0;0.0;1.0;0.0;0.0;0.0;0.0;0.0;0.0;0.0;0.01;0.0;0.0;0.08;0;2;0.0
3397;cal000024;cal;idolatría marineros;unknown;UNKNOWN;u;1;1;1;1;0;0;0;0;0.0;0.0;1.0;0.0;0.0;0.0;0.0;0.0;0.0;0.01;0.0;0.0;0.03;0;0;0.0
3398;cal000024;cal;un-indio-llamado-andrés yupanguí tucapel;unknown;UNKNOWN;u;1;1;1;1;0;0;0;0;0.0;0.0;1.0;0.0;0.0;0.0;0.0;0.0;0.0;0.01;0.0;0.0;0.05;0;0;0.0
3399;cal000024;cal;un-indio-llamado-andrés don-jerónimo-marañón yupanguí tucapel;unknown;UNKNOWN;u;1;1;1;1;0;0;0;0;0.0;0.0;1.0;0.0;0.0;0.0;0.0;0.0;0.0;0.01;0.0;0.0;0.09;0;1;0.0
3400;cal000024;cal;tucapel un-indio-llamado-andrés;unknown;UNKNOWN;u;1;1;1;1;0;0;0;0;0.0;0.0;1.0;0.0;0.0;0.0;0.0;0.0;0.0;0.01;0.0;0.0;0.09;0;0;0.0
3401;cal000024;cal;don-jerónimo-marañón yupanguí;unknown;UNKNOWN;u;1;1;1;1;0;0;0;0;0.0;0.0;1.0;0.0;0.0;0.0;0.0;0.0;0.0;0.01;0.0;0.0;0.09;0;0;0.0
3402;cal000024;cal;idolatría un-indio-llamado-andrés yupanguí;unknown;UNKNOWN;u;1;1;2;3;0;0;0;0;0.0;0.0;1.0;0.0;0.0;0.0;0.0;0.0;0.0;0.01;0.0;0.0;0.05;0;0;0.0
3403;cal000024;cal;idolatría don-jerónimo-marañón un-indio-llamado-andrés don-lorenzo-de-mendoza yupanguí;unknown;UNKNOWN;u;1;1;1;2;0;0;0;0;0.0;0.0;1.0;0.0;0.0;0.0;0.0;0.0;0.0;0.01;0.0;0.0;0.06;0;4;0.0
3404;cal000024;cal;ángel-1 ángel-2 música;unknown;UNKNOWN;u;1;1;1;6;0;0;0;0;0.0;0.0;1.0;0.0;0.0;0.0;0.0;0.0;0.0;0.01;0.0;0.0;0.05;0;0;0.0
3405;cal000024;cal;yupanguí guacolda;unknown;UNKNOWN;u;1;1;2;10;0;0;0;0;0.0;0.0;1.0;0.0;0.0;0.0;0.0;0.0;0.0;0.01;0.0;0.0;0.03;1;1;0.0
3406;cal000024;cal;un-indio-llamado-andrés yupanguí guacolda;unknown;UNKNOWN;u;1;1;1;4;0;0;0;0;0.0;0.0;1.0;0.0;0.0;0.0;0.0;0.0;0.0;0.01;0.0;0.0;0.08;0;0;0.0
3407;cal000024;cal;un-indio-llamado-andrés yupanguí guacolda don-lorenzo-de-mendoza don-jerónimo-marañón;unknown;UNKNOWN;u;1;1;1;2;0;0;0;0;0.0;0.0;1.0;0.0;0.0;0.0;0.0;0.0;0.0;0.01;0.0;0.0;0.08;0;0;0.0
3408;cal000024;cal;un-indio-llamado-andrés yupanguí don-lorenzo-de-mendoza don-jerónimo-marañón;unknown;UNKNOWN;u;1;1;1;1;0;0;0;0;0.0;0.0;1.0;0.0;0.0;0.0;0.0;0.0;0.0;0.01;0.0;0.0;0.09;0;0;0.0
3409;cal000024;cal;un-indio-llamado-andrés yupanguí;unknown;UNKNOWN;u;1;1;1;1;0;0;0;0;0.0;0.0;1.0;0.0;0.0;0.0;0.0;0.0;0.0;0.01;0.0;0.0;0.11;1;4;0.0
3410;cal000024;cal;un-indio-llamado-andrés yupanguí guacolda don-lorenzo-de-mendoza don-jerónimo-marañón tucapel;unknown;UNKNOWN;u;1;1;1;2;0;0;0;0;0.0;0.0;1.0;0.0;0.0;0.0;0.0;0.0;0.0;0.01;0.0;0.0;0.11;1;4;0.0
3411;cal000024;cal;música un-indio-llamado-andrés yupanguí guacolda don-lorenzo-de-mendoza don-jerónimo-marañón tucapel;unknown;UNKNOWN;u;1;1;1;2;0;0;0;0;0.0;0.0;1.0;0.0;0.0;0.0;0.0;0.0;0.0;0.01;0.0;0.0;0.08;0;0;0.0
3412;cal000111;cal;músico;unknown;Músicos;UNKNOWN;1;1;2;5;0;0;0;0;0.0;0.0;1.0;0.0;0.0;0.0;0.0;0.0;0.0;0.01;0.0;0.0;0.8;2;0;0.0
3413;cal000111;cal;enrique;unknown;Enrique;MALE;3;42;222;1172;0;0;0;0;0.42;0.26;0.32;0.0;0.0;0.0;0.0;0.0;0.0;0.6;0.27;0.36;1.0;2;2;0.02
3414;cal000111;cal;ponleví;unknown;Ponleví;MALE;3;28;102;304;0;0;0;0;0.43;0.27;0.3;0.0;0.0;0.0;0.0;0.0;0.0;0.4;0.12;0.09;1.0;4;2;0.02
3415;cal000111;cal;duque;unknown;El Duque de Florencia;MALE;3;19;111;428;0;0;0;0;0.25;0.21;0.54;0.0;0.0;0.0;0.0;0.0;0.0;0.27;0.13;0.13;1.0;2;2;0.02
3416;cal000111;cal;otavio;unknown;Otavio;MALE;3;11;35;126;0;0;0;0;0.44;0.16;0.4;0.0;0.0;0.0;0.0;0.0;0.0;0.16;0.04;0.04;0.8;2;0;0.0
3417;cal000111;cal;fabio;unknown;Fabio;MALE;2;12;41;152;0;0;0;0;0.06;0.0;0.94;0.0;0.0;0.0;0.0;0.0;0.0;0.17;0.05;0.05;0.7;2;4;0.0
3418;cal000111;cal;lísida;unknown;Lísida;FEMALE;3;27;124;456;0;0;0;0;0.2;0.66;0.14;0.0;0.0;0.0;0.0;0.0;0.0;0.39;0.15;0.14;1.0;2;2;0.02
3419;cal000111;cal;clori;unknown;Clori;FEMALE;3;20;85;285;0;0;0;0;0.46;0.42;0.13;0.0;0.0;0.0;0.0;0.0;0.0;0.29;0.1;0.09;1.0;3;3;0.02
3420;cal000111;cal;nise;unknown;Nise;FEMALE;3;19;71;212;0;0;0;0;0.23;0.71;0.07;0.0;0.0;0.0;0.0;0.0;0.0;0.27;0.09;0.07;1.0;1;0;0.02
3421;cal000111;cal;celia;unknown;Celia;FEMALE;3;10;33;72;0;0;0;0;0.22;0.29;0.49;0.0;0.0;0.0;0.0;0.0;0.0;0.14;0.04;0.02;0.9;0;2;0.01
3422;cal000111;cal;todos;unknown;UNKNOWN;u;1;1;1;8;0;0;0;0;0.0;0.0;1.0;0.0;0.0;0.0;0.0;0.0;0.0;0.01;0.0;0.0;0.8;0;0;0.0
3423;cal000180;cal;musicos;unknown;Músicos;UNKNOWN;1;3;3;19;0;0;0;0;1.0;0.0;0.0;0.0;0.0;0.0;0.0;0.0;0.0;0.14;0.01;0.01;0.75;0;1;0.0
3424;cal000180;cal;daniel;unknown;Daniel;MALE;1;7;29;130;0;0;0;0;1.0;0.0;0.0;0.0;0.0;0.0;0.0;0.0;0.0;0.32;0.12;0.08;0.88;1;1;0.01
3425;cal000180;cal;pensamiento;unknown;Pensamiento;MALE;1;13;48;233;0;0;0;0;1.0;0.0;0.0;0.0;0.0;0.0;0.0;0.0;0.0;0.59;0.2;0.14;0.88;2;0;0.03
3426;cal000180;cal;baltasar;unknown;Baltasar;MALE;1;11;53;647;0;0;0;0;1.0;0.0;0.0;0.0;0.0;0.0;0.0;0.0;0.0;0.5;0.22;0.4;1.0;3;2;0.05
3427;cal000180;cal;idolatria;unknown;Idolatría;FEMALE;1;14;36;198;0;0;0;0;1.0;0.0;0.0;0.0;0.0;0.0;0.0;0.0;0.0;0.64;0.15;0.12;1.0;1;2;0.05
3428;cal000180;cal;vanidad;unknown;Vanidad;FEMALE;1;9;30;70;0;0;0;0;1.0;0.0;0.0;0.0;0.0;0.0;0.0;0.0;0.0;0.41;0.13;0.04;1.0;0;0;0.05
3429;cal000180;cal;muerte;unknown;Muerte;FEMALE;1;10;34;291;0;0;0;0;1.0;0.0;0.0;0.0;0.0;0.0;0.0;0.0;0.0;0.45;0.14;0.18;0.88;2;1;0.01
3430;cal000180;cal;estatua;unknown;Estatua;FEMALE;1;1;2;39;0;0;0;0;1.0;0.0;0.0;0.0;0.0;0.0;0.0;0.0;0.0;0.05;0.01;0.02;0.5;2;2;0.0
3431;cal000180;cal;idolatria vanidad;unknown;UNKNOWN;u;1;1;1;1;0;0;0;0;1.0;0.0;0.0;0.0;0.0;0.0;0.0;0.0;0.0;0.05;0.0;0.0;0.62;0;0;0.0
3432;cal000112;cal;rey;unknown;El Rey Enrique Viii;MALE;3;28;93;799;0;0;0;0;0.29;0.37;0.34;0.0;0.0;0.0;0.0;0.0;0.0;0.4;0.19;0.26;0.86;5;2;0.05
3433;cal000112;cal;volseo;unknown;El Cardenal Volseo;MALE;3;23;72;496;0;0;0;0;0.23;0.45;0.32;0.0;0.0;0.0;0.0;0.0;0.0;0.33;0.15;0.16;0.79;2;4;0.27
3434;cal000112;cal;carlos;unknown;Carlos;MALE;3;11;54;353;0;0;0;0;0.59;0.15;0.26;0.0;0.0;0.0;0.0;0.0;0.0;0.16;0.11;0.12;0.64;3;3;0.02
3435;cal000112;cal;tomás;unknown;Tomás Boleno;MALE;3;15;26;114;0;0;0;0;0.6;0.13;0.27;0.0;0.0;0.0;0.0;0.0;0.0;0.21;0.05;0.04;0.86;3;5;0.05
3436;cal000112;cal;dionís;unknown;Dionís;MALE;3;7;16;67;0;0;0;0;0.55;0.01;0.43;0.0;0.0;0.0;0.0;0.0;0.0;0.1;0.03;0.02;0.43;2;2;0.0
3437;cal000112;cal;pasquín;unknown;Pasquín;MALE;3;13;32;236;0;0;0;0;0.38;0.52;0.1;0.0;0.0;0.0;0.0;0.0;0.0;0.19;0.07;0.08;0.79;0;4;0.03
3438;cal000112;cal;capitán;unknown;Un Capitán;MALE;2;7;11;61;0;0;0;0;0.0;0.05;0.95;0.0;0.0;0.0;0.0;0.0;0.0;0.1;0.02;0.02;0.71;2;1;0.02
3439;cal000112;cal;reina;unknown;La Reina Doña Catalina;FEMALE;3;15;45;385;0;0;0;0;0.16;0.67;0.17;0.0;0.0;0.0;0.0;0.0;0.0;0.21;0.09;0.13;0.71;3;3;0.01
3440;cal000112;cal;ana;unknown;Ana Bolena;FEMALE;3;16;78;385;0;0;0;0;0.33;0.35;0.32;0.0;0.0;0.0;0.0;0.0;0.0;0.23;0.16;0.13;0.79;3;3;0.03
3441;cal000112;cal;infanta;unknown;La Infanta María;FEMALE;3;9;24;98;0;0;0;0;0.11;0.07;0.82;0.0;0.0;0.0;0.0;0.0;0.0;0.13;0.05;0.03;0.71;1;2;0.02
3442;cal000112;cal;margarita;unknown;Margarita Polo;FEMALE;3;7;14;42;0;0;0;0;0.21;0.19;0.6;0.0;0.0;0.0;0.0;0.0;0.0;0.1;0.03;0.01;0.64;0;2;0.01
3443;cal000112;cal;semeyra;unknown;Juana Semeyra;FEMALE;2;2;3;7;0;0;0;0;0.0;0.86;0.14;0.0;0.0;0.0;0.0;0.0;0.0;0.03;0.01;0.0;0.57;2;1;0.01
3444;cal000112;cal;soldado-1;unknown;Soldado 1°;MALE;1;2;3;10;0;0;0;0;0.0;0.0;1.0;0.0;0.0;0.0;0.0;0.0;0.0;0.03;0.01;0.0;0.14;0;1;0.0
3445;cal000112;cal;soldado-2;unknown;Soldado 2°;MALE;1;3;3;5;0;0;0;0;0.0;0.0;1.0;0.0;0.0;0.0;0.0;0.0;0.0;0.04;0.01;0.0;0.14;0;0;0.0
3446;cal000112;cal;todos;unknown;UNKNOWN;u;1;1;3;4;0;0;0;0;0.0;0.0;1.0;0.0;0.0;0.0;0.0;0.0;0.0;0.01;0.01;0.0;0.36;1;2;0.0
3447;cal000181;cal;musicos;unknown;Músicos;UNKNOWN;1;6;14;25;0;0;0;0;1.0;0.0;0.0;0.0;0.0;0.0;0.0;0.0;0.0;0.1;0.02;0.01;0.62;9;4;0.11
3448;cal000181;cal;lucero;unknown;Lucero;MALE;1;19;71;457;0;0;0;0;1.0;0.0;0.0;0.0;0.0;0.0;0.0;0.0;0.0;0.33;0.12;0.2;0.38;3;2;0.03
3449;cal000181;cal;sombra;unknown;Sombra;FEMALE;1;20;95;460;0;0;0;0;1.0;0.0;0.0;0.0;0.0;0.0;0.0;0.0;0.0;0.34;0.16;0.2;0.57;5;2;0.04
3450;cal000181;cal;esfera-1;unknown;Esfera 1.ª;FEMALE;1;9;21;44;0;0;0;0;1.0;0.0;0.0;0.0;0.0;0.0;0.0;0.0;0.0;0.16;0.04;0.02;0.59;5;2;0.03
3451;cal000181;cal;esfera-2;unknown;Esfera 2.ª;FEMALE;1;9;21;38;0;0;0;0;1.0;0.0;0.0;0.0;0.0;0.0;0.0;0.0;0.0;0.16;0.04;0.02;0.59;3;1;0.03
3452;cal000181;cal;esfera-3;unknown;Esfera 3.ª;FEMALE;1;8;18;34;0;0;0;0;1.0;0.0;0.0;0.0;0.0;0.0;0.0;0.0;0.0;0.14;0.03;0.02;0.46;2;2;0.02
3453;cal000181;cal;esfera-4;unknown;Esfera 4.ª;FEMALE;1;11;25;66;0;0;0;0;1.0;0.0;0.0;0.0;0.0;0.0;0.0;0.0;0.0;0.19;0.04;0.03;0.59;1;2;0.09
3454;cal000181;cal;inociencia;unknown;Inociencia;FEMALE;1;15;52;208;0;0;0;0;1.0;0.0;0.0;0.0;0.0;0.0;0.0;0.0;0.0;0.26;0.09;0.09;0.68;7;3;0.21
3455;cal000181;cal;mundo;unknown;Mundo;MALE;1;18;34;114;0;0;0;0;1.0;0.0;0.0;0.0;0.0;0.0;0.0;0.0;0.0;0.31;0.06;0.05;0.65;2;1;0.05
3456;cal000181;cal;naturaleza;unknown;Naturaleza;FEMALE;1;14;64;278;0;0;0;0;1.0;0.0;0.0;0.0;0.0;0.0;0.0;0.0;0.0;0.24;0.11;0.12;0.65;2;3;0.06
3457;cal000181;cal;gentilidad;unknown;Gentilidad;FEMALE;1;12;31;97;0;0;0;0;1.0;0.0;0.0;0.0;0.0;0.0;0.0;0.0;0.0;0.21;0.05;0.04;0.54;5;3;0.04
3458;cal000181;cal;judaismo;unknown;Judaísmo;MALE;1;17;61;209;0;0;0;0;1.0;0.0;0.0;0.0;0.0;0.0;0.0;0.0;0.0;0.29;0.1;0.09;0.59;6;0;0.07
3459;cal000181;cal;peregrino;unknown;Peregrino;MALE;1;8;45;149;0;0;0;0;1.0;0.0;0.0;0.0;0.0;0.0;0.0;0.0;0.0;0.14;0.08;0.07;0.57;5;3;0.04
3460;cal000181;cal;culpa;unknown;Culpa;FEMALE;1;1;1;6;0;0;0;0;1.0;0.0;0.0;0.0;0.0;0.0;0.0;0.0;0.0;0.02;0.0;0.0;0.35;2;0;0.0
3461;cal000181;cal;esfera-1 esfera-2 esfera-3 esfera-4;unknown;UNKNOWN;u;1;3;6;7;0;0;0;0;1.0;0.0;0.0;0.0;0.0;0.0;0.0;0.0;0.0;0.05;0.01;0.0;0.19;0;0;0.0
3462;cal000181;cal;lucero sombra mundo musicos esfera-1 esfera-2 esfera-3 esfera-4;unknown;UNKNOWN;u;1;1;1;2;0;0;0;0;1.0;0.0;0.0;0.0;0.0;0.0;0.0;0.0;0.0;0.02;0.0;0.0;0.19;1;1;0.0
3463;cal000181;cal;sombra musicos mundo inociencia esfera-1 esfera-2 esfera-3 esfera-4 naturaleza;unknown;UNKNOWN;u;1;1;1;1;0;0;0;0;1.0;0.0;0.0;0.0;0.0;0.0;0.0;0.0;0.0;0.02;0.0;0.0;0.16;0;0;0.0
3464;cal000181;cal;esfera-1 esfera-2;unknown;UNKNOWN;u;1;1;1;1;0;0;0;0;1.0;0.0;0.0;0.0;0.0;0.0;0.0;0.0;0.0;0.02;0.0;0.0;0.14;0;1;0.0
3465;cal000181;cal;esfera-3 esfera-4;unknown;UNKNOWN;u;1;1;1;1;0;0;0;0;1.0;0.0;0.0;0.0;0.0;0.0;0.0;0.0;0.0;0.02;0.0;0.0;0.14;0;1;0.0
3466;cal000181;cal;musicos dos sombra esfera-1 esfera-2 esfera-3 esfera-4 inociencia naturaleza mundo;unknown;UNKNOWN;u;1;1;1;1;0;0;0;0;1.0;0.0;0.0;0.0;0.0;0.0;0.0;0.0;0.0;0.02;0.0;0.0;0.22;0;0;0.0
3467;cal000181;cal;musicos dos sombra inociencia esfera-1 esfera-2 esfera-3 esfera-4 mundo naturaleza;unknown;UNKNOWN;u;1;1;2;3;0;0;0;0;1.0;0.0;0.0;0.0;0.0;0.0;0.0;0.0;0.0;0.02;0.0;0.0;0.22;0;0;0.0
3468;cal000181;cal;naturaleza mundo esfera-4;unknown;UNKNOWN;u;1;1;1;2;0;0;0;0;1.0;0.0;0.0;0.0;0.0;0.0;0.0;0.0;0.0;0.02;0.0;0.0;0.08;0;0;0.0
3469;cal000181;cal;dos sombra esfera-1 esfera-2 esfera-3 inociencia naturaleza mundo esfera-4 musicos;unknown;UNKNOWN;u;1;1;1;5;0;0;0;0;1.0;0.0;0.0;0.0;0.0;0.0;0.0;0.0;0.0;0.02;0.0;0.0;0.08;0;0;0.0
3470;cal000181;cal;gentilidad judaismo;unknown;UNKNOWN;u;1;1;2;5;0;0;0;0;1.0;0.0;0.0;0.0;0.0;0.0;0.0;0.0;0.0;0.02;0.0;0.0;0.14;1;1;0.0
3471;cal000181;cal;judaismo gentilidad;unknown;UNKNOWN;u;1;1;2;3;0;0;0;0;1.0;0.0;0.0;0.0;0.0;0.0;0.0;0.0;0.0;0.02;0.0;0.0;0.14;1;1;0.0
3472;cal000181;cal;naturaleza musicos;unknown;UNKNOWN;u;1;1;2;4;0;0;0;0;1.0;0.0;0.0;0.0;0.0;0.0;0.0;0.0;0.0;0.02;0.0;0.0;0.35;5;3;0.0
3473;cal000181;cal;inociencia esfera-1 esfera-2 esfera-3 esfera-4;unknown;UNKNOWN;u;1;1;1;1;0;0;0;0;1.0;0.0;0.0;0.0;0.0;0.0;0.0;0.0;0.0;0.02;0.0;0.0;0.35;3;0;0.0
3474;cal000181;cal;naturaleza lucero dos esfera-3 esfera-4 gentilidad musicos gentilidad judaismo culpa mundo esfera-1 esfera-2 peregrino sombra;unknown;UNKNOWN;u;1;1;1;1;0;0;0;0;1.0;0.0;0.0;0.0;0.0;0.0;0.0;0.0;0.0;0.02;0.0;0.0;0.35;0;0;0.0
3475;cal000181;cal;naturaleza lucero dos esfera-3 esfera-4 gentilidad musicos culpa esfera-1 esfera-2 sombra peregrino judaismo gentilidad mundo;unknown;UNKNOWN;u;1;1;1;1;0;0;0;0;1.0;0.0;0.0;0.0;0.0;0.0;0.0;0.0;0.0;0.02;0.0;0.0;0.35;0;0;0.0
3476;cal000181;cal;lucero dos esfera-3 gentilidad musicos culpa esfera-1 esfera-2 judaismo gentilidad mundo sombra esfera-4 peregrino naturaleza;unknown;UNKNOWN;u;1;1;1;1;0;0;0;0;1.0;0.0;0.0;0.0;0.0;0.0;0.0;0.0;0.0;0.02;0.0;0.0;0.14;1;0;0.0
3477;cal000181;cal;dos esfera-3 gentilidad musicos culpa esfera-1 esfera-2 judaismo gentilidad mundo sombra esfera-4 peregrino naturaleza inociencia;unknown;UNKNOWN;u;1;1;1;1;0;0;0;0;1.0;0.0;0.0;0.0;0.0;0.0;0.0;0.0;0.0;0.02;0.0;0.0;0.14;0;0;0.0
3478;cal000181;cal;gentilidad mundo;unknown;UNKNOWN;u;1;1;1;1;0;0;0;0;1.0;0.0;0.0;0.0;0.0;0.0;0.0;0.0;0.0;0.02;0.0;0.0;0.14;0;1;0.0
3479;cal000181;cal;esfera-2 musicos;unknown;UNKNOWN;u;1;1;1;2;0;0;0;0;1.0;0.0;0.0;0.0;0.0;0.0;0.0;0.0;0.0;0.02;0.0;0.0;0.05;0;1;0.0
3480;cal000181;cal;lucero judaismo;unknown;UNKNOWN;u;1;1;1;12;0;0;0;0;1.0;0.0;0.0;0.0;0.0;0.0;0.0;0.0;0.0;0.02;0.0;0.01;0.08;0;0;0.0
3481;cal000181;cal;gentilidad culpa musicos peregrino lucero sombra mundo esfera-1 esfera-2 esfera-3 esfera-4 naturaleza gentilidad judaismo inociencia;unknown;UNKNOWN;u;1;1;1;3;0;0;0;0;1.0;0.0;0.0;0.0;0.0;0.0;0.0;0.0;0.0;0.02;0.0;0.0;0.05;0;0;0.0
3482;cal000181;cal;lucero esfera-4;unknown;UNKNOWN;u;1;1;1;1;0;0;0;0;1.0;0.0;0.0;0.0;0.0;0.0;0.0;0.0;0.0;0.02;0.0;0.0;0.11;0;1;0.0
3483;cal000181;cal;gentilidad culpa musicos inociencia esfera-1 esfera-2 esfera-3 lucero esfera-4 peregrino naturaleza gentilidad mundo;unknown;UNKNOWN;u;1;1;1;3;0;0;0;0;1.0;0.0;0.0;0.0;0.0;0.0;0.0;0.0;0.0;0.02;0.0;0.0;0.05;1;0;0.0
3484;cal000181;cal;gentilidad culpa musicos esfera-1 esfera-2 esfera-3 lucero esfera-4 peregrino naturaleza gentilidad mundo inociencia;unknown;UNKNOWN;u;1;1;2;6;0;0;0;0;1.0;0.0;0.0;0.0;0.0;0.0;0.0;0.0;0.0;0.02;0.0;0.0;0.05;0;0;0.0
3485;cal000025;cal;don-manuel;unknown;Don Manuel;MALE;3;32;193;859;0;0;0;0;0.28;0.33;0.39;0.0;0.0;0.0;0.0;0.0;0.0;0.42;0.25;0.25;0.88;2;1;0.06
3486;cal000025;cal;cosme;unknown;Cosme;MALE;3;27;167;657;0;0;0;0;0.4;0.38;0.22;0.0;0.0;0.0;0.0;0.0;0.0;0.36;0.22;0.19;0.88;2;0;0.06
3487;cal000025;cal;doña-ángela;unknown;Doña Ángela;FEMALE;3;28;129;721;0;0;0;0;0.31;0.34;0.35;0.0;0.0;0.0;0.0;0.0;0.0;0.37;0.17;0.21;0.88;2;0;0.11
3488;cal000025;cal;isabel;unknown;Isabel;FEMALE;3;22;66;240;0;0;0;0;0.62;0.24;0.14;0.0;0.0;0.0;0.0;0.0;0.0;0.29;0.09;0.07;0.75;0;0;0.0
3489;cal000025;cal;rodrigo;unknown;Rodrigo;MALE;2;3;10;51;0;0;0;0;0.82;0.18;0.0;0.0;0.0;0.0;0.0;0.0;0.0;0.04;0.01;0.01;0.38;0;2;0.0
3490;cal000025;cal;don-luis;unknown;Don Luis;MALE;3;20;96;470;0;0;0;0;0.45;0.32;0.23;0.0;0.0;0.0;0.0;0.0;0.0;0.26;0.13;0.14;0.88;2;3;0.06
3491;cal000025;cal;don-juan;unknown;Don Juan;MALE;3;14;43;187;0;0;0;0;0.36;0.43;0.21;0.0;0.0;0.0;0.0;0.0;0.0;0.18;0.06;0.05;0.75;3;3;0.0
3492;cal000025;cal;doña-beatriz;unknown;Doña Beatriz;FEMALE;3;17;58;216;0;0;0;0;0.1;0.72;0.18;0.0;0.0;0.0;0.0;0.0;0.0;0.22;0.08;0.06;0.88;3;3;0.11
3493;cal000025;cal;clara;unknown;Clara;FEMALE;1;1;1;2;0;0;0;0;0.0;0.0;1.0;0.0;0.0;0.0;0.0;0.0;0.0;0.01;0.0;0.0;0.25;0;0;0.0
3494;cal000113;cal;dona-beatriz;unknown;Doña Beatriz;FEMALE;3;37;176;904;0;0;0;0;0.31;0.48;0.2;0.0;0.0;0.0;0.0;0.0;0.0;0.45;0.2;0.22;1.0;0;6;0.25
3495;cal000113;cal;escudero;unknown;Escudero;MALE;1;1;2;2;0;0;0;0;1.0;0.0;0.0;0.0;0.0;0.0;0.0;0.0;0.0;0.01;0.0;0.0;0.07;0;0;0.0
3496;cal000113;cal;ines;unknown;Inés;FEMALE;1;7;23;64;0;0;0;0;1.0;0.0;0.0;0.0;0.0;0.0;0.0;0.0;0.0;0.08;0.03;0.02;0.43;1;0;0.01
3497;cal000113;cal;don-juan;unknown;Don Juan;MALE;3;32;149;692;0;0;0;0;0.32;0.36;0.32;0.0;0.0;0.0;0.0;0.0;0.0;0.39;0.17;0.17;0.71;3;3;0.01
3498;cal000113;cal;don-pedro;unknown;Don Pedro;MALE;3;16;96;597;0;0;0;0;0.52;0.25;0.23;0.0;0.0;0.0;0.0;0.0;0.0;0.19;0.11;0.15;0.71;5;4;0.01
3499;cal000113;cal;luquete;unknown;Luquete;MALE;3;16;60;178;0;0;0;0;0.31;0.17;0.52;0.0;0.0;0.0;0.0;0.0;0.0;0.19;0.07;0.04;0.79;3;3;0.03
3500;cal000113;cal;isabel;unknown;Isabel;FEMALE;3;24;77;188;0;0;0;0;0.28;0.56;0.15;0.0;0.0;0.0;0.0;0.0;0.0;0.29;0.09;0.05;0.71;1;1;0.02
3501;cal000113;cal;leonor;unknown;Leonor;FEMALE;3;26;81;529;0;0;0;0;0.43;0.41;0.16;0.0;0.0;0.0;0.0;0.0;0.0;0.31;0.09;0.13;0.64;2;3;0.0
3502;cal000113;cal;don-luis;unknown;Don Luis;MALE;3;9;28;92;0;0;0;0;0.33;0.26;0.41;0.0;0.0;0.0;0.0;0.0;0.0;0.11;0.03;0.02;0.64;2;5;0.0
3503;cal000113;cal;don-diego;unknown;Don Diego;MALE;3;16;67;289;0;0;0;0;0.38;0.16;0.46;0.0;0.0;0.0;0.0;0.0;0.0;0.19;0.08;0.07;0.79;3;0;0.04
3504;cal000113;cal;dentro;unknown;Dentro;UNKNOWN;2;2;2;2;0;0;0;0;0.5;0.5;0.0;0.0;0.0;0.0;0.0;0.0;0.0;0.02;0.0;0.0;0.29;0;1;0.01
3505;cal000113;cal;otavio;unknown;Otavio;MALE;2;21;75;481;0;0;0;0;0.0;0.46;0.54;0.0;0.0;0.0;0.0;0.0;0.0;0.25;0.09;0.12;0.86;3;2;0.09
3506;cal000113;cal;celio;unknown;Celio;MALE;1;6;21;38;0;0;0;0;0.0;1.0;0.0;0.0;0.0;0.0;0.0;0.0;0.0;0.07;0.02;0.01;0.36;1;0;0.01
3507;cal000113;cal;dona-leonor;unknown;Doña Leonor;FEMALE;2;6;18;59;0;0;0;0;0.0;0.2;0.8;0.0;0.0;0.0;0.0;0.0;0.0;0.07;0.02;0.01;0.64;3;1;0.0
3508;cal000113;cal;celio dona-leonor;unknown;UNKNOWN;u;1;1;1;1;0;0;0;0;0.0;0.0;1.0;0.0;0.0;0.0;0.0;0.0;0.0;0.01;0.0;0.0;0.21;0;0;0.0
3509;cal000026;cal;villanos;unknown;Villanos;MALE;1;1;1;1;0;0;0;0;0.0;0.0;1.0;0.0;0.0;0.0;0.0;0.0;0.0;0.02;0.0;0.0;0.11;0;0;0.0
3510;cal000026;cal;bandoleros;unknown;Bandoleros;MALE;1;1;1;2;0;0;0;0;0.0;0.0;1.0;0.0;0.0;0.0;0.0;0.0;0.0;0.02;0.0;0.0;0.22;1;0;0.0
3511;cal000026;cal;eusebio;unknown;Eusebio;MALE;3;23;113;871;0;0;0;0;0.35;0.3;0.35;0.0;0.0;0.0;0.0;0.0;0.0;0.47;0.24;0.32;0.83;3;4;0.31
3512;cal000026;cal;lisardo;unknown;Lisardo;MALE;1;1;11;115;0;0;0;0;1.0;0.0;0.0;0.0;0.0;0.0;0.0;0.0;0.0;0.02;0.02;0.04;0.06;0;1;0.0
3513;cal000026;cal;curcio;unknown;Curcio;MALE;3;16;56;496;0;0;0;0;0.38;0.29;0.33;0.0;0.0;0.0;0.0;0.0;0.0;0.33;0.12;0.18;0.72;2;7;0.1
3514;cal000026;cal;octavio;unknown;Octavio;MALE;2;5;12;31;0;0;0;0;0.0;0.42;0.58;0.0;0.0;0.0;0.0;0.0;0.0;0.1;0.03;0.01;0.44;0;1;0.01
3515;cal000026;cal;celio;unknown;Celio;MALE;2;5;17;45;0;0;0;0;0.0;0.98;0.02;0.0;0.0;0.0;0.0;0.0;0.0;0.1;0.04;0.02;0.28;1;2;0.0
3516;cal000026;cal;ricardo;unknown;Ricardo;MALE;2;8;27;76;0;0;0;0;0.0;0.62;0.38;0.0;0.0;0.0;0.0;0.0;0.0;0.16;0.06;0.03;0.44;1;6;0.01
3517;cal000026;cal;arminda;unknown;Arminda;FEMALE;1;4;12;30;0;0;0;0;1.0;0.0;0.0;0.0;0.0;0.0;0.0;0.0;0.0;0.08;0.03;0.01;0.39;1;4;0.0
3518;cal000026;cal;gil;unknown;Gil;MALE;3;21;71;296;0;0;0;0;0.33;0.22;0.45;0.0;0.0;0.0;0.0;0.0;0.0;0.43;0.15;0.11;0.78;0;5;0.13
3519;cal000026;cal;menga;unknown;Menga;FEMALE;3;9;36;77;0;0;0;0;0.29;0.48;0.23;0.0;0.0;0.0;0.0;0.0;0.0;0.18;0.08;0.03;0.67;0;5;0.09
3520;cal000026;cal;julia;unknown;Julia;FEMALE;3;15;59;559;0;0;0;0;0.4;0.35;0.24;0.0;0.0;0.0;0.0;0.0;0.0;0.31;0.13;0.2;0.67;2;7;0.05
3521;cal000026;cal;alberto;unknown;Alberto;MALE;2;4;15;80;0;0;0;0;0.0;0.51;0.49;0.0;0.0;0.0;0.0;0.0;0.0;0.08;0.03;0.03;0.28;0;1;0.0
3522;cal000026;cal;chilindrina;unknown;Chilindrina;FEMALE;1;1;7;11;0;0;0;0;0.0;1.0;0.0;0.0;0.0;0.0;0.0;0.0;0.0;0.02;0.01;0.0;0.06;0;0;0.0
3523;cal000026;cal;blas;unknown;Blas;MALE;3;8;14;27;0;0;0;0;0.11;0.37;0.52;0.0;0.0;0.0;0.0;0.0;0.0;0.16;0.03;0.01;0.56;0;2;0.03
3524;cal000026;cal;tirso;unknown;Tirso;MALE;3;5;13;26;0;0;0;0;0.19;0.38;0.42;0.0;0.0;0.0;0.0;0.0;0.0;0.1;0.03;0.01;0.44;0;2;0.01
3525;cal000026;cal;toribio;unknown;Toribio;MALE;1;1;3;3;0;0;0;0;1.0;0.0;0.0;0.0;0.0;0.0;0.0;0.0;0.0;0.02;0.01;0.0;0.22;1;2;0.0
3526;cal000026;cal;una-voz;unknown;Una Voz;UNKNOWN;1;1;1;2;0;0;0;0;0.0;1.0;0.0;0.0;0.0;0.0;0.0;0.0;0.0;0.02;0.0;0.0;0.11;0;0;0.0
3527;cal000026;cal;octavio curcio alberto ricardo celio blas;unknown;UNKNOWN;u;1;1;1;1;0;0;0;0;0.0;0.0;1.0;0.0;0.0;0.0;0.0;0.0;0.0;0.02;0.0;0.0;0.28;0;3;0.0
3528;cal000027;cal;soldados-montañeses;unknown;Soldados montañeses;MALE;1;1;1;1;0;0;0;0;1.0;0.0;0.0;0.0;0.0;0.0;0.0;0.0;0.0;0.03;0.0;0.0;0.21;0;2;0.0
3529;cal000027;cal;soldados-moros;unknown;Soldados moros;MALE;1;1;1;1;0;0;0;0;1.0;0.0;0.0;0.0;0.0;0.0;0.0;0.0;0.0;0.03;0.0;0.0;0.21;0;3;0.0
3530;cal000027;cal;música;unknown;Músicos;UNKNOWN;1;6;12;19;0;0;0;0;1.0;0.0;0.0;0.0;0.0;0.0;0.0;0.0;0.0;0.18;0.03;0.01;0.75;0;3;0.06
3531;cal000027;cal;garcía;unknown;El Conde Garci Fernández de Castilla;MALE;1;9;37;149;0;0;0;0;1.0;0.0;0.0;0.0;0.0;0.0;0.0;0.0;0.0;0.26;0.1;0.07;0.89;1;3;0.17
3532;cal000027;cal;almanzor;unknown;Almanzor;MALE;1;8;21;47;0;0;0;0;1.0;0.0;0.0;0.0;0.0;0.0;0.0;0.0;0.0;0.24;0.06;0.02;0.86;1;4;0.13
3533;cal000027;cal;seta;unknown;La Seta de Mahoma;FEMALE;1;8;33;298;0;0;0;0;1.0;0.0;0.0;0.0;0.0;0.0;0.0;0.0;0.0;0.24;0.09;0.15;0.71;0;5;0.04
3534;cal000027;cal;ángel;unknown;Un Ángel;MALE;1;9;36;327;0;0;0;0;1.0;0.0;0.0;0.0;0.0;0.0;0.0;0.0;0.0;0.26;0.1;0.16;0.71;1;7;0.04
3535;cal000027;cal;demonio-pascual-vivas;unknown;El Demonio Pascual Vivas;MALE;1;10;29;167;0;0;0;0;1.0;0.0;0.0;0.0;0.0;0.0;0.0;0.0;0.0;0.29;0.08;0.08;0.68;0;2;0.05
3536;cal000027;cal;pascual;unknown;Pascual Vivas;MALE;1;17;83;655;0;0;0;0;1.0;0.0;0.0;0.0;0.0;0.0;0.0;0.0;0.0;0.5;0.23;0.32;0.71;0;0;0.06
3537;cal000027;cal;pernil;unknown;Pernil;MALE;1;13;45;197;0;0;0;0;1.0;0.0;0.0;0.0;0.0;0.0;0.0;0.0;0.0;0.38;0.12;0.1;0.68;0;5;0.04
3538;cal000027;cal;lelio;unknown;Lelio;MALE;1;4;16;63;0;0;0;0;1.0;0.0;0.0;0.0;0.0;0.0;0.0;0.0;0.0;0.12;0.04;0.03;0.46;1;2;0.0
3539;cal000027;cal;aminta;unknown;Aminta;FEMALE;1;5;15;64;0;0;0;0;1.0;0.0;0.0;0.0;0.0;0.0;0.0;0.0;0.0;0.15;0.04;0.03;0.46;1;5;0.0
3540;cal000027;cal;soldados-montañeses soldados-moros pernil música;unknown;UNKNOWN;u;1;1;1;1;0;0;0;0;1.0;0.0;0.0;0.0;0.0;0.0;0.0;0.0;0.0;0.03;0.0;0.0;0.21;0;1;0.0
3541;cal000027;cal;soldados-montañeses soldados-moros música;unknown;UNKNOWN;u;1;1;2;2;0;0;0;0;1.0;0.0;0.0;0.0;0.0;0.0;0.0;0.0;0.0;0.03;0.01;0.0;0.21;0;0;0.0
3542;cal000027;cal;soldados-montañeses soldados-moros;unknown;UNKNOWN;u;1;6;8;8;0;0;0;0;1.0;0.0;0.0;0.0;0.0;0.0;0.0;0.0;0.0;0.18;0.02;0.0;0.54;1;2;0.03
3543;cal000027;cal;pernil música;unknown;UNKNOWN;u;1;2;2;2;0;0;0;0;1.0;0.0;0.0;0.0;0.0;0.0;0.0;0.0;0.0;0.06;0.01;0.0;0.39;1;2;0.01
3544;cal000027;cal;ángel música;unknown;UNKNOWN;u;1;4;5;16;0;0;0;0;1.0;0.0;0.0;0.0;0.0;0.0;0.0;0.0;0.0;0.12;0.01;0.01;0.5;0;1;0.03
3545;cal000027;cal;seta ángel música;unknown;UNKNOWN;u;1;1;3;3;0;0;0;0;1.0;0.0;0.0;0.0;0.0;0.0;0.0;0.0;0.0;0.03;0.01;0.0;0.32;0;0;0.0
3546;cal000027;cal;garcía música;unknown;UNKNOWN;u;1;1;2;4;0;0;0;0;1.0;0.0;0.0;0.0;0.0;0.0;0.0;0.0;0.0;0.03;0.01;0.0;0.11;0;0;0.0
3547;cal000027;cal;almanzor garcía música;unknown;UNKNOWN;u;1;1;2;2;0;0;0;0;1.0;0.0;0.0;0.0;0.0;0.0;0.0;0.0;0.0;0.03;0.01;0.0;0.11;0;0;0.0
3548;cal000027;cal;soldados-montañeses soldados-moros ángel música;unknown;UNKNOWN;u;1;1;2;6;0;0;0;0;1.0;0.0;0.0;0.0;0.0;0.0;0.0;0.0;0.0;0.03;0.01;0.0;0.14;0;0;0.0
3549;cal000027;cal;soldados-moros soldados-montañeses;unknown;UNKNOWN;u;1;2;3;3;0;0;0;0;1.0;0.0;0.0;0.0;0.0;0.0;0.0;0.0;0.0;0.06;0.01;0.0;0.25;1;2;0.0
3550;cal000027;cal;garcía almanzor seta;unknown;UNKNOWN;u;1;1;1;1;0;0;0;0;1.0;0.0;0.0;0.0;0.0;0.0;0.0;0.0;0.0;0.03;0.0;0.0;0.14;0;0;0.0
3551;cal000027;cal;soldados-moros garcía seta almanzor;unknown;UNKNOWN;u;1;1;2;2;0;0;0;0;1.0;0.0;0.0;0.0;0.0;0.0;0.0;0.0;0.0;0.03;0.01;0.0;0.21;0;0;0.0
3552;cal000027;cal;pernil soldados-montañeses soldados-moros;unknown;UNKNOWN;u;1;1;2;2;0;0;0;0;1.0;0.0;0.0;0.0;0.0;0.0;0.0;0.0;0.0;0.03;0.01;0.0;0.07;0;2;0.0
3553;cal000027;cal;soldados-montañeses soldados-moros garcía almanzor aminta lelio demonio-pascual-vivas;unknown;UNKNOWN;u;1;1;1;1;0;0;0;0;1.0;0.0;0.0;0.0;0.0;0.0;0.0;0.0;0.0;0.03;0.0;0.0;0.46;2;7;0.0
3554;cal000027;cal;soldados-montañeses soldados-moros almanzor aminta lelio demonio-pascual-vivas;unknown;UNKNOWN;u;1;1;1;1;0;0;0;0;1.0;0.0;0.0;0.0;0.0;0.0;0.0;0.0;0.0;0.03;0.0;0.0;0.46;1;1;0.0
3555;cal000027;cal;soldados-montañeses soldados-moros garcía almanzor aminta lelio demonio-pascual-vivas pascual pernil ángel;unknown;UNKNOWN;u;1;1;1;2;0;0;0;0;1.0;0.0;0.0;0.0;0.0;0.0;0.0;0.0;0.0;0.03;0.0;0.0;0.46;1;0;0.0
3556;cal000027;cal;soldados-montañeses soldados-moros garcía almanzor aminta lelio demonio-pascual-vivas pascual pernil ángel música;unknown;UNKNOWN;u;1;1;1;6;0;0;0;0;1.0;0.0;0.0;0.0;0.0;0.0;0.0;0.0;0.0;0.03;0.0;0.0;0.46;0;0;0.0
3557;cal000114;cal;música;unknown;Músicos;UNKNOWN;3;15;24;41;0;0;0;0;0.24;0.27;0.49;0.0;0.0;0.0;0.0;0.0;0.0;0.33;0.04;0.01;0.68;0;0;0.05
3558;cal000114;cal;prometeo;unknown;Prometeo;MALE;3;20;93;769;0;0;0;0;0.53;0.13;0.33;0.0;0.0;0.0;0.0;0.0;0.0;0.44;0.15;0.26;0.75;2;2;0.05
3559;cal000114;cal;epimeteo;unknown;Epimeteo;MALE;3;22;100;624;0;0;0;0;0.31;0.29;0.4;0.0;0.0;0.0;0.0;0.0;0.0;0.49;0.16;0.21;0.82;1;2;0.18
3560;cal000114;cal;timantes;unknown;Timantes;MALE;3;12;25;98;0;0;0;0;0.32;0.11;0.57;0.0;0.0;0.0;0.0;0.0;0.0;0.27;0.04;0.03;0.7;5;4;0.05
3561;cal000114;cal;merlín;unknown;Merlín;MALE;3;16;73;269;0;0;0;0;0.24;0.41;0.35;0.0;0.0;0.0;0.0;0.0;0.0;0.36;0.12;0.09;0.47;2;1;0.01
3562;cal000114;cal;apolo;unknown;Apolo;MALE;2;4;20;148;0;0;0;0;0.21;0.0;0.79;0.0;0.0;0.0;0.0;0.0;0.0;0.09;0.03;0.05;0.38;2;1;0.01
3563;cal000114;cal;minerva;unknown;Minerva;FEMALE;3;19;95;428;0;0;0;0;0.17;0.22;0.61;0.0;0.0;0.0;0.0;0.0;0.0;0.42;0.15;0.14;0.78;1;2;0.1
3564;cal000114;cal;palas;unknown;Palas;FEMALE;3;8;31;214;0;0;0;0;0.32;0.38;0.3;0.0;0.0;0.0;0.0;0.0;0.0;0.18;0.05;0.07;0.55;1;3;0.04
3565;cal000114;cal;discordia;unknown;Discordia;FEMALE;2;8;27;175;0;0;0;0;0.0;0.33;0.67;0.0;0.0;0.0;0.0;0.0;0.0;0.18;0.04;0.06;0.62;2;4;0.03
3566;cal000114;cal;libia;unknown;Libia;FEMALE;3;13;33;89;0;0;0;0;0.67;0.09;0.24;0.0;0.0;0.0;0.0;0.0;0.0;0.29;0.05;0.03;0.6;5;2;0.07
3567;cal000114;cal;villana-1;unknown;Villana Primera;FEMALE;1;1;1;7;0;0;0;0;0.0;0.0;1.0;0.0;0.0;0.0;0.0;0.0;0.0;0.02;0.0;0.0;0.23;4;2;0.0
3568;cal000114;cal;villana-2;unknown;Villana Segunda;FEMALE;1;1;1;7;0;0;0;0;0.0;0.0;1.0;0.0;0.0;0.0;0.0;0.0;0.0;0.02;0.0;0.0;0.23;3;2;0.0
3569;cal000114;cal;villana-3;unknown;Villana Tercera;FEMALE;1;1;1;7;0;0;0;0;0.0;0.0;1.0;0.0;0.0;0.0;0.0;0.0;0.0;0.02;0.0;0.0;0.23;2;2;0.0
3570;cal000114;cal;unos;unknown;UNKNOWN;u;3;8;11;12;0;0;0;0;0.25;0.17;0.58;0.0;0.0;0.0;0.0;0.0;0.0;0.18;0.02;0.0;0.45;1;2;0.02
3571;cal000114;cal;otros;unknown;UNKNOWN;u;3;9;12;14;0;0;0;0;0.21;0.29;0.5;0.0;0.0;0.0;0.0;0.0;0.0;0.2;0.02;0.0;0.6;2;2;0.03
3572;cal000114;cal;voz;unknown;UNKNOWN;u;1;1;5;6;0;0;0;0;1.0;0.0;0.0;0.0;0.0;0.0;0.0;0.0;0.0;0.02;0.01;0.0;0.2;0;0;0.0
3573;cal000114;cal;todos música;unknown;UNKNOWN;u;3;7;8;14;0;0;0;0;0.29;0.36;0.36;0.0;0.0;0.0;0.0;0.0;0.0;0.16;0.01;0.0;0.53;1;2;0.03
3574;cal000114;cal;todos;unknown;UNKNOWN;u;3;12;23;38;0;0;0;0;0.32;0.18;0.5;0.0;0.0;0.0;0.0;0.0;0.0;0.27;0.04;0.01;0.68;2;3;0.03
3575;cal000114;cal;voces;unknown;UNKNOWN;u;3;5;6;6;0;0;0;0;0.67;0.17;0.17;0.0;0.0;0.0;0.0;0.0;0.0;0.11;0.01;0.0;0.33;0;0;0.0
3576;cal000114;cal;voces libia;unknown;UNKNOWN;u;1;1;1;1;0;0;0;0;1.0;0.0;0.0;0.0;0.0;0.0;0.0;0.0;0.0;0.02;0.0;0.0;0.03;0;0;0.0
3577;cal000114;cal;todos prometeo;unknown;UNKNOWN;u;1;1;1;1;0;0;0;0;1.0;0.0;0.0;0.0;0.0;0.0;0.0;0.0;0.0;0.02;0.0;0.0;0.1;0;1;0.0
3578;cal000114;cal;minerva música;unknown;UNKNOWN;u;1;1;1;2;0;0;0;0;0.0;1.0;0.0;0.0;0.0;0.0;0.0;0.0;0.0;0.02;0.0;0.0;0.2;0;0;0.0
3579;cal000114;cal;todos minerva música;unknown;UNKNOWN;u;1;1;1;1;0;0;0;0;0.0;1.0;0.0;0.0;0.0;0.0;0.0;0.0;0.0;0.02;0.0;0.0;0.28;0;0;0.0
3580;cal000114;cal;uno;unknown;UNKNOWN;u;1;1;1;1;0;0;0;0;0.0;1.0;0.0;0.0;0.0;0.0;0.0;0.0;0.0;0.02;0.0;0.0;0.05;0;1;0.0
3581;cal000114;cal;otro;unknown;UNKNOWN;u;1;1;3;3;0;0;0;0;0.0;1.0;0.0;0.0;0.0;0.0;0.0;0.0;0.0;0.02;0.0;0.0;0.05;0;1;0.0
3582;cal000114;cal;timantes música;unknown;UNKNOWN;u;1;1;1;2;0;0;0;0;0.0;1.0;0.0;0.0;0.0;0.0;0.0;0.0;0.0;0.02;0.0;0.0;0.1;0;0;0.0
3583;cal000114;cal;palas discordia;unknown;UNKNOWN;u;2;2;4;11;0;0;0;0;0.0;0.73;0.27;0.0;0.0;0.0;0.0;0.0;0.0;0.04;0.01;0.0;0.07;0;0;0.0
3584;cal000114;cal;unos otros;unknown;UNKNOWN;u;1;1;1;2;0;0;0;0;0.0;0.0;1.0;0.0;0.0;0.0;0.0;0.0;0.0;0.02;0.0;0.0;0.3;2;2;0.0
3585;cal000114;cal;todos epimeteo;unknown;UNKNOWN;u;1;1;1;2;0;0;0;0;0.0;0.0;1.0;0.0;0.0;0.0;0.0;0.0;0.0;0.02;0.0;0.0;0.05;0;0;0.0
3586;cal000114;cal;palas apolo;unknown;UNKNOWN;u;1;2;2;3;0;0;0;0;0.0;0.0;1.0;0.0;0.0;0.0;0.0;0.0;0.0;0.04;0.0;0.0;0.1;0;0;0.0
3587;cal000114;cal;apolo minerva palas;unknown;UNKNOWN;u;1;1;1;2;0;0;0;0;0.0;0.0;1.0;0.0;0.0;0.0;0.0;0.0;0.0;0.02;0.0;0.0;0.1;0;0;0.0
3588;cal000114;cal;otras;unknown;UNKNOWN;u;1;1;1;1;0;0;0;0;0.0;0.0;1.0;0.0;0.0;0.0;0.0;0.0;0.0;0.02;0.0;0.0;0.12;0;0;0.0
3589;cal000114;cal;otros timantes;unknown;UNKNOWN;u;1;1;1;2;0;0;0;0;0.0;0.0;1.0;0.0;0.0;0.0;0.0;0.0;0.0;0.02;0.0;0.0;0.07;0;2;0.0
3590;cal000114;cal;prometeo minerva;unknown;UNKNOWN;u;1;1;1;1;0;0;0;0;0.0;0.0;1.0;0.0;0.0;0.0;0.0;0.0;0.0;0.02;0.0;0.0;0.33;3;3;0.0
3591;cal000114;cal;epimeteo unos;unknown;UNKNOWN;u;1;1;1;1;0;0;0;0;0.0;0.0;1.0;0.0;0.0;0.0;0.0;0.0;0.0;0.02;0.0;0.0;0.33;3;2;0.0
3592;cal000114;cal;timantes minerva otros;unknown;UNKNOWN;u;1;1;1;1;0;0;0;0;0.0;0.0;1.0;0.0;0.0;0.0;0.0;0.0;0.0;0.02;0.0;0.0;0.33;3;2;0.0
3593;cal000114;cal;discordia música;unknown;UNKNOWN;u;1;1;1;2;0;0;0;0;0.0;0.0;1.0;0.0;0.0;0.0;0.0;0.0;0.0;0.02;0.0;0.0;0.33;2;0;0.0
3594;cal000114;cal;minerva prometeo;unknown;UNKNOWN;u;1;1;1;1;0;0;0;0;0.0;0.0;1.0;0.0;0.0;0.0;0.0;0.0;0.0;0.02;0.0;0.0;0.33;2;0;0.0
3595;cal000114;cal;palas discordia música;unknown;UNKNOWN;u;1;1;1;3;0;0;0;0;0.0;0.0;1.0;0.0;0.0;0.0;0.0;0.0;0.0;0.02;0.0;0.0;0.33;2;4;0.0
3596;cal000114;cal;villana-1 villana-2 villana-3;unknown;UNKNOWN;u;1;1;1;1;0;0;0;0;0.0;0.0;1.0;0.0;0.0;0.0;0.0;0.0;0.0;0.02;0.0;0.0;0.33;1;2;0.0
3597;cal000115;cal;unos;unknown;Unos;MALE;3;6;8;8;0;0;0;0;0.25;0.38;0.38;0.0;0.0;0.0;0.0;0.0;0.0;0.09;0.01;0.0;0.64;0;2;0.01
3598;cal000115;cal;otros;unknown;Otros;MALE;3;7;10;11;0;0;0;0;0.18;0.55;0.27;0.0;0.0;0.0;0.0;0.0;0.0;0.1;0.01;0.0;0.76;0;3;0.01
3599;cal000115;cal;musicos;unknown;Músicos;UNKNOWN;3;8;15;50;0;0;0;0;0.46;0.12;0.42;0.0;0.0;0.0;0.0;0.0;0.0;0.12;0.02;0.01;0.8;3;11;0.03
3600;cal000115;cal;siroes;unknown;Siroes;MALE;3;29;113;718;0;0;0;0;0.25;0.16;0.59;0.0;0.0;0.0;0.0;0.0;0.0;0.43;0.14;0.19;0.8;1;10;0.02
3601;cal000115;cal;menardes;unknown;Menardes;MALE;3;21;50;161;0;0;0;0;0.27;0.55;0.18;0.0;0.0;0.0;0.0;0.0;0.0;0.31;0.06;0.04;0.84;1;7;0.02
3602;cal000115;cal;anastasio;unknown;Anastasio;MALE;3;24;128;584;0;0;0;0;0.37;0.42;0.21;0.0;0.0;0.0;0.0;0.0;0.0;0.35;0.16;0.16;0.84;3;10;0.02
3603;cal000115;cal;cosdroas;unknown;Cosdroas;MALE;3;26;103;570;0;0;0;0;0.24;0.41;0.34;0.0;0.0;0.0;0.0;0.0;0.0;0.38;0.13;0.15;0.84;0;5;0.03
3604;cal000115;cal;zacarias;unknown;Zacarías;MALE;3;17;94;330;0;0;0;0;0.23;0.58;0.19;0.0;0.0;0.0;0.0;0.0;0.0;0.25;0.12;0.09;0.8;1;5;0.01
3605;cal000115;cal;voz;unknown;Voz;UNKNOWN;1;1;1;2;0;0;0;0;1.0;0.0;0.0;0.0;0.0;0.0;0.0;0.0;0.0;0.01;0.0;0.0;0.2;0;4;0.0
3606;cal000115;cal;morlaco;unknown;Morlaco;MALE;3;21;78;325;0;0;0;0;0.27;0.32;0.41;0.0;0.0;0.0;0.0;0.0;0.0;0.31;0.1;0.09;0.8;0;6;0.01
3607;cal000115;cal;heraclio;unknown;Heraclio;MALE;3;16;65;476;0;0;0;0;0.41;0.24;0.35;0.0;0.0;0.0;0.0;0.0;0.0;0.24;0.08;0.13;0.88;3;4;0.07
3608;cal000115;cal;irene;unknown;Irene;FEMALE;2;4;5;15;0;0;0;0;0.6;0.0;0.4;0.0;0.0;0.0;0.0;0.0;0.0;0.06;0.01;0.0;0.68;0;4;0.02
3609;cal000115;cal;arnesto;unknown;Arnesto;MALE;3;5;8;28;0;0;0;0;0.68;0.07;0.25;0.0;0.0;0.0;0.0;0.0;0.0;0.07;0.01;0.01;0.72;2;7;0.0
3610;cal000115;cal;libio;unknown;Libio;MALE;3;6;9;33;0;0;0;0;0.7;0.09;0.21;0.0;0.0;0.0;0.0;0.0;0.0;0.09;0.01;0.01;0.72;2;6;0.0
3611;cal000115;cal;flora;unknown;Flora;FEMALE;3;5;8;27;0;0;0;0;0.52;0.11;0.37;0.0;0.0;0.0;0.0;0.0;0.0;0.07;0.01;0.01;0.72;1;6;0.0
3612;cal000115;cal;clodomira;unknown;Clodomira;FEMALE;3;19;78;313;0;0;0;0;0.31;0.23;0.46;0.0;0.0;0.0;0.0;0.0;0.0;0.28;0.1;0.08;0.8;2;7;0.01
3613;cal000115;cal;dentro;unknown;Dentro;UNKNOWN;3;4;6;6;0;0;0;0;0.17;0.67;0.17;0.0;0.0;0.0;0.0;0.0;0.0;0.06;0.01;0.0;0.6;2;4;0.0
3614;cal000115;cal;angel-1;unknown;Ángel 1;MALE;2;2;4;12;0;0;0;0;0.0;0.33;0.67;0.0;0.0;0.0;0.0;0.0;0.0;0.03;0.0;0.0;0.72;3;9;0.01
3615;cal000115;cal;angel-2;unknown;Ángel 2;MALE;2;2;4;12;0;0;0;0;0.0;0.33;0.67;0.0;0.0;0.0;0.0;0.0;0.0;0.03;0.0;0.0;0.72;3;8;0.01
3616;cal000115;cal;soldado;unknown;Soldado;MALE;1;2;2;3;0;0;0;0;0.0;0.0;1.0;0.0;0.0;0.0;0.0;0.0;0.0;0.03;0.0;0.0;0.32;1;0;0.0
3617;cal000115;cal;uno;unknown;Uno;MALE;1;1;1;2;0;0;0;0;0.0;0.0;1.0;0.0;0.0;0.0;0.0;0.0;0.0;0.01;0.0;0.0;0.08;0;1;0.0
3618;cal000115;cal;soldado uno;unknown;UNKNOWN;u;3;5;5;5;0;0;0;0;0.4;0.2;0.4;0.0;0.0;0.0;0.0;0.0;0.0;0.07;0.01;0.0;0.64;0;3;0.01
3619;cal000115;cal;menardes anastasio unos otros cosdroas zacarias voz morlaco musicos heraclio irene arnesto libio flora clodomira dentro angel-1 angel-2 soldado uno;unknown;UNKNOWN;u;3;15;20;27;0;0;0;0;0.19;0.56;0.26;0.0;0.0;0.0;0.0;0.0;0.0;0.22;0.02;0.01;0.88;0;4;0.05
3620;cal000115;cal;flora clodomira;unknown;UNKNOWN;u;1;1;1;1;0;0;0;0;1.0;0.0;0.0;0.0;0.0;0.0;0.0;0.0;0.0;0.01;0.0;0.0;0.12;0;0;0.0
3621;cal000115;cal;siroes menardes anastasio unos otros zacarias voz morlaco musicos heraclio irene arnesto libio flora clodomira dentro angel-1 angel-2 soldado uno cosdroas;unknown;UNKNOWN;u;1;1;1;1;0;0;0;0;0.0;1.0;0.0;0.0;0.0;0.0;0.0;0.0;0.0;0.01;0.0;0.0;0.32;0;4;0.0
3622;cal000028;cal;hombres;unknown;Hombres;MALE;2;5;9;46;0;0;0;0;0.04;0.0;0.96;0.0;0.0;0.0;0.0;0.0;0.0;0.05;0.01;0.01;0.23;0;0;0.0
3623;cal000028;cal;mujeres;unknown;Mujeres;FEMALE;2;6;11;19;0;0;0;0;0.32;0.0;0.68;0.0;0.0;0.0;0.0;0.0;0.0;0.07;0.01;0.0;0.26;0;1;0.0
3624;cal000028;cal;pigmaleón;unknown;Pigmaleón;MALE;3;34;156;659;0;0;0;0;0.18;0.5;0.31;0.0;0.0;0.0;0.0;0.0;0.0;0.37;0.14;0.14;0.68;4;5;0.06
3625;cal000028;cal;cupido;unknown;Cupido;MALE;3;13;52;241;0;0;0;0;0.6;0.23;0.17;0.0;0.0;0.0;0.0;0.0;0.0;0.14;0.05;0.05;0.54;2;2;0.02
3626;cal000028;cal;céfiro;unknown;Céfiro;MALE;3;31;137;465;0;0;0;0;0.4;0.32;0.28;0.0;0.0;0.0;0.0;0.0;0.0;0.34;0.12;0.1;0.74;6;8;0.07
3627;cal000028;cal;venus;unknown;Venus;FEMALE;2;4;11;67;0;0;0;0;0.51;0.0;0.49;0.0;0.0;0.0;0.0;0.0;0.0;0.04;0.01;0.01;0.21;2;3;0.0
3628;cal000028;cal;anteo;unknown;Anteo;MALE;3;18;45;201;0;0;0;0;0.14;0.2;0.65;0.0;0.0;0.0;0.0;0.0;0.0;0.2;0.04;0.04;0.47;1;3;0.02
3629;cal000028;cal;anajarte;unknown;Anajarte;FEMALE;3;30;133;783;0;0;0;0;0.3;0.42;0.28;0.0;0.0;0.0;0.0;0.0;0.0;0.33;0.12;0.17;0.53;6;4;0.04
3630;cal000028;cal;brunel;unknown;Brunel;MALE;3;13;17;39;0;0;0;0;0.38;0.13;0.49;0.0;0.0;0.0;0.0;0.0;0.0;0.14;0.01;0.01;0.61;6;4;0.06
3631;cal000028;cal;ifis;unknown;Ifis;FEMALE;3;32;122;515;0;0;0;0;0.25;0.33;0.42;0.0;0.0;0.0;0.0;0.0;0.0;0.35;0.11;0.11;0.81;6;7;0.11
3632;cal000028;cal;pasquín;unknown;Pasquín;MALE;3;10;19;36;0;0;0;0;0.22;0.25;0.53;0.0;0.0;0.0;0.0;0.0;0.0;0.11;0.02;0.01;0.44;3;9;0.02
3633;cal000028;cal;irífile;unknown;Irífile;FEMALE;3;25;71;424;0;0;0;0;0.6;0.22;0.17;0.0;0.0;0.0;0.0;0.0;0.0;0.27;0.06;0.09;0.86;5;10;0.14
3634;cal000028;cal;lebrón;unknown;Lebrón;MALE;3;35;136;449;0;0;0;0;0.18;0.51;0.31;0.0;0.0;0.0;0.0;0.0;0.0;0.38;0.12;0.1;0.81;9;7;0.12
3635;cal000028;cal;lisi;unknown;Lisi;FEMALE;1;2;8;15;0;0;0;0;1.0;0.0;0.0;0.0;0.0;0.0;0.0;0.0;0.0;0.02;0.01;0.0;0.14;2;0;0.0
3636;cal000028;cal;laquesis;unknown;Laquesis;FEMALE;1;1;1;1;0;0;0;0;1.0;0.0;0.0;0.0;0.0;0.0;0.0;0.0;0.0;0.01;0.0;0.0;0.28;0;4;0.0
3637;cal000028;cal;clori;unknown;Clori;FEMALE;2;3;8;13;0;0;0;0;0.85;0.15;0.0;0.0;0.0;0.0;0.0;0.0;0.0;0.03;0.01;0.0;0.16;3;0;0.0
3638;cal000028;cal;cloto;unknown;Cloto;MALE;1;2;2;3;0;0;0;0;1.0;0.0;0.0;0.0;0.0;0.0;0.0;0.0;0.0;0.02;0.0;0.0;0.33;0;4;0.0
3639;cal000028;cal;laura;unknown;Laura;FEMALE;3;5;11;28;0;0;0;0;0.36;0.04;0.61;0.0;0.0;0.0;0.0;0.0;0.0;0.05;0.01;0.01;0.19;2;1;0.0
3640;cal000028;cal;atropos;unknown;Atropos;MALE;1;1;1;1;0;0;0;0;1.0;0.0;0.0;0.0;0.0;0.0;0.0;0.0;0.0;0.01;0.0;0.0;0.28;0;2;0.0
3641;cal000028;cal;isbella;unknown;Isbella;FEMALE;3;10;30;96;0;0;0;0;0.34;0.48;0.18;0.0;0.0;0.0;0.0;0.0;0.0;0.11;0.03;0.02;0.33;4;2;0.01
3642;cal000028;cal;anteros;unknown;Anteros;MALE;3;7;38;136;0;0;0;0;0.28;0.4;0.32;0.0;0.0;0.0;0.0;0.0;0.0;0.08;0.03;0.03;0.49;1;3;0.01
3643;cal000028;cal;fortuna;unknown;Fortuna;FEMALE;1;4;7;100;0;0;0;0;0.0;0.0;1.0;0.0;0.0;0.0;0.0;0.0;0.0;0.04;0.01;0.02;0.39;2;4;0.01
3644;cal000028;cal;música;unknown;Música;UNKNOWN;2;6;17;35;0;0;0;0;0.0;0.54;0.46;0.0;0.0;0.0;0.0;0.0;0.0;0.07;0.01;0.01;0.35;2;3;0.01
3645;cal000028;cal;jardinero;unknown;Jardinero;MALE;1;2;7;30;0;0;0;0;0.0;1.0;0.0;0.0;0.0;0.0;0.0;0.0;0.0;0.02;0.01;0.01;0.05;0;1;0.0
3646;cal000028;cal;pasquín céfiro;unknown;UNKNOWN;u;1;3;3;3;0;0;0;0;1.0;0.0;0.0;0.0;0.0;0.0;0.0;0.0;0.0;0.03;0.0;0.0;0.19;0;1;0.0
3647;cal000028;cal;lebrón pigmaleón;unknown;UNKNOWN;u;1;4;4;4;0;0;0;0;1.0;0.0;0.0;0.0;0.0;0.0;0.0;0.0;0.0;0.04;0.0;0.0;0.21;0;1;0.0
3648;cal000028;cal;brunel ifis;unknown;UNKNOWN;u;1;3;5;5;0;0;0;0;1.0;0.0;0.0;0.0;0.0;0.0;0.0;0.0;0.0;0.03;0.0;0.0;0.19;0;1;0.0
3649;cal000028;cal;pasquín céfiro lebrón pigmaleón brunel ifis irífile;unknown;UNKNOWN;u;1;1;1;1;0;0;0;0;1.0;0.0;0.0;0.0;0.0;0.0;0.0;0.0;0.0;0.01;0.0;0.0;0.14;1;2;0.0
3650;cal000028;cal;ifis céfiro pigmaleón;unknown;UNKNOWN;u;1;1;2;2;0;0;0;0;1.0;0.0;0.0;0.0;0.0;0.0;0.0;0.0;0.0;0.01;0.0;0.0;0.09;0;0;0.0
3651;cal000028;cal;ifis pigmaleón;unknown;UNKNOWN;u;1;2;2;2;0;0;0;0;1.0;0.0;0.0;0.0;0.0;0.0;0.0;0.0;0.0;0.02;0.0;0.0;0.12;0;0;0.0
3652;cal000028;cal;pasquín brunel;unknown;UNKNOWN;u;2;2;3;3;0;0;0;0;0.33;0.0;0.67;0.0;0.0;0.0;0.0;0.0;0.0;0.02;0.0;0.0;0.07;0;0;0.0
3653;cal000028;cal;ifis pigmaleón céfiro;unknown;UNKNOWN;u;1;4;9;13;0;0;0;0;1.0;0.0;0.0;0.0;0.0;0.0;0.0;0.0;0.0;0.04;0.01;0.0;0.3;3;8;0.0
3654;cal000028;cal;brunel pasquín;unknown;UNKNOWN;u;1;2;2;2;0;0;0;0;1.0;0.0;0.0;0.0;0.0;0.0;0.0;0.0;0.0;0.02;0.0;0.0;0.35;2;5;0.01
3655;cal000028;cal;atropos laquesis cloto;unknown;UNKNOWN;u;1;1;1;3;0;0;0;0;1.0;0.0;0.0;0.0;0.0;0.0;0.0;0.0;0.0;0.01;0.0;0.0;0.28;1;4;0.0
3656;cal000028;cal;atropos cloto laquesis;unknown;UNKNOWN;u;1;1;1;1;0;0;0;0;1.0;0.0;0.0;0.0;0.0;0.0;0.0;0.0;0.0;0.01;0.0;0.0;0.28;0;2;0.0
3657;cal000028;cal;ifis pigmaleón céfiro brunel pasquín lebrón;unknown;UNKNOWN;u;1;1;1;1;0;0;0;0;1.0;0.0;0.0;0.0;0.0;0.0;0.0;0.0;0.0;0.01;0.0;0.0;0.28;0;0;0.0
3658;cal000028;cal;lisi clori laura isbella;unknown;UNKNOWN;u;2;4;7;10;0;0;0;0;0.8;0.2;0.0;0.0;0.0;0.0;0.0;0.0;0.0;0.04;0.01;0.0;0.26;6;0;0.0
3659;cal000028;cal;lisi clori;unknown;UNKNOWN;u;2;3;3;3;0;0;0;0;0.33;0.67;0.0;0.0;0.0;0.0;0.0;0.0;0.0;0.03;0.0;0.0;0.18;0;0;0.0
3660;cal000028;cal;laura isbella;unknown;UNKNOWN;u;2;3;3;3;0;0;0;0;0.33;0.67;0.0;0.0;0.0;0.0;0.0;0.0;0.0;0.03;0.0;0.0;0.18;0;0;0.0
3661;cal000028;cal;ifis anajarte;unknown;UNKNOWN;u;1;2;4;4;0;0;0;0;1.0;0.0;0.0;0.0;0.0;0.0;0.0;0.0;0.0;0.02;0.0;0.0;0.16;0;1;0.0
3662;cal000028;cal;céfiro irífile;unknown;UNKNOWN;u;1;1;2;2;0;0;0;0;1.0;0.0;0.0;0.0;0.0;0.0;0.0;0.0;0.0;0.01;0.0;0.0;0.11;0;1;0.0
3663;cal000028;cal;céfiro irífile ifis anajarte anteo isbella;unknown;UNKNOWN;u;1;1;2;3;0;0;0;0;1.0;0.0;0.0;0.0;0.0;0.0;0.0;0.0;0.0;0.01;0.0;0.0;0.09;2;1;0.0
3664;cal000028;cal;ifis céfiro;unknown;UNKNOWN;u;1;1;2;3;0;0;0;0;1.0;0.0;0.0;0.0;0.0;0.0;0.0;0.0;0.0;0.01;0.0;0.0;0.07;0;0;0.0
3665;cal000028;cal;mujeres hombres;unknown;UNKNOWN;u;3;10;22;37;0;0;0;0;0.54;0.03;0.43;0.0;0.0;0.0;0.0;0.0;0.0;0.11;0.02;0.01;0.26;2;3;0.0
3666;cal000028;cal;anteo irífile anajarte ifis céfiro pigmaleón lebrón;unknown;UNKNOWN;u;1;1;1;2;0;0;0;0;1.0;0.0;0.0;0.0;0.0;0.0;0.0;0.0;0.0;0.01;0.0;0.0;0.14;3;3;0.0
3667;cal000028;cal;céfiro pigmaleón lebrón;unknown;UNKNOWN;u;1;2;8;12;0;0;0;0;0.0;1.0;0.0;0.0;0.0;0.0;0.0;0.0;0.0;0.02;0.01;0.0;0.19;0;0;0.0
3668;cal000028;cal;anteo ifis irífile céfiro pigmaleón lebrón;unknown;UNKNOWN;u;1;1;1;1;0;0;0;0;0.0;1.0;0.0;0.0;0.0;0.0;0.0;0.0;0.0;0.01;0.0;0.0;0.14;0;0;0.0
3669;cal000028;cal;ifis brunel irífile céfiro;unknown;UNKNOWN;u;1;1;1;1;0;0;0;0;0.0;0.0;1.0;0.0;0.0;0.0;0.0;0.0;0.0;0.01;0.0;0.0;0.07;0;1;0.0
3670;cal000028;cal;lebrón pasquín;unknown;UNKNOWN;u;1;1;1;1;0;0;0;0;0.0;0.0;1.0;0.0;0.0;0.0;0.0;0.0;0.0;0.01;0.0;0.0;0.07;0;0;0.0
3671;cal000028;cal;pasquín brunel lebrón música;unknown;UNKNOWN;u;1;1;1;1;0;0;0;0;0.0;0.0;1.0;0.0;0.0;0.0;0.0;0.0;0.0;0.01;0.0;0.0;0.14;3;1;0.0
3672;cal000028;cal;lebrón pigmaleón música;unknown;UNKNOWN;u;1;1;3;5;0;0;0;0;0.0;0.0;1.0;0.0;0.0;0.0;0.0;0.0;0.0;0.01;0.0;0.0;0.09;0;1;0.0
3673;cal000028;cal;pasquín céfiro pigmaleón lebrón irífile ifis anteo música;unknown;UNKNOWN;u;1;1;2;3;0;0;0;0;0.0;0.0;1.0;0.0;0.0;0.0;0.0;0.0;0.0;0.01;0.0;0.0;0.21;3;6;0.0
3674;cal000028;cal;pigmaleón ifis;unknown;UNKNOWN;u;1;1;1;1;0;0;0;0;0.0;0.0;1.0;0.0;0.0;0.0;0.0;0.0;0.0;0.01;0.0;0.0;0.21;1;3;0.0
3675;cal000028;cal;anteros cupido;unknown;UNKNOWN;u;1;1;1;2;0;0;0;0;0.0;0.0;1.0;0.0;0.0;0.0;0.0;0.0;0.0;0.01;0.0;0.0;0.21;1;1;0.0
3676;cal000028;cal;anajarte cupido pasquín céfiro pigmaleón irífile ifis anteo música;unknown;UNKNOWN;u;1;1;1;2;0;0;0;0;0.0;0.0;1.0;0.0;0.0;0.0;0.0;0.0;0.0;0.01;0.0;0.0;0.18;2;4;0.0
3677;cal000028;cal;anajarte anteros cupido pasquín céfiro pigmaleón irífile ifis anteo música;unknown;UNKNOWN;u;1;1;1;1;0;0;0;0;0.0;0.0;1.0;0.0;0.0;0.0;0.0;0.0;0.0;0.01;0.0;0.0;0.14;4;3;0.0
3678;cal000028;cal;anajarte anteros cupido pasquín céfiro pigmaleón lebrón irífile ifis anteo música hombres mujeres;unknown;UNKNOWN;u;1;1;1;12;0;0;0;0;0.0;0.0;1.0;0.0;0.0;0.0;0.0;0.0;0.0;0.01;0.0;0.0;0.14;2;1;0.0
3679;cal000116;cal;aureliano;unknown;Aureliano;MALE;3;18;54;665;0;0;0;0;0.32;0.34;0.34;0.0;0.0;0.0;0.0;0.0;0.0;0.34;0.12;0.22;0.71;1;2;0.08
3680;cal000116;cal;decio;unknown;Decio;MALE;3;23;89;787;0;0;0;0;0.46;0.2;0.34;0.0;0.0;0.0;0.0;0.0;0.0;0.43;0.19;0.26;0.82;3;5;0.21
3681;cal000116;cal;persio;unknown;Persio;MALE;2;5;23;120;0;0;0;0;0.88;0.12;0.0;0.0;0.0;0.0;0.0;0.0;0.0;0.09;0.05;0.04;0.24;2;0;0.0
3682;cal000116;cal;soldados-aureliano;unknown;Persio Soldado;MALE;1;1;1;1;0;0;0;0;1.0;0.0;0.0;0.0;0.0;0.0;0.0;0.0;0.0;0.02;0.0;0.0;0.24;0;2;0.0
3683;cal000116;cal;libio;unknown;Libio Infante;MALE;3;16;69;304;0;0;0;0;0.35;0.46;0.2;0.0;0.0;0.0;0.0;0.0;0.0;0.3;0.15;0.1;0.47;3;4;0.01
3684;cal000116;cal;capitán;unknown;Un Capitán;MALE;3;5;8;27;0;0;0;0;0.33;0.11;0.56;0.0;0.0;0.0;0.0;0.0;0.0;0.09;0.02;0.01;0.47;2;2;0.02
3685;cal000116;cal;cenobia;unknown;Cenobia Reina;FEMALE;3;21;121;721;0;0;0;0;0.27;0.5;0.23;0.0;0.0;0.0;0.0;0.0;0.0;0.4;0.26;0.24;0.76;2;1;0.24
3686;cal000116;cal;astrea;unknown;Astrea;FEMALE;3;16;39;236;0;0;0;0;0.44;0.32;0.24;0.0;0.0;0.0;0.0;0.0;0.0;0.3;0.08;0.08;0.65;0;3;0.06
3687;cal000116;cal;irene;unknown;Irene;FEMALE;3;13;33;142;0;0;0;0;0.25;0.24;0.51;0.0;0.0;0.0;0.0;0.0;0.0;0.25;0.07;0.05;0.53;2;2;0.05
3688;cal000116;cal;soldado-romano-1;unknown;Soldado Romano 1;MALE;1;1;1;2;0;0;0;0;0.0;0.0;1.0;0.0;0.0;0.0;0.0;0.0;0.0;0.02;0.0;0.0;0.24;0;1;0.0
3689;cal000116;cal;soldado-romano-2;unknown;Soldado Romano 2;MALE;1;2;3;13;0;0;0;0;0.0;0.0;1.0;0.0;0.0;0.0;0.0;0.0;0.0;0.04;0.01;0.0;0.29;1;0;0.0
3690;cal000116;cal;soldado-cenobia-1;unknown;Soldado de Cenobia 1;MALE;2;2;5;9;0;0;0;0;0.78;0.22;0.0;0.0;0.0;0.0;0.0;0.0;0.0;0.04;0.01;0.0;0.24;1;3;0.01
3691;cal000116;cal;soldado-cenobia-2;unknown;Soldado de Cenobia 2;MALE;2;2;5;10;0;0;0;0;0.5;0.5;0.0;0.0;0.0;0.0;0.0;0.0;0.0;0.04;0.01;0.0;0.24;1;1;0.01
3692;cal000116;cal;soldado-cenobia-3;unknown;Soldado de Cenobia 3;MALE;1;1;1;1;0;0;0;0;1.0;0.0;0.0;0.0;0.0;0.0;0.0;0.0;0.0;0.02;0.0;0.0;0.18;0;0;0.0
3693;cal000116;cal;crotilda;unknown;Crotilda;FEMALE;2;2;2;6;0;0;0;0;0.83;0.17;0.0;0.0;0.0;0.0;0.0;0.0;0.0;0.04;0.0;0.0;0.18;1;1;0.0
3694;cal000116;cal;villano-1;unknown;Un Villano;MALE;1;1;1;1;0;0;0;0;0.0;0.0;1.0;0.0;0.0;0.0;0.0;0.0;0.0;0.02;0.0;0.0;0.29;1;2;0.0
3695;cal000116;cal;todos;unknown;UNKNOWN;u;3;5;6;7;0;0;0;0;0.29;0.29;0.43;0.0;0.0;0.0;0.0;0.0;0.0;0.09;0.01;0.0;0.59;0;2;0.05
3696;cal000116;cal;dentro;unknown;UNKNOWN;u;2;2;2;4;0;0;0;0;0.0;0.5;0.5;0.0;0.0;0.0;0.0;0.0;0.0;0.04;0.0;0.0;0.29;1;1;0.0
3697;cal000029;cal;culpa;unknown;La Culpa;FEMALE;1;14;67;605;0;0;0;0;1.0;0.0;0.0;0.0;0.0;0.0;0.0;0.0;0.0;0.74;0.32;0.4;0.83;3;2;0.11
3698;cal000029;cal;naturaleza;unknown;La Naturaleza;FEMALE;1;10;25;82;0;0;0;0;1.0;0.0;0.0;0.0;0.0;0.0;0.0;0.0;0.0;0.53;0.12;0.05;0.83;2;2;0.11
3699;cal000029;cal;gracia;unknown;La Gracia;FEMALE;1;5;17;89;0;0;0;0;1.0;0.0;0.0;0.0;0.0;0.0;0.0;0.0;0.0;0.26;0.08;0.06;0.67;0;3;0.0
3700;cal000029;cal;furor;unknown;El Furor;MALE;1;9;21;248;0;0;0;0;1.0;0.0;0.0;0.0;0.0;0.0;0.0;0.0;0.0;0.47;0.1;0.16;0.67;1;1;0.0
3701;cal000029;cal;amor-divino;unknown;Amor Divino;MALE;1;4;8;32;0;0;0;0;1.0;0.0;0.0;0.0;0.0;0.0;0.0;0.0;0.0;0.21;0.04;0.02;0.67;3;2;0.0
3702;cal000029;cal;job;unknown;Job;MALE;1;1;7;34;0;0;0;0;1.0;0.0;0.0;0.0;0.0;0.0;0.0;0.0;0.0;0.05;0.03;0.02;0.17;2;0;0.0
3703;cal000029;cal;david;unknown;David;MALE;1;1;5;24;0;0;0;0;1.0;0.0;0.0;0.0;0.0;0.0;0.0;0.0;0.0;0.05;0.02;0.02;0.17;2;0;0.0
3704;cal000029;cal;música;unknown;Música;UNKNOWN;1;3;8;24;0;0;0;0;1.0;0.0;0.0;0.0;0.0;0.0;0.0;0.0;0.0;0.16;0.04;0.02;0.67;1;1;0.0
3705;cal000029;cal;placer;unknown;Placer;MALE;1;11;49;356;0;0;0;0;1.0;0.0;0.0;0.0;0.0;0.0;0.0;0.0;0.0;0.58;0.23;0.23;0.67;1;0;0.0
3706;cal000029;cal;niña;unknown;Una Niña;FEMALE;1;1;2;20;0;0;0;0;1.0;0.0;0.0;0.0;0.0;0.0;0.0;0.0;0.0;0.05;0.01;0.01;0.67;1;0;0.0
3707;cal000029;cal;culpa furor;unknown;UNKNOWN;u;1;1;1;1;0;0;0;0;1.0;0.0;0.0;0.0;0.0;0.0;0.0;0.0;0.0;0.05;0.0;0.0;0.67;3;1;0.0
3708;cal000117;cal;músicos;unknown;Músicos;UNKNOWN;1;3;3;8;0;0;0;0;1.0;0.0;0.0;0.0;0.0;0.0;0.0;0.0;0.0;0.04;0.0;0.0;0.18;1;0;0.0
3709;cal000117;cal;menón;unknown;Menón;MALE;3;39;193;941;0;0;0;0;0.17;0.5;0.33;0.0;0.0;0.0;0.0;0.0;0.0;0.52;0.25;0.26;0.77;2;2;0.14
3710;cal000117;cal;lisías;unknown;Lisías;MALE;3;12;20;95;0;0;0;0;0.95;0.04;0.01;0.0;0.0;0.0;0.0;0.0;0.0;0.16;0.03;0.03;0.5;3;2;0.03
3711;cal000117;cal;tiresias;unknown;Tiresias;MALE;1;5;17;103;0;0;0;0;1.0;0.0;0.0;0.0;0.0;0.0;0.0;0.0;0.0;0.07;0.02;0.03;0.36;2;4;0.01
3712;cal000117;cal;nino;unknown;Nino;MALE;3;24;130;671;0;0;0;0;0.1;0.42;0.48;0.0;0.0;0.0;0.0;0.0;0.0;0.32;0.17;0.19;0.73;1;2;0.09
3713;cal000117;cal;arsidas;unknown;Arsidas;MALE;3;14;34;184;0;0;0;0;0.45;0.25;0.3;0.0;0.0;0.0;0.0;0.0;0.0;0.19;0.04;0.05;0.64;2;4;0.08
3714;cal000117;cal;floro;unknown;Floro;MALE;2;5;18;47;0;0;0;0;0.53;0.47;0.0;0.0;0.0;0.0;0.0;0.0;0.0;0.07;0.02;0.01;0.09;1;1;0.0
3715;cal000117;cal;chato;unknown;Chato;MALE;3;29;112;495;0;0;0;0;0.33;0.43;0.24;0.0;0.0;0.0;0.0;0.0;0.0;0.39;0.14;0.14;0.73;3;4;0.15
3716;cal000117;cal;semíramis;unknown;Semíramis;FEMALE;3;24;135;720;0;0;0;0;0.44;0.22;0.35;0.0;0.0;0.0;0.0;0.0;0.0;0.32;0.17;0.2;0.68;2;2;0.06
3717;cal000117;cal;irene;unknown;Irene;FEMALE;3;17;53;193;0;0;0;0;0.04;0.47;0.49;0.0;0.0;0.0;0.0;0.0;0.0;0.23;0.07;0.05;0.5;1;2;0.03
3718;cal000117;cal;silvia;unknown;Silvia;FEMALE;1;2;2;2;0;0;0;0;0.0;1.0;0.0;0.0;0.0;0.0;0.0;0.0;0.0;0.03;0.0;0.0;0.14;0;0;0.0
3719;cal000117;cal;sirene;unknown;Sirene;FEMALE;3;14;43;96;0;0;0;0;0.36;0.41;0.23;0.0;0.0;0.0;0.0;0.0;0.0;0.19;0.05;0.03;0.32;0;2;0.02
3720;cal000117;cal;libio;unknown;Libio;MALE;1;2;2;5;0;0;0;0;1.0;0.0;0.0;0.0;0.0;0.0;0.0;0.0;0.0;0.03;0.0;0.0;0.09;0;2;0.0
3721;cal000117;cal;soldado-1;unknown;Un Soldado;MALE;1;4;6;19;0;0;0;0;0.0;0.0;1.0;0.0;0.0;0.0;0.0;0.0;0.0;0.05;0.01;0.01;0.36;0;0;0.0
3722;cal000117;cal;uno;unknown;UNKNOWN;u;2;2;2;2;0;0;0;0;0.5;0.0;0.5;0.0;0.0;0.0;0.0;0.0;0.0;0.03;0.0;0.0;0.36;1;5;0.01
3723;cal000117;cal;todos;unknown;UNKNOWN;u;2;3;4;6;0;0;0;0;0.0;0.33;0.67;0.0;0.0;0.0;0.0;0.0;0.0;0.04;0.01;0.0;0.5;1;4;0.02
3724;cal000117;cal;otros;unknown;UNKNOWN;u;1;3;5;5;0;0;0;0;0.0;1.0;0.0;0.0;0.0;0.0;0.0;0.0;0.0;0.04;0.01;0.0;0.41;1;2;0.01
3725;cal000117;cal;unos;unknown;UNKNOWN;u;1;2;2;2;0;0;0;0;0.0;1.0;0.0;0.0;0.0;0.0;0.0;0.0;0.0;0.03;0.0;0.0;0.18;0;3;0.0
3726;cal000117;cal;otro;unknown;UNKNOWN;u;1;1;1;1;0;0;0;0;0.0;0.0;1.0;0.0;0.0;0.0;0.0;0.0;0.0;0.01;0.0;0.0;0.27;0;4;0.0
3727;cal000117;cal;menón semíramis;unknown;UNKNOWN;u;1;1;1;1;0;0;0;0;0.0;0.0;1.0;0.0;0.0;0.0;0.0;0.0;0.0;0.01;0.0;0.0;0.18;0;0;0.0
3728;cal000117;cal;menón nino;unknown;UNKNOWN;u;1;1;1;1;0;0;0;0;0.0;0.0;1.0;0.0;0.0;0.0;0.0;0.0;0.0;0.01;0.0;0.0;0.23;0;0;0.0
3729;cal000117;cal;voces;unknown;UNKNOWN;u;1;2;2;4;0;0;0;0;0.0;0.0;1.0;0.0;0.0;0.0;0.0;0.0;0.0;0.03;0.0;0.0;0.14;0;0;0.0
3730;cal000118;cal;músicos;unknown;Músicos;UNKNOWN;1;2;2;14;0;0;0;0;1.0;0.0;0.0;0.0;0.0;0.0;0.0;0.0;0.0;0.03;0.0;0.0;0.19;0;0;0.0
3731;cal000118;cal;semíramis;unknown;Semíramis;FEMALE;3;24;154;1056;0;0;0;0;0.4;0.0;0.23;0.36;0.0;0.0;0.0;0.0;0.0;0.39;0.2;0.29;0.9;2;0;0.06
3732;cal000118;cal;astrea;unknown;Astrea;FEMALE;3;11;33;127;0;0;0;0;0.28;0.5;0.0;0.23;0.0;0.0;0.0;0.0;0.0;0.18;0.04;0.03;0.67;1;2;0.02
3733;cal000118;cal;libia;unknown;Libia;FEMALE;3;10;27;80;0;0;0;0;0.33;0.57;0.0;0.1;0.0;0.0;0.0;0.0;0.0;0.16;0.04;0.02;0.57;0;2;0.01
3734;cal000118;cal;flora;unknown;Flora;FEMALE;2;2;10;13;0;0;0;0;0.0;0.54;0.46;0.0;0.0;0.0;0.0;0.0;0.0;0.03;0.01;0.0;0.05;0;0;0.0
3735;cal000118;cal;licas;unknown;Licas;MALE;4;35;113;413;0;0;0;0;0.21;0.31;0.2;0.28;0.0;0.0;0.0;0.0;0.0;0.56;0.15;0.11;0.9;3;4;0.06
3736;cal000118;cal;irán;unknown;Irán;MALE;1;3;13;49;0;0;0;0;0.0;0.0;0.0;1.0;0.0;0.0;0.0;0.0;0.0;0.05;0.02;0.01;0.52;1;4;0.0
3737;cal000118;cal;friso;unknown;Friso;MALE;4;31;122;550;0;0;0;0;0.16;0.45;0.24;0.15;0.0;0.0;0.0;0.0;0.0;0.5;0.16;0.15;0.95;3;2;0.15
3738;cal000118;cal;lidoro;unknown;Lidoro;MALE;3;13;47;437;0;0;0;0;0.71;0.06;0.0;0.23;0.0;0.0;0.0;0.0;0.0;0.21;0.06;0.12;0.76;1;5;0.02
3739;cal000118;cal;chato;unknown;Chato;MALE;4;12;51;256;0;0;0;0;0.28;0.2;0.09;0.43;0.0;0.0;0.0;0.0;0.0;0.19;0.07;0.07;0.62;3;4;0.0
3740;cal000118;cal;ninias;unknown;Ninias;MALE;4;12;61;266;0;0;0;0;0.25;0.69;0.01;0.05;0.0;0.0;0.0;0.0;0.0;0.19;0.08;0.07;0.57;2;3;0.01
3741;cal000118;cal;lisías;unknown;Lisías;MALE;4;22;69;236;0;0;0;0;0.34;0.15;0.19;0.32;0.0;0.0;0.0;0.0;0.0;0.35;0.09;0.06;0.67;2;5;0.01
3742;cal000118;cal;anteo;unknown;Anteo;MALE;1;2;7;32;0;0;0;0;0.0;0.0;0.0;1.0;0.0;0.0;0.0;0.0;0.0;0.03;0.01;0.01;0.43;1;2;0.0
3743;cal000118;cal;flavio;unknown;Flavio;MALE;1;1;4;19;0;0;0;0;0.0;1.0;0.0;0.0;0.0;0.0;0.0;0.0;0.0;0.02;0.01;0.01;0.19;0;0;0.0
3744;cal000118;cal;soldado-1;unknown;Un Soldado;MALE;3;4;10;33;0;0;0;0;0.15;0.18;0.0;0.67;0.0;0.0;0.0;0.0;0.0;0.06;0.01;0.01;0.52;1;3;0.0
3745;cal000118;cal;otro;unknown;UNKNOWN;u;2;4;6;15;0;0;0;0;0.53;0.0;0.0;0.47;0.0;0.0;0.0;0.0;0.0;0.06;0.01;0.0;0.52;0;4;0.0
3746;cal000118;cal;uno;unknown;UNKNOWN;u;2;5;5;9;0;0;0;0;0.67;0.0;0.0;0.33;0.0;0.0;0.0;0.0;0.0;0.08;0.01;0.0;0.67;0;5;0.01
3747;cal000118;cal;todos;unknown;UNKNOWN;u;3;10;11;14;0;0;0;0;0.29;0.43;0.0;0.29;0.0;0.0;0.0;0.0;0.0;0.16;0.01;0.0;0.86;1;7;0.05
3748;cal000118;cal;dentro;unknown;UNKNOWN;u;3;5;5;6;0;0;0;0;0.67;0.17;0.0;0.17;0.0;0.0;0.0;0.0;0.0;0.08;0.01;0.0;0.52;0;0;0.01
3749;cal000118;cal;voces;unknown;UNKNOWN;u;2;6;7;13;0;0;0;0;0.62;0.0;0.0;0.38;0.0;0.0;0.0;0.0;0.0;0.1;0.01;0.0;0.81;0;2;0.05
3750;cal000118;cal;unos;unknown;UNKNOWN;u;1;2;2;2;0;0;0;0;0.0;0.0;0.0;1.0;0.0;0.0;0.0;0.0;0.0;0.03;0.0;0.0;0.43;1;2;0.0
3751;cal000118;cal;otros;unknown;UNKNOWN;u;1;2;2;2;0;0;0;0;0.0;0.0;0.0;1.0;0.0;0.0;0.0;0.0;0.0;0.03;0.0;0.0;0.43;1;2;0.0
3752;cal000030;cal;espino;unknown;El Espino;MALE;1;13;62;290;0;0;0;0;1.0;0.0;0.0;0.0;0.0;0.0;0.0;0.0;0.0;0.59;0.16;0.18;1.0;3;4;0.04
3753;cal000030;cal;moral;unknown;El Moral;MALE;1;9;44;127;0;0;0;0;1.0;0.0;0.0;0.0;0.0;0.0;0.0;0.0;0.0;0.41;0.11;0.08;0.96;3;3;0.03
3754;cal000030;cal;olivo;unknown;El Olivo;MALE;1;8;21;64;0;0;0;0;1.0;0.0;0.0;0.0;0.0;0.0;0.0;0.0;0.0;0.36;0.05;0.04;0.87;3;1;0.01
3755;cal000030;cal;cedro;unknown;El Cedro;MALE;1;6;37;379;0;0;0;0;1.0;0.0;0.0;0.0;0.0;0.0;0.0;0.0;0.0;0.27;0.09;0.24;0.83;3;7;0.02
3756;cal000030;cal;almendro;unknown;El Almendro;MALE;1;9;34;118;0;0;0;0;1.0;0.0;0.0;0.0;0.0;0.0;0.0;0.0;0.0;0.41;0.09;0.07;0.96;2;0;0.03
3757;cal000030;cal;encina;unknown;La Encina;FEMALE;1;10;38;112;0;0;0;0;1.0;0.0;0.0;0.0;0.0;0.0;0.0;0.0;0.0;0.45;0.1;0.07;0.96;2;1;0.03
3758;cal000030;cal;espiga;unknown;La Espiga;FEMALE;1;7;34;143;0;0;0;0;1.0;0.0;0.0;0.0;0.0;0.0;0.0;0.0;0.0;0.32;0.09;0.09;1.0;1;0;0.04
3759;cal000030;cal;vid;unknown;La Vid;FEMALE;1;6;36;147;0;0;0;0;1.0;0.0;0.0;0.0;0.0;0.0;0.0;0.0;0.0;0.27;0.09;0.09;0.91;0;0;0.02
3760;cal000030;cal;laurel;unknown;El Laurel;MALE;1;9;30;89;0;0;0;0;1.0;0.0;0.0;0.0;0.0;0.0;0.0;0.0;0.0;0.41;0.08;0.06;0.96;3;2;0.03
3761;cal000030;cal;ángel-primero;unknown;Ángel Primero;MALE;1;3;12;33;0;0;0;0;1.0;0.0;0.0;0.0;0.0;0.0;0.0;0.0;0.0;0.14;0.03;0.02;0.87;3;6;0.02
3762;cal000030;cal;ángel-segundo;unknown;Ángel Segundo;MALE;1;3;12;31;0;0;0;0;1.0;0.0;0.0;0.0;0.0;0.0;0.0;0.0;0.0;0.14;0.03;0.02;0.87;3;5;0.02
3763;cal000030;cal;música;unknown;Música;UNKNOWN;1;5;19;56;0;0;0;0;1.0;0.0;0.0;0.0;0.0;0.0;0.0;0.0;0.0;0.23;0.05;0.03;0.91;3;5;0.02
3764;cal000030;cal;espino moral laurel olivo;unknown;UNKNOWN;u;1;1;1;1;0;0;0;0;1.0;0.0;0.0;0.0;0.0;0.0;0.0;0.0;0.0;0.05;0.0;0.0;0.57;0;0;0.0
3765;cal000030;cal;encina almendro espiga vid;unknown;UNKNOWN;u;1;1;1;1;0;0;0;0;1.0;0.0;0.0;0.0;0.0;0.0;0.0;0.0;0.0;0.05;0.0;0.0;0.57;0;0;0.0
3766;cal000030;cal;espino moral laurel olivo encina espiga vid;unknown;UNKNOWN;u;1;1;2;2;0;0;0;0;1.0;0.0;0.0;0.0;0.0;0.0;0.0;0.0;0.0;0.05;0.01;0.0;0.57;0;0;0.0
3767;cal000030;cal;ángel-primero ángel-segundo;unknown;UNKNOWN;u;1;1;2;4;0;0;0;0;1.0;0.0;0.0;0.0;0.0;0.0;0.0;0.0;0.0;0.05;0.01;0.0;0.3;0;1;0.0
3768;cal000030;cal;espiga vid;unknown;UNKNOWN;u;1;2;2;3;0;0;0;0;1.0;0.0;0.0;0.0;0.0;0.0;0.0;0.0;0.0;0.09;0.01;0.0;0.61;1;3;0.0
3769;cal000030;cal;cedro encina moral almendro;unknown;UNKNOWN;u;1;1;1;1;0;0;0;0;1.0;0.0;0.0;0.0;0.0;0.0;0.0;0.0;0.0;0.05;0.0;0.0;0.35;0;1;0.0
3770;cal000030;cal;encina laurel;unknown;UNKNOWN;u;1;1;1;1;0;0;0;0;1.0;0.0;0.0;0.0;0.0;0.0;0.0;0.0;0.0;0.05;0.0;0.0;0.35;0;0;0.0
3771;cal000030;cal;encina laurel moral almendro olivo vid espiga música;unknown;UNKNOWN;u;1;1;1;1;0;0;0;0;1.0;0.0;0.0;0.0;0.0;0.0;0.0;0.0;0.0;0.05;0.0;0.0;0.48;0;0;0.0
3772;cal000030;cal;espino moral vid espiga almendro ángel-primero;unknown;UNKNOWN;u;1;1;1;1;0;0;0;0;1.0;0.0;0.0;0.0;0.0;0.0;0.0;0.0;0.0;0.05;0.0;0.0;0.65;3;8;0.0
3773;cal000030;cal;laurel encina olivo cedro ángel-segundo;unknown;UNKNOWN;u;1;1;1;3;0;0;0;0;1.0;0.0;0.0;0.0;0.0;0.0;0.0;0.0;0.0;0.05;0.0;0.0;0.65;3;8;0.0
3774;cal000030;cal;espino vid espiga almendro laurel encina olivo cedro ángel-primero ángel-segundo;unknown;UNKNOWN;u;1;1;1;1;0;0;0;0;1.0;0.0;0.0;0.0;0.0;0.0;0.0;0.0;0.0;0.05;0.0;0.0;0.65;2;2;0.0
3775;cal000030;cal;encina espino;unknown;UNKNOWN;u;1;1;1;1;0;0;0;0;1.0;0.0;0.0;0.0;0.0;0.0;0.0;0.0;0.0;0.05;0.0;0.0;0.65;0;0;0.0
3776;cal000182;cal;musicos;unknown;Músicos;UNKNOWN;1;3;7;39;0;0;0;0;1.0;0.0;0.0;0.0;0.0;0.0;0.0;0.0;0.0;0.12;0.03;0.03;0.73;3;2;0.02
3777;cal000182;cal;gentilidad;unknown;Gentilidad;FEMALE;1;9;31;322;0;0;0;0;1.0;0.0;0.0;0.0;0.0;0.0;0.0;0.0;0.0;0.35;0.11;0.23;0.82;3;1;0.06
3778;cal000182;cal;secta;unknown;Secta;FEMALE;1;8;31;146;0;0;0;0;1.0;0.0;0.0;0.0;0.0;0.0;0.0;0.0;0.0;0.31;0.11;0.11;0.55;4;0;0.0
3779;cal000182;cal;judaismo;unknown;Judaísmo;MALE;1;6;23;70;0;0;0;0;1.0;0.0;0.0;0.0;0.0;0.0;0.0;0.0;0.0;0.23;0.08;0.05;0.55;5;0;0.0
3780;cal000182;cal;herejia;unknown;Herejía;FEMALE;1;15;75;297;0;0;0;0;1.0;0.0;0.0;0.0;0.0;0.0;0.0;0.0;0.0;0.58;0.27;0.21;1.0;2;2;0.4
3781;cal000182;cal;iglesia;unknown;Iglesia;FEMALE;1;9;43;333;0;0;0;0;1.0;0.0;0.0;0.0;0.0;0.0;0.0;0.0;0.0;0.35;0.15;0.24;0.82;1;2;0.06
3782;cal000182;cal;fe;unknown;Fe;FEMALE;1;6;53;112;0;0;0;0;1.0;0.0;0.0;0.0;0.0;0.0;0.0;0.0;0.0;0.23;0.19;0.08;0.64;0;1;0.01
3783;cal000182;cal;acompanamiento;unknown;Uno;MALE;1;2;4;9;0;0;0;0;1.0;0.0;0.0;0.0;0.0;0.0;0.0;0.0;0.0;0.08;0.01;0.01;0.55;0;0;0.0
3784;cal000182;cal;discordia;unknown;Discordia;FEMALE;1;2;3;26;0;0;0;0;1.0;0.0;0.0;0.0;0.0;0.0;0.0;0.0;0.0;0.08;0.01;0.02;0.09;1;0;0.0
3785;cal000182;cal;atrevimiento;unknown;Atrevimiento;MALE;1;2;3;17;0;0;0;0;1.0;0.0;0.0;0.0;0.0;0.0;0.0;0.0;0.0;0.08;0.01;0.01;0.09;1;0;0.0
3786;cal000182;cal;nino;unknown;Niño;MALE;1;2;3;9;0;0;0;0;1.0;0.0;0.0;0.0;0.0;0.0;0.0;0.0;0.0;0.08;0.01;0.01;0.27;1;0;0.0
3787;cal000182;cal;secta discordia atrevimiento fe gentilidad herejia iglesia musicos acompanamiento;unknown;UNKNOWN;u;1;1;3;3;0;0;0;0;1.0;0.0;0.0;0.0;0.0;0.0;0.0;0.0;0.0;0.04;0.01;0.0;0.45;0;0;0.0
3788;cal000031;cal;música;unknown;Músicos;UNKNOWN;1;4;9;11;0;0;0;0;1.0;0.0;0.0;0.0;0.0;0.0;0.0;0.0;0.0;0.13;0.02;0.01;0.55;2;0;0.07
3789;cal000031;cal;hombre;unknown;El Hombre;MALE;1;9;37;243;0;0;0;0;1.0;0.0;0.0;0.0;0.0;0.0;0.0;0.0;0.0;0.3;0.08;0.15;0.5;6;6;0.05
3790;cal000031;cal;gracia;unknown;La Gracia;FEMALE;1;10;54;191;0;0;0;0;1.0;0.0;0.0;0.0;0.0;0.0;0.0;0.0;0.0;0.33;0.12;0.11;0.71;4;2;0.06
3791;cal000031;cal;culpa;unknown;La Culpa;FEMALE;1;13;76;343;0;0;0;0;1.0;0.0;0.0;0.0;0.0;0.0;0.0;0.0;0.0;0.43;0.17;0.21;0.71;3;2;0.06
3792;cal000031;cal;justicia;unknown;La Justicia;FEMALE;1;4;19;86;0;0;0;0;1.0;0.0;0.0;0.0;0.0;0.0;0.0;0.0;0.0;0.13;0.04;0.05;0.62;2;0;0.03
3793;cal000031;cal;misericordia;unknown;La Misericordia;FEMALE;1;4;15;27;0;0;0;0;1.0;0.0;0.0;0.0;0.0;0.0;0.0;0.0;0.0;0.13;0.03;0.02;0.62;1;0;0.03
3794;cal000031;cal;malicia;unknown;La Malicia;FEMALE;1;9;28;107;0;0;0;0;1.0;0.0;0.0;0.0;0.0;0.0;0.0;0.0;0.0;0.3;0.06;0.06;0.48;1;4;0.04
3795;cal000031;cal;ángel-1;unknown;Ángel 1º;MALE;1;6;22;55;0;0;0;0;1.0;0.0;0.0;0.0;0.0;0.0;0.0;0.0;0.0;0.2;0.05;0.03;0.64;5;5;0.08
3796;cal000031;cal;lucero;unknown;El Lucero;MALE;1;9;28;81;0;0;0;0;1.0;0.0;0.0;0.0;0.0;0.0;0.0;0.0;0.0;0.3;0.06;0.05;0.6;4;2;0.03
3797;cal000031;cal;ángel-2;unknown;Ángel 2º;MALE;1;6;20;48;0;0;0;0;1.0;0.0;0.0;0.0;0.0;0.0;0.0;0.0;0.0;0.2;0.05;0.03;0.62;5;4;0.03
3798;cal000031;cal;mundo;unknown;El Mundo;MALE;1;10;41;141;0;0;0;0;1.0;0.0;0.0;0.0;0.0;0.0;0.0;0.0;0.0;0.33;0.09;0.08;0.67;4;6;0.07
3799;cal000031;cal;tierra;unknown;La Tierra;FEMALE;1;3;4;11;0;0;0;0;1.0;0.0;0.0;0.0;0.0;0.0;0.0;0.0;0.0;0.1;0.01;0.01;0.52;4;4;0.02
3800;cal000031;cal;agua;unknown;El Agua;MALE;1;3;3;5;0;0;0;0;1.0;0.0;0.0;0.0;0.0;0.0;0.0;0.0;0.0;0.1;0.01;0.0;0.52;4;3;0.02
3801;cal000031;cal;fuego;unknown;El Fuego;MALE;1;3;3;11;0;0;0;0;1.0;0.0;0.0;0.0;0.0;0.0;0.0;0.0;0.0;0.1;0.01;0.01;0.52;4;1;0.02
3802;cal000031;cal;aire;unknown;El Aire;MALE;1;3;3;11;0;0;0;0;1.0;0.0;0.0;0.0;0.0;0.0;0.0;0.0;0.0;0.1;0.01;0.01;0.52;4;2;0.02
3803;cal000031;cal;mercader;unknown;El Mercader;MALE;1;8;39;219;0;0;0;0;1.0;0.0;0.0;0.0;0.0;0.0;0.0;0.0;0.0;0.27;0.09;0.13;0.55;4;6;0.14
3804;cal000031;cal;culpa agua;unknown;UNKNOWN;u;1;1;1;1;0;0;0;0;1.0;0.0;0.0;0.0;0.0;0.0;0.0;0.0;0.0;0.03;0.0;0.0;0.12;0;0;0.0
3805;cal000031;cal;justicia fuego;unknown;UNKNOWN;u;1;1;1;1;0;0;0;0;1.0;0.0;0.0;0.0;0.0;0.0;0.0;0.0;0.0;0.03;0.0;0.0;0.12;0;0;0.0
3806;cal000031;cal;culpa agua justicia fuego;unknown;UNKNOWN;u;1;1;4;4;0;0;0;0;1.0;0.0;0.0;0.0;0.0;0.0;0.0;0.0;0.0;0.03;0.01;0.0;0.12;0;0;0.0
3807;cal000031;cal;mundo música;unknown;UNKNOWN;u;1;1;1;1;0;0;0;0;1.0;0.0;0.0;0.0;0.0;0.0;0.0;0.0;0.0;0.03;0.0;0.0;0.05;0;1;0.0
3808;cal000031;cal;tierra agua aire fuego;unknown;UNKNOWN;u;1;1;2;4;0;0;0;0;1.0;0.0;0.0;0.0;0.0;0.0;0.0;0.0;0.0;0.03;0.0;0.0;0.21;2;5;0.0
3809;cal000031;cal;tierra agua fuego música;unknown;UNKNOWN;u;1;2;3;5;0;0;0;0;1.0;0.0;0.0;0.0;0.0;0.0;0.0;0.0;0.0;0.07;0.01;0.0;0.24;2;4;0.05
3810;cal000031;cal;hombre música;unknown;UNKNOWN;u;1;2;2;2;0;0;0;0;1.0;0.0;0.0;0.0;0.0;0.0;0.0;0.0;0.0;0.07;0.0;0.0;0.21;1;3;0.0
3811;cal000031;cal;tierra agua fuego música música;unknown;UNKNOWN;u;1;1;1;1;0;0;0;0;1.0;0.0;0.0;0.0;0.0;0.0;0.0;0.0;0.0;0.03;0.0;0.0;0.02;0;0;0.0
3812;cal000031;cal;culpa gracia;unknown;UNKNOWN;u;1;1;3;3;0;0;0;0;1.0;0.0;0.0;0.0;0.0;0.0;0.0;0.0;0.0;0.03;0.01;0.0;0.14;1;0;0.0
3813;cal000031;cal;culpa gracia música;unknown;UNKNOWN;u;1;1;1;1;0;0;0;0;1.0;0.0;0.0;0.0;0.0;0.0;0.0;0.0;0.0;0.03;0.0;0.0;0.14;1;0;0.0
3814;cal000031;cal;gracia culpa;unknown;UNKNOWN;u;1;1;1;1;0;0;0;0;1.0;0.0;0.0;0.0;0.0;0.0;0.0;0.0;0.0;0.03;0.0;0.0;0.14;0;0;0.0
3815;cal000031;cal;ángel-2 gracia;unknown;UNKNOWN;u;1;1;1;1;0;0;0;0;1.0;0.0;0.0;0.0;0.0;0.0;0.0;0.0;0.0;0.03;0.0;0.0;0.24;0;0;0.0
3816;cal000031;cal;culpa lucero;unknown;UNKNOWN;u;1;1;1;1;0;0;0;0;1.0;0.0;0.0;0.0;0.0;0.0;0.0;0.0;0.0;0.03;0.0;0.0;0.24;0;0;0.0
3817;cal000031;cal;justicia misericordia;unknown;UNKNOWN;u;1;1;3;3;0;0;0;0;1.0;0.0;0.0;0.0;0.0;0.0;0.0;0.0;0.0;0.03;0.01;0.0;0.24;0;0;0.0
3818;cal000031;cal;justicia misericordia lucero ángel-2 culpa gracia música;unknown;UNKNOWN;u;1;1;3;7;0;0;0;0;1.0;0.0;0.0;0.0;0.0;0.0;0.0;0.0;0.0;0.03;0.01;0.0;0.24;0;0;0.0
3819;cal000031;cal;mercader culpa;unknown;UNKNOWN;u;1;1;1;2;0;0;0;0;1.0;0.0;0.0;0.0;0.0;0.0;0.0;0.0;0.0;0.03;0.0;0.0;0.07;0;0;0.0
3820;cal000031;cal;mercader gracia;unknown;UNKNOWN;u;1;1;1;2;0;0;0;0;1.0;0.0;0.0;0.0;0.0;0.0;0.0;0.0;0.0;0.03;0.0;0.0;0.07;0;0;0.0
3821;cal000031;cal;mercader gracia culpa;unknown;UNKNOWN;u;1;1;1;4;0;0;0;0;1.0;0.0;0.0;0.0;0.0;0.0;0.0;0.0;0.0;0.03;0.0;0.0;0.07;0;0;0.0
3822;cal000031;cal;tierra fuego lucero culpa justicia;unknown;UNKNOWN;u;1;1;2;2;0;0;0;0;1.0;0.0;0.0;0.0;0.0;0.0;0.0;0.0;0.0;0.03;0.0;0.0;0.36;5;5;0.0
3823;cal000031;cal;agua aire gracia misericordia;unknown;UNKNOWN;u;1;1;2;2;0;0;0;0;1.0;0.0;0.0;0.0;0.0;0.0;0.0;0.0;0.0;0.03;0.0;0.0;0.36;5;5;0.0
3824;cal000031;cal;ángel-1 ángel-2 agua aire gracia misericordia tierra fuego lucero culpa justicia mundo;unknown;UNKNOWN;u;1;1;2;23;0;0;0;0;1.0;0.0;0.0;0.0;0.0;0.0;0.0;0.0;0.0;0.03;0.0;0.01;0.36;5;5;0.0
3825;cal000031;cal;lucero música;unknown;UNKNOWN;u;1;1;1;2;0;0;0;0;1.0;0.0;0.0;0.0;0.0;0.0;0.0;0.0;0.0;0.03;0.0;0.0;0.36;2;0;0.0
3826;cal000031;cal;ángel-1 ángel-2 agua aire;unknown;UNKNOWN;u;1;1;1;1;0;0;0;0;1.0;0.0;0.0;0.0;0.0;0.0;0.0;0.0;0.0;0.03;0.0;0.0;0.24;3;2;0.0
3827;cal000031;cal;misericordia tierra fuego justicia;unknown;UNKNOWN;u;1;1;1;1;0;0;0;0;1.0;0.0;0.0;0.0;0.0;0.0;0.0;0.0;0.0;0.03;0.0;0.0;0.24;3;2;0.0
3828;cal000031;cal;mundo culpa lucero;unknown;UNKNOWN;u;1;1;1;1;0;0;0;0;1.0;0.0;0.0;0.0;0.0;0.0;0.0;0.0;0.0;0.03;0.0;0.0;0.21;1;2;0.0
3829;cal000031;cal;ángel-1 ángel-2 gracia;unknown;UNKNOWN;u;1;1;1;1;0;0;0;0;1.0;0.0;0.0;0.0;0.0;0.0;0.0;0.0;0.0;0.03;0.0;0.0;0.21;0;0;0.0
3830;cal000031;cal;malicia misericordia mundo justicia agua fuego aire tierra hombre;unknown;UNKNOWN;u;1;1;1;3;0;0;0;0;1.0;0.0;0.0;0.0;0.0;0.0;0.0;0.0;0.0;0.03;0.0;0.0;0.24;0;0;0.0
3831;cal000183;cal;musicos;unknown;Músicos;UNKNOWN;1;3;7;14;0;0;0;0;1.0;0.0;0.0;0.0;0.0;0.0;0.0;0.0;0.0;0.08;0.02;0.01;0.32;0;1;0.02
3832;cal000183;cal;coro-1;unknown;Coro 1.º;UNKNOWN;1;1;3;3;0;0;0;0;1.0;0.0;0.0;0.0;0.0;0.0;0.0;0.0;0.0;0.03;0.01;0.0;0.06;0;0;0.0
3833;cal000183;cal;coro-2;unknown;Coro 2.º;UNKNOWN;1;1;3;3;0;0;0;0;1.0;0.0;0.0;0.0;0.0;0.0;0.0;0.0;0.0;0.03;0.01;0.0;0.06;0;0;0.0
3834;cal000183;cal;silvestre;unknown;Silvestre;MALE;1;6;15;123;0;0;0;0;1.0;0.0;0.0;0.0;0.0;0.0;0.0;0.0;0.0;0.16;0.03;0.06;0.21;1;0;0.0
3835;cal000183;cal;gentilidad;unknown;Gentilidad;FEMALE;1;17;89;425;0;0;0;0;1.0;0.0;0.0;0.0;0.0;0.0;0.0;0.0;0.0;0.46;0.2;0.22;0.7;3;6;0.23
3836;cal000183;cal;constantino;unknown;Constantino;MALE;1;18;53;391;0;0;0;0;1.0;0.0;0.0;0.0;0.0;0.0;0.0;0.0;0.0;0.49;0.12;0.2;0.79;4;3;0.23
3837;cal000183;cal;majencio;unknown;Majencio;MALE;1;13;47;239;0;0;0;0;1.0;0.0;0.0;0.0;0.0;0.0;0.0;0.0;0.0;0.35;0.1;0.12;0.6;4;6;0.18
3838;cal000183;cal;fe;unknown;Fe;FEMALE;1;6;55;325;0;0;0;0;1.0;0.0;0.0;0.0;0.0;0.0;0.0;0.0;0.0;0.16;0.12;0.17;0.23;1;2;0.05
3839;cal000183;cal;angel;unknown;Ángel;MALE;1;1;4;17;0;0;0;0;1.0;0.0;0.0;0.0;0.0;0.0;0.0;0.0;0.0;0.03;0.01;0.01;0.06;0;0;0.0
3840;cal000183;cal;acompanamiento;unknown;Dentro;UNKNOWN;1;6;17;18;0;0;0;0;1.0;0.0;0.0;0.0;0.0;0.0;0.0;0.0;0.0;0.16;0.04;0.01;0.36;2;4;0.1
3841;cal000183;cal;soldado;unknown;Soldado;MALE;1;3;4;9;0;0;0;0;1.0;0.0;0.0;0.0;0.0;0.0;0.0;0.0;0.0;0.08;0.01;0.0;0.28;2;2;0.01
3842;cal000183;cal;astrea;unknown;Astrea;FEMALE;1;6;34;63;0;0;0;0;1.0;0.0;0.0;0.0;0.0;0.0;0.0;0.0;0.0;0.16;0.07;0.03;0.34;0;3;0.01
3843;cal000183;cal;zabulon;unknown;Zabulón;MALE;1;9;36;91;0;0;0;0;1.0;0.0;0.0;0.0;0.0;0.0;0.0;0.0;0.0;0.24;0.08;0.05;0.55;3;2;0.08
3844;cal000183;cal;nino;unknown;Niño;MALE;1;2;3;7;0;0;0;0;1.0;0.0;0.0;0.0;0.0;0.0;0.0;0.0;0.0;0.05;0.01;0.0;0.09;0;0;0.0
3845;cal000183;cal;mujer-2;unknown;Mujer 2.ª;FEMALE;1;2;4;8;0;0;0;0;1.0;0.0;0.0;0.0;0.0;0.0;0.0;0.0;0.0;0.05;0.01;0.0;0.28;2;0;0.0
3846;cal000183;cal;mujer-3;unknown;Mujer 3.ª;FEMALE;1;2;3;6;0;0;0;0;1.0;0.0;0.0;0.0;0.0;0.0;0.0;0.0;0.0;0.05;0.01;0.0;0.28;1;0;0.0
3847;cal000183;cal;mujer-1;unknown;Mujer 1.ª;FEMALE;1;3;6;26;0;0;0;0;1.0;0.0;0.0;0.0;0.0;0.0;0.0;0.0;0.0;0.08;0.01;0.01;0.3;4;1;0.0
3848;cal000183;cal;noticia;unknown;Noticia;FEMALE;1;3;8;20;0;0;0;0;1.0;0.0;0.0;0.0;0.0;0.0;0.0;0.0;0.0;0.08;0.02;0.01;0.13;1;0;0.13
3849;cal000183;cal;san-pedro;unknown;San Pedro;MALE;1;2;15;25;0;0;0;0;1.0;0.0;0.0;0.0;0.0;0.0;0.0;0.0;0.0;0.05;0.03;0.01;0.19;0;3;0.0
3850;cal000183;cal;san-pablo;unknown;San Pablo;MALE;1;2;15;35;0;0;0;0;1.0;0.0;0.0;0.0;0.0;0.0;0.0;0.0;0.0;0.05;0.03;0.02;0.19;0;2;0.0
3851;cal000183;cal;elena;unknown;Elena;FEMALE;1;1;2;17;0;0;0;0;1.0;0.0;0.0;0.0;0.0;0.0;0.0;0.0;0.0;0.03;0.0;0.01;0.17;0;3;0.0
3852;cal000183;cal;constantino majencio acompanamiento fe gentilidad;unknown;UNKNOWN;u;1;1;1;1;0;0;0;0;1.0;0.0;0.0;0.0;0.0;0.0;0.0;0.0;0.0;0.03;0.0;0.0;0.13;0;0;0.0
3853;cal000183;cal;musicos angel;unknown;UNKNOWN;u;1;1;1;2;0;0;0;0;1.0;0.0;0.0;0.0;0.0;0.0;0.0;0.0;0.0;0.03;0.0;0.0;0.06;0;0;0.0
3854;cal000183;cal;majencio acompanamiento gentilidad fe musicos angel constantino;unknown;UNKNOWN;u;1;1;1;1;0;0;0;0;1.0;0.0;0.0;0.0;0.0;0.0;0.0;0.0;0.0;0.03;0.0;0.0;0.04;0;0;0.0
3855;cal000183;cal;constantino musicos;unknown;UNKNOWN;u;1;1;1;3;0;0;0;0;1.0;0.0;0.0;0.0;0.0;0.0;0.0;0.0;0.0;0.03;0.0;0.0;0.04;0;0;0.0
3856;cal000183;cal;majencio acompanamiento gentilidad fe angel constantino musicos;unknown;UNKNOWN;u;1;1;1;1;0;0;0;0;1.0;0.0;0.0;0.0;0.0;0.0;0.0;0.0;0.0;0.03;0.0;0.0;0.11;1;3;0.0
3857;cal000183;cal;zabulon astrea;unknown;UNKNOWN;u;1;1;1;1;0;0;0;0;1.0;0.0;0.0;0.0;0.0;0.0;0.0;0.0;0.0;0.03;0.0;0.0;0.19;0;1;0.0
3858;cal000183;cal;dentro;unknown;UNKNOWN;u;1;1;1;1;0;0;0;0;1.0;0.0;0.0;0.0;0.0;0.0;0.0;0.0;0.0;0.03;0.0;0.0;0.19;0;1;0.0
3859;cal000183;cal;musicos constantino;unknown;UNKNOWN;u;1;1;1;1;0;0;0;0;1.0;0.0;0.0;0.0;0.0;0.0;0.0;0.0;0.0;0.03;0.0;0.0;0.19;0;0;0.0
3860;cal000183;cal;silvestre fe angel soldado acompanamiento astrea zabulon musicos constantino majencio gentilidad;unknown;UNKNOWN;u;1;1;1;1;0;0;0;0;1.0;0.0;0.0;0.0;0.0;0.0;0.0;0.0;0.0;0.03;0.0;0.0;0.17;1;3;0.0
3861;cal000183;cal;fe angel acompanamiento soldado musicos constantino astrea zabulon gentilidad majencio;unknown;UNKNOWN;u;1;1;1;1;0;0;0;0;1.0;0.0;0.0;0.0;0.0;0.0;0.0;0.0;0.0;0.03;0.0;0.0;0.17;0;1;0.0
3862;cal000183;cal;fe angel acompanamiento soldado astrea zabulon gentilidad majencio constantino musicos;unknown;UNKNOWN;u;1;1;1;2;0;0;0;0;1.0;0.0;0.0;0.0;0.0;0.0;0.0;0.0;0.0;0.03;0.0;0.0;0.17;0;0;0.0
3863;cal000183;cal;constantino fe angel acompanamiento musicos astrea nino zabulon gentilidad soldado majencio;unknown;UNKNOWN;u;1;1;1;3;0;0;0;0;1.0;0.0;0.0;0.0;0.0;0.0;0.0;0.0;0.0;0.03;0.0;0.0;0.11;1;0;0.0
3864;cal000183;cal;mujeres;unknown;UNKNOWN;u;1;3;3;5;0;0;0;0;1.0;0.0;0.0;0.0;0.0;0.0;0.0;0.0;0.0;0.08;0.01;0.0;0.11;0;0;0.0
3865;cal000183;cal;constantino fe angel acompanamiento musicos astrea nino soldado majencio mujer-1 mujer-2 mujer-3 gentilidad zabulon;unknown;UNKNOWN;u;1;1;2;5;0;0;0;0;1.0;0.0;0.0;0.0;0.0;0.0;0.0;0.0;0.0;0.03;0.0;0.0;0.28;4;1;0.0
3866;cal000183;cal;fe angel acompanamiento musicos astrea nino soldado majencio mujer-1 mujer-2 mujer-3 gentilidad zabulon constantino;unknown;UNKNOWN;u;1;1;1;4;0;0;0;0;1.0;0.0;0.0;0.0;0.0;0.0;0.0;0.0;0.0;0.03;0.0;0.0;0.28;3;0;0.0
3867;cal000183;cal;fe angel acompanamiento musicos astrea nino soldado majencio mujer-1 mujer-2 mujer-3 zabulon constantino gentilidad;unknown;UNKNOWN;u;1;1;1;4;0;0;0;0;1.0;0.0;0.0;0.0;0.0;0.0;0.0;0.0;0.0;0.03;0.0;0.0;0.28;2;0;0.0
3868;cal000183;cal;fe angel acompanamiento musicos astrea nino soldado majencio mujer-1 mujer-2 mujer-3 zabulon gentilidad constantino;unknown;UNKNOWN;u;1;1;1;4;0;0;0;0;1.0;0.0;0.0;0.0;0.0;0.0;0.0;0.0;0.0;0.03;0.0;0.0;0.28;2;0;0.0
3869;cal000183;cal;fe angel acompanamiento musicos astrea nino soldado majencio zabulon gentilidad constantino mujer-1 mujer-2 mujer-3;unknown;UNKNOWN;u;1;1;1;3;0;0;0;0;1.0;0.0;0.0;0.0;0.0;0.0;0.0;0.0;0.0;0.03;0.0;0.0;0.28;0;0;0.0
3870;cal000183;cal;fe angel acompanamiento musicos astrea nino soldado majencio zabulon gentilidad mujer-1 mujer-2 mujer-3 constantino;unknown;UNKNOWN;u;1;1;1;1;0;0;0;0;1.0;0.0;0.0;0.0;0.0;0.0;0.0;0.0;0.0;0.03;0.0;0.0;0.28;0;0;0.0
3871;cal000183;cal;fe angel acompanamiento musicos astrea nino soldado majencio zabulon mujer-1 mujer-2 mujer-3 constantino gentilidad;unknown;UNKNOWN;u;1;1;1;1;0;0;0;0;1.0;0.0;0.0;0.0;0.0;0.0;0.0;0.0;0.0;0.03;0.0;0.0;0.28;0;0;0.0
3872;cal000183;cal;fe angel acompanamiento musicos astrea nino soldado majencio gentilidad constantino zabulon mujer-3 mujer-1 mujer-2;unknown;UNKNOWN;u;1;1;1;1;0;0;0;0;1.0;0.0;0.0;0.0;0.0;0.0;0.0;0.0;0.0;0.03;0.0;0.0;0.28;0;0;0.0
3873;cal000183;cal;fe angel acompanamiento musicos astrea nino soldado majencio mujer-3 mujer-1 mujer-2 zabulon constantino gentilidad coro-1 coro-2 noticia;unknown;UNKNOWN;u;1;1;1;1;0;0;0;0;1.0;0.0;0.0;0.0;0.0;0.0;0.0;0.0;0.0;0.03;0.0;0.0;0.06;0;0;0.0
3874;cal000183;cal;fe angel acompanamiento musicos astrea nino soldado mujer-3 mujer-1 mujer-2 zabulon constantino gentilidad coro-1 coro-2 majencio noticia;unknown;UNKNOWN;u;1;1;1;2;0;0;0;0;1.0;0.0;0.0;0.0;0.0;0.0;0.0;0.0;0.0;0.03;0.0;0.0;0.04;0;0;0.0
3875;cal000183;cal;fe musicos;unknown;UNKNOWN;u;1;1;4;16;0;0;0;0;1.0;0.0;0.0;0.0;0.0;0.0;0.0;0.0;0.0;0.03;0.01;0.01;0.02;0;0;0.0
3876;cal000183;cal;san-pedro san-pablo;unknown;UNKNOWN;u;1;1;1;2;0;0;0;0;1.0;0.0;0.0;0.0;0.0;0.0;0.0;0.0;0.0;0.03;0.0;0.0;0.11;0;1;0.0
3877;cal000183;cal;gentilidad majencio;unknown;UNKNOWN;u;1;1;1;1;0;0;0;0;1.0;0.0;0.0;0.0;0.0;0.0;0.0;0.0;0.0;0.03;0.0;0.0;0.06;0;1;0.0
3878;cal000183;cal;soldado coro-1 coro-2 noticia acompanamiento nino zabulon mujer-2 mujer-3 mujer-1 astrea musicos fe silvestre elena san-pedro majencio gentilidad san-pablo constantino;unknown;UNKNOWN;u;1;1;1;4;0;0;0;0;1.0;0.0;0.0;0.0;0.0;0.0;0.0;0.0;0.0;0.03;0.0;0.0;0.17;0;0;0.0
3879;cal000032;cal;los-cinco-sentidos;unknown;Los Cinco Sentidos;MALE;1;5;6;16;0;0;0;0;1.0;0.0;0.0;0.0;0.0;0.0;0.0;0.0;0.0;0.13;0.01;0.01;0.47;3;6;0.02
3880;cal000032;cal;música;unknown;Músicos;UNKNOWN;1;12;24;64;0;0;0;0;1.0;0.0;0.0;0.0;0.0;0.0;0.0;0.0;0.0;0.31;0.04;0.02;0.56;1;2;0.06
3881;cal000032;cal;culpa;unknown;La Culpa;FEMALE;1;13;38;494;0;0;0;0;1.0;0.0;0.0;0.0;0.0;0.0;0.0;0.0;0.0;0.33;0.07;0.19;0.53;3;6;0.07
3882;cal000032;cal;mundo;unknown;El Mundo;MALE;1;14;33;140;0;0;0;0;1.0;0.0;0.0;0.0;0.0;0.0;0.0;0.0;0.0;0.36;0.06;0.05;0.58;2;6;0.05
3883;cal000032;cal;demonio;unknown;El Demonio;MALE;1;16;29;133;0;0;0;0;1.0;0.0;0.0;0.0;0.0;0.0;0.0;0.0;0.0;0.41;0.05;0.05;0.67;2;5;0.07
3884;cal000032;cal;lascivia;unknown;La Lascivia;FEMALE;1;16;55;346;0;0;0;0;1.0;0.0;0.0;0.0;0.0;0.0;0.0;0.0;0.0;0.41;0.1;0.13;0.67;0;5;0.07
3885;cal000032;cal;hombre;unknown;El Hombre;MALE;1;28;121;570;0;0;0;0;1.0;0.0;0.0;0.0;0.0;0.0;0.0;0.0;0.0;0.72;0.22;0.22;0.74;1;3;0.13
3886;cal000032;cal;mercader;unknown;El Mercader;MALE;1;15;53;272;0;0;0;0;1.0;0.0;0.0;0.0;0.0;0.0;0.0;0.0;0.0;0.38;0.1;0.1;0.7;1;1;0.1
3887;cal000032;cal;memoria;unknown;La Memoria;FEMALE;1;3;3;16;0;0;0;0;1.0;0.0;0.0;0.0;0.0;0.0;0.0;0.0;0.0;0.08;0.01;0.01;0.4;0;2;0.01
3888;cal000032;cal;voluntad;unknown;La Voluntad;FEMALE;1;5;7;30;0;0;0;0;1.0;0.0;0.0;0.0;0.0;0.0;0.0;0.0;0.0;0.13;0.01;0.01;0.44;1;5;0.02
3889;cal000032;cal;entendimiento;unknown;El Entendimiento;MALE;1;3;5;37;0;0;0;0;1.0;0.0;0.0;0.0;0.0;0.0;0.0;0.0;0.0;0.08;0.01;0.01;0.4;0;1;0.01
3890;cal000032;cal;primera;unknown;Primera [vista];MALE;1;1;3;26;0;0;0;0;1.0;0.0;0.0;0.0;0.0;0.0;0.0;0.0;0.0;0.03;0.01;0.01;0.07;0;2;0.0
3891;cal000032;cal;deseo;unknown;El Deseo;MALE;1;15;47;144;0;0;0;0;1.0;0.0;0.0;0.0;0.0;0.0;0.0;0.0;0.0;0.38;0.09;0.05;0.51;0;4;0.04
3892;cal000032;cal;amor;unknown;El Amor;MALE;1;11;27;79;0;0;0;0;1.0;0.0;0.0;0.0;0.0;0.0;0.0;0.0;0.0;0.28;0.05;0.03;0.6;1;2;0.06
3893;cal000032;cal;tiempo;unknown;El Tiempo;MALE;1;10;41;163;0;0;0;0;1.0;0.0;0.0;0.0;0.0;0.0;0.0;0.0;0.0;0.26;0.07;0.06;0.58;2;5;0.06
3894;cal000032;cal;hombre mercader mundo música;unknown;UNKNOWN;u;1;1;1;1;0;0;0;0;1.0;0.0;0.0;0.0;0.0;0.0;0.0;0.0;0.0;0.03;0.0;0.0;0.02;0;0;0.0
3895;cal000032;cal;mundo demonio lascivia;unknown;UNKNOWN;u;1;2;2;2;0;0;0;0;1.0;0.0;0.0;0.0;0.0;0.0;0.0;0.0;0.0;0.05;0.0;0.0;0.21;0;2;0.0
3896;cal000032;cal;mundo demonio;unknown;UNKNOWN;u;1;1;1;1;0;0;0;0;1.0;0.0;0.0;0.0;0.0;0.0;0.0;0.0;0.0;0.03;0.0;0.0;0.16;1;4;0.0
3897;cal000032;cal;tiempo música;unknown;UNKNOWN;u;1;1;1;2;0;0;0;0;1.0;0.0;0.0;0.0;0.0;0.0;0.0;0.0;0.0;0.03;0.0;0.0;0.09;0;1;0.0
3898;cal000032;cal;música entendimiento hombre deseo memoria voluntad;unknown;UNKNOWN;u;1;1;5;5;0;0;0;0;1.0;0.0;0.0;0.0;0.0;0.0;0.0;0.0;0.0;0.03;0.01;0.0;0.16;0;0;0.0
3899;cal000032;cal;hombre música;unknown;UNKNOWN;u;1;2;3;4;0;0;0;0;1.0;0.0;0.0;0.0;0.0;0.0;0.0;0.0;0.0;0.05;0.01;0.0;0.28;0;0;0.0
3900;cal000032;cal;demonio mundo lascivia;unknown;UNKNOWN;u;1;1;1;1;0;0;0;0;1.0;0.0;0.0;0.0;0.0;0.0;0.0;0.0;0.0;0.03;0.0;0.0;0.16;0;2;0.0
3901;cal000032;cal;demonio mundo lascivia música;unknown;UNKNOWN;u;1;1;1;3;0;0;0;0;1.0;0.0;0.0;0.0;0.0;0.0;0.0;0.0;0.0;0.03;0.0;0.0;0.16;0;2;0.0
3902;cal000032;cal;amor música;unknown;UNKNOWN;u;1;1;1;2;0;0;0;0;1.0;0.0;0.0;0.0;0.0;0.0;0.0;0.0;0.0;0.03;0.0;0.0;0.16;0;0;0.0
3903;cal000032;cal;mundo música;unknown;UNKNOWN;u;1;1;2;2;0;0;0;0;1.0;0.0;0.0;0.0;0.0;0.0;0.0;0.0;0.0;0.03;0.0;0.0;0.12;0;1;0.0
3904;cal000032;cal;lascivia música;unknown;UNKNOWN;u;1;1;2;4;0;0;0;0;1.0;0.0;0.0;0.0;0.0;0.0;0.0;0.0;0.0;0.03;0.0;0.0;0.09;0;2;0.0
3905;cal000032;cal;lascivia demonio hombre mundo música;unknown;UNKNOWN;u;1;1;1;5;0;0;0;0;1.0;0.0;0.0;0.0;0.0;0.0;0.0;0.0;0.0;0.03;0.0;0.0;0.12;0;1;0.0
3906;cal000032;cal;memoria voluntad entendimiento;unknown;UNKNOWN;u;1;1;1;1;0;0;0;0;1.0;0.0;0.0;0.0;0.0;0.0;0.0;0.0;0.0;0.03;0.0;0.0;0.23;2;4;0.0
3907;cal000032;cal;memoria voluntad entendimiento los-cinco-sentidos;unknown;UNKNOWN;u;1;1;1;3;0;0;0;0;1.0;0.0;0.0;0.0;0.0;0.0;0.0;0.0;0.0;0.03;0.0;0.0;0.23;2;3;0.0
3908;cal000032;cal;memoria voluntad entendimiento los-cinco-sentidos hombre tiempo;unknown;UNKNOWN;u;1;2;2;3;0;0;0;0;1.0;0.0;0.0;0.0;0.0;0.0;0.0;0.0;0.0;0.05;0.0;0.0;0.35;1;1;0.01
3909;cal000032;cal;memoria voluntad entendimiento los-cinco-sentidos hombre;unknown;UNKNOWN;u;1;1;1;1;0;0;0;0;1.0;0.0;0.0;0.0;0.0;0.0;0.0;0.0;0.0;0.03;0.0;0.0;0.23;0;0;0.0
3910;cal000032;cal;lascivia mundo demonio;unknown;UNKNOWN;u;1;3;6;6;0;0;0;0;1.0;0.0;0.0;0.0;0.0;0.0;0.0;0.0;0.0;0.08;0.01;0.0;0.42;0;2;0.01
3911;cal000032;cal;memoria voluntad entendimiento los-cinco-sentidos tiempo deseo;unknown;UNKNOWN;u;1;1;3;5;0;0;0;0;1.0;0.0;0.0;0.0;0.0;0.0;0.0;0.0;0.0;0.03;0.01;0.0;0.19;0;0;0.0
3912;cal000032;cal;mercader amor;unknown;UNKNOWN;u;1;1;1;1;0;0;0;0;1.0;0.0;0.0;0.0;0.0;0.0;0.0;0.0;0.0;0.03;0.0;0.0;0.26;0;1;0.0
3913;cal000032;cal;culpa lascivia mundo demonio;unknown;UNKNOWN;u;1;1;1;1;0;0;0;0;1.0;0.0;0.0;0.0;0.0;0.0;0.0;0.0;0.0;0.03;0.0;0.0;0.26;0;1;0.0
3914;cal000032;cal;mercader amor culpa;unknown;UNKNOWN;u;1;1;2;2;0;0;0;0;1.0;0.0;0.0;0.0;0.0;0.0;0.0;0.0;0.0;0.03;0.0;0.0;0.26;0;1;0.0
3915;cal000032;cal;amor mercader lascivia;unknown;UNKNOWN;u;1;1;2;2;0;0;0;0;1.0;0.0;0.0;0.0;0.0;0.0;0.0;0.0;0.0;0.03;0.0;0.0;0.26;0;0;0.0
3916;cal000032;cal;culpa mundo demonio;unknown;UNKNOWN;u;1;1;2;8;0;0;0;0;1.0;0.0;0.0;0.0;0.0;0.0;0.0;0.0;0.0;0.03;0.0;0.0;0.26;0;0;0.0
3917;cal000032;cal;deseo amor tiempo mercader hombre;unknown;UNKNOWN;u;1;1;1;1;0;0;0;0;1.0;0.0;0.0;0.0;0.0;0.0;0.0;0.0;0.0;0.03;0.0;0.0;0.12;0;0;0.0
3918;cal000032;cal;amor los-cinco-sentidos memoria voluntad entendimiento;unknown;UNKNOWN;u;1;1;7;14;0;0;0;0;1.0;0.0;0.0;0.0;0.0;0.0;0.0;0.0;0.0;0.03;0.01;0.01;0.12;1;4;0.0
3919;cal000032;cal;deseo los-cinco-sentidos memoria voluntad entendimiento tiempo;unknown;UNKNOWN;u;1;1;1;2;0;0;0;0;1.0;0.0;0.0;0.0;0.0;0.0;0.0;0.0;0.0;0.03;0.0;0.0;0.09;0;0;0.0
3920;cal000032;cal;deseo los-cinco-sentidos memoria voluntad entendimiento tiempo lascivia mundo demonio hombre;unknown;UNKNOWN;u;1;1;1;1;0;0;0;0;1.0;0.0;0.0;0.0;0.0;0.0;0.0;0.0;0.0;0.03;0.0;0.0;0.19;3;3;0.0
3921;cal000032;cal;deseo los-cinco-sentidos memoria voluntad entendimiento tiempo mundo mercader hombre;unknown;UNKNOWN;u;1;1;1;2;0;0;0;0;1.0;0.0;0.0;0.0;0.0;0.0;0.0;0.0;0.0;0.03;0.0;0.0;0.16;0;3;0.0
3922;cal000032;cal;deseo los-cinco-sentidos memoria voluntad entendimiento tiempo mundo mercader hombre música;unknown;UNKNOWN;u;1;1;1;6;0;0;0;0;1.0;0.0;0.0;0.0;0.0;0.0;0.0;0.0;0.0;0.03;0.0;0.0;0.16;0;0;0.0
3923;cal000119;cal;moro-1;unknown;Dos moros;MALE;1;1;3;9;0;0;0;0;0.0;1.0;0.0;0.0;0.0;0.0;0.0;0.0;0.0;0.02;0.0;0.0;0.45;0;6;0.0
3924;cal000119;cal;félix;unknown;Don Félix;MALE;3;8;45;335;0;0;0;0;0.7;0.28;0.02;0.0;0.0;0.0;0.0;0.0;0.0;0.19;0.06;0.1;0.8;1;2;0.1
3925;cal000119;cal;fabio;unknown;Fabio;MALE;1;1;3;8;0;0;0;0;1.0;0.0;0.0;0.0;0.0;0.0;0.0;0.0;0.0;0.02;0.0;0.0;0.1;1;1;0.0
3926;cal000119;cal;beatriz;unknown;Beatriz;FEMALE;3;18;60;355;0;0;0;0;0.26;0.51;0.22;0.0;0.0;0.0;0.0;0.0;0.0;0.42;0.08;0.1;0.45;1;4;0.03
3927;cal000119;cal;celia;unknown;Celia;FEMALE;2;6;12;23;0;0;0;0;0.26;0.74;0.0;0.0;0.0;0.0;0.0;0.0;0.0;0.14;0.02;0.01;0.3;2;4;0.0
3928;cal000119;cal;diego;unknown;Don Diego;MALE;3;11;30;178;0;0;0;0;0.37;0.49;0.14;0.0;0.0;0.0;0.0;0.0;0.0;0.26;0.04;0.05;0.7;0;6;0.04
3929;cal000119;cal;gómez;unknown;Gómez Arias;MALE;3;27;173;710;0;0;0;0;0.42;0.33;0.25;0.0;0.0;0.0;0.0;0.0;0.0;0.63;0.24;0.2;0.9;1;4;0.14
3930;cal000119;cal;ginés;unknown;Ginés;MALE;3;26;133;413;0;0;0;0;0.44;0.3;0.26;0.0;0.0;0.0;0.0;0.0;0.0;0.6;0.18;0.12;0.9;0;3;0.11
3931;cal000119;cal;dorotea;unknown;Dorotea;FEMALE;3;24;114;698;0;0;0;0;0.24;0.29;0.47;0.0;0.0;0.0;0.0;0.0;0.0;0.56;0.16;0.2;0.85;0;9;0.08
3932;cal000119;cal;juana;unknown;Juana;FEMALE;1;3;10;32;0;0;0;0;1.0;0.0;0.0;0.0;0.0;0.0;0.0;0.0;0.0;0.07;0.01;0.01;0.3;1;5;0.0
3933;cal000119;cal;luis;unknown;Don Luis;MALE;3;11;71;323;0;0;0;0;0.47;0.2;0.33;0.0;0.0;0.0;0.0;0.0;0.0;0.26;0.1;0.09;0.7;1;4;0.05
3934;cal000119;cal;juan;unknown;Don Juan;MALE;2;2;11;81;0;0;0;0;0.74;0.26;0.0;0.0;0.0;0.0;0.0;0.0;0.0;0.05;0.02;0.02;0.55;0;1;0.01
3935;cal000119;cal;floro;unknown;Floro;MALE;1;1;2;3;0;0;0;0;0.0;1.0;0.0;0.0;0.0;0.0;0.0;0.0;0.0;0.02;0.0;0.0;0.45;0;2;0.0
3936;cal000119;cal;cañerí;unknown;Cañerí;MALE;2;7;38;225;0;0;0;0;0.0;0.4;0.6;0.0;0.0;0.0;0.0;0.0;0.0;0.16;0.05;0.06;0.65;1;7;0.02
3937;cal000119;cal;reina;unknown;La Reina Doña Isabel;FEMALE;1;4;18;101;0;0;0;0;0.0;0.0;1.0;0.0;0.0;0.0;0.0;0.0;0.0;0.09;0.02;0.03;0.5;1;4;0.02
3938;cal000119;cal;criado;unknown;Un Criado;MALE;1;1;1;1;0;0;0;0;1.0;0.0;0.0;0.0;0.0;0.0;0.0;0.0;0.0;0.02;0.0;0.0;0.15;0;2;0.0
3939;cal000119;cal;música;unknown;Música;UNKNOWN;1;1;1;4;0;0;0;0;0.0;0.0;1.0;0.0;0.0;0.0;0.0;0.0;0.0;0.02;0.0;0.0;0.3;0;0;0.0
3940;cal000119;cal;gómez dorotea;unknown;UNKNOWN;u;1;1;1;1;0;0;0;0;1.0;0.0;0.0;0.0;0.0;0.0;0.0;0.0;0.0;0.02;0.0;0.0;0.15;0;0;0.0
3941;cal000119;cal;ginés félix;unknown;UNKNOWN;u;1;1;1;1;0;0;0;0;1.0;0.0;0.0;0.0;0.0;0.0;0.0;0.0;0.0;0.02;0.0;0.0;0.25;1;0;0.0
3942;cal000119;cal;voces;unknown;UNKNOWN;u;2;3;3;3;0;0;0;0;0.0;0.33;0.67;0.0;0.0;0.0;0.0;0.0;0.0;0.07;0.0;0.0;0.6;0;6;0.01
3943;cal000119;cal;todos;unknown;UNKNOWN;u;1;1;1;1;0;0;0;0;0.0;0.0;1.0;0.0;0.0;0.0;0.0;0.0;0.0;0.02;0.0;0.0;0.15;0;0;0.0
3944;cal000033;cal;soldados;unknown;4 soldados;MALE;1;8;11;18;0;0;0;0;1.0;0.0;0.0;0.0;0.0;0.0;0.0;0.0;0.0;0.21;0.02;0.01;0.42;0;0;0.02
3945;cal000033;cal;música;unknown;Músicos;UNKNOWN;1;8;25;40;0;0;0;0;1.0;0.0;0.0;0.0;0.0;0.0;0.0;0.0;0.0;0.21;0.05;0.02;0.64;2;6;0.07
3946;cal000033;cal;gedeón;unknown;Gedeón;MALE;1;19;97;450;0;0;0;0;1.0;0.0;0.0;0.0;0.0;0.0;0.0;0.0;0.0;0.5;0.18;0.23;0.81;2;6;0.12
3947;cal000033;cal;joás;unknown;Joas;MALE;1;7;16;35;0;0;0;0;1.0;0.0;0.0;0.0;0.0;0.0;0.0;0.0;0.0;0.18;0.03;0.02;0.61;0;8;0.06
3948;cal000033;cal;ángel;unknown;Un Ángel;MALE;1;7;45;198;0;0;0;0;1.0;0.0;0.0;0.0;0.0;0.0;0.0;0.0;0.0;0.18;0.08;0.1;0.56;3;7;0.03
3949;cal000033;cal;fará;unknown;Fará;MALE;1;15;58;198;0;0;0;0;1.0;0.0;0.0;0.0;0.0;0.0;0.0;0.0;0.0;0.39;0.11;0.1;0.78;2;5;0.1
3950;cal000033;cal;aurora;unknown;La Aurora;FEMALE;1;3;3;24;0;0;0;0;1.0;0.0;0.0;0.0;0.0;0.0;0.0;0.0;0.0;0.08;0.01;0.01;0.36;0;1;0.01
3951;cal000033;cal;idolatría;unknown;Idolatría;FEMALE;1;25;104;574;0;0;0;0;1.0;0.0;0.0;0.0;0.0;0.0;0.0;0.0;0.0;0.66;0.19;0.3;0.83;2;8;0.16
3952;cal000033;cal;madián;unknown;Madián;MALE;1;10;60;107;0;0;0;0;1.0;0.0;0.0;0.0;0.0;0.0;0.0;0.0;0.0;0.26;0.11;0.06;0.58;0;5;0.04
3953;cal000033;cal;amalec;unknown;Amalec;MALE;1;11;61;114;0;0;0;0;1.0;0.0;0.0;0.0;0.0;0.0;0.0;0.0;0.0;0.29;0.11;0.06;0.58;0;4;0.04
3954;cal000033;cal;mies;unknown;La Mies;FEMALE;1;4;6;27;0;0;0;0;1.0;0.0;0.0;0.0;0.0;0.0;0.0;0.0;0.0;0.11;0.01;0.01;0.36;1;3;0.01
3955;cal000033;cal;monte;unknown;El Monte;MALE;1;3;5;24;0;0;0;0;1.0;0.0;0.0;0.0;0.0;0.0;0.0;0.0;0.0;0.08;0.01;0.01;0.36;1;3;0.01
3956;cal000033;cal;prado;unknown;El Prado;MALE;1;3;5;36;0;0;0;0;1.0;0.0;0.0;0.0;0.0;0.0;0.0;0.0;0.0;0.08;0.01;0.02;0.39;1;2;0.01
3957;cal000033;cal;labrador-1;unknown;Labrador 1.°;MALE;1;1;2;6;0;0;0;0;1.0;0.0;0.0;0.0;0.0;0.0;0.0;0.0;0.0;0.03;0.0;0.0;0.19;0;5;0.0
3958;cal000033;cal;labrador-2;unknown;Labrador 2.°;MALE;1;1;2;9;0;0;0;0;1.0;0.0;0.0;0.0;0.0;0.0;0.0;0.0;0.0;0.03;0.0;0.0;0.19;0;2;0.0
3959;cal000033;cal;labrador-3;unknown;Labrador 3.°;MALE;1;1;1;2;0;0;0;0;1.0;0.0;0.0;0.0;0.0;0.0;0.0;0.0;0.0;0.03;0.0;0.0;0.19;0;1;0.0
3960;cal000033;cal;labrador-4;unknown;Labrador 4.°;MALE;1;1;1;2;0;0;0;0;1.0;0.0;0.0;0.0;0.0;0.0;0.0;0.0;0.0;0.03;0.0;0.0;0.19;0;0;0.0
3961;cal000033;cal;música amalec madián;unknown;UNKNOWN;u;1;1;4;4;0;0;0;0;1.0;0.0;0.0;0.0;0.0;0.0;0.0;0.0;0.0;0.03;0.01;0.0;0.11;0;0;0.0
3962;cal000033;cal;amalec madián;unknown;UNKNOWN;u;1;4;5;6;0;0;0;0;1.0;0.0;0.0;0.0;0.0;0.0;0.0;0.0;0.0;0.11;0.01;0.0;0.19;0;1;0.0
3963;cal000033;cal;música amalec madián ángel idolatría;unknown;UNKNOWN;u;1;1;3;3;0;0;0;0;1.0;0.0;0.0;0.0;0.0;0.0;0.0;0.0;0.0;0.03;0.01;0.0;0.28;0;2;0.0
3964;cal000033;cal;ángel idolatría;unknown;UNKNOWN;u;1;1;2;2;0;0;0;0;1.0;0.0;0.0;0.0;0.0;0.0;0.0;0.0;0.0;0.03;0.0;0.0;0.28;0;0;0.0
3965;cal000033;cal;música amalec;unknown;UNKNOWN;u;1;1;3;3;0;0;0;0;1.0;0.0;0.0;0.0;0.0;0.0;0.0;0.0;0.0;0.03;0.01;0.0;0.28;0;0;0.0
3966;cal000033;cal;madián ángel idolatría;unknown;UNKNOWN;u;1;1;3;3;0;0;0;0;1.0;0.0;0.0;0.0;0.0;0.0;0.0;0.0;0.0;0.03;0.01;0.0;0.28;0;0;0.0
3967;cal000033;cal;soldados música;unknown;UNKNOWN;u;1;2;3;4;0;0;0;0;1.0;0.0;0.0;0.0;0.0;0.0;0.0;0.0;0.0;0.05;0.01;0.0;0.22;0;0;0.0
3968;cal000033;cal;soldados música idolatría;unknown;UNKNOWN;u;1;1;1;1;0;0;0;0;1.0;0.0;0.0;0.0;0.0;0.0;0.0;0.0;0.0;0.03;0.0;0.0;0.08;0;0;0.0
3969;cal000033;cal;labrador-1 labrador-2 labrador-3 labrador-4;unknown;UNKNOWN;u;1;2;8;9;0;0;0;0;1.0;0.0;0.0;0.0;0.0;0.0;0.0;0.0;0.0;0.05;0.01;0.0;0.39;1;5;0.01
3970;cal000033;cal;mies monte prado;unknown;UNKNOWN;u;1;2;2;6;0;0;0;0;1.0;0.0;0.0;0.0;0.0;0.0;0.0;0.0;0.0;0.05;0.0;0.0;0.28;1;0;0.0
3971;cal000033;cal;mies monte prado música;unknown;UNKNOWN;u;1;1;1;2;0;0;0;0;1.0;0.0;0.0;0.0;0.0;0.0;0.0;0.0;0.0;0.03;0.0;0.0;0.25;1;0;0.0
3972;cal000033;cal;ángel idolatría aurora;unknown;UNKNOWN;u;1;1;1;2;0;0;0;0;1.0;0.0;0.0;0.0;0.0;0.0;0.0;0.0;0.0;0.03;0.0;0.0;0.25;0;0;0.0
3973;cal000033;cal;música ángel idolatría aurora mies monte prado;unknown;UNKNOWN;u;1;1;1;4;0;0;0;0;1.0;0.0;0.0;0.0;0.0;0.0;0.0;0.0;0.0;0.03;0.0;0.0;0.0;0;0;0.0
3974;cal000033;cal;labrador-1 labrador-2;unknown;UNKNOWN;u;1;1;2;2;0;0;0;0;1.0;0.0;0.0;0.0;0.0;0.0;0.0;0.0;0.0;0.03;0.0;0.0;0.28;0;1;0.0
3975;cal000033;cal;labrador-3 labrador-4;unknown;UNKNOWN;u;1;1;1;1;0;0;0;0;1.0;0.0;0.0;0.0;0.0;0.0;0.0;0.0;0.0;0.03;0.0;0.0;0.28;0;1;0.0
3976;cal000033;cal;joás fará gedeón;unknown;UNKNOWN;u;1;1;1;1;0;0;0;0;1.0;0.0;0.0;0.0;0.0;0.0;0.0;0.0;0.0;0.03;0.0;0.0;0.28;0;0;0.0
3977;cal000033;cal;amalec madián idolatría gedeón fará joás;unknown;UNKNOWN;u;1;1;2;2;0;0;0;0;1.0;0.0;0.0;0.0;0.0;0.0;0.0;0.0;0.0;0.03;0.0;0.0;0.17;0;1;0.0
3978;cal000033;cal;gedeón fará;unknown;UNKNOWN;u;1;1;1;1;0;0;0;0;1.0;0.0;0.0;0.0;0.0;0.0;0.0;0.0;0.0;0.03;0.0;0.0;0.17;0;0;0.0
3979;cal000033;cal;ángel gedeón fará joás;unknown;UNKNOWN;u;1;1;1;1;0;0;0;0;1.0;0.0;0.0;0.0;0.0;0.0;0.0;0.0;0.0;0.03;0.0;0.0;0.14;0;0;0.0
3980;cal000033;cal;mies monte prado aurora ángel gedeón fará joás;unknown;UNKNOWN;u;1;1;3;5;0;0;0;0;1.0;0.0;0.0;0.0;0.0;0.0;0.0;0.0;0.0;0.03;0.01;0.0;0.25;0;2;0.0
3981;cal000034;cal;abigail;unknown;Abigail;FEMALE;1;11;51;199;0;0;0;0;1.0;0.0;0.0;0.0;0.0;0.0;0.0;0.0;0.0;0.32;0.11;0.12;0.69;2;2;0.07
3982;cal000034;cal;david;unknown;David;MALE;1;9;35;165;0;0;0;0;1.0;0.0;0.0;0.0;0.0;0.0;0.0;0.0;0.0;0.26;0.08;0.1;0.53;2;7;0.09
3983;cal000034;cal;luzbel;unknown;Luzbel;FEMALE;1;20;65;390;0;0;0;0;1.0;0.0;0.0;0.0;0.0;0.0;0.0;0.0;0.0;0.59;0.14;0.23;0.84;3;6;0.15
3984;cal000034;cal;simplicio;unknown;Simplicio;MALE;1;13;78;251;0;0;0;0;1.0;0.0;0.0;0.0;0.0;0.0;0.0;0.0;0.0;0.38;0.17;0.15;0.56;2;4;0.13
3985;cal000034;cal;saúl;unknown;Saúl;MALE;1;2;2;31;0;0;0;0;1.0;0.0;0.0;0.0;0.0;0.0;0.0;0.0;0.0;0.06;0.0;0.02;0.28;0;1;0.0
3986;cal000034;cal;jorán;unknown;Jorán;MALE;1;4;11;39;0;0;0;0;1.0;0.0;0.0;0.0;0.0;0.0;0.0;0.0;0.0;0.12;0.02;0.02;0.16;1;1;0.0
3987;cal000034;cal;lascivia;unknown;Lascivia;FEMALE;1;15;42;113;0;0;0;0;1.0;0.0;0.0;0.0;0.0;0.0;0.0;0.0;0.0;0.44;0.09;0.07;0.78;4;4;0.12
3988;cal000034;cal;liberalidad;unknown;Liberalidad;FEMALE;1;4;12;23;0;0;0;0;1.0;0.0;0.0;0.0;0.0;0.0;0.0;0.0;0.0;0.12;0.03;0.01;0.38;0;0;0.0
3989;cal000034;cal;castidad;unknown;Castidad;FEMALE;1;2;14;20;0;0;0;0;1.0;0.0;0.0;0.0;0.0;0.0;0.0;0.0;0.0;0.06;0.03;0.01;0.38;1;1;0.0
3990;cal000034;cal;goliat;unknown;Goliat;MALE;1;2;2;29;0;0;0;0;1.0;0.0;0.0;0.0;0.0;0.0;0.0;0.0;0.0;0.06;0.0;0.02;0.31;0;0;0.0
3991;cal000034;cal;nabal;unknown;Nabal;MALE;1;11;57;260;0;0;0;0;1.0;0.0;0.0;0.0;0.0;0.0;0.0;0.0;0.0;0.32;0.12;0.15;0.5;3;2;0.03
3992;cal000034;cal;música;unknown;Música;UNKNOWN;1;5;12;37;0;0;0;0;1.0;0.0;0.0;0.0;0.0;0.0;0.0;0.0;0.0;0.15;0.03;0.02;0.56;4;2;0.15
3993;cal000034;cal;soldado-1;unknown;Soldado 1°;MALE;1;3;5;7;0;0;0;0;1.0;0.0;0.0;0.0;0.0;0.0;0.0;0.0;0.0;0.09;0.01;0.0;0.12;0;2;0.0
3994;cal000034;cal;soldado-2;unknown;Soldado 2°;MALE;1;2;3;4;0;0;0;0;1.0;0.0;0.0;0.0;0.0;0.0;0.0;0.0;0.0;0.06;0.01;0.0;0.06;0;0;0.0
3995;cal000034;cal;avaricia;unknown;Avaricia;MALE;1;15;44;113;0;0;0;0;1.0;0.0;0.0;0.0;0.0;0.0;0.0;0.0;0.0;0.44;0.1;0.07;0.75;5;3;0.1
3996;cal000034;cal;lascivia avaricia;unknown;UNKNOWN;u;1;1;3;5;0;0;0;0;1.0;0.0;0.0;0.0;0.0;0.0;0.0;0.0;0.0;0.03;0.01;0.0;0.12;0;1;0.0
3997;cal000034;cal;abigail castidad;unknown;UNKNOWN;u;1;1;1;1;0;0;0;0;1.0;0.0;0.0;0.0;0.0;0.0;0.0;0.0;0.0;0.03;0.0;0.0;0.12;0;0;0.0
3998;cal000034;cal;jorán liberalidad;unknown;UNKNOWN;u;1;1;1;1;0;0;0;0;1.0;0.0;0.0;0.0;0.0;0.0;0.0;0.0;0.0;0.03;0.0;0.0;0.12;0;0;0.0
3999;cal000034;cal;avaricia lascivia;unknown;UNKNOWN;u;1;1;4;5;0;0;0;0;1.0;0.0;0.0;0.0;0.0;0.0;0.0;0.0;0.0;0.03;0.01;0.0;0.12;1;0;0.0
4000;cal000034;cal;simplicio jorán;unknown;UNKNOWN;u;1;1;1;1;0;0;0;0;1.0;0.0;0.0;0.0;0.0;0.0;0.0;0.0;0.0;0.03;0.0;0.0;0.09;0;0;0.0
4001;cal000034;cal;lascivia luzbel avaricia castidad simplicio abigail;unknown;UNKNOWN;u;1;1;1;1;0;0;0;0;1.0;0.0;0.0;0.0;0.0;0.0;0.0;0.0;0.0;0.03;0.0;0.0;0.34;1;0;0.0
4002;cal000034;cal;lascivia luzbel avaricia castidad abigail liberalidad;unknown;UNKNOWN;u;1;1;2;2;0;0;0;0;1.0;0.0;0.0;0.0;0.0;0.0;0.0;0.0;0.0;0.03;0.0;0.0;0.34;0;0;0.0
4003;cal000034;cal;lascivia castidad;unknown;UNKNOWN;u;1;1;1;1;0;0;0;0;1.0;0.0;0.0;0.0;0.0;0.0;0.0;0.0;0.0;0.03;0.0;0.0;0.34;0;0;0.0
4004;cal000034;cal;simplicio abigail avaricia castidad liberalidad;unknown;UNKNOWN;u;1;1;1;1;0;0;0;0;1.0;0.0;0.0;0.0;0.0;0.0;0.0;0.0;0.0;0.03;0.0;0.0;0.34;0;0;0.0
4005;cal000034;cal;luzbel simplicio abigail;unknown;UNKNOWN;u;1;1;2;3;0;0;0;0;1.0;0.0;0.0;0.0;0.0;0.0;0.0;0.0;0.0;0.03;0.0;0.0;0.06;0;0;0.0
4006;cal000034;cal;avaricia castidad liberalidad;unknown;UNKNOWN;u;1;1;2;3;0;0;0;0;1.0;0.0;0.0;0.0;0.0;0.0;0.0;0.0;0.0;0.03;0.0;0.0;0.06;0;0;0.0
4007;cal000034;cal;abigail castidad liberalidad lascivia avaricia simplicio jorán luzbel;unknown;UNKNOWN;u;1;1;4;4;0;0;0;0;1.0;0.0;0.0;0.0;0.0;0.0;0.0;0.0;0.0;0.03;0.01;0.0;0.16;2;0;0.0
4008;cal000034;cal;abigail música;unknown;UNKNOWN;u;1;1;1;1;0;0;0;0;1.0;0.0;0.0;0.0;0.0;0.0;0.0;0.0;0.0;0.03;0.0;0.0;0.16;1;0;0.0
4009;cal000034;cal;simplicio david abigail avaricia lascivia luzbel;unknown;UNKNOWN;u;1;1;1;1;0;0;0;0;1.0;0.0;0.0;0.0;0.0;0.0;0.0;0.0;0.0;0.03;0.0;0.0;0.19;0;0;0.0
4010;cal000034;cal;lascivia avaricia luzbel;unknown;UNKNOWN;u;1;1;1;1;0;0;0;0;1.0;0.0;0.0;0.0;0.0;0.0;0.0;0.0;0.0;0.03;0.0;0.0;0.19;1;0;0.0
4011;cal000034;cal;liberalidad castidad nabal;unknown;UNKNOWN;u;1;1;1;1;0;0;0;0;1.0;0.0;0.0;0.0;0.0;0.0;0.0;0.0;0.0;0.03;0.0;0.0;0.19;0;0;0.0
4012;cal000034;cal;david goliat;unknown;UNKNOWN;u;1;1;1;1;0;0;0;0;1.0;0.0;0.0;0.0;0.0;0.0;0.0;0.0;0.0;0.03;0.0;0.0;0.28;0;0;0.0
4013;cal000034;cal;david goliat saúl abigail avaricia lascivia nabal;unknown;UNKNOWN;u;1;1;1;3;0;0;0;0;1.0;0.0;0.0;0.0;0.0;0.0;0.0;0.0;0.0;0.03;0.0;0.0;0.28;0;0;0.0
4014;cal000035;cal;soldados;unknown;Soldados;MALE;1;2;3;6;0;0;0;0;1.0;0.0;0.0;0.0;0.0;0.0;0.0;0.0;0.0;0.09;0.01;0.0;0.15;0;1;0.0
4015;cal000035;cal;músicos;unknown;Músicos;UNKNOWN;1;7;14;39;0;0;0;0;1.0;0.0;0.0;0.0;0.0;0.0;0.0;0.0;0.0;0.3;0.05;0.02;0.75;2;3;0.07
4016;cal000035;cal;la-herejía;unknown;La Herejía;FEMALE;1;7;58;381;0;0;0;0;1.0;0.0;0.0;0.0;0.0;0.0;0.0;0.0;0.0;0.3;0.2;0.22;0.8;3;1;0.14
4017;cal000035;cal;brazo-seglar;unknown;Brazo Seglar;MALE;1;4;13;65;0;0;0;0;1.0;0.0;0.0;0.0;0.0;0.0;0.0;0.0;0.0;0.17;0.05;0.04;0.7;5;2;0.0
4018;cal000035;cal;brazo-eclesiástico;unknown;Brazo Eclesiástico;MALE;1;4;19;68;0;0;0;0;1.0;0.0;0.0;0.0;0.0;0.0;0.0;0.0;0.0;0.17;0.07;0.04;0.7;3;1;0.0
4019;cal000035;cal;un-etíope;unknown;Un Etíope;MALE;1;6;16;60;0;0;0;0;1.0;0.0;0.0;0.0;0.0;0.0;0.0;0.0;0.0;0.26;0.06;0.03;0.8;1;0;0.08
4020;cal000035;cal;san-felipe;unknown;San Felipe;MALE;1;1;8;28;0;0;0;0;1.0;0.0;0.0;0.0;0.0;0.0;0.0;0.0;0.0;0.04;0.03;0.02;0.1;1;1;0.0
4021;cal000035;cal;la-sabiduría;unknown;La Sabiduría;FEMALE;1;10;48;427;0;0;0;0;1.0;0.0;0.0;0.0;0.0;0.0;0.0;0.0;0.0;0.43;0.17;0.25;0.85;4;3;0.11
4022;cal000035;cal;la-religión;unknown;La Religión;FEMALE;1;6;10;109;0;0;0;0;1.0;0.0;0.0;0.0;0.0;0.0;0.0;0.0;0.0;0.26;0.04;0.06;0.7;4;2;0.0
4023;cal000035;cal;la-fe;unknown;La Fe;FEMALE;1;6;7;9;0;0;0;0;1.0;0.0;0.0;0.0;0.0;0.0;0.0;0.0;0.0;0.26;0.02;0.01;0.7;2;3;0.0
4024;cal000035;cal;la-penitencia;unknown;La Penitencia;FEMALE;1;6;11;44;0;0;0;0;1.0;0.0;0.0;0.0;0.0;0.0;0.0;0.0;0.0;0.26;0.04;0.03;0.7;1;0;0.0
4025;cal000035;cal;la-oración;unknown;La Oración;FEMALE;1;4;7;18;0;0;0;0;1.0;0.0;0.0;0.0;0.0;0.0;0.0;0.0;0.0;0.17;0.02;0.01;0.8;2;1;0.06
4026;cal000035;cal;la-reina-cristina;unknown;La Reina Cristina;FEMALE;1;8;56;451;0;0;0;0;1.0;0.0;0.0;0.0;0.0;0.0;0.0;0.0;0.0;0.35;0.2;0.26;0.8;5;3;0.08
4027;cal000035;cal;voz-triste;unknown;Voz Triste;UNKNOWN;1;1;3;3;0;0;0;0;1.0;0.0;0.0;0.0;0.0;0.0;0.0;0.0;0.0;0.04;0.01;0.0;0.2;0;0;0.0
4028;cal000035;cal;voz-alegre;unknown;Voz Alegre;UNKNOWN;1;1;3;3;0;0;0;0;1.0;0.0;0.0;0.0;0.0;0.0;0.0;0.0;0.0;0.04;0.01;0.0;0.2;0;0;0.0
4029;cal000035;cal;la-fe la-oración la-religión la-penitencia la-sabiduría músicos;unknown;UNKNOWN;u;1;1;1;6;0;0;0;0;1.0;0.0;0.0;0.0;0.0;0.0;0.0;0.0;0.0;0.04;0.0;0.0;0.1;2;0;0.0
4030;cal000035;cal;músicos un-etíope la-penitencia la-herejía;unknown;UNKNOWN;u;1;1;1;5;0;0;0;0;1.0;0.0;0.0;0.0;0.0;0.0;0.0;0.0;0.0;0.04;0.0;0.0;0.05;0;0;0.0
4031;cal000035;cal;la-reina-cristina san-felipe;unknown;UNKNOWN;u;1;1;1;1;0;0;0;0;1.0;0.0;0.0;0.0;0.0;0.0;0.0;0.0;0.0;0.04;0.0;0.0;0.6;2;1;0.0
4032;cal000035;cal;la-herejía la-religión la-sabiduría un-etíope la-reina-cristina la-penitencia la-oración la-fe;unknown;UNKNOWN;u;1;1;1;6;0;0;0;0;1.0;0.0;0.0;0.0;0.0;0.0;0.0;0.0;0.0;0.04;0.0;0.0;0.6;0;0;0.0
4033;cal000035;cal;la-sabiduría la-reina-cristina la-herejía;unknown;UNKNOWN;u;1;1;4;8;0;0;0;0;1.0;0.0;0.0;0.0;0.0;0.0;0.0;0.0;0.0;0.04;0.01;0.0;0.55;6;1;0.0
4034;cal000035;cal;la-sabiduría la-reina-cristina la-herejía la-penitencia la-oración un-etíope la-fe la-religión;unknown;UNKNOWN;u;1;1;1;5;0;0;0;0;1.0;0.0;0.0;0.0;0.0;0.0;0.0;0.0;0.0;0.04;0.0;0.0;0.55;0;0;0.0
4035;cal000120;cal;moros;unknown;Moros;MALE;3;4;4;5;0;0;0;0;0.4;0.2;0.4;0.0;0.0;0.0;0.0;0.0;0.0;0.07;0.01;0.0;0.65;2;2;0.01
4036;cal000120;cal;franceses;unknown;Franceses;MALE;2;3;3;3;0;0;0;0;0.67;0.0;0.33;0.0;0.0;0.0;0.0;0.0;0.0;0.05;0.01;0.0;0.47;2;3;0.0
4037;cal000120;cal;músicos;unknown;Músicos;UNKNOWN;1;1;1;3;0;0;0;0;0.0;1.0;0.0;0.0;0.0;0.0;0.0;0.0;0.0;0.02;0.0;0.0;0.12;0;0;0.0
4038;cal000120;cal;fierabrás;unknown;Fierabrás;MALE;3;22;69;719;0;0;0;0;0.37;0.29;0.34;0.0;0.0;0.0;0.0;0.0;0.0;0.37;0.13;0.22;0.88;0;5;0.08
4039;cal000120;cal;irene;unknown;Irene;FEMALE;3;13;20;91;0;0;0;0;0.64;0.14;0.22;0.0;0.0;0.0;0.0;0.0;0.0;0.22;0.04;0.03;0.88;1;7;0.04
4040;cal000120;cal;brutamonte;unknown;Brutamonte;MALE;1;2;8;12;0;0;0;0;0.0;1.0;0.0;0.0;0.0;0.0;0.0;0.0;0.0;0.03;0.01;0.0;0.24;0;1;0.0
4041;cal000120;cal;oliveros;unknown;Oliveros;MALE;3;14;40;152;0;0;0;0;0.44;0.34;0.22;0.0;0.0;0.0;0.0;0.0;0.0;0.24;0.07;0.05;0.71;2;7;0.0
4042;cal000120;cal;ricarte;unknown;Ricarte de Normandía;MALE;3;8;16;49;0;0;0;0;0.1;0.78;0.12;0.0;0.0;0.0;0.0;0.0;0.0;0.14;0.03;0.02;0.65;0;5;0.02
4043;cal000120;cal;emperador;unknown;Carlo Magno;MALE;2;8;34;197;0;0;0;0;0.41;0.0;0.59;0.0;0.0;0.0;0.0;0.0;0.0;0.14;0.06;0.06;0.71;0;5;0.01
4044;cal000120;cal;floripes;unknown;Floripes;MALE;3;25;101;945;0;0;0;0;0.38;0.39;0.23;0.0;0.0;0.0;0.0;0.0;0.0;0.42;0.19;0.29;0.88;2;8;0.04
4045;cal000120;cal;arminda;unknown;Arminda;FEMALE;3;7;8;34;0;0;0;0;0.12;0.79;0.09;0.0;0.0;0.0;0.0;0.0;0.0;0.12;0.01;0.01;0.82;0;6;0.03
4046;cal000120;cal;galafre;unknown;Galafre;MALE;1;2;17;41;0;0;0;0;0.0;1.0;0.0;0.0;0.0;0.0;0.0;0.0;0.0;0.03;0.03;0.01;0.12;0;2;0.0
4047;cal000120;cal;guido;unknown;Guido de Borgoña;MALE;3;18;61;361;0;0;0;0;0.22;0.19;0.58;0.0;0.0;0.0;0.0;0.0;0.0;0.31;0.11;0.11;0.82;2;8;0.01
4048;cal000120;cal;roldán;unknown;Roldán;MALE;3;16;57;261;0;0;0;0;0.16;0.59;0.25;0.0;0.0;0.0;0.0;0.0;0.0;0.27;0.1;0.08;0.88;0;5;0.08
4049;cal000120;cal;infante;unknown;El Infante Guarinos;MALE;3;11;16;31;0;0;0;0;0.16;0.58;0.26;0.0;0.0;0.0;0.0;0.0;0.0;0.19;0.03;0.01;0.71;0;3;0.0
4050;cal000120;cal;guarín;unknown;Guarín;MALE;3;20;82;343;0;0;0;0;0.27;0.39;0.34;0.0;0.0;0.0;0.0;0.0;0.0;0.34;0.15;0.11;0.76;1;3;0.05
4051;cal000120;cal;criado;unknown;Criado;MALE;1;5;5;7;0;0;0;0;0.0;1.0;0.0;0.0;0.0;0.0;0.0;0.0;0.0;0.08;0.01;0.0;0.71;1;3;0.05
4052;cal000120;cal;todos;unknown;UNKNOWN;u;1;2;2;2;0;0;0;0;0.0;1.0;0.0;0.0;0.0;0.0;0.0;0.0;0.0;0.03;0.0;0.0;0.65;0;2;0.0
4053;cal000121;cal;soldados;unknown;Soldados;MALE;1;1;1;1;0;0;0;0;1.0;0.0;0.0;0.0;0.0;0.0;0.0;0.0;0.0;0.02;0.0;0.0;0.09;0;0;0.0
4054;cal000121;cal;música;unknown;Músicos;UNKNOWN;1;1;1;13;0;0;0;0;1.0;0.0;0.0;0.0;0.0;0.0;0.0;0.0;0.0;0.02;0.0;0.01;0.09;0;0;0.0
4055;cal000121;cal;coro-1;unknown;Coro 1;UNKNOWN;1;1;7;22;0;0;0;0;1.0;0.0;0.0;0.0;0.0;0.0;0.0;0.0;0.0;0.02;0.02;0.01;0.47;0;0;0.0
4056;cal000121;cal;coro-2;unknown;Coro 2;UNKNOWN;1;1;7;10;0;0;0;0;1.0;0.0;0.0;0.0;0.0;0.0;0.0;0.0;0.0;0.02;0.02;0.01;0.47;0;0;0.0
4057;cal000121;cal;adonis;unknown;Adonis;MALE;1;13;40;273;0;0;0;0;1.0;0.0;0.0;0.0;0.0;0.0;0.0;0.0;0.0;0.3;0.1;0.17;0.79;2;1;0.11
4058;cal000121;cal;marte;unknown;Marte;MALE;1;18;73;320;0;0;0;0;1.0;0.0;0.0;0.0;0.0;0.0;0.0;0.0;0.0;0.41;0.17;0.2;0.85;7;6;0.14
4059;cal000121;cal;amor;unknown;Amor;MALE;1;6;17;117;0;0;0;0;1.0;0.0;0.0;0.0;0.0;0.0;0.0;0.0;0.0;0.14;0.04;0.07;0.18;1;3;0.0
4060;cal000121;cal;temor;unknown;El Temor;MALE;1;1;8;13;0;0;0;0;1.0;0.0;0.0;0.0;0.0;0.0;0.0;0.0;0.0;0.02;0.02;0.01;0.47;4;3;0.0
4061;cal000121;cal;desengaño;unknown;El Desengaño;MALE;1;1;4;24;0;0;0;0;1.0;0.0;0.0;0.0;0.0;0.0;0.0;0.0;0.0;0.02;0.01;0.01;0.47;4;6;0.0
4062;cal000121;cal;rencor;unknown;El Rencor;MALE;1;1;8;18;0;0;0;0;1.0;0.0;0.0;0.0;0.0;0.0;0.0;0.0;0.0;0.02;0.02;0.01;0.47;2;2;0.0
4063;cal000121;cal;chato;unknown;Chato;MALE;1;7;30;81;0;0;0;0;1.0;0.0;0.0;0.0;0.0;0.0;0.0;0.0;0.0;0.16;0.07;0.05;0.5;1;0;0.01
4064;cal000121;cal;dragón;unknown;Dragón;MALE;1;5;21;59;0;0;0;0;1.0;0.0;0.0;0.0;0.0;0.0;0.0;0.0;0.0;0.11;0.05;0.04;0.53;4;4;0.01
4065;cal000121;cal;envidia;unknown;La Envidia;FEMALE;1;1;8;11;0;0;0;0;1.0;0.0;0.0;0.0;0.0;0.0;0.0;0.0;0.0;0.02;0.02;0.01;0.47;2;3;0.0
4066;cal000121;cal;venus;unknown;Venus;FEMALE;1;19;66;317;0;0;0;0;1.0;0.0;0.0;0.0;0.0;0.0;0.0;0.0;0.0;0.43;0.16;0.2;0.88;1;3;0.15
4067;cal000121;cal;belona;unknown;Belona;FEMALE;1;10;20;84;0;0;0;0;1.0;0.0;0.0;0.0;0.0;0.0;0.0;0.0;0.0;0.23;0.05;0.05;0.41;1;4;0.03
4068;cal000121;cal;flora;unknown;Flora;FEMALE;1;3;4;10;0;0;0;0;1.0;0.0;0.0;0.0;0.0;0.0;0.0;0.0;0.0;0.07;0.01;0.01;0.29;4;1;0.0
4069;cal000121;cal;cintia;unknown;Cintia;FEMALE;1;3;4;8;0;0;0;0;1.0;0.0;0.0;0.0;0.0;0.0;0.0;0.0;0.0;0.07;0.01;0.0;0.29;3;1;0.0
4070;cal000121;cal;clori;unknown;Clori;FEMALE;1;3;4;10;0;0;0;0;1.0;0.0;0.0;0.0;0.0;0.0;0.0;0.0;0.0;0.07;0.01;0.01;0.29;2;1;0.0
4071;cal000121;cal;libia;unknown;Libia;FEMALE;1;4;7;30;0;0;0;0;1.0;0.0;0.0;0.0;0.0;0.0;0.0;0.0;0.0;0.09;0.02;0.02;0.32;2;1;0.0
4072;cal000121;cal;celfa;unknown;Celfa;FEMALE;1;7;25;49;0;0;0;0;1.0;0.0;0.0;0.0;0.0;0.0;0.0;0.0;0.0;0.16;0.06;0.03;0.53;0;0;0.01
4073;cal000121;cal;sospecha;unknown;La Sospecha;FEMALE;1;1;9;13;0;0;0;0;1.0;0.0;0.0;0.0;0.0;0.0;0.0;0.0;0.0;0.02;0.02;0.01;0.47;3;3;0.0
4074;cal000121;cal;flora cintia;unknown;UNKNOWN;u;1;1;1;1;0;0;0;0;1.0;0.0;0.0;0.0;0.0;0.0;0.0;0.0;0.0;0.02;0.0;0.0;0.24;1;1;0.0
4075;cal000121;cal;clori libia;unknown;UNKNOWN;u;1;1;1;1;0;0;0;0;1.0;0.0;0.0;0.0;0.0;0.0;0.0;0.0;0.0;0.02;0.0;0.0;0.24;1;1;0.0
4076;cal000121;cal;flora cintia clori libia;unknown;UNKNOWN;u;1;2;2;6;0;0;0;0;1.0;0.0;0.0;0.0;0.0;0.0;0.0;0.0;0.0;0.05;0.0;0.0;0.41;1;1;0.02
4077;cal000121;cal;todos;unknown;UNKNOWN;u;1;14;25;70;0;0;0;0;1.0;0.0;0.0;0.0;0.0;0.0;0.0;0.0;0.0;0.32;0.06;0.04;0.88;2;4;0.15
4078;cal000121;cal;voces;unknown;UNKNOWN;u;1;4;8;11;0;0;0;0;1.0;0.0;0.0;0.0;0.0;0.0;0.0;0.0;0.0;0.09;0.02;0.01;0.32;0;0;0.01
4079;cal000121;cal;unos;unknown;UNKNOWN;u;1;3;3;3;0;0;0;0;1.0;0.0;0.0;0.0;0.0;0.0;0.0;0.0;0.0;0.07;0.01;0.0;0.18;0;0;0.0
4080;cal000121;cal;otros;unknown;UNKNOWN;u;1;3;3;3;0;0;0;0;1.0;0.0;0.0;0.0;0.0;0.0;0.0;0.0;0.0;0.07;0.01;0.0;0.18;0;0;0.0
4081;cal000121;cal;uno;unknown;UNKNOWN;u;1;2;3;9;0;0;0;0;1.0;0.0;0.0;0.0;0.0;0.0;0.0;0.0;0.0;0.05;0.01;0.01;0.15;0;0;0.0
4082;cal000121;cal;adonis venus;unknown;UNKNOWN;u;1;1;1;1;0;0;0;0;1.0;0.0;0.0;0.0;0.0;0.0;0.0;0.0;0.0;0.02;0.0;0.0;0.06;0;0;0.0
4083;cal000121;cal;marte sospecha envidia rencor;unknown;UNKNOWN;u;1;1;1;4;0;0;0;0;1.0;0.0;0.0;0.0;0.0;0.0;0.0;0.0;0.0;0.02;0.0;0.0;0.47;2;2;0.0
4084;cal000121;cal;temor desengaño envidia rencor;unknown;UNKNOWN;u;1;1;1;4;0;0;0;0;1.0;0.0;0.0;0.0;0.0;0.0;0.0;0.0;0.0;0.02;0.0;0.0;0.47;2;2;0.0
4085;cal000121;cal;coro-1 coro-2;unknown;UNKNOWN;u;1;1;2;2;0;0;0;0;1.0;0.0;0.0;0.0;0.0;0.0;0.0;0.0;0.0;0.02;0.0;0.0;0.47;0;0;0.0
4086;cal000121;cal;música todos;unknown;UNKNOWN;u;1;1;1;1;0;0;0;0;1.0;0.0;0.0;0.0;0.0;0.0;0.0;0.0;0.0;0.02;0.0;0.0;0.21;0;0;0.0
4087;cal000121;cal;celfa chato;unknown;UNKNOWN;u;1;2;3;3;0;0;0;0;1.0;0.0;0.0;0.0;0.0;0.0;0.0;0.0;0.0;0.05;0.01;0.0;0.21;0;0;0.0
4088;cal000184;cal;musicos;unknown;Músicos;UNKNOWN;1;4;5;10;0;0;0;0;1.0;0.0;0.0;0.0;0.0;0.0;0.0;0.0;0.0;0.12;0.01;0.01;0.38;0;7;0.02
4089;cal000184;cal;furor;unknown;Furor;MALE;1;20;91;775;0;0;0;0;1.0;0.0;0.0;0.0;0.0;0.0;0.0;0.0;0.0;0.61;0.26;0.4;0.6;2;9;0.1
4090;cal000184;cal;genero-humano;unknown;Género Humano;MALE;1;13;36;118;0;0;0;0;1.0;0.0;0.0;0.0;0.0;0.0;0.0;0.0;0.0;0.39;0.1;0.06;0.73;1;7;0.2
4091;cal000184;cal;tierra;unknown;Tierra;FEMALE;1;9;33;234;0;0;0;0;1.0;0.0;0.0;0.0;0.0;0.0;0.0;0.0;0.0;0.27;0.1;0.12;0.47;2;10;0.03
4092;cal000184;cal;abel;unknown;Abel;MALE;1;5;10;28;0;0;0;0;1.0;0.0;0.0;0.0;0.0;0.0;0.0;0.0;0.0;0.15;0.03;0.01;0.56;1;6;0.04
4093;cal000184;cal;isaac;unknown;Isaac;MALE;1;5;10;25;0;0;0;0;1.0;0.0;0.0;0.0;0.0;0.0;0.0;0.0;0.0;0.15;0.03;0.01;0.58;2;6;0.04
4094;cal000184;cal;noe;unknown;Noé;MALE;1;6;7;25;0;0;0;0;1.0;0.0;0.0;0.0;0.0;0.0;0.0;0.0;0.0;0.18;0.02;0.01;0.53;1;2;0.05
4095;cal000184;cal;daniel;unknown;Daniel;MALE;1;6;12;75;0;0;0;0;1.0;0.0;0.0;0.0;0.0;0.0;0.0;0.0;0.0;0.18;0.03;0.04;0.49;0;1;0.04
4096;cal000184;cal;joseph;unknown;Joseph;MALE;1;5;8;18;0;0;0;0;1.0;0.0;0.0;0.0;0.0;0.0;0.0;0.0;0.0;0.15;0.02;0.01;0.56;0;2;0.04
4097;cal000184;cal;gracia;unknown;Gracia;FEMALE;1;16;33;240;0;0;0;0;1.0;0.0;0.0;0.0;0.0;0.0;0.0;0.0;0.0;0.48;0.1;0.12;0.64;0;3;0.2
4098;cal000184;cal;gabriel;unknown;Gabriel;MALE;1;6;14;117;0;0;0;0;1.0;0.0;0.0;0.0;0.0;0.0;0.0;0.0;0.0;0.18;0.04;0.06;0.4;1;5;0.02
4099;cal000184;cal;emanuel;unknown;Emanuel;MALE;1;8;34;153;0;0;0;0;1.0;0.0;0.0;0.0;0.0;0.0;0.0;0.0;0.0;0.24;0.1;0.08;0.47;1;3;0.04
4100;cal000184;cal;inocencia;unknown;Inocencia;FEMALE;1;3;6;17;0;0;0;0;1.0;0.0;0.0;0.0;0.0;0.0;0.0;0.0;0.0;0.09;0.02;0.01;0.2;1;3;0.0
4101;cal000184;cal;nino;unknown;Niño;MALE;1;1;1;16;0;0;0;0;1.0;0.0;0.0;0.0;0.0;0.0;0.0;0.0;0.0;0.03;0.0;0.01;0.27;0;0;0.0
4102;cal000184;cal;tierra abel isaac noe joseph daniel;unknown;UNKNOWN;u;1;1;6;7;0;0;0;0;1.0;0.0;0.0;0.0;0.0;0.0;0.0;0.0;0.0;0.03;0.02;0.0;0.09;1;0;0.0
4103;cal000184;cal;tierra abel isaac noe joseph daniel gracia;unknown;UNKNOWN;u;1;1;4;4;0;0;0;0;1.0;0.0;0.0;0.0;0.0;0.0;0.0;0.0;0.0;0.03;0.01;0.0;0.09;0;0;0.0
4104;cal000184;cal;gracia tierra abel isaac noe joseph daniel genero-humano;unknown;UNKNOWN;u;1;1;1;3;0;0;0;0;1.0;0.0;0.0;0.0;0.0;0.0;0.0;0.0;0.0;0.03;0.0;0.0;0.09;0;0;0.0
4105;cal000184;cal;daniel gracia;unknown;UNKNOWN;u;1;1;1;4;0;0;0;0;1.0;0.0;0.0;0.0;0.0;0.0;0.0;0.0;0.0;0.03;0.0;0.0;0.07;0;0;0.0
4106;cal000184;cal;tierra gabriel daniel gracia genero-humano abel isaac joseph noe;unknown;UNKNOWN;u;1;1;1;2;0;0;0;0;1.0;0.0;0.0;0.0;0.0;0.0;0.0;0.0;0.0;0.03;0.0;0.0;0.33;0;1;0.0
4107;cal000184;cal;tierra gabriel gracia genero-humano abel isaac joseph noe daniel;unknown;UNKNOWN;u;1;1;2;3;0;0;0;0;1.0;0.0;0.0;0.0;0.0;0.0;0.0;0.0;0.0;0.03;0.01;0.0;0.33;0;0;0.0
4108;cal000184;cal;tierra gabriel gracia abel isaac joseph noe daniel genero-humano;unknown;UNKNOWN;u;1;1;1;1;0;0;0;0;1.0;0.0;0.0;0.0;0.0;0.0;0.0;0.0;0.0;0.03;0.0;0.0;0.33;0;0;0.0
4109;cal000184;cal;abel isaac;unknown;UNKNOWN;u;1;1;2;2;0;0;0;0;1.0;0.0;0.0;0.0;0.0;0.0;0.0;0.0;0.0;0.03;0.01;0.0;0.33;0;0;0.0
4110;cal000184;cal;tierra gabriel gracia joseph noe genero-humano daniel abel isaac;unknown;UNKNOWN;u;1;1;2;2;0;0;0;0;1.0;0.0;0.0;0.0;0.0;0.0;0.0;0.0;0.0;0.03;0.01;0.0;0.33;0;0;0.0
4111;cal000184;cal;tierra gabriel gracia joseph noe daniel isaac abel genero-humano musicos;unknown;UNKNOWN;u;1;1;1;1;0;0;0;0;1.0;0.0;0.0;0.0;0.0;0.0;0.0;0.0;0.0;0.03;0.0;0.0;0.33;0;0;0.0
4112;cal000184;cal;tierra gabriel gracia joseph noe daniel abel musicos isaac genero-humano;unknown;UNKNOWN;u;1;1;1;1;0;0;0;0;1.0;0.0;0.0;0.0;0.0;0.0;0.0;0.0;0.0;0.03;0.0;0.0;0.33;0;0;0.0
4113;cal000184;cal;tierra gabriel gracia joseph noe daniel musicos isaac genero-humano abel;unknown;UNKNOWN;u;1;1;1;1;0;0;0;0;1.0;0.0;0.0;0.0;0.0;0.0;0.0;0.0;0.0;0.03;0.0;0.0;0.33;0;0;0.0
4114;cal000184;cal;tierra gabriel gracia joseph noe daniel musicos genero-humano abel isaac;unknown;UNKNOWN;u;1;1;2;4;0;0;0;0;1.0;0.0;0.0;0.0;0.0;0.0;0.0;0.0;0.0;0.03;0.01;0.0;0.33;0;0;0.0
4115;cal000184;cal;tierra gabriel gracia joseph noe daniel musicos genero-humano isaac abel;unknown;UNKNOWN;u;1;1;1;1;0;0;0;0;1.0;0.0;0.0;0.0;0.0;0.0;0.0;0.0;0.0;0.03;0.0;0.0;0.33;0;0;0.0
4116;cal000184;cal;gabriel gracia joseph noe daniel musicos abel isaac furor genero-humano;unknown;UNKNOWN;u;1;1;1;3;0;0;0;0;1.0;0.0;0.0;0.0;0.0;0.0;0.0;0.0;0.0;0.03;0.0;0.0;0.07;0;0;0.0
4117;cal000184;cal;gabriel gracia joseph noe daniel musicos abel isaac genero-humano furor;unknown;UNKNOWN;u;1;1;2;2;0;0;0;0;1.0;0.0;0.0;0.0;0.0;0.0;0.0;0.0;0.0;0.03;0.01;0.0;0.07;0;0;0.0
4118;cal000184;cal;joseph noe daniel musicos abel isaac genero-humano tierra furor gracia;unknown;UNKNOWN;u;1;1;1;2;0;0;0;0;1.0;0.0;0.0;0.0;0.0;0.0;0.0;0.0;0.0;0.03;0.0;0.0;0.11;0;0;0.0
4119;cal000184;cal;furor gracia;unknown;UNKNOWN;u;1;1;1;1;0;0;0;0;1.0;0.0;0.0;0.0;0.0;0.0;0.0;0.0;0.0;0.03;0.0;0.0;0.11;0;0;0.0
4120;cal000184;cal;gracia musicos;unknown;UNKNOWN;u;1;1;1;2;0;0;0;0;1.0;0.0;0.0;0.0;0.0;0.0;0.0;0.0;0.0;0.03;0.0;0.0;0.04;0;0;0.0
4121;cal000184;cal;joseph noe daniel abel isaac genero-humano tierra furor musicos gracia;unknown;UNKNOWN;u;1;1;1;2;0;0;0;0;1.0;0.0;0.0;0.0;0.0;0.0;0.0;0.0;0.0;0.03;0.0;0.0;0.04;0;0;0.0
4122;cal000184;cal;emanuel joseph noe daniel abel isaac genero-humano musicos gracia tierra furor;unknown;UNKNOWN;u;1;1;2;4;0;0;0;0;1.0;0.0;0.0;0.0;0.0;0.0;0.0;0.0;0.0;0.03;0.01;0.0;0.13;1;2;0.0
4123;cal000184;cal;noe daniel abel isaac genero-humano musicos gracia tierra furor inocencia gabriel emanuel;unknown;UNKNOWN;u;1;1;1;1;0;0;0;0;1.0;0.0;0.0;0.0;0.0;0.0;0.0;0.0;0.0;0.03;0.0;0.0;0.13;0;0;0.0
4124;cal000184;cal;daniel abel isaac inocencia gabriel emanuel musicos tierra gracia genero-humano noe;unknown;UNKNOWN;u;1;1;1;2;0;0;0;0;1.0;0.0;0.0;0.0;0.0;0.0;0.0;0.0;0.0;0.03;0.0;0.0;0.13;1;0;0.0
4125;cal000184;cal;daniel abel isaac inocencia gabriel emanuel musicos tierra noe genero-humano gracia;unknown;UNKNOWN;u;1;1;1;1;0;0;0;0;1.0;0.0;0.0;0.0;0.0;0.0;0.0;0.0;0.0;0.03;0.0;0.0;0.13;0;0;0.0
4126;cal000184;cal;genero-humano gracia musicos;unknown;UNKNOWN;u;1;2;2;5;0;0;0;0;1.0;0.0;0.0;0.0;0.0;0.0;0.0;0.0;0.0;0.06;0.01;0.0;0.13;0;0;0.0
4127;cal000184;cal;musicos emanuel genero-humano gabriel inocencia tierra abel daniel joseph noe gracia;unknown;UNKNOWN;u;1;1;1;3;0;0;0;0;1.0;0.0;0.0;0.0;0.0;0.0;0.0;0.0;0.0;0.03;0.0;0.0;0.07;0;0;0.0
4128;cal000184;cal;abel joseph isaac gabriel inocencia genero-humano emanuel gracia tierra noe daniel;unknown;UNKNOWN;u;1;1;1;5;0;0;0;0;1.0;0.0;0.0;0.0;0.0;0.0;0.0;0.0;0.0;0.03;0.0;0.0;0.16;0;0;0.0
4129;cal000184;cal;furor tierra;unknown;UNKNOWN;u;1;1;1;1;0;0;0;0;1.0;0.0;0.0;0.0;0.0;0.0;0.0;0.0;0.0;0.03;0.0;0.0;0.27;1;6;0.0
4130;cal000184;cal;joseph isaac gabriel inocencia noe daniel emanuel genero-humano gracia musicos furor tierra;unknown;UNKNOWN;u;1;1;1;5;0;0;0;0;1.0;0.0;0.0;0.0;0.0;0.0;0.0;0.0;0.0;0.03;0.0;0.0;0.27;1;6;0.0
4131;cal000184;cal;noe daniel emanuel genero-humano musicos furor tierra gabriel isaac abel joseph gracia;unknown;UNKNOWN;u;1;1;1;2;0;0;0;0;1.0;0.0;0.0;0.0;0.0;0.0;0.0;0.0;0.0;0.03;0.0;0.0;0.27;0;2;0.0
4132;cal000184;cal;noe daniel genero-humano tierra gabriel isaac abel joseph gracia nino furor emanuel musicos;unknown;UNKNOWN;u;1;1;1;5;0;0;0;0;1.0;0.0;0.0;0.0;0.0;0.0;0.0;0.0;0.0;0.03;0.0;0.0;0.09;0;1;0.0
4133;cal000184;cal;noe daniel tierra gabriel isaac abel joseph gracia nino furor emanuel musicos genero-humano;unknown;UNKNOWN;u;1;1;1;5;0;0;0;0;1.0;0.0;0.0;0.0;0.0;0.0;0.0;0.0;0.0;0.03;0.0;0.0;0.09;0;0;0.0
4134;cal000036;cal;placer;unknown;El Placer;MALE;1;5;26;120;0;0;0;0;1.0;0.0;0.0;0.0;0.0;0.0;0.0;0.0;0.0;0.26;0.07;0.08;0.62;5;6;0.01
4135;cal000036;cal;bauptismo;unknown;El Bauptismo;MALE;1;7;20;47;0;0;0;0;1.0;0.0;0.0;0.0;0.0;0.0;0.0;0.0;0.0;0.37;0.06;0.03;0.81;5;4;0.03
4136;cal000036;cal;confirmación;unknown;La Confirmación;FEMALE;1;7;18;43;0;0;0;0;1.0;0.0;0.0;0.0;0.0;0.0;0.0;0.0;0.0;0.37;0.05;0.03;0.76;4;4;0.02
4137;cal000036;cal;penitencia;unknown;La Penitencia;FEMALE;1;6;13;43;0;0;0;0;1.0;0.0;0.0;0.0;0.0;0.0;0.0;0.0;0.0;0.32;0.04;0.03;0.76;3;4;0.02
4138;cal000036;cal;comunión;unknown;La Comunión;FEMALE;1;5;7;19;0;0;0;0;1.0;0.0;0.0;0.0;0.0;0.0;0.0;0.0;0.0;0.26;0.02;0.01;0.76;2;4;0.02
4139;cal000036;cal;orden;unknown;El Orden;MALE;1;4;8;28;0;0;0;0;1.0;0.0;0.0;0.0;0.0;0.0;0.0;0.0;0.0;0.21;0.02;0.02;0.76;2;3;0.02
4140;cal000036;cal;matrimonio;unknown;El Matrimonio;MALE;1;4;16;131;0;0;0;0;1.0;0.0;0.0;0.0;0.0;0.0;0.0;0.0;0.0;0.21;0.04;0.08;0.71;2;1;0.03
4141;cal000036;cal;esposo;unknown;El Esposo;MALE;1;5;28;159;0;0;0;0;1.0;0.0;0.0;0.0;0.0;0.0;0.0;0.0;0.0;0.26;0.08;0.1;0.86;5;5;0.05
4142;cal000036;cal;pecado;unknown;El Pecado;MALE;1;10;64;227;0;0;0;0;1.0;0.0;0.0;0.0;0.0;0.0;0.0;0.0;0.0;0.53;0.18;0.14;0.62;2;2;0.03
4143;cal000036;cal;muerte;unknown;La Muerte;FEMALE;1;16;66;484;0;0;0;0;1.0;0.0;0.0;0.0;0.0;0.0;0.0;0.0;0.0;0.84;0.18;0.31;1.0;1;1;0.15
4144;cal000036;cal;hombre;unknown;El Hombre;MALE;1;11;46;160;0;0;0;0;1.0;0.0;0.0;0.0;0.0;0.0;0.0;0.0;0.0;0.58;0.13;0.1;0.9;0;0;0.07
4145;cal000036;cal;esposa;unknown;La Esposa;FEMALE;1;3;12;54;0;0;0;0;1.0;0.0;0.0;0.0;0.0;0.0;0.0;0.0;0.0;0.16;0.03;0.03;0.67;0;1;0.02
4146;cal000036;cal;música;unknown;Música;UNKNOWN;1;3;3;12;0;0;0;0;1.0;0.0;0.0;0.0;0.0;0.0;0.0;0.0;0.0;0.16;0.01;0.01;0.43;4;5;0.0
4147;cal000036;cal;muerte música;unknown;UNKNOWN;u;1;1;1;2;0;0;0;0;1.0;0.0;0.0;0.0;0.0;0.0;0.0;0.0;0.0;0.05;0.0;0.0;0.1;0;0;0.0
4148;cal000036;cal;muerte pecado;unknown;UNKNOWN;u;1;3;4;5;0;0;0;0;1.0;0.0;0.0;0.0;0.0;0.0;0.0;0.0;0.0;0.16;0.01;0.0;0.24;1;2;0.0
4149;cal000036;cal;hombre bauptismo confirmación penitencia comunión orden;unknown;UNKNOWN;u;1;1;1;1;0;0;0;0;1.0;0.0;0.0;0.0;0.0;0.0;0.0;0.0;0.0;0.05;0.0;0.0;0.33;3;1;0.0
4150;cal000036;cal;bauptismo confirmación;unknown;UNKNOWN;u;1;1;1;1;0;0;0;0;1.0;0.0;0.0;0.0;0.0;0.0;0.0;0.0;0.0;0.05;0.0;0.0;0.48;3;2;0.0
4151;cal000036;cal;orden comunión;unknown;UNKNOWN;u;1;1;1;1;0;0;0;0;1.0;0.0;0.0;0.0;0.0;0.0;0.0;0.0;0.0;0.05;0.0;0.0;0.48;3;2;0.0
4152;cal000036;cal;penitencia hombre;unknown;UNKNOWN;u;1;1;1;1;0;0;0;0;1.0;0.0;0.0;0.0;0.0;0.0;0.0;0.0;0.0;0.05;0.0;0.0;0.48;3;2;0.0
4153;cal000036;cal;matrimonio esposa pecado bauptismo confirmación;unknown;UNKNOWN;u;1;1;10;12;0;0;0;0;1.0;0.0;0.0;0.0;0.0;0.0;0.0;0.0;0.0;0.05;0.03;0.01;0.33;1;2;0.0
4154;cal000036;cal;penitencia comunión orden hombre música;unknown;UNKNOWN;u;1;1;10;12;0;0;0;0;1.0;0.0;0.0;0.0;0.0;0.0;0.0;0.0;0.0;0.05;0.03;0.01;0.33;1;2;0.0
4155;cal000036;cal;matrimonio esposa pecado bauptismo confirmación penitencia comunión orden hombre música;unknown;UNKNOWN;u;1;1;4;4;0;0;0;0;1.0;0.0;0.0;0.0;0.0;0.0;0.0;0.0;0.0;0.05;0.01;0.0;0.33;1;2;0.0
4156;cal000207;cal;filipo;unknown;Filipo;MALE;3;17;100;534;0;0;0;0;0.4;0.17;0.43;0.0;0.0;0.0;0.0;0.0;0.0;0.31;0.11;0.14;1.0;2;8;0.09
4157;cal000207;cal;fadrique;unknown;Fadrique;MALE;3;20;158;1045;0;0;0;0;0.42;0.32;0.26;0.0;0.0;0.0;0.0;0.0;0.0;0.36;0.17;0.27;0.91;0;5;0.01
4158;cal000207;cal;carlos;unknown;Carlos;MALE;3;12;40;80;0;0;0;0;0.45;0.34;0.21;0.0;0.0;0.0;0.0;0.0;0.0;0.22;0.04;0.02;0.73;1;1;0.0
4159;cal000207;cal;leonelo;unknown;Leonelo;MALE;3;7;14;19;0;0;0;0;0.42;0.47;0.11;0.0;0.0;0.0;0.0;0.0;0.0;0.13;0.01;0.0;0.73;1;0;0.0
4160;cal000207;cal;marcial;unknown;Marcial;MALE;3;12;65;365;0;0;0;0;0.4;0.39;0.21;0.0;0.0;0.0;0.0;0.0;0.0;0.22;0.07;0.09;0.73;1;2;0.0
4161;cal000207;cal;celia;unknown;Celia;FEMALE;3;23;89;345;0;0;0;0;0.26;0.45;0.29;0.0;0.0;0.0;0.0;0.0;0.0;0.42;0.09;0.09;0.91;2;5;0.01
4162;cal000207;cal;flora;unknown;Flora;FEMALE;3;27;153;560;0;0;0;0;0.34;0.41;0.24;0.0;0.0;0.0;0.0;0.0;0.0;0.49;0.16;0.14;0.91;0;5;0.01
4163;cal000207;cal;otavio;unknown;Otavio;MALE;3;12;22;46;0;0;0;0;0.02;0.41;0.57;0.0;0.0;0.0;0.0;0.0;0.0;0.22;0.02;0.01;0.73;0;1;0.0
4164;cal000207;cal;duque;unknown;Duque;MALE;3;23;167;516;0;0;0;0;0.03;0.36;0.6;0.0;0.0;0.0;0.0;0.0;0.0;0.42;0.18;0.13;0.91;1;4;0.01
4165;cal000207;cal;fabricio;unknown;Fabricio;MALE;1;2;5;48;0;0;0;0;1.0;0.0;0.0;0.0;0.0;0.0;0.0;0.0;0.0;0.04;0.01;0.01;0.18;0;1;0.0
4166;cal000207;cal;oton;unknown;Otón;MALE;3;20;60;129;0;0;0;0;0.05;0.5;0.45;0.0;0.0;0.0;0.0;0.0;0.0;0.36;0.06;0.03;1.0;2;4;0.09
4167;cal000207;cal;jacinta;unknown;Jacinta;FEMALE;3;11;68;207;0;0;0;0;0.24;0.4;0.36;0.0;0.0;0.0;0.0;0.0;0.0;0.2;0.07;0.05;0.91;1;6;0.01
4168;cal000185;cal;acompanamiento;unknown;Voces en la nave;UNKNOWN;1;2;3;3;0;0;0;0;1.0;0.0;0.0;0.0;0.0;0.0;0.0;0.0;0.0;0.05;0.01;0.0;0.52;0;1;0.02
4169;cal000185;cal;musicos;unknown;Músicos;UNKNOWN;1;1;2;8;0;0;0;0;1.0;0.0;0.0;0.0;0.0;0.0;0.0;0.0;0.0;0.03;0.0;0.0;0.33;1;2;0.0
4170;cal000185;cal;cizana;unknown;Cizaña;FEMALE;1;16;44;502;0;0;0;0;1.0;0.0;0.0;0.0;0.0;0.0;0.0;0.0;0.0;0.43;0.1;0.24;0.8;6;3;0.06
4171;cal000185;cal;cierzo;unknown;Cierzo;MALE;1;10;25;132;0;0;0;0;1.0;0.0;0.0;0.0;0.0;0.0;0.0;0.0;0.0;0.27;0.06;0.06;0.74;9;2;0.04
4172;cal000185;cal;ira;unknown;Ira;FEMALE;1;10;16;97;0;0;0;0;1.0;0.0;0.0;0.0;0.0;0.0;0.0;0.0;0.0;0.27;0.04;0.05;0.72;7;3;0.04
4173;cal000185;cal;niebla;unknown;Niebla;FEMALE;1;5;10;65;0;0;0;0;1.0;0.0;0.0;0.0;0.0;0.0;0.0;0.0;0.0;0.14;0.02;0.03;0.61;6;3;0.02
4174;cal000185;cal;sembrador;unknown;Sembrador;MALE;1;12;46;288;0;0;0;0;1.0;0.0;0.0;0.0;0.0;0.0;0.0;0.0;0.0;0.32;0.11;0.14;0.89;3;1;0.13
4175;cal000185;cal;inocencia;unknown;Inocencia;FEMALE;1;4;17;49;0;0;0;0;1.0;0.0;0.0;0.0;0.0;0.0;0.0;0.0;0.0;0.11;0.04;0.02;0.52;3;3;0.02
4176;cal000185;cal;lucero;unknown;Lucero;MALE;1;2;11;29;0;0;0;0;1.0;0.0;0.0;0.0;0.0;0.0;0.0;0.0;0.0;0.05;0.03;0.01;0.2;3;0;0.0
4177;cal000185;cal;asia;unknown;Asia;FEMALE;1;9;24;103;0;0;0;0;1.0;0.0;0.0;0.0;0.0;0.0;0.0;0.0;0.0;0.24;0.06;0.05;0.7;9;3;0.04
4178;cal000185;cal;africa;unknown;África;FEMALE;1;11;16;47;0;0;0;0;1.0;0.0;0.0;0.0;0.0;0.0;0.0;0.0;0.0;0.3;0.04;0.02;0.7;4;0;0.04
4179;cal000185;cal;europa;unknown;Europa;FEMALE;1;11;21;84;0;0;0;0;1.0;0.0;0.0;0.0;0.0;0.0;0.0;0.0;0.0;0.3;0.05;0.04;0.7;1;0;0.04
4180;cal000185;cal;america;unknown;América;FEMALE;1;7;11;30;0;0;0;0;1.0;0.0;0.0;0.0;0.0;0.0;0.0;0.0;0.0;0.19;0.03;0.01;0.63;0;0;0.02
4181;cal000185;cal;judaismo;unknown;Judaísmo;MALE;1;19;80;359;0;0;0;0;1.0;0.0;0.0;0.0;0.0;0.0;0.0;0.0;0.0;0.51;0.18;0.17;0.78;7;3;0.06
4182;cal000185;cal;paganismo;unknown;Paganismo;MALE;1;11;22;68;0;0;0;0;1.0;0.0;0.0;0.0;0.0;0.0;0.0;0.0;0.0;0.3;0.05;0.03;0.7;5;1;0.03
4183;cal000185;cal;gentilidad;unknown;Gentilidad;FEMALE;1;9;24;71;0;0;0;0;1.0;0.0;0.0;0.0;0.0;0.0;0.0;0.0;0.0;0.24;0.06;0.03;0.63;4;1;0.03
4184;cal000185;cal;idolatria;unknown;Idolatría;FEMALE;1;6;19;48;0;0;0;0;1.0;0.0;0.0;0.0;0.0;0.0;0.0;0.0;0.0;0.16;0.04;0.02;0.67;4;2;0.02
4185;cal000185;cal;ira niebla;unknown;UNKNOWN;u;1;1;1;1;0;0;0;0;1.0;0.0;0.0;0.0;0.0;0.0;0.0;0.0;0.0;0.03;0.0;0.0;0.24;2;2;0.0
4186;cal000185;cal;ira niebla cierzo;unknown;UNKNOWN;u;1;1;1;1;0;0;0;0;1.0;0.0;0.0;0.0;0.0;0.0;0.0;0.0;0.0;0.03;0.0;0.0;0.24;1;2;0.0
4187;cal000185;cal;cierzo niebla cizana;unknown;UNKNOWN;u;1;1;1;2;0;0;0;0;1.0;0.0;0.0;0.0;0.0;0.0;0.0;0.0;0.0;0.03;0.0;0.0;0.24;0;1;0.0
4188;cal000185;cal;cierzo niebla ira;unknown;UNKNOWN;u;1;1;1;1;0;0;0;0;1.0;0.0;0.0;0.0;0.0;0.0;0.0;0.0;0.0;0.03;0.0;0.0;0.24;0;1;0.0
4189;cal000185;cal;ira cierzo niebla;unknown;UNKNOWN;u;1;1;1;1;0;0;0;0;1.0;0.0;0.0;0.0;0.0;0.0;0.0;0.0;0.0;0.03;0.0;0.0;0.24;0;1;0.0
4190;cal000185;cal;niebla cizana cierzo ira;unknown;UNKNOWN;u;1;1;1;2;0;0;0;0;1.0;0.0;0.0;0.0;0.0;0.0;0.0;0.0;0.0;0.03;0.0;0.0;0.24;0;0;0.0
4191;cal000185;cal;niebla cizana inocencia asia africa europa america;unknown;UNKNOWN;u;1;1;3;3;0;0;0;0;1.0;0.0;0.0;0.0;0.0;0.0;0.0;0.0;0.0;0.03;0.01;0.0;0.17;0;0;0.0
4192;cal000185;cal;ira cierzo sembrador niebla cizana inocencia asia africa europa america;unknown;UNKNOWN;u;1;1;2;7;0;0;0;0;1.0;0.0;0.0;0.0;0.0;0.0;0.0;0.0;0.0;0.03;0.0;0.0;0.17;0;0;0.0
4193;cal000185;cal;ira cierzo niebla cizana inocencia africa europa america asia sembrador;unknown;UNKNOWN;u;1;1;1;1;0;0;0;0;1.0;0.0;0.0;0.0;0.0;0.0;0.0;0.0;0.0;0.03;0.0;0.0;0.17;0;0;0.0
4194;cal000185;cal;ira cierzo niebla cizana inocencia lucero africa paganismo europa gentilidad america sembrador judaismo asia;unknown;UNKNOWN;u;1;1;1;2;0;0;0;0;1.0;0.0;0.0;0.0;0.0;0.0;0.0;0.0;0.0;0.03;0.0;0.0;0.13;2;0;0.0
4195;cal000185;cal;judaismo gentilidad;unknown;UNKNOWN;u;1;1;1;1;0;0;0;0;1.0;0.0;0.0;0.0;0.0;0.0;0.0;0.0;0.0;0.03;0.0;0.0;0.13;1;0;0.0
4196;cal000185;cal;cierzo niebla cizana lucero africa paganismo europa america asia gentilidad inocencia sembrador judaismo ira;unknown;UNKNOWN;u;1;3;4;14;0;0;0;0;1.0;0.0;0.0;0.0;0.0;0.0;0.0;0.0;0.0;0.08;0.01;0.01;0.28;4;4;0.0
4197;cal000185;cal;niebla lucero africa paganismo europa america asia gentilidad inocencia sembrador ira cizana cierzo judaismo;unknown;UNKNOWN;u;1;1;1;2;0;0;0;0;1.0;0.0;0.0;0.0;0.0;0.0;0.0;0.0;0.0;0.03;0.0;0.0;0.28;3;2;0.0
4198;cal000185;cal;niebla lucero africa paganismo europa america asia gentilidad ira cizana idolatria cierzo inocencia judaismo sembrador;unknown;UNKNOWN;u;1;1;1;1;0;0;0;0;1.0;0.0;0.0;0.0;0.0;0.0;0.0;0.0;0.0;0.03;0.0;0.0;0.28;1;1;0.0
4199;cal000185;cal;niebla lucero africa europa america asia gentilidad ira cierzo inocencia cizana idolatria judaismo paganismo;unknown;UNKNOWN;u;1;1;1;1;0;0;0;0;1.0;0.0;0.0;0.0;0.0;0.0;0.0;0.0;0.0;0.03;0.0;0.0;0.28;0;0;0.0
4200;cal000185;cal;niebla lucero africa europa america asia ira cierzo inocencia cizana gentilidad judaismo paganismo idolatria;unknown;UNKNOWN;u;1;1;1;1;0;0;0;0;1.0;0.0;0.0;0.0;0.0;0.0;0.0;0.0;0.0;0.03;0.0;0.0;0.28;0;0;0.0
4201;cal000185;cal;asia judaismo;unknown;UNKNOWN;u;1;1;1;1;0;0;0;0;1.0;0.0;0.0;0.0;0.0;0.0;0.0;0.0;0.0;0.03;0.0;0.0;0.28;6;2;0.0
4202;cal000185;cal;africa paganismo;unknown;UNKNOWN;u;1;4;4;4;0;0;0;0;1.0;0.0;0.0;0.0;0.0;0.0;0.0;0.0;0.0;0.11;0.01;0.0;0.48;6;2;0.0
4203;cal000185;cal;europa gentilidad;unknown;UNKNOWN;u;1;3;3;3;0;0;0;0;1.0;0.0;0.0;0.0;0.0;0.0;0.0;0.0;0.0;0.08;0.01;0.0;0.48;6;2;0.0
4204;cal000185;cal;america idolatria;unknown;UNKNOWN;u;1;3;3;4;0;0;0;0;1.0;0.0;0.0;0.0;0.0;0.0;0.0;0.0;0.0;0.08;0.01;0.0;0.48;6;2;0.0
4205;cal000185;cal;judaismo asia paganismo africa;unknown;UNKNOWN;u;1;1;1;1;0;0;0;0;1.0;0.0;0.0;0.0;0.0;0.0;0.0;0.0;0.0;0.03;0.0;0.0;0.28;0;0;0.0
4206;cal000185;cal;niebla lucero ira cierzo cizana gentilidad judaismo asia paganismo africa idolatria america europa acompanamiento inocencia;unknown;UNKNOWN;u;1;1;1;1;0;0;0;0;1.0;0.0;0.0;0.0;0.0;0.0;0.0;0.0;0.0;0.03;0.0;0.0;0.24;5;2;0.0
4207;cal000185;cal;africa asia judaismo paganismo;unknown;UNKNOWN;u;1;2;2;2;0;0;0;0;1.0;0.0;0.0;0.0;0.0;0.0;0.0;0.0;0.0;0.05;0.0;0.0;0.09;0;0;0.0
4208;cal000185;cal;lucero gentilidad acompanamiento inocencia cierzo ira paganismo niebla judaismo asia africa europa america idolatria cizana;unknown;UNKNOWN;u;1;1;1;1;0;0;0;0;1.0;0.0;0.0;0.0;0.0;0.0;0.0;0.0;0.0;0.03;0.0;0.0;0.15;0;0;0.0
4209;cal000185;cal;paganismo africa;unknown;UNKNOWN;u;1;1;1;1;0;0;0;0;1.0;0.0;0.0;0.0;0.0;0.0;0.0;0.0;0.0;0.03;0.0;0.0;0.13;0;0;0.0
4210;cal000185;cal;paganismo judaismo;unknown;UNKNOWN;u;1;1;1;2;0;0;0;0;1.0;0.0;0.0;0.0;0.0;0.0;0.0;0.0;0.0;0.03;0.0;0.0;0.3;2;0;0.0
4211;cal000185;cal;lucero acompanamiento inocencia ira niebla cierzo cizana gentilidad paganismo idolatria judaismo asia africa america europa;unknown;UNKNOWN;u;1;1;1;3;0;0;0;0;1.0;0.0;0.0;0.0;0.0;0.0;0.0;0.0;0.0;0.03;0.0;0.0;0.3;0;0;0.0
4212;cal000185;cal;lucero acompanamiento inocencia ira niebla cierzo cizana paganismo idolatria judaismo asia africa america europa gentilidad;unknown;UNKNOWN;u;1;1;1;2;0;0;0;0;1.0;0.0;0.0;0.0;0.0;0.0;0.0;0.0;0.0;0.03;0.0;0.0;0.33;8;4;0.0
4213;cal000185;cal;america asia europa africa;unknown;UNKNOWN;u;1;1;1;4;0;0;0;0;1.0;0.0;0.0;0.0;0.0;0.0;0.0;0.0;0.0;0.03;0.0;0.0;0.33;0;0;0.0
4214;cal000185;cal;lucero acompanamiento inocencia gentilidad cierzo ira niebla europa asia africa paganismo america idolatria judaismo musicos cizana;unknown;UNKNOWN;u;1;1;2;5;0;0;0;0;1.0;0.0;0.0;0.0;0.0;0.0;0.0;0.0;0.0;0.03;0.0;0.0;0.33;0;0;0.0
4215;cal000122;cal;silvia;unknown;Silvia;FEMALE;1;1;4;8;0;0;0;0;0.0;1.0;0.0;0.0;0.0;0.0;0.0;0.0;0.0;0.01;0.01;0.0;0.11;1;0;0.0
4216;cal000122;cal;crotaldo;unknown;Crotaldo;MALE;3;31;148;772;0;0;0;0;0.31;0.39;0.3;0.0;0.0;0.0;0.0;0.0;0.0;0.41;0.19;0.24;0.67;1;3;0.03
4217;cal000122;cal;lisardo;unknown;Lisardo;MALE;3;25;71;251;0;0;0;0;0.41;0.57;0.02;0.0;0.0;0.0;0.0;0.0;0.0;0.33;0.09;0.08;0.67;1;2;0.03
4218;cal000122;cal;floro;unknown;Floro;MALE;2;2;3;17;0;0;0;0;0.0;0.24;0.76;0.0;0.0;0.0;0.0;0.0;0.0;0.03;0.0;0.01;0.28;1;2;0.0
4219;cal000122;cal;flor;unknown;Flor;FEMALE;3;18;56;244;0;0;0;0;0.18;0.41;0.41;0.0;0.0;0.0;0.0;0.0;0.0;0.24;0.07;0.07;0.78;2;4;0.27
4220;cal000122;cal;duque-parma;unknown;Duque de Parma;MALE;3;10;43;241;0;0;0;0;0.34;0.29;0.37;0.0;0.0;0.0;0.0;0.0;0.0;0.13;0.06;0.07;0.61;1;5;0.02
4221;cal000122;cal;perote;unknown;Perote;MALE;3;24;112;337;0;0;0;0;0.41;0.39;0.2;0.0;0.0;0.0;0.0;0.0;0.0;0.32;0.15;0.1;0.61;2;5;0.02
4222;cal000122;cal;fisberto;unknown;Fisberto;MALE;2;5;17;110;0;0;0;0;0.8;0.0;0.2;0.0;0.0;0.0;0.0;0.0;0.0;0.07;0.02;0.03;0.56;4;4;0.02
4223;cal000122;cal;gileta;unknown;Gileta;FEMALE;3;26;116;343;0;0;0;0;0.44;0.36;0.21;0.0;0.0;0.0;0.0;0.0;0.0;0.34;0.15;0.11;0.56;1;2;0.01
4224;cal000122;cal;alcalde;unknown;Alcalde;MALE;1;3;7;15;0;0;0;0;0.0;1.0;0.0;0.0;0.0;0.0;0.0;0.0;0.0;0.04;0.01;0.0;0.39;0;2;0.04
4225;cal000122;cal;fabio;unknown;Fabio;MALE;3;12;29;136;0;0;0;0;0.33;0.65;0.01;0.0;0.0;0.0;0.0;0.0;0.0;0.16;0.04;0.04;0.56;2;5;0.07
4226;cal000122;cal;duque-mantua;unknown;Duque de Mantua;MALE;1;1;2;17;0;0;0;0;1.0;0.0;0.0;0.0;0.0;0.0;0.0;0.0;0.0;0.01;0.0;0.01;0.06;1;0;0.0
4227;cal000122;cal;celio;unknown;Celio;MALE;1;1;1;1;0;0;0;0;1.0;0.0;0.0;0.0;0.0;0.0;0.0;0.0;0.0;0.01;0.0;0.0;0.22;0;0;0.0
4228;cal000122;cal;diana;unknown;Diana;FEMALE;3;25;119;672;0;0;0;0;0.37;0.35;0.29;0.0;0.0;0.0;0.0;0.0;0.0;0.33;0.16;0.21;0.78;1;6;0.2
4229;cal000122;cal;laura;unknown;Laura;FEMALE;2;8;26;79;0;0;0;0;0.39;0.61;0.0;0.0;0.0;0.0;0.0;0.0;0.0;0.11;0.03;0.02;0.44;2;4;0.01
4230;cal000122;cal;criado;unknown;Criado;MALE;3;4;7;17;0;0;0;0;0.06;0.65;0.29;0.0;0.0;0.0;0.0;0.0;0.0;0.05;0.01;0.01;0.61;3;2;0.03
4231;cal000122;cal;uno;unknown;UNKNOWN;u;1;1;1;1;0;0;0;0;0.0;1.0;0.0;0.0;0.0;0.0;0.0;0.0;0.0;0.01;0.0;0.0;0.11;1;0;0.0
4232;cal000122;cal;otro;unknown;UNKNOWN;u;1;1;1;1;0;0;0;0;0.0;1.0;0.0;0.0;0.0;0.0;0.0;0.0;0.0;0.01;0.0;0.0;0.11;1;0;0.0
4233;cal000122;cal;dentro;unknown;UNKNOWN;u;1;1;1;1;0;0;0;0;0.0;1.0;0.0;0.0;0.0;0.0;0.0;0.0;0.0;0.01;0.0;0.0;0.11;0;0;0.0
4234;cal000186;cal;musicos;unknown;Músicos;UNKNOWN;1;6;11;47;0;0;0;0;1.0;0.0;0.0;0.0;0.0;0.0;0.0;0.0;0.0;0.13;0.02;0.02;0.53;2;7;0.04
4235;cal000186;cal;moises;unknown;Moisés;MALE;1;21;62;576;0;0;0;0;1.0;0.0;0.0;0.0;0.0;0.0;0.0;0.0;0.0;0.47;0.12;0.24;0.64;3;11;0.11
4236;cal000186;cal;maria;unknown;María;FEMALE;1;9;24;139;0;0;0;0;1.0;0.0;0.0;0.0;0.0;0.0;0.0;0.0;0.0;0.2;0.05;0.06;0.42;2;8;0.02
4237;cal000186;cal;sefora;unknown;Séfora;FEMALE;1;9;20;76;0;0;0;0;1.0;0.0;0.0;0.0;0.0;0.0;0.0;0.0;0.0;0.2;0.04;0.03;0.53;3;10;0.03
4238;cal000186;cal;simplicio;unknown;Simplicio;MALE;1;6;13;62;0;0;0;0;1.0;0.0;0.0;0.0;0.0;0.0;0.0;0.0;0.0;0.13;0.03;0.03;0.58;3;3;0.05
4239;cal000186;cal;aron;unknown;Arón;MALE;1;14;32;115;0;0;0;0;1.0;0.0;0.0;0.0;0.0;0.0;0.0;0.0;0.0;0.31;0.06;0.05;0.6;2;4;0.06
4240;cal000186;cal;josue;unknown;Josué;MALE;1;10;20;112;0;0;0;0;1.0;0.0;0.0;0.0;0.0;0.0;0.0;0.0;0.0;0.22;0.04;0.05;0.51;3;7;0.03
4241;cal000186;cal;belfegor;unknown;Belfegor;MALE;1;16;70;413;0;0;0;0;1.0;0.0;0.0;0.0;0.0;0.0;0.0;0.0;0.0;0.36;0.14;0.17;0.71;1;7;0.09
4242;cal000186;cal;idolatria;unknown;Idolatría;FEMALE;1;18;86;426;0;0;0;0;1.0;0.0;0.0;0.0;0.0;0.0;0.0;0.0;0.0;0.4;0.17;0.18;0.76;0;7;0.13
4243;cal000186;cal;afecto-1;unknown;Afecto 1.º;MALE;1;9;18;82;0;0;0;0;1.0;0.0;0.0;0.0;0.0;0.0;0.0;0.0;0.0;0.2;0.04;0.03;0.58;0;9;0.05
4244;cal000186;cal;afecto-2;unknown;Afecto 2.º;MALE;1;6;11;31;0;0;0;0;1.0;0.0;0.0;0.0;0.0;0.0;0.0;0.0;0.0;0.13;0.02;0.01;0.42;1;5;0.01
4245;cal000186;cal;afecto-3;unknown;Afecto 3.º;MALE;1;5;8;18;0;0;0;0;1.0;0.0;0.0;0.0;0.0;0.0;0.0;0.0;0.0;0.11;0.02;0.01;0.38;1;4;0.01
4246;cal000186;cal;afecto-4;unknown;Afecto 4.º;MALE;1;4;7;20;0;0;0;0;1.0;0.0;0.0;0.0;0.0;0.0;0.0;0.0;0.0;0.09;0.01;0.01;0.25;0;2;0.0
4247;cal000186;cal;afecto-6;unknown;Afecto 6.º;MALE;1;4;6;26;0;0;0;0;1.0;0.0;0.0;0.0;0.0;0.0;0.0;0.0;0.0;0.09;0.01;0.01;0.25;0;1;0.0
4248;cal000186;cal;angel-1;unknown;Ángel 1.º;MALE;1;2;12;41;0;0;0;0;1.0;0.0;0.0;0.0;0.0;0.0;0.0;0.0;0.0;0.04;0.02;0.02;0.33;0;3;0.01
4249;cal000186;cal;angel-2;unknown;Ángel 2.º;MALE;1;2;11;37;0;0;0;0;1.0;0.0;0.0;0.0;0.0;0.0;0.0;0.0;0.0;0.04;0.02;0.02;0.33;0;2;0.01
4250;cal000186;cal;mujer-1;unknown;Mujer 1.ª;FEMALE;1;2;2;7;0;0;0;0;1.0;0.0;0.0;0.0;0.0;0.0;0.0;0.0;0.0;0.04;0.0;0.0;0.24;2;4;0.0
4251;cal000186;cal;mujer-2;unknown;Mujer 2.ª;FEMALE;1;1;1;1;0;0;0;0;1.0;0.0;0.0;0.0;0.0;0.0;0.0;0.0;0.0;0.02;0.0;0.0;0.22;1;4;0.0
4252;cal000186;cal;nino;unknown;Niño;MALE;1;1;2;13;0;0;0;0;1.0;0.0;0.0;0.0;0.0;0.0;0.0;0.0;0.0;0.02;0.0;0.01;0.2;0;0;0.0
4253;cal000186;cal;moises musicos;unknown;UNKNOWN;u;1;1;1;8;0;0;0;0;1.0;0.0;0.0;0.0;0.0;0.0;0.0;0.0;0.0;0.02;0.0;0.0;0.16;2;3;0.0
4254;cal000186;cal;sefora musicos simplicio aron josue moises;unknown;UNKNOWN;u;1;1;1;2;0;0;0;0;1.0;0.0;0.0;0.0;0.0;0.0;0.0;0.0;0.0;0.02;0.0;0.0;0.16;0;0;0.0
4255;cal000186;cal;musicos sefora simplicio aron josue moises;unknown;UNKNOWN;u;1;1;1;4;0;0;0;0;1.0;0.0;0.0;0.0;0.0;0.0;0.0;0.0;0.0;0.02;0.0;0.0;0.16;0;0;0.0
4256;cal000186;cal;belfegor idolatria;unknown;UNKNOWN;u;1;2;3;6;0;0;0;0;1.0;0.0;0.0;0.0;0.0;0.0;0.0;0.0;0.0;0.04;0.01;0.0;0.22;1;3;0.0
4257;cal000186;cal;musicos sefora simplicio aron josue afecto-1 afecto-2 afecto-3 afecto-4 afecto-5 afecto-6;unknown;UNKNOWN;u;1;2;2;6;0;0;0;0;1.0;0.0;0.0;0.0;0.0;0.0;0.0;0.0;0.0;0.04;0.0;0.0;0.24;0;6;0.01
4258;cal000186;cal;idolatria belfegor musicos sefora simplicio aron josue afecto-1 afecto-2 afecto-3 afecto-4 afecto-5 afecto-6;unknown;UNKNOWN;u;1;1;1;4;0;0;0;0;1.0;0.0;0.0;0.0;0.0;0.0;0.0;0.0;0.0;0.02;0.0;0.0;0.07;0;0;0.0
4259;cal000186;cal;musicos sefora aron josue afecto-1 afecto-2 afecto-3 afecto-4 afecto-5 afecto-6 simplicio;unknown;UNKNOWN;u;1;1;2;6;0;0;0;0;1.0;0.0;0.0;0.0;0.0;0.0;0.0;0.0;0.0;0.02;0.0;0.0;0.16;0;0;0.0
4260;cal000186;cal;acompanamiento;unknown;UNKNOWN;u;1;5;17;17;0;0;0;0;1.0;0.0;0.0;0.0;0.0;0.0;0.0;0.0;0.0;0.11;0.03;0.01;0.33;3;1;0.01
4261;cal000186;cal;afecto-1 afecto-2 afecto-3;unknown;UNKNOWN;u;1;1;1;1;0;0;0;0;1.0;0.0;0.0;0.0;0.0;0.0;0.0;0.0;0.0;0.02;0.0;0.0;0.09;0;1;0.0
4262;cal000186;cal;afecto-4 afecto-5 afecto-6;unknown;UNKNOWN;u;1;1;1;1;0;0;0;0;1.0;0.0;0.0;0.0;0.0;0.0;0.0;0.0;0.0;0.02;0.0;0.0;0.09;0;1;0.0
4263;cal000186;cal;afecto-1 afecto-2 afecto-3 afecto-4 afecto-5 afecto-6;unknown;UNKNOWN;u;1;1;1;2;0;0;0;0;1.0;0.0;0.0;0.0;0.0;0.0;0.0;0.0;0.0;0.02;0.0;0.0;0.09;0;0;0.0
4264;cal000186;cal;sefora maria;unknown;UNKNOWN;u;1;2;2;2;0;0;0;0;1.0;0.0;0.0;0.0;0.0;0.0;0.0;0.0;0.0;0.04;0.0;0.0;0.09;0;1;0.0
4265;cal000186;cal;afecto-1 afecto-2 afecto-3 afecto-4 afecto-5 afecto-6 simplicio josue 1 aron sefora maria;unknown;UNKNOWN;u;1;1;1;1;0;0;0;0;1.0;0.0;0.0;0.0;0.0;0.0;0.0;0.0;0.0;0.02;0.0;0.0;0.07;0;0;0.0
4266;cal000186;cal;afecto-1 afecto-2 afecto-3 afecto-4 afecto-5 afecto-6 simplicio josue 1 aron sefora maria moises;unknown;UNKNOWN;u;1;1;2;6;0;0;0;0;1.0;0.0;0.0;0.0;0.0;0.0;0.0;0.0;0.0;0.02;0.0;0.0;0.11;0;0;0.0
4267;cal000186;cal;maria sefora;unknown;UNKNOWN;u;1;2;2;3;0;0;0;0;1.0;0.0;0.0;0.0;0.0;0.0;0.0;0.0;0.0;0.04;0.0;0.0;0.11;2;1;0.0
4268;cal000186;cal;angel-2 angel-1;unknown;UNKNOWN;u;1;1;1;1;0;0;0;0;1.0;0.0;0.0;0.0;0.0;0.0;0.0;0.0;0.0;0.02;0.0;0.0;0.18;0;1;0.0
4269;cal000186;cal;angel-1 angel-2;unknown;UNKNOWN;u;1;1;1;1;0;0;0;0;1.0;0.0;0.0;0.0;0.0;0.0;0.0;0.0;0.0;0.02;0.0;0.0;0.18;0;1;0.0
4270;cal000186;cal;musicos angel-1 angel-2;unknown;UNKNOWN;u;1;1;1;4;0;0;0;0;1.0;0.0;0.0;0.0;0.0;0.0;0.0;0.0;0.0;0.02;0.0;0.0;0.18;0;1;0.0
4271;cal000186;cal;afecto-4 afecto-6 acompanamiento josue afecto-1 afecto-2 afecto-3 afecto-5 simplicio moises sefora maria musicos angel-1 angel-2 aron;unknown;UNKNOWN;u;1;2;3;9;0;0;0;0;1.0;0.0;0.0;0.0;0.0;0.0;0.0;0.0;0.0;0.04;0.01;0.0;0.35;2;4;0.01
4272;cal000186;cal;afectos-4 afecto-6;unknown;UNKNOWN;u;1;1;1;1;0;0;0;0;1.0;0.0;0.0;0.0;0.0;0.0;0.0;0.0;0.0;0.02;0.0;0.0;0.22;1;1;0.0
4273;cal000186;cal;afecto-4 afecto-6 afecto-2 afecto-3 afecto-5;unknown;UNKNOWN;u;1;1;1;2;0;0;0;0;1.0;0.0;0.0;0.0;0.0;0.0;0.0;0.0;0.0;0.02;0.0;0.0;0.16;0;5;0.0
4274;cal000186;cal;acompanamiento maria angel-1 angel-2 mujer-1 mujer-2 afectos-4 sefora aron josue musicos belfegor afecto-4 afecto-6 afecto-2 afecto-3 simplicio afecto-1;unknown;UNKNOWN;u;1;1;2;4;0;0;0;0;1.0;0.0;0.0;0.0;0.0;0.0;0.0;0.0;0.0;0.02;0.0;0.0;0.16;0;0;0.0
4275;cal000186;cal;acompanamiento maria angel-1 angel-2 mujer-1 mujer-2 afectos-4 sefora josue musicos belfegor afecto-4 afecto-6 afecto-2 afecto-3 simplicio afecto-1;unknown;UNKNOWN;u;1;7;17;29;0;0;0;0;1.0;0.0;0.0;0.0;0.0;0.0;0.0;0.0;0.0;0.16;0.03;0.01;0.42;3;7;0.02
4276;cal000186;cal;idolatria belfegor musicos;unknown;UNKNOWN;u;1;1;1;5;0;0;0;0;1.0;0.0;0.0;0.0;0.0;0.0;0.0;0.0;0.0;0.02;0.0;0.0;0.05;0;0;0.0
4277;cal000186;cal;josue musicos;unknown;UNKNOWN;u;1;1;1;5;0;0;0;0;1.0;0.0;0.0;0.0;0.0;0.0;0.0;0.0;0.0;0.02;0.0;0.0;0.04;0;1;0.0
4278;cal000186;cal;acompanamiento maria sefora moises;unknown;UNKNOWN;u;1;1;1;1;0;0;0;0;1.0;0.0;0.0;0.0;0.0;0.0;0.0;0.0;0.0;0.02;0.0;0.0;0.09;2;1;0.0
4279;cal000186;cal;acompanamiento simplicio belfegor idolatria;unknown;UNKNOWN;u;1;1;1;1;0;0;0;0;1.0;0.0;0.0;0.0;0.0;0.0;0.0;0.0;0.0;0.02;0.0;0.0;0.18;0;1;0.0
4280;cal000186;cal;acompanamiento 1 acompanamiento angel-1 angel-2 mujer-2 afectos-4 6 mujer-1 musicos aron josue maria sefora moises acompanamiento acompanamiento afecto-1 afecto-2 afecto-3 afecto-4 afecto-6 simplicio belfegor idolatria;unknown;UNKNOWN;u;1;1;1;1;0;0;0;0;1.0;0.0;0.0;0.0;0.0;0.0;0.0;0.0;0.0;0.02;0.0;0.0;0.18;0;1;0.0
4281;cal000186;cal;afecto-1 afecto-2;unknown;UNKNOWN;u;1;1;1;2;0;0;0;0;1.0;0.0;0.0;0.0;0.0;0.0;0.0;0.0;0.0;0.02;0.0;0.0;0.18;0;1;0.0
4282;cal000186;cal;afecto-3 afecto-4;unknown;UNKNOWN;u;1;1;1;4;0;0;0;0;1.0;0.0;0.0;0.0;0.0;0.0;0.0;0.0;0.0;0.02;0.0;0.0;0.18;0;1;0.0
4283;cal000186;cal;acompanamiento maria angel-1 angel-2 mujer-1 mujer-2 afectos-4 sefora josue musicos afecto-4 afecto-6 afecto-2 afecto-3 simplicio afecto-1 moises maria;unknown;UNKNOWN;u;1;1;1;2;0;0;0;0;1.0;0.0;0.0;0.0;0.0;0.0;0.0;0.0;0.0;0.02;0.0;0.0;0.18;0;0;0.0
4284;cal000186;cal;acompanamiento maria angel-1 angel-2 mujer-1 mujer-2 afectos-4 sefora josue musicos moises afecto-4 afecto-6 afecto-2 afecto-3 simplicio afecto-1;unknown;UNKNOWN;u;1;1;1;1;0;0;0;0;1.0;0.0;0.0;0.0;0.0;0.0;0.0;0.0;0.0;0.02;0.0;0.0;0.2;1;4;0.0
4285;cal000186;cal;idolatria belfegor;unknown;UNKNOWN;u;1;1;6;11;0;0;0;0;1.0;0.0;0.0;0.0;0.0;0.0;0.0;0.0;0.0;0.02;0.01;0.0;0.2;0;3;0.0
4286;cal000186;cal;acompanamiento maria angel-1 angel-2 mujer-1 mujer-2 afectos-4 sefora josue musicos moises afecto-4 afecto-5 afecto-6 afecto-2 afecto-3 simplicio afecto-1;unknown;UNKNOWN;u;1;1;2;6;0;0;0;0;1.0;0.0;0.0;0.0;0.0;0.0;0.0;0.0;0.0;0.02;0.0;0.0;0.09;0;0;0.0
4287;cal000123;cal;música;unknown;Músicos;UNKNOWN;2;3;3;18;0;0;0;0;0.78;0.22;0.0;0.0;0.0;0.0;0.0;0.0;0.0;0.1;0.01;0.01;0.44;3;2;0.0
4288;cal000123;cal;salomón;unknown;Salomón;MALE;3;12;44;427;0;0;0;0;0.41;0.33;0.26;0.0;0.0;0.0;0.0;0.0;0.0;0.39;0.13;0.17;0.78;5;2;0.2
4289;cal000123;cal;hirán;unknown;Hirán;MALE;3;10;30;263;0;0;0;0;0.62;0.27;0.11;0.0;0.0;0.0;0.0;0.0;0.0;0.32;0.09;0.1;0.78;4;6;0.12
4290;cal000123;cal;candaces;unknown;Candaces;MALE;3;5;28;205;0;0;0;0;0.26;0.43;0.3;0.0;0.0;0.0;0.0;0.0;0.0;0.16;0.08;0.08;0.61;3;4;0.05
4291;cal000123;cal;eliud;unknown;Eliud;MALE;2;2;7;31;0;0;0;0;0.45;0.0;0.55;0.0;0.0;0.0;0.0;0.0;0.0;0.06;0.02;0.01;0.22;0;3;0.0
4292;cal000123;cal;visión;unknown;Una Visión;FEMALE;2;2;5;32;0;0;0;0;0.66;0.0;0.34;0.0;0.0;0.0;0.0;0.0;0.0;0.06;0.01;0.01;0.06;0;0;0.0
4293;cal000123;cal;sabá;unknown;Sabá;FEMALE;3;13;56;753;0;0;0;0;0.32;0.27;0.42;0.0;0.0;0.0;0.0;0.0;0.0;0.42;0.16;0.3;0.83;1;2;0.12
4294;cal000123;cal;irífile;unknown;Irífile;FEMALE;3;8;16;133;0;0;0;0;0.79;0.06;0.15;0.0;0.0;0.0;0.0;0.0;0.0;0.26;0.05;0.05;0.67;4;3;0.03
4295;cal000123;cal;casimira;unknown;Casimira;FEMALE;3;7;20;37;0;0;0;0;0.59;0.08;0.32;0.0;0.0;0.0;0.0;0.0;0.0;0.23;0.06;0.01;0.67;3;3;0.03
4296;cal000123;cal;irene;unknown;Irene;FEMALE;3;7;23;64;0;0;0;0;0.42;0.03;0.55;0.0;0.0;0.0;0.0;0.0;0.0;0.23;0.07;0.03;0.56;2;2;0.01
4297;cal000123;cal;mandinga;unknown;Mandinga;FEMALE;3;10;31;88;0;0;0;0;0.5;0.25;0.25;0.0;0.0;0.0;0.0;0.0;0.0;0.32;0.09;0.04;0.61;0;0;0.02
4298;cal000123;cal;libio;unknown;Libio;MALE;2;8;29;80;0;0;0;0;0.89;0.11;0.0;0.0;0.0;0.0;0.0;0.0;0.0;0.26;0.08;0.03;0.56;2;2;0.01
4299;cal000123;cal;semeí;unknown;Semeí;MALE;2;3;11;37;0;0;0;0;0.0;0.59;0.41;0.0;0.0;0.0;0.0;0.0;0.0;0.1;0.03;0.01;0.33;1;1;0.0
4300;cal000123;cal;joab;unknown;Joab;MALE;2;5;20;270;0;0;0;0;0.0;0.91;0.09;0.0;0.0;0.0;0.0;0.0;0.0;0.16;0.06;0.11;0.33;0;0;0.0
4301;cal000123;cal;hebreo;unknown;Un Hebreo;MALE;2;2;11;53;0;0;0;0;0.0;0.91;0.09;0.0;0.0;0.0;0.0;0.0;0.0;0.06;0.03;0.02;0.33;1;3;0.01
4302;cal000123;cal;músico-1;unknown;Músico 1;MALE;2;2;3;3;0;0;0;0;0.67;0.33;0.0;0.0;0.0;0.0;0.0;0.0;0.0;0.06;0.01;0.0;0.44;3;1;0.0
4303;cal000123;cal;músico-2;unknown;Músico 2;MALE;2;3;4;6;0;0;0;0;0.83;0.17;0.0;0.0;0.0;0.0;0.0;0.0;0.0;0.1;0.01;0.0;0.44;2;0;0.0
4304;cal000123;cal;candaces hirán;unknown;UNKNOWN;u;1;1;1;1;0;0;0;0;1.0;0.0;0.0;0.0;0.0;0.0;0.0;0.0;0.0;0.03;0.0;0.0;0.17;0;0;0.0
4305;cal000123;cal;todos;unknown;UNKNOWN;u;2;2;3;4;0;0;0;0;0.25;0.75;0.0;0.0;0.0;0.0;0.0;0.0;0.0;0.06;0.01;0.0;0.61;0;0;0.02
4306;cal000187;cal;musicos;unknown;Músicos;UNKNOWN;1;4;5;17;0;0;0;0;1.0;0.0;0.0;0.0;0.0;0.0;0.0;0.0;0.0;0.1;0.01;0.01;0.54;1;1;0.04
4307;cal000187;cal;padre;unknown;Padre;MALE;1;10;47;289;0;0;0;0;1.0;0.0;0.0;0.0;0.0;0.0;0.0;0.0;0.0;0.25;0.13;0.18;0.58;5;3;0.04
4308;cal000187;cal;adan;unknown;Adán;MALE;1;8;32;153;0;0;0;0;1.0;0.0;0.0;0.0;0.0;0.0;0.0;0.0;0.0;0.2;0.09;0.09;0.88;4;7;0.35
4309;cal000187;cal;emanuel;unknown;Emanuel;MALE;1;11;40;208;0;0;0;0;1.0;0.0;0.0;0.0;0.0;0.0;0.0;0.0;0.0;0.28;0.11;0.13;0.5;2;1;0.02
4310;cal000187;cal;sueno;unknown;Sueño;MALE;1;8;22;174;0;0;0;0;1.0;0.0;0.0;0.0;0.0;0.0;0.0;0.0;0.0;0.2;0.06;0.11;0.42;3;3;0.0
4311;cal000187;cal;gabriel;unknown;Gabriel;MALE;1;6;17;53;0;0;0;0;1.0;0.0;0.0;0.0;0.0;0.0;0.0;0.0;0.0;0.15;0.05;0.03;0.54;4;5;0.05
4312;cal000187;cal;labrador-1;unknown;Labrador 1.º;MALE;1;2;3;7;0;0;0;0;1.0;0.0;0.0;0.0;0.0;0.0;0.0;0.0;0.0;0.05;0.01;0.0;0.21;0;3;0.0
4313;cal000187;cal;labrador-2;unknown;Labrador 2.º;MALE;1;2;3;7;0;0;0;0;1.0;0.0;0.0;0.0;0.0;0.0;0.0;0.0;0.0;0.05;0.01;0.0;0.21;0;2;0.0
4314;cal000187;cal;labrador-3;unknown;Labrador 3.º;MALE;1;1;1;3;0;0;0;0;1.0;0.0;0.0;0.0;0.0;0.0;0.0;0.0;0.0;0.03;0.0;0.0;0.17;0;1;0.0
4315;cal000187;cal;labrador-4;unknown;Labrador 4.º;MALE;1;1;1;1;0;0;0;0;1.0;0.0;0.0;0.0;0.0;0.0;0.0;0.0;0.0;0.03;0.0;0.0;0.17;0;0;0.0
4316;cal000187;cal;culpa;unknown;Culpa;FEMALE;1;16;69;318;0;0;0;0;1.0;0.0;0.0;0.0;0.0;0.0;0.0;0.0;0.0;0.4;0.19;0.2;0.67;2;1;0.09
4317;cal000187;cal;acompanamiento;unknown;Una Voz;UNKNOWN;1;1;1;2;0;0;0;0;1.0;0.0;0.0;0.0;0.0;0.0;0.0;0.0;0.0;0.03;0.0;0.0;0.17;0;0;0.0
4318;cal000187;cal;judaismo;unknown;Judaísmo;MALE;1;15;51;168;0;0;0;0;1.0;0.0;0.0;0.0;0.0;0.0;0.0;0.0;0.0;0.38;0.14;0.1;0.58;5;2;0.11
4319;cal000187;cal;idolatria;unknown;Idolatría;FEMALE;1;8;21;66;0;0;0;0;1.0;0.0;0.0;0.0;0.0;0.0;0.0;0.0;0.0;0.2;0.06;0.04;0.54;2;1;0.02
4320;cal000187;cal;apostasia;unknown;Apostasía;FEMALE;1;8;18;54;0;0;0;0;1.0;0.0;0.0;0.0;0.0;0.0;0.0;0.0;0.0;0.2;0.05;0.03;0.54;0;1;0.02
4321;cal000187;cal;fe;unknown;Fe;FEMALE;1;8;21;90;0;0;0;0;1.0;0.0;0.0;0.0;0.0;0.0;0.0;0.0;0.0;0.2;0.06;0.06;0.5;3;2;0.01
4322;cal000187;cal;maria;unknown;María;FEMALE;1;1;1;3;0;0;0;0;1.0;0.0;0.0;0.0;0.0;0.0;0.0;0.0;0.0;0.03;0.0;0.0;0.25;0;0;0.0
4323;cal000187;cal;padre adan labrador-1 labrador-2 labrador-3 labrador-4 gabriel maria fe;unknown;UNKNOWN;u;1;1;1;1;0;0;0;0;1.0;0.0;0.0;0.0;0.0;0.0;0.0;0.0;0.0;0.03;0.0;0.0;0.12;0;0;0.0
4324;cal000187;cal;adan labrador-1 labrador-2 labrador-3 labrador-4;unknown;UNKNOWN;u;1;1;1;1;0;0;0;0;1.0;0.0;0.0;0.0;0.0;0.0;0.0;0.0;0.0;0.03;0.0;0.0;0.12;0;2;0.0
4325;cal000187;cal;labrador-1 labrador-2 labrador-3 labrador-4;unknown;UNKNOWN;u;1;2;2;3;0;0;0;0;1.0;0.0;0.0;0.0;0.0;0.0;0.0;0.0;0.0;0.05;0.01;0.0;0.33;2;0;0.01
4326;cal000187;cal;gabriel labrador-1 labrador-2 labrador-3 labrador-4 adan;unknown;UNKNOWN;u;1;1;3;6;0;0;0;0;1.0;0.0;0.0;0.0;0.0;0.0;0.0;0.0;0.0;0.03;0.01;0.0;0.08;1;0;0.0
4327;cal000187;cal;gabriel labrador-1 labrador-2 labrador-3 labrador-4 acompanamiento;unknown;UNKNOWN;u;1;1;1;2;0;0;0;0;1.0;0.0;0.0;0.0;0.0;0.0;0.0;0.0;0.0;0.03;0.0;0.0;0.17;0;0;0.0
4328;cal000187;cal;culpa judaismo;unknown;UNKNOWN;u;1;1;1;1;0;0;0;0;1.0;0.0;0.0;0.0;0.0;0.0;0.0;0.0;0.0;0.03;0.0;0.0;0.04;0;0;0.0
4329;cal000187;cal;labrador-1 labrador-2 labrador-3 labrador-4 adan gabriel sueno musicos judaismo idolatria culpa apostasia;unknown;UNKNOWN;u;1;1;1;1;0;0;0;0;1.0;0.0;0.0;0.0;0.0;0.0;0.0;0.0;0.0;0.03;0.0;0.0;0.21;0;0;0.0
4330;cal000187;cal;idolatria apostasia;unknown;UNKNOWN;u;1;1;1;1;0;0;0;0;1.0;0.0;0.0;0.0;0.0;0.0;0.0;0.0;0.0;0.03;0.0;0.0;0.21;0;0;0.0
4331;cal000188;cal;noe;unknown;Noé;MALE;1;13;32;446;0;0;0;0;1.0;0.0;0.0;0.0;0.0;0.0;0.0;0.0;0.0;0.46;0.15;0.28;0.81;0;9;0.45
4332;cal000188;cal;mujer-1;unknown;Mujer 1.ª;FEMALE;1;3;5;13;0;0;0;0;1.0;0.0;0.0;0.0;0.0;0.0;0.0;0.0;0.0;0.11;0.02;0.01;0.31;4;4;0.0
4333;cal000188;cal;japhet;unknown;Japhet;MALE;1;6;10;45;0;0;0;0;1.0;0.0;0.0;0.0;0.0;0.0;0.0;0.0;0.0;0.21;0.05;0.03;0.35;2;1;0.02
4334;cal000188;cal;mujer-2;unknown;Mujer 2.ª;FEMALE;1;2;3;8;0;0;0;0;1.0;0.0;0.0;0.0;0.0;0.0;0.0;0.0;0.0;0.07;0.01;0.01;0.31;3;3;0.0
4335;cal000188;cal;sem;unknown;Sem;MALE;1;5;12;49;0;0;0;0;1.0;0.0;0.0;0.0;0.0;0.0;0.0;0.0;0.0;0.18;0.06;0.03;0.35;1;1;0.02
4336;cal000188;cal;mujer-3;unknown;Mujer 3.ª;FEMALE;1;2;3;6;0;0;0;0;1.0;0.0;0.0;0.0;0.0;0.0;0.0;0.0;0.0;0.07;0.01;0.0;0.31;2;3;0.0
4337;cal000188;cal;cam;unknown;Cam;MALE;1;7;14;164;0;0;0;0;1.0;0.0;0.0;0.0;0.0;0.0;0.0;0.0;0.0;0.25;0.06;0.1;0.35;1;3;0.02
4338;cal000188;cal;mujer;unknown;Mujer;FEMALE;1;2;2;3;0;0;0;0;1.0;0.0;0.0;0.0;0.0;0.0;0.0;0.0;0.0;0.07;0.01;0.0;0.31;0;2;0.0
4339;cal000188;cal;mujer-4;unknown;Mujer 4.ª;FEMALE;1;1;1;1;0;0;0;0;1.0;0.0;0.0;0.0;0.0;0.0;0.0;0.0;0.0;0.04;0.0;0.0;0.31;1;4;0.0
4340;cal000188;cal;angel;unknown;Ángel;MALE;1;4;9;315;0;0;0;0;1.0;0.0;0.0;0.0;0.0;0.0;0.0;0.0;0.0;0.14;0.04;0.2;0.46;0;9;0.01
4341;cal000188;cal;heber;unknown;Heber;MALE;1;7;20;132;0;0;0;0;1.0;0.0;0.0;0.0;0.0;0.0;0.0;0.0;0.0;0.25;0.09;0.08;0.62;0;7;0.02
4342;cal000188;cal;arcener;unknown;Arcener;MALE;1;6;16;48;0;0;0;0;1.0;0.0;0.0;0.0;0.0;0.0;0.0;0.0;0.0;0.21;0.07;0.03;0.62;0;6;0.02
4343;cal000188;cal;libio;unknown;Libio;MALE;1;7;14;33;0;0;0;0;1.0;0.0;0.0;0.0;0.0;0.0;0.0;0.0;0.0;0.25;0.06;0.02;0.62;0;5;0.02
4344;cal000188;cal;floro;unknown;Floro;MALE;1;6;8;18;0;0;0;0;1.0;0.0;0.0;0.0;0.0;0.0;0.0;0.0;0.0;0.21;0.04;0.01;0.62;0;4;0.02
4345;cal000188;cal;nembrot;unknown;Nembrot;MALE;1;6;30;242;0;0;0;0;1.0;0.0;0.0;0.0;0.0;0.0;0.0;0.0;0.0;0.21;0.14;0.15;0.62;0;9;0.02
4346;cal000188;cal;salvaje-1;unknown;Salvaje 1.º;MALE;1;5;13;24;0;0;0;0;1.0;0.0;0.0;0.0;0.0;0.0;0.0;0.0;0.0;0.18;0.06;0.02;0.62;0;3;0.02
4347;cal000188;cal;salvaje-2;unknown;Salvaje 2.º;MALE;1;5;10;19;0;0;0;0;1.0;0.0;0.0;0.0;0.0;0.0;0.0;0.0;0.0;0.18;0.05;0.01;0.62;0;2;0.02
4348;cal000188;cal;salvaje-3;unknown;Salvaje 3.º;MALE;1;3;3;4;0;0;0;0;1.0;0.0;0.0;0.0;0.0;0.0;0.0;0.0;0.0;0.11;0.01;0.0;0.58;0;1;0.01
4349;cal000188;cal;salvaje-4;unknown;Salvaje 4.º;MALE;1;2;2;3;0;0;0;0;1.0;0.0;0.0;0.0;0.0;0.0;0.0;0.0;0.0;0.07;0.01;0.0;0.42;0;0;0.0
4350;cal000188;cal;mujer mujer-1 mujer-2 mujer-3 mujer-4;unknown;UNKNOWN;u;1;1;1;2;0;0;0;0;1.0;0.0;0.0;0.0;0.0;0.0;0.0;0.0;0.0;0.04;0.0;0.0;0.0;0;0;0.0
4351;cal000188;cal;sem japhet;unknown;UNKNOWN;u;1;1;1;1;0;0;0;0;1.0;0.0;0.0;0.0;0.0;0.0;0.0;0.0;0.0;0.04;0.0;0.0;0.12;0;3;0.0
4352;cal000188;cal;salvaje-1 salvaje-2 salvaje-3 salvaje-4;unknown;UNKNOWN;u;1;1;1;1;0;0;0;0;1.0;0.0;0.0;0.0;0.0;0.0;0.0;0.0;0.0;0.04;0.0;0.0;0.42;0;0;0.0
4353;cal000188;cal;sem japhet cam angel floro noe libio nembrot heber arcener;unknown;UNKNOWN;u;1;1;1;1;0;0;0;0;1.0;0.0;0.0;0.0;0.0;0.0;0.0;0.0;0.0;0.04;0.0;0.0;0.42;0;0;0.0
4354;cal000188;cal;acompanamiento;unknown;UNKNOWN;u;1;2;3;3;0;0;0;0;1.0;0.0;0.0;0.0;0.0;0.0;0.0;0.0;0.0;0.07;0.01;0.0;0.46;0;4;0.01
4355;cal000188;cal;mujer mujer-2 mujer-3 sem japhet cam mujer-1 floro salvaje-3 salvaje-4 heber arcener libio acompanamiento noe salvaje-1 salvaje-2;unknown;UNKNOWN;u;1;1;1;2;0;0;0;0;1.0;0.0;0.0;0.0;0.0;0.0;0.0;0.0;0.0;0.04;0.0;0.0;0.27;0;4;0.0
4356;cal000188;cal;nembrot salvaje-1 salvaje-2 salvaje-3 salvaje-4;unknown;UNKNOWN;u;1;1;1;2;0;0;0;0;1.0;0.0;0.0;0.0;0.0;0.0;0.0;0.0;0.0;0.04;0.0;0.0;0.42;0;8;0.0
4357;cal000188;cal;mujer mujer-2 mujer-3 sem japhet cam mujer-1 acompanamiento noe salvaje-3 salvaje-4 arcener salvaje-2 floro libio heber salvaje-1;unknown;UNKNOWN;u;1;1;1;1;0;0;0;0;1.0;0.0;0.0;0.0;0.0;0.0;0.0;0.0;0.0;0.04;0.0;0.0;0.42;0;2;0.0
4358;cal000189;cal;justicia;unknown;Justicia;FEMALE;1;8;31;106;0;0;0;0;1.0;0.0;0.0;0.0;0.0;0.0;0.0;0.0;0.0;0.33;0.12;0.1;0.57;4;1;0.02
4359;cal000189;cal;misericordia;unknown;Misericordia;FEMALE;1;7;23;74;0;0;0;0;1.0;0.0;0.0;0.0;0.0;0.0;0.0;0.0;0.0;0.29;0.09;0.07;0.5;3;0;0.0
4360;cal000189;cal;verdad;unknown;Verdad;FEMALE;1;8;26;75;0;0;0;0;1.0;0.0;0.0;0.0;0.0;0.0;0.0;0.0;0.0;0.33;0.1;0.07;0.5;1;0;0.0
4361;cal000189;cal;paz;unknown;Paz;FEMALE;1;6;19;46;0;0;0;0;1.0;0.0;0.0;0.0;0.0;0.0;0.0;0.0;0.0;0.25;0.07;0.04;0.5;1;0;0.0
4362;cal000189;cal;hombre;unknown;Hombre;MALE;1;5;19;182;0;0;0;0;1.0;0.0;0.0;0.0;0.0;0.0;0.0;0.0;0.0;0.21;0.07;0.17;0.57;5;2;0.14
4363;cal000189;cal;verbo;unknown;Verbo;MALE;1;8;43;206;0;0;0;0;1.0;0.0;0.0;0.0;0.0;0.0;0.0;0.0;0.0;0.33;0.16;0.19;0.71;7;2;0.52
4364;cal000189;cal;amor;unknown;Amor;MALE;1;6;34;173;0;0;0;0;1.0;0.0;0.0;0.0;0.0;0.0;0.0;0.0;0.0;0.25;0.13;0.16;0.57;5;1;0.02
4365;cal000189;cal;miseria;unknown;Miseria;FEMALE;1;2;13;90;0;0;0;0;1.0;0.0;0.0;0.0;0.0;0.0;0.0;0.0;0.0;0.08;0.05;0.08;0.07;0;1;0.0
4366;cal000189;cal;envidia;unknown;Envidia;FEMALE;1;4;21;57;0;0;0;0;1.0;0.0;0.0;0.0;0.0;0.0;0.0;0.0;0.0;0.17;0.08;0.05;0.36;0;1;0.32
4367;cal000189;cal;mundo;unknown;Mundo;MALE;1;1;1;1;0;0;0;0;1.0;0.0;0.0;0.0;0.0;0.0;0.0;0.0;0.0;0.04;0.0;0.0;0.14;0;0;0.0
4368;cal000189;cal;gula;unknown;Gula;FEMALE;1;2;17;44;0;0;0;0;1.0;0.0;0.0;0.0;0.0;0.0;0.0;0.0;0.0;0.08;0.06;0.04;0.21;1;0;0.05
4369;cal000189;cal;acompanamiento;unknown;Dentro;UNKNOWN;1;1;2;2;0;0;0;0;1.0;0.0;0.0;0.0;0.0;0.0;0.0;0.0;0.0;0.04;0.01;0.0;0.14;0;0;0.0
4370;cal000189;cal;genero-humano;unknown;Género Humano;MALE;1;1;1;1;0;0;0;0;1.0;0.0;0.0;0.0;0.0;0.0;0.0;0.0;0.0;0.04;0.0;0.0;0.21;0;0;0.0
4371;cal000189;cal;duda;unknown;Duda;FEMALE;1;3;11;34;0;0;0;0;1.0;0.0;0.0;0.0;0.0;0.0;0.0;0.0;0.0;0.12;0.04;0.03;0.5;1;0;0.0
4372;cal000189;cal;gula envidia;unknown;UNKNOWN;u;1;1;1;2;0;0;0;0;1.0;0.0;0.0;0.0;0.0;0.0;0.0;0.0;0.0;0.04;0.0;0.0;0.14;0;0;0.0
4373;cal000190;cal;musicos;unknown;Músicos;UNKNOWN;1;6;8;17;0;0;0;0;1.0;0.0;0.0;0.0;0.0;0.0;0.0;0.0;0.0;0.3;0.03;0.01;0.67;0;0;0.0
4374;cal000190;cal;baptista;unknown;Baptista;MALE;1;10;24;109;0;0;0;0;1.0;0.0;0.0;0.0;0.0;0.0;0.0;0.0;0.0;0.5;0.08;0.07;0.95;1;0;0.08
4375;cal000190;cal;sinagoga;unknown;Sinagoga;FEMALE;1;8;37;140;0;0;0;0;1.0;0.0;0.0;0.0;0.0;0.0;0.0;0.0;0.0;0.4;0.12;0.09;0.81;1;7;0.03
4376;cal000190;cal;judaismo;unknown;Judaísmo;MALE;1;8;67;268;0;0;0;0;1.0;0.0;0.0;0.0;0.0;0.0;0.0;0.0;0.0;0.4;0.22;0.18;0.86;2;7;0.04
4377;cal000190;cal;iglesia;unknown;Iglesia;FEMALE;1;3;19;305;0;0;0;0;1.0;0.0;0.0;0.0;0.0;0.0;0.0;0.0;0.0;0.15;0.06;0.2;0.71;2;5;0.01
4378;cal000190;cal;andres;unknown;Andrés;MALE;1;3;6;30;0;0;0;0;1.0;0.0;0.0;0.0;0.0;0.0;0.0;0.0;0.0;0.15;0.02;0.02;0.81;2;8;0.01
4379;cal000190;cal;pedro;unknown;Pedro;MALE;1;7;20;80;0;0;0;0;1.0;0.0;0.0;0.0;0.0;0.0;0.0;0.0;0.0;0.35;0.07;0.05;0.95;1;6;0.06
4380;cal000190;cal;diego;unknown;Diego;MALE;1;4;5;16;0;0;0;0;1.0;0.0;0.0;0.0;0.0;0.0;0.0;0.0;0.0;0.2;0.02;0.01;0.81;1;5;0.01
4381;cal000190;cal;juan;unknown;Juan;MALE;1;4;10;76;0;0;0;0;1.0;0.0;0.0;0.0;0.0;0.0;0.0;0.0;0.0;0.2;0.03;0.05;0.81;1;4;0.01
4382;cal000190;cal;criado;unknown;Criado;MALE;1;1;1;5;0;0;0;0;1.0;0.0;0.0;0.0;0.0;0.0;0.0;0.0;0.0;0.05;0.0;0.0;0.57;1;3;0.0
4383;cal000190;cal;pablo;unknown;Pablo;MALE;1;5;31;150;0;0;0;0;1.0;0.0;0.0;0.0;0.0;0.0;0.0;0.0;0.0;0.25;0.1;0.1;0.86;2;2;0.03
4384;cal000190;cal;inocencia;unknown;Inocencia;FEMALE;1;5;23;79;0;0;0;0;1.0;0.0;0.0;0.0;0.0;0.0;0.0;0.0;0.0;0.25;0.07;0.05;0.81;0;2;0.02
4385;cal000190;cal;emanuel;unknown;Emanuel;MALE;1;8;43;203;0;0;0;0;1.0;0.0;0.0;0.0;0.0;0.0;0.0;0.0;0.0;0.4;0.14;0.14;0.95;1;1;0.06
4386;cal000190;cal;acompanamiento;unknown;Voz;UNKNOWN;1;3;4;4;0;0;0;0;1.0;0.0;0.0;0.0;0.0;0.0;0.0;0.0;0.0;0.15;0.01;0.0;0.71;2;4;0.02
4387;cal000190;cal;musicos iglesia pedro andres juan diego pablo inocencia emanuel;unknown;UNKNOWN;u;1;1;2;3;0;0;0;0;1.0;0.0;0.0;0.0;0.0;0.0;0.0;0.0;0.0;0.05;0.01;0.0;0.14;0;1;0.0
4388;cal000190;cal;andres pedro diego baptista;unknown;UNKNOWN;u;1;1;1;2;0;0;0;0;1.0;0.0;0.0;0.0;0.0;0.0;0.0;0.0;0.0;0.05;0.0;0.0;0.57;0;0;0.0
4389;cal000190;cal;baptista pedro andres juan diego;unknown;UNKNOWN;u;1;1;1;1;0;0;0;0;1.0;0.0;0.0;0.0;0.0;0.0;0.0;0.0;0.0;0.05;0.0;0.0;0.38;0;1;0.0
4390;cal000190;cal;criado musicos andres juan diego pablo inocencia baptista pedro emanuel;unknown;UNKNOWN;u;1;1;1;1;0;0;0;0;1.0;0.0;0.0;0.0;0.0;0.0;0.0;0.0;0.0;0.05;0.0;0.0;0.19;0;1;0.0
4391;cal000190;cal;criado musicos andres juan diego pablo inocencia pedro acompanamiento baptista;unknown;UNKNOWN;u;1;1;1;1;0;0;0;0;1.0;0.0;0.0;0.0;0.0;0.0;0.0;0.0;0.0;0.05;0.0;0.0;0.24;0;3;0.0
4392;cal000190;cal;musicos andres diego acompanamiento baptista pedro inocencia pablo iglesia juan;unknown;UNKNOWN;u;1;1;1;2;0;0;0;0;1.0;0.0;0.0;0.0;0.0;0.0;0.0;0.0;0.0;0.05;0.0;0.0;0.62;0;2;0.0
4393;cal000190;cal;musicos acompanamiento inocencia pablo juan emanuel pedro andres diego iglesia baptista;unknown;UNKNOWN;u;1;1;1;1;0;0;0;0;1.0;0.0;0.0;0.0;0.0;0.0;0.0;0.0;0.0;0.05;0.0;0.0;0.62;0;0;0.0
4394;cal000190;cal;musicos acompanamiento juan andres diego baptista emanuel pedro pablo iglesia inocencia;unknown;UNKNOWN;u;1;1;1;4;0;0;0;0;1.0;0.0;0.0;0.0;0.0;0.0;0.0;0.0;0.0;0.05;0.0;0.0;0.24;0;0;0.0
4395;cal000191;cal;musicos;unknown;Músicos;UNKNOWN;1;1;5;6;0;0;0;0;1.0;0.0;0.0;0.0;0.0;0.0;0.0;0.0;0.0;0.04;0.02;0.0;0.56;4;4;0.0
4396;cal000191;cal;sombra;unknown;Sombra;FEMALE;1;9;24;104;0;0;0;0;1.0;0.0;0.0;0.0;0.0;0.0;0.0;0.0;0.0;0.32;0.11;0.07;0.75;0;1;0.01
4397;cal000191;cal;tierra;unknown;Tierra;FEMALE;1;8;17;83;0;0;0;0;1.0;0.0;0.0;0.0;0.0;0.0;0.0;0.0;0.0;0.29;0.08;0.06;0.94;3;4;0.06
4398;cal000191;cal;aire;unknown;Aire;MALE;1;7;15;58;0;0;0;0;1.0;0.0;0.0;0.0;0.0;0.0;0.0;0.0;0.0;0.25;0.07;0.04;0.88;3;3;0.04
4399;cal000191;cal;agua;unknown;Agua;FEMALE;1;8;15;72;0;0;0;0;1.0;0.0;0.0;0.0;0.0;0.0;0.0;0.0;0.0;0.29;0.07;0.05;1.0;2;3;0.09
4400;cal000191;cal;fuego;unknown;Fuego;MALE;1;9;19;90;0;0;0;0;1.0;0.0;0.0;0.0;0.0;0.0;0.0;0.0;0.0;0.32;0.09;0.06;1.0;2;2;0.09
4401;cal000191;cal;luz;unknown;Luz;FEMALE;1;8;13;50;0;0;0;0;1.0;0.0;0.0;0.0;0.0;0.0;0.0;0.0;0.0;0.29;0.06;0.03;0.62;1;0;0.0
4402;cal000191;cal;verbo;unknown;Verbo;MALE;1;5;12;302;0;0;0;0;1.0;0.0;0.0;0.0;0.0;0.0;0.0;0.0;0.0;0.18;0.06;0.21;0.81;3;4;0.04
4403;cal000191;cal;sabiduria;unknown;Sabiduría;FEMALE;1;5;15;99;0;0;0;0;1.0;0.0;0.0;0.0;0.0;0.0;0.0;0.0;0.0;0.18;0.07;0.07;0.31;2;3;0.0
4404;cal000191;cal;hombre;unknown;Hombre;MALE;1;13;41;433;0;0;0;0;1.0;0.0;0.0;0.0;0.0;0.0;0.0;0.0;0.0;0.46;0.19;0.3;0.88;2;1;0.04
4405;cal000191;cal;albedrio;unknown;Albedrío;MALE;1;8;33;155;0;0;0;0;1.0;0.0;0.0;0.0;0.0;0.0;0.0;0.0;0.0;0.29;0.15;0.11;0.81;2;0;0.03
4406;cal000191;cal;tierra agua;unknown;UNKNOWN;u;1;1;1;1;0;0;0;0;1.0;0.0;0.0;0.0;0.0;0.0;0.0;0.0;0.0;0.04;0.0;0.0;0.38;0;0;0.0
4407;cal000191;cal;fuego aire;unknown;UNKNOWN;u;1;1;1;1;0;0;0;0;1.0;0.0;0.0;0.0;0.0;0.0;0.0;0.0;0.0;0.04;0.0;0.0;0.38;0;0;0.0
4408;cal000191;cal;acompanamiento;unknown;UNKNOWN;u;1;1;4;4;0;0;0;0;1.0;0.0;0.0;0.0;0.0;0.0;0.0;0.0;0.0;0.04;0.02;0.0;0.56;2;2;0.0
4409;cal000191;cal;fuego agua tierra aire;unknown;UNKNOWN;u;1;1;1;2;0;0;0;0;1.0;0.0;0.0;0.0;0.0;0.0;0.0;0.0;0.0;0.04;0.0;0.0;0.25;1;3;0.0
4410;cal000191;cal;aire fuego tierra agua;unknown;UNKNOWN;u;1;1;1;1;0;0;0;0;1.0;0.0;0.0;0.0;0.0;0.0;0.0;0.0;0.0;0.04;0.0;0.0;0.56;2;4;0.0
4411;cal000191;cal;acompanamiento sabiduria luz albedrio agua sombra tierra aire fuego;unknown;UNKNOWN;u;1;1;1;2;0;0;0;0;1.0;0.0;0.0;0.0;0.0;0.0;0.0;0.0;0.0;0.04;0.0;0.0;0.56;0;0;0.0
4412;cal000192;cal;musicos;unknown;Músicos;UNKNOWN;1;11;26;44;0;0;0;0;1.0;0.0;0.0;0.0;0.0;0.0;0.0;0.0;0.0;0.46;0.06;0.02;0.94;0;4;0.09
4413;cal000192;cal;agua;unknown;Agua;FEMALE;1;11;27;68;0;0;0;0;1.0;0.0;0.0;0.0;0.0;0.0;0.0;0.0;0.0;0.46;0.06;0.03;0.88;2;5;0.05
4414;cal000192;cal;aire;unknown;Aire;MALE;1;10;25;60;0;0;0;0;1.0;0.0;0.0;0.0;0.0;0.0;0.0;0.0;0.0;0.42;0.06;0.03;0.88;2;4;0.05
4415;cal000192;cal;tierra;unknown;Tierra;FEMALE;1;10;22;54;0;0;0;0;1.0;0.0;0.0;0.0;0.0;0.0;0.0;0.0;0.0;0.42;0.05;0.03;0.88;1;4;0.05
4416;cal000192;cal;fuego;unknown;Fuego;MALE;1;10;30;122;0;0;0;0;1.0;0.0;0.0;0.0;0.0;0.0;0.0;0.0;0.0;0.42;0.07;0.06;0.88;1;3;0.05
4417;cal000192;cal;poder;unknown;Poder;MALE;1;4;15;213;0;0;0;0;1.0;0.0;0.0;0.0;0.0;0.0;0.0;0.0;0.0;0.17;0.03;0.1;0.73;5;5;0.02
4418;cal000192;cal;sabiduria;unknown;Sabiduría;FEMALE;1;8;17;156;0;0;0;0;1.0;0.0;0.0;0.0;0.0;0.0;0.0;0.0;0.0;0.33;0.04;0.08;0.79;2;3;0.06
4419;cal000192;cal;amor;unknown;Amor;MALE;1;4;7;104;0;0;0;0;1.0;0.0;0.0;0.0;0.0;0.0;0.0;0.0;0.0;0.17;0.02;0.05;0.73;3;6;0.02
4420;cal000192;cal;sombra;unknown;Sombra;FEMALE;1;11;74;362;0;0;0;0;1.0;0.0;0.0;0.0;0.0;0.0;0.0;0.0;0.0;0.46;0.17;0.18;0.64;3;4;0.02
4421;cal000192;cal;principe;unknown;Príncipe;MALE;1;6;38;126;0;0;0;0;1.0;0.0;0.0;0.0;0.0;0.0;0.0;0.0;0.0;0.25;0.08;0.06;0.55;4;3;0.01
4422;cal000192;cal;gracia;unknown;Gracia;FEMALE;1;1;2;10;0;0;0;0;1.0;0.0;0.0;0.0;0.0;0.0;0.0;0.0;0.0;0.04;0.0;0.0;0.18;2;2;0.0
4423;cal000192;cal;hombre;unknown;Hombre;MALE;1;12;66;429;0;0;0;0;1.0;0.0;0.0;0.0;0.0;0.0;0.0;0.0;0.0;0.5;0.15;0.21;0.7;3;4;0.04
4424;cal000192;cal;luz;unknown;Luz;FEMALE;1;7;10;38;0;0;0;0;1.0;0.0;0.0;0.0;0.0;0.0;0.0;0.0;0.0;0.29;0.02;0.02;0.67;2;3;0.03
4425;cal000192;cal;entendimiento;unknown;Entendimiento;MALE;1;7;31;139;0;0;0;0;1.0;0.0;0.0;0.0;0.0;0.0;0.0;0.0;0.0;0.29;0.07;0.07;0.64;2;2;0.02
4426;cal000192;cal;albedrio;unknown;Albedrío;MALE;1;8;23;71;0;0;0;0;1.0;0.0;0.0;0.0;0.0;0.0;0.0;0.0;0.0;0.33;0.05;0.03;0.64;1;1;0.02
4427;cal000192;cal;pecado;unknown;Pecado;MALE;1;1;10;30;0;0;0;0;1.0;0.0;0.0;0.0;0.0;0.0;0.0;0.0;0.0;0.04;0.02;0.01;0.33;3;5;0.0
4428;cal000192;cal;peregrino;unknown;Peregrino;MALE;1;1;1;2;0;0;0;0;1.0;0.0;0.0;0.0;0.0;0.0;0.0;0.0;0.0;0.04;0.0;0.0;0.15;1;3;0.0
4429;cal000192;cal;poder sabiduria amor;unknown;UNKNOWN;u;1;2;5;6;0;0;0;0;1.0;0.0;0.0;0.0;0.0;0.0;0.0;0.0;0.0;0.08;0.01;0.0;0.39;0;0;0.0
4430;cal000192;cal;aire agua fuego tierra;unknown;UNKNOWN;u;1;1;1;1;0;0;0;0;1.0;0.0;0.0;0.0;0.0;0.0;0.0;0.0;0.0;0.04;0.0;0.0;0.18;0;0;0.0
4431;cal000192;cal;tierra fuego agua aire;unknown;UNKNOWN;u;1;1;1;1;0;0;0;0;1.0;0.0;0.0;0.0;0.0;0.0;0.0;0.0;0.0;0.04;0.0;0.0;0.36;0;0;0.0
4432;cal000192;cal;agua aire tierra fuego;unknown;UNKNOWN;u;1;1;1;2;0;0;0;0;1.0;0.0;0.0;0.0;0.0;0.0;0.0;0.0;0.0;0.04;0.0;0.0;0.36;0;0;0.0
4433;cal000192;cal;tierra agua aire fuego;unknown;UNKNOWN;u;1;1;1;2;0;0;0;0;1.0;0.0;0.0;0.0;0.0;0.0;0.0;0.0;0.0;0.04;0.0;0.0;0.36;0;0;0.0
4434;cal000192;cal;fuego agua tierra aire;unknown;UNKNOWN;u;1;1;1;1;0;0;0;0;1.0;0.0;0.0;0.0;0.0;0.0;0.0;0.0;0.0;0.04;0.0;0.0;0.36;0;0;0.0
4435;cal000192;cal;principe sombra musicos;unknown;UNKNOWN;u;1;1;1;2;0;0;0;0;1.0;0.0;0.0;0.0;0.0;0.0;0.0;0.0;0.0;0.04;0.0;0.0;0.18;0;0;0.0
4436;cal000192;cal;musicos tierra agua aire fuego;unknown;UNKNOWN;u;1;1;1;3;0;0;0;0;1.0;0.0;0.0;0.0;0.0;0.0;0.0;0.0;0.0;0.04;0.0;0.0;0.18;1;0;0.0
4437;cal000192;cal;pecado musicos;unknown;UNKNOWN;u;1;1;3;6;0;0;0;0;1.0;0.0;0.0;0.0;0.0;0.0;0.0;0.0;0.0;0.04;0.01;0.0;0.33;3;5;0.0
4438;cal000192;cal;aire fuego tierra agua;unknown;UNKNOWN;u;1;1;1;1;0;0;0;0;1.0;0.0;0.0;0.0;0.0;0.0;0.0;0.0;0.0;0.04;0.0;0.0;0.33;0;0;0.0
4439;cal000192;cal;tierra aire agua fuego;unknown;UNKNOWN;u;1;1;1;2;0;0;0;0;1.0;0.0;0.0;0.0;0.0;0.0;0.0;0.0;0.0;0.04;0.0;0.0;0.33;1;1;0.0
4440;cal000192;cal;fuego tierra agua aire;unknown;UNKNOWN;u;1;1;2;2;0;0;0;0;1.0;0.0;0.0;0.0;0.0;0.0;0.0;0.0;0.0;0.04;0.0;0.0;0.33;1;1;0.0
4441;cal000192;cal;poder sabiduria;unknown;UNKNOWN;u;1;1;1;1;0;0;0;0;1.0;0.0;0.0;0.0;0.0;0.0;0.0;0.0;0.0;0.04;0.0;0.0;0.33;0;0;0.0
4442;cal000192;cal;entendimiento albedrio;unknown;UNKNOWN;u;1;1;1;1;0;0;0;0;1.0;0.0;0.0;0.0;0.0;0.0;0.0;0.0;0.0;0.04;0.0;0.0;0.15;1;0;0.0
4443;cal000192;cal;principe sombra;unknown;UNKNOWN;u;1;1;1;1;0;0;0;0;1.0;0.0;0.0;0.0;0.0;0.0;0.0;0.0;0.0;0.04;0.0;0.0;0.48;4;5;0.0
4444;cal000192;cal;pecado luz musicos peregrino entendimiento albedrio hombre agua poder tierra sabiduria aire amor fuego principe sombra;unknown;UNKNOWN;u;1;1;1;1;0;0;0;0;1.0;0.0;0.0;0.0;0.0;0.0;0.0;0.0;0.0;0.04;0.0;0.0;0.48;4;5;0.0
4445;cal000192;cal;sombra principe;unknown;UNKNOWN;u;1;1;1;2;0;0;0;0;1.0;0.0;0.0;0.0;0.0;0.0;0.0;0.0;0.0;0.04;0.0;0.0;0.48;4;5;0.0
4446;cal000037;cal;soldados;unknown;Soldados;MALE;2;2;2;2;0;0;0;0;0.5;0.0;0.5;0.0;0.0;0.0;0.0;0.0;0.0;0.04;0.0;0.0;0.41;0;0;0.0
4447;cal000037;cal;rosaura;unknown;Rosaura;FEMALE;3;18;92;728;0;0;0;0;0.28;0.27;0.46;0.0;0.0;0.0;0.0;0.0;0.0;0.32;0.19;0.21;0.59;1;4;0.02
4448;cal000037;cal;segismundo;unknown;Segismundo;MALE;3;25;89;877;0;0;0;0;0.17;0.43;0.39;0.0;0.0;0.0;0.0;0.0;0.0;0.45;0.18;0.25;0.82;0;6;0.07
4449;cal000037;cal;clotaldo;unknown;Clotaldo;MALE;3;20;96;583;0;0;0;0;0.35;0.4;0.25;0.0;0.0;0.0;0.0;0.0;0.0;0.36;0.2;0.17;0.76;1;4;0.05
4450;cal000037;cal;estrella;unknown;Estrella;FEMALE;3;12;28;132;0;0;0;0;0.24;0.59;0.17;0.0;0.0;0.0;0.0;0.0;0.0;0.21;0.06;0.04;0.59;0;5;0.03
4451;cal000037;cal;clarín;unknown;Clarín;MALE;3;18;55;275;0;0;0;0;0.2;0.28;0.52;0.0;0.0;0.0;0.0;0.0;0.0;0.32;0.11;0.08;0.82;1;5;0.07
4452;cal000037;cal;basilio;unknown;Basilio;MALE;3;12;40;500;0;0;0;0;0.56;0.28;0.16;0.0;0.0;0.0;0.0;0.0;0.0;0.21;0.08;0.14;0.65;1;3;0.05
4453;cal000037;cal;astolfo;unknown;Astolfo;MALE;3;17;45;247;0;0;0;0;0.38;0.49;0.13;0.0;0.0;0.0;0.0;0.0;0.0;0.3;0.09;0.07;0.65;1;4;0.04
4454;cal000037;cal;soldado-1;unknown;Soldado 1;MALE;1;4;6;44;0;0;0;0;0.0;0.0;1.0;0.0;0.0;0.0;0.0;0.0;0.0;0.07;0.01;0.01;0.65;1;2;0.02
4455;cal000037;cal;soldado-2;unknown;Soldado 2;MALE;1;2;7;20;0;0;0;0;0.0;0.0;1.0;0.0;0.0;0.0;0.0;0.0;0.0;0.04;0.01;0.01;0.35;0;2;0.0
4456;cal000037;cal;criado-1;unknown;Criado 1;MALE;1;3;5;7;0;0;0;0;0.0;1.0;0.0;0.0;0.0;0.0;0.0;0.0;0.0;0.05;0.01;0.0;0.29;0;3;0.0
4457;cal000037;cal;criado-2;unknown;Criado 2;MALE;1;4;14;28;0;0;0;0;0.0;1.0;0.0;0.0;0.0;0.0;0.0;0.0;0.0;0.07;0.03;0.01;0.35;0;3;0.0
4458;cal000037;cal;rosaura segismundo clarín;unknown;UNKNOWN;u;1;1;1;1;0;0;0;0;1.0;0.0;0.0;0.0;0.0;0.0;0.0;0.0;0.0;0.02;0.0;0.0;0.24;0;0;0.0
4459;cal000037;cal;astolfo basilio estrella;unknown;UNKNOWN;u;1;1;2;3;0;0;0;0;1.0;0.0;0.0;0.0;0.0;0.0;0.0;0.0;0.0;0.02;0.0;0.0;0.18;0;0;0.0
4460;cal000037;cal;soldado-1 soldado-2 soldados;unknown;UNKNOWN;u;1;3;5;5;0;0;0;0;0.0;0.0;1.0;0.0;0.0;0.0;0.0;0.0;0.0;0.05;0.01;0.0;0.65;2;4;0.02
4461;cal000037;cal;criado-1 criado-2 guardas;unknown;UNKNOWN;u;1;2;3;3;0;0;0;0;0.0;0.0;1.0;0.0;0.0;0.0;0.0;0.0;0.0;0.04;0.01;0.0;0.47;0;3;0.01
4462;cal000193;cal;musicos;unknown;Músicos;UNKNOWN;1;11;29;89;0;0;0;0;1.0;0.0;0.0;0.0;0.0;0.0;0.0;0.0;0.0;0.25;0.05;0.03;0.63;1;5;0.05
4463;cal000193;cal;lucero-del-dia;unknown;Lucero del Día;MALE;1;5;15;62;0;0;0;0;1.0;0.0;0.0;0.0;0.0;0.0;0.0;0.0;0.0;0.11;0.03;0.02;0.44;1;7;0.01
4464;cal000193;cal;malicia;unknown;Malicia;FEMALE;1;21;104;401;0;0;0;0;1.0;0.0;0.0;0.0;0.0;0.0;0.0;0.0;0.0;0.48;0.18;0.15;0.71;2;5;0.09
4465;cal000193;cal;lucero-de-la-noche;unknown;Lucero de La Noche;MALE;1;16;80;347;0;0;0;0;1.0;0.0;0.0;0.0;0.0;0.0;0.0;0.0;0.0;0.36;0.14;0.13;0.76;1;4;0.14
4466;cal000193;cal;padre;unknown;Padre;MALE;1;7;23;250;0;0;0;0;1.0;0.0;0.0;0.0;0.0;0.0;0.0;0.0;0.0;0.16;0.04;0.09;0.56;2;6;0.05
4467;cal000193;cal;hijo;unknown;Hijo;MALE;1;11;29;200;0;0;0;0;1.0;0.0;0.0;0.0;0.0;0.0;0.0;0.0;0.0;0.25;0.05;0.08;0.71;1;6;0.11
4468;cal000193;cal;jeremias;unknown;Jeremías;MALE;1;3;10;41;0;0;0;0;1.0;0.0;0.0;0.0;0.0;0.0;0.0;0.0;0.0;0.07;0.02;0.02;0.39;0;2;0.0
4469;cal000193;cal;isaias;unknown;Isaías;MALE;1;5;10;52;0;0;0;0;1.0;0.0;0.0;0.0;0.0;0.0;0.0;0.0;0.0;0.11;0.02;0.02;0.49;0;0;0.02
4470;cal000193;cal;hebraismo;unknown;Hebraísmo;MALE;1;22;104;433;0;0;0;0;1.0;0.0;0.0;0.0;0.0;0.0;0.0;0.0;0.0;0.5;0.18;0.16;0.78;4;5;0.19
4471;cal000193;cal;gentilidad;unknown;Gentilidad;FEMALE;1;9;30;153;0;0;0;0;1.0;0.0;0.0;0.0;0.0;0.0;0.0;0.0;0.0;0.2;0.05;0.06;0.39;1;4;0.05
4472;cal000193;cal;inocencia;unknown;Inocencia;FEMALE;1;14;55;242;0;0;0;0;1.0;0.0;0.0;0.0;0.0;0.0;0.0;0.0;0.0;0.32;0.09;0.09;0.39;1;4;0.04
4473;cal000193;cal;zagal-1;unknown;Zagal 1.º;MALE;1;7;8;34;0;0;0;0;1.0;0.0;0.0;0.0;0.0;0.0;0.0;0.0;0.0;0.16;0.01;0.01;0.41;2;4;0.01
4474;cal000193;cal;zagal-2;unknown;Zagal 2.º;MALE;1;6;8;24;0;0;0;0;1.0;0.0;0.0;0.0;0.0;0.0;0.0;0.0;0.0;0.14;0.01;0.01;0.41;2;4;0.01
4475;cal000193;cal;sinagoga;unknown;Sinagoga;FEMALE;1;11;34;192;0;0;0;0;1.0;0.0;0.0;0.0;0.0;0.0;0.0;0.0;0.0;0.25;0.06;0.07;0.44;2;4;0.02
4476;cal000193;cal;nino-1;unknown;Niño 1.º;MALE;1;1;1;13;0;0;0;0;1.0;0.0;0.0;0.0;0.0;0.0;0.0;0.0;0.0;0.02;0.0;0.0;0.2;1;2;0.0
4477;cal000193;cal;nino-2;unknown;Niño 2.º;MALE;1;1;1;12;0;0;0;0;1.0;0.0;0.0;0.0;0.0;0.0;0.0;0.0;0.0;0.02;0.0;0.0;0.2;1;1;0.0
4478;cal000193;cal;fe;unknown;Fe;FEMALE;1;1;1;17;0;0;0;0;1.0;0.0;0.0;0.0;0.0;0.0;0.0;0.0;0.0;0.02;0.0;0.01;0.2;0;1;0.0
4479;cal000193;cal;malicia lucero-de-la-noche;unknown;UNKNOWN;u;1;1;1;2;0;0;0;0;1.0;0.0;0.0;0.0;0.0;0.0;0.0;0.0;0.0;0.02;0.0;0.0;0.29;0;4;0.0
4480;cal000193;cal;lucero-de-la-noche malicia musicos;unknown;UNKNOWN;u;1;1;1;7;0;0;0;0;1.0;0.0;0.0;0.0;0.0;0.0;0.0;0.0;0.0;0.02;0.0;0.0;0.29;0;4;0.0
4481;cal000193;cal;lucero-de-la-noche malicia;unknown;UNKNOWN;u;1;2;2;3;0;0;0;0;1.0;0.0;0.0;0.0;0.0;0.0;0.0;0.0;0.0;0.05;0.0;0.0;0.34;0;5;0.0
4482;cal000193;cal;lucero-del-dia hijo;unknown;UNKNOWN;u;1;1;1;1;0;0;0;0;1.0;0.0;0.0;0.0;0.0;0.0;0.0;0.0;0.0;0.02;0.0;0.0;0.29;0;0;0.0
4483;cal000193;cal;lucero-del-dia musicos;unknown;UNKNOWN;u;1;1;1;2;0;0;0;0;1.0;0.0;0.0;0.0;0.0;0.0;0.0;0.0;0.0;0.02;0.0;0.0;0.29;0;0;0.0
4484;cal000193;cal;lucero-del-dia hijo musicos;unknown;UNKNOWN;u;1;1;1;3;0;0;0;0;1.0;0.0;0.0;0.0;0.0;0.0;0.0;0.0;0.0;0.02;0.0;0.0;0.07;0;0;0.0
4485;cal000193;cal;hebraismo gentilidad;unknown;UNKNOWN;u;1;1;2;2;0;0;0;0;1.0;0.0;0.0;0.0;0.0;0.0;0.0;0.0;0.0;0.02;0.0;0.0;0.07;0;0;0.0
4486;cal000193;cal;inocencia isaias jeremias lucero-del-dia musicos padre hebraismo;unknown;UNKNOWN;u;1;1;1;2;0;0;0;0;1.0;0.0;0.0;0.0;0.0;0.0;0.0;0.0;0.0;0.02;0.0;0.0;0.12;0;1;0.0
4487;cal000193;cal;zagal-1 zagal-2 musicos inocencia malicia hebraismo;unknown;UNKNOWN;u;1;1;1;1;0;0;0;0;1.0;0.0;0.0;0.0;0.0;0.0;0.0;0.0;0.0;0.02;0.0;0.0;0.05;0;0;0.0
4488;cal000193;cal;zagal-1 zagal-2 musicos inocencia malicia hebraismo lucero-de-la-noche sinagoga;unknown;UNKNOWN;u;1;1;3;4;0;0;0;0;1.0;0.0;0.0;0.0;0.0;0.0;0.0;0.0;0.0;0.02;0.01;0.0;0.22;2;5;0.0
4489;cal000193;cal;zagal-1 zagal-2 musicos inocencia hebraismo lucero-de-la-noche sinagoga;unknown;UNKNOWN;u;1;1;1;1;0;0;0;0;1.0;0.0;0.0;0.0;0.0;0.0;0.0;0.0;0.0;0.02;0.0;0.0;0.22;0;1;0.0
4490;cal000193;cal;zagal-1 zagal-2 musicos inocencia;unknown;UNKNOWN;u;1;2;4;8;0;0;0;0;1.0;0.0;0.0;0.0;0.0;0.0;0.0;0.0;0.0;0.05;0.01;0.0;0.2;0;2;0.0
4491;cal000193;cal;sinagoga lucero-de-la-noche;unknown;UNKNOWN;u;1;1;2;3;0;0;0;0;1.0;0.0;0.0;0.0;0.0;0.0;0.0;0.0;0.0;0.02;0.0;0.0;0.1;0;0;0.0
4492;cal000193;cal; zagal-1 zagal-2 musicos inocencia;unknown;UNKNOWN;u;1;1;1;2;0;0;0;0;1.0;0.0;0.0;0.0;0.0;0.0;0.0;0.0;0.0;0.02;0.0;0.0;0.12;0;1;0.0
4493;cal000193;cal;zagal-1 zagal-2;unknown;UNKNOWN;u;1;2;4;5;0;0;0;0;1.0;0.0;0.0;0.0;0.0;0.0;0.0;0.0;0.0;0.05;0.01;0.0;0.22;1;3;0.0
4494;cal000193;cal;hijo musicos;unknown;UNKNOWN;u;1;1;4;7;0;0;0;0;1.0;0.0;0.0;0.0;0.0;0.0;0.0;0.0;0.0;0.02;0.01;0.0;0.1;0;1;0.0
4495;cal000193;cal;isaias jeremias zagal-1 zagal-2 lucero-del-dia sinagoga inocencia musicos;unknown;UNKNOWN;u;1;1;2;4;0;0;0;0;1.0;0.0;0.0;0.0;0.0;0.0;0.0;0.0;0.0;0.02;0.0;0.0;0.15;1;3;0.0
4496;cal000193;cal;malicia sinagoga lucero-de-la-noche hebraismo zagal-1 zagal-2;unknown;UNKNOWN;u;1;1;1;1;0;0;0;0;1.0;0.0;0.0;0.0;0.0;0.0;0.0;0.0;0.0;0.02;0.0;0.0;0.17;0;0;0.0
4497;cal000193;cal;isaias jeremias lucero-del-dia musicos inocencia lucero-de-la-noche malicia hebraismo sinagoga zagal-1 zagal-2;unknown;UNKNOWN;u;1;1;1;1;0;0;0;0;1.0;0.0;0.0;0.0;0.0;0.0;0.0;0.0;0.0;0.02;0.0;0.0;0.17;0;0;0.0
4498;cal000193;cal;isaias jeremias lucero-del-dia musicos inocencia malicia zagal-1 zagal-2 hebraismo sinagoga lucero-de-la-noche;unknown;UNKNOWN;u;1;1;1;1;0;0;0;0;1.0;0.0;0.0;0.0;0.0;0.0;0.0;0.0;0.0;0.02;0.0;0.0;0.02;0;0;0.0
4499;cal000193;cal;sinagoga hebraismo;unknown;UNKNOWN;u;1;1;3;6;0;0;0;0;1.0;0.0;0.0;0.0;0.0;0.0;0.0;0.0;0.0;0.02;0.01;0.0;0.05;2;0;0.0
4500;cal000193;cal;lucero-de-la-noche hebraismo;unknown;UNKNOWN;u;1;1;2;2;0;0;0;0;1.0;0.0;0.0;0.0;0.0;0.0;0.0;0.0;0.0;0.02;0.0;0.0;0.2;0;1;0.0
4501;cal000193;cal;malicia sinagoga;unknown;UNKNOWN;u;1;1;2;2;0;0;0;0;1.0;0.0;0.0;0.0;0.0;0.0;0.0;0.0;0.0;0.02;0.0;0.0;0.2;0;1;0.0
4502;cal000193;cal;jeremias lucero-del-dia musicos zagal-1 zagal-2 inocencia nino-1 nino-2 fe hebraismo sinagoga lucero-de-la-noche malicia gentilidad;unknown;UNKNOWN;u;1;1;2;5;0;0;0;0;1.0;0.0;0.0;0.0;0.0;0.0;0.0;0.0;0.0;0.02;0.0;0.0;0.17;1;1;0.0
4503;cal000193;cal;musicos jeremias lucero-del-dia zagal-1 zagal-2 hijo nino-1 nino-2 fe hebraismo sinagoga lucero-de-la-noche malicia gentilidad padre inocencia;unknown;UNKNOWN;u;1;1;1;4;0;0;0;0;1.0;0.0;0.0;0.0;0.0;0.0;0.0;0.0;0.0;0.02;0.0;0.0;0.17;0;0;0.0
4504;cal000124;cal;lotario;unknown;Lotario;MALE;3;21;66;658;0;0;0;0;0.35;0.28;0.37;0.0;0.0;0.0;0.0;0.0;0.0;0.4;0.12;0.2;0.5;2;2;0.03
4505;cal000124;cal;aurora;unknown;Aurora;FEMALE;3;26;135;818;0;0;0;0;0.46;0.29;0.25;0.0;0.0;0.0;0.0;0.0;0.0;0.49;0.25;0.25;0.64;0;1;0.11
4506;cal000124;cal;alejo;unknown;Alejo;MALE;3;19;104;499;0;0;0;0;0.17;0.3;0.53;0.0;0.0;0.0;0.0;0.0;0.0;0.36;0.19;0.15;0.71;3;1;0.2
4507;cal000124;cal;estela;unknown;Estela;FEMALE;3;7;15;181;0;0;0;0;0.64;0.15;0.2;0.0;0.0;0.0;0.0;0.0;0.0;0.13;0.03;0.06;0.64;1;3;0.09
4508;cal000124;cal;celio;unknown;Celio;MALE;3;3;9;42;0;0;0;0;0.17;0.05;0.79;0.0;0.0;0.0;0.0;0.0;0.0;0.06;0.02;0.01;0.21;2;0;0.0
4509;cal000124;cal;diana;unknown;Diana;FEMALE;3;12;49;132;0;0;0;0;0.42;0.27;0.3;0.0;0.0;0.0;0.0;0.0;0.0;0.23;0.09;0.04;0.5;2;0;0.03
4510;cal000124;cal;conde;unknown;Conde de Ruisellón;MALE;3;6;16;74;0;0;0;0;0.19;0.27;0.54;0.0;0.0;0.0;0.0;0.0;0.0;0.11;0.03;0.02;0.64;1;2;0.09
4511;cal000124;cal;rugero;unknown;Rugero;MALE;3;26;138;811;0;0;0;0;0.36;0.33;0.31;0.0;0.0;0.0;0.0;0.0;0.0;0.49;0.25;0.25;0.71;2;2;0.29
4512;cal000124;cal;paje;unknown;Un Paje;MALE;1;1;1;2;0;0;0;0;0.0;0.0;1.0;0.0;0.0;0.0;0.0;0.0;0.0;0.02;0.0;0.0;0.07;0;1;0.0
4513;cal000124;cal;soldado-1;unknown;Un Soldado;MALE;1;2;5;16;0;0;0;0;0.0;0.0;1.0;0.0;0.0;0.0;0.0;0.0;0.0;0.04;0.01;0.0;0.14;0;2;0.0
4514;cal000124;cal;dentro;unknown;UNKNOWN;u;1;1;1;1;0;0;0;0;1.0;0.0;0.0;0.0;0.0;0.0;0.0;0.0;0.0;0.02;0.0;0.0;0.21;0;0;0.0
4515;cal000124;cal;otro;unknown;UNKNOWN;u;1;1;1;1;0;0;0;0;1.0;0.0;0.0;0.0;0.0;0.0;0.0;0.0;0.0;0.02;0.0;0.0;0.21;0;0;0.0
4516;cal000124;cal;unos;unknown;UNKNOWN;u;1;1;1;1;0;0;0;0;1.0;0.0;0.0;0.0;0.0;0.0;0.0;0.0;0.0;0.02;0.0;0.0;0.29;0;0;0.0
4517;cal000124;cal;otros;unknown;UNKNOWN;u;1;1;1;1;0;0;0;0;1.0;0.0;0.0;0.0;0.0;0.0;0.0;0.0;0.0;0.02;0.0;0.0;0.29;0;0;0.0
4518;cal000124;cal;todos;unknown;UNKNOWN;u;1;1;1;1;0;0;0;0;0.0;1.0;0.0;0.0;0.0;0.0;0.0;0.0;0.0;0.02;0.0;0.0;0.21;0;0;0.0
4519;cal000125;cal;voces;unknown;Voces;UNKNOWN;3;4;4;10;0;0;0;0;0.2;0.6;0.2;0.0;0.0;0.0;0.0;0.0;0.0;0.05;0.01;0.0;0.65;0;1;0.03
4520;cal000125;cal;coro-1;unknown;Coro 1;UNKNOWN;1;1;1;2;0;0;0;0;1.0;0.0;0.0;0.0;0.0;0.0;0.0;0.0;0.0;0.01;0.0;0.0;0.41;3;5;0.0
4521;cal000125;cal;coro-2;unknown;Coro 2;UNKNOWN;1;1;1;1;0;0;0;0;1.0;0.0;0.0;0.0;0.0;0.0;0.0;0.0;0.0;0.01;0.0;0.0;0.41;3;5;0.0
4522;cal000125;cal;músicos;unknown;Músicos;UNKNOWN;1;1;1;4;0;0;0;0;1.0;0.0;0.0;0.0;0.0;0.0;0.0;0.0;0.0;0.01;0.0;0.0;0.41;2;0;0.0
4523;cal000125;cal;coriolano;unknown;Coriolano;MALE;3;38;195;1006;0;0;0;0;0.32;0.22;0.46;0.0;0.0;0.0;0.0;0.0;0.0;0.51;0.28;0.24;0.89;3;7;0.17
4524;cal000125;cal;lelio;unknown;Lelio;MALE;3;15;35;139;0;0;0;0;0.47;0.31;0.22;0.0;0.0;0.0;0.0;0.0;0.0;0.2;0.05;0.03;0.46;2;3;0.01
4525;cal000125;cal;enio;unknown;Enio;MALE;3;29;86;647;0;0;0;0;0.27;0.31;0.42;0.0;0.0;0.0;0.0;0.0;0.0;0.39;0.12;0.16;0.54;1;2;0.02
4526;cal000125;cal;aurelio;unknown;Aurelio;MALE;3;19;75;440;0;0;0;0;0.29;0.43;0.28;0.0;0.0;0.0;0.0;0.0;0.0;0.25;0.11;0.11;0.51;4;6;0.02
4527;cal000125;cal;flavio;unknown;Flavio;MALE;1;4;9;46;0;0;0;0;1.0;0.0;0.0;0.0;0.0;0.0;0.0;0.0;0.0;0.05;0.01;0.01;0.32;1;5;0.0
4528;cal000125;cal;sabinio;unknown;Sabinio;MALE;3;12;47;215;0;0;0;0;0.21;0.47;0.32;0.0;0.0;0.0;0.0;0.0;0.0;0.16;0.07;0.05;0.38;2;4;0.02
4529;cal000125;cal;emilio;unknown;Emilio;MALE;2;2;5;24;0;0;0;0;0.75;0.25;0.0;0.0;0.0;0.0;0.0;0.0;0.0;0.03;0.01;0.01;0.16;1;3;0.0
4530;cal000125;cal;pasquín;unknown;Pasquín;MALE;3;15;41;269;0;0;0;0;0.48;0.38;0.14;0.0;0.0;0.0;0.0;0.0;0.0;0.2;0.06;0.07;0.7;3;0;0.04
4531;cal000125;cal;veturia;unknown;Veturia;FEMALE;3;15;44;663;0;0;0;0;0.29;0.39;0.32;0.0;0.0;0.0;0.0;0.0;0.0;0.2;0.06;0.16;0.73;2;6;0.04
4532;cal000125;cal;libia;unknown;Libia;FEMALE;2;7;16;67;0;0;0;0;0.09;0.91;0.0;0.0;0.0;0.0;0.0;0.0;0.0;0.09;0.02;0.02;0.51;0;1;0.01
4533;cal000125;cal;astrea;unknown;Astrea;FEMALE;3;14;57;333;0;0;0;0;0.65;0.27;0.07;0.0;0.0;0.0;0.0;0.0;0.0;0.19;0.08;0.08;0.43;1;5;0.03
4534;cal000125;cal;relator;unknown;Relator;MALE;1;5;10;152;0;0;0;0;0.0;1.0;0.0;0.0;0.0;0.0;0.0;0.0;0.0;0.07;0.01;0.04;0.27;1;0;0.0
4535;cal000125;cal;mujer-1;unknown;Mujer 1;FEMALE;2;2;3;5;0;0;0;0;0.8;0.2;0.0;0.0;0.0;0.0;0.0;0.0;0.0;0.03;0.0;0.0;0.54;1;0;0.02
4536;cal000125;cal;mujer-2;unknown;Mujer 2;FEMALE;1;1;1;1;0;0;0;0;0.0;1.0;0.0;0.0;0.0;0.0;0.0;0.0;0.0;0.01;0.0;0.0;0.0;0;0;0.0
4537;cal000125;cal;mujer-3;unknown;Mujer 3;FEMALE;1;1;1;1;0;0;0;0;0.0;1.0;0.0;0.0;0.0;0.0;0.0;0.0;0.0;0.01;0.0;0.0;0.0;0;0;0.0
4538;cal000125;cal;mujer-4;unknown;Mujer 4;FEMALE;1;1;1;1;0;0;0;0;0.0;1.0;0.0;0.0;0.0;0.0;0.0;0.0;0.0;0.01;0.0;0.0;0.0;0;0;0.0
4539;cal000125;cal;soldado-1;unknown;Soldado 1;MALE;2;2;2;4;0;0;0;0;0.5;0.5;0.0;0.0;0.0;0.0;0.0;0.0;0.0;0.03;0.0;0.0;0.14;0;3;0.0
4540;cal000125;cal;soldado-2;unknown;Soldado 2;MALE;1;1;1;1;0;0;0;0;1.0;0.0;0.0;0.0;0.0;0.0;0.0;0.0;0.0;0.01;0.0;0.0;0.14;0;2;0.0
4541;cal000125;cal;hombre-1;unknown;Hombre 1;MALE;1;1;2;5;0;0;0;0;1.0;0.0;0.0;0.0;0.0;0.0;0.0;0.0;0.0;0.01;0.0;0.0;0.41;2;3;0.0
4542;cal000125;cal;hombre-2;unknown;Hombre 2;MALE;1;1;1;2;0;0;0;0;1.0;0.0;0.0;0.0;0.0;0.0;0.0;0.0;0.0;0.01;0.0;0.0;0.41;2;2;0.0
4543;cal000125;cal;hombre-3;unknown;Hombre 3;MALE;1;1;1;3;0;0;0;0;1.0;0.0;0.0;0.0;0.0;0.0;0.0;0.0;0.0;0.01;0.0;0.0;0.41;2;1;0.0
4544;cal000125;cal;coro-1 coro-2;unknown;UNKNOWN;u;1;1;1;2;0;0;0;0;1.0;0.0;0.0;0.0;0.0;0.0;0.0;0.0;0.0;0.01;0.0;0.0;0.41;3;4;0.0
4545;cal000125;cal;veturia coro-2;unknown;UNKNOWN;u;1;1;1;2;0;0;0;0;1.0;0.0;0.0;0.0;0.0;0.0;0.0;0.0;0.0;0.01;0.0;0.0;0.41;2;4;0.0
4546;cal000125;cal;mujer-1 músicos;unknown;UNKNOWN;u;1;1;1;2;0;0;0;0;1.0;0.0;0.0;0.0;0.0;0.0;0.0;0.0;0.0;0.01;0.0;0.0;0.41;0;0;0.0
4547;cal000125;cal;todos;unknown;UNKNOWN;u;3;20;29;54;0;0;0;0;0.37;0.19;0.44;0.0;0.0;0.0;0.0;0.0;0.0;0.27;0.04;0.01;0.81;0;0;0.1
4548;cal000125;cal;unos;unknown;UNKNOWN;u;2;6;11;16;0;0;0;0;0.94;0.06;0.0;0.0;0.0;0.0;0.0;0.0;0.0;0.08;0.02;0.0;0.43;1;2;0.0
4549;cal000125;cal;otros;unknown;UNKNOWN;u;2;4;7;7;0;0;0;0;0.86;0.14;0.0;0.0;0.0;0.0;0.0;0.0;0.0;0.05;0.01;0.0;0.38;0;2;0.0
4550;cal000125;cal;todas;unknown;UNKNOWN;u;2;2;2;3;0;0;0;0;0.33;0.0;0.67;0.0;0.0;0.0;0.0;0.0;0.0;0.03;0.0;0.0;0.32;0;0;0.0
4551;cal000125;cal;aurelio flavio;unknown;UNKNOWN;u;1;1;1;1;0;0;0;0;1.0;0.0;0.0;0.0;0.0;0.0;0.0;0.0;0.0;0.01;0.0;0.0;0.3;0;0;0.0
4552;cal000125;cal;soldado-1 soldado-2;unknown;UNKNOWN;u;1;1;1;1;0;0;0;0;1.0;0.0;0.0;0.0;0.0;0.0;0.0;0.0;0.0;0.01;0.0;0.0;0.11;0;0;0.0
4553;cal000125;cal;flavio aurelio;unknown;UNKNOWN;u;1;1;1;1;0;0;0;0;1.0;0.0;0.0;0.0;0.0;0.0;0.0;0.0;0.0;0.01;0.0;0.0;0.08;0;2;0.0
4554;cal000125;cal;relator todos;unknown;UNKNOWN;u;1;1;2;4;0;0;0;0;0.0;1.0;0.0;0.0;0.0;0.0;0.0;0.0;0.0;0.01;0.0;0.0;0.19;1;2;0.0
4555;cal000125;cal;uno;unknown;UNKNOWN;u;1;1;1;2;0;0;0;0;0.0;1.0;0.0;0.0;0.0;0.0;0.0;0.0;0.0;0.01;0.0;0.0;0.11;0;0;0.0
4556;cal000125;cal;sabinio astrea;unknown;UNKNOWN;u;1;1;2;2;0;0;0;0;0.0;0.0;1.0;0.0;0.0;0.0;0.0;0.0;0.0;0.01;0.0;0.0;0.08;0;1;0.0
4557;cal000126;cal;músicos;unknown;Músicos;UNKNOWN;3;7;12;32;0;0;0;0;0.31;0.31;0.38;0.0;0.0;0.0;0.0;0.0;0.0;0.14;0.02;0.01;0.87;0;2;0.07
4558;cal000126;cal;bartolomé;unknown;San Bartolomé;MALE;3;13;86;406;0;0;0;0;0.17;0.31;0.52;0.0;0.0;0.0;0.0;0.0;0.0;0.26;0.13;0.14;0.73;2;6;0.01
4559;cal000126;cal;rey;unknown;El Rey Polemón;MALE;3;18;61;244;0;0;0;0;0.34;0.34;0.32;0.0;0.0;0.0;0.0;0.0;0.0;0.36;0.09;0.09;0.73;2;6;0.01
4560;cal000126;cal;licanoro;unknown;Licanoro;MALE;3;18;105;379;0;0;0;0;0.21;0.43;0.36;0.0;0.0;0.0;0.0;0.0;0.0;0.36;0.16;0.13;0.8;1;2;0.03
4561;cal000126;cal;ceusis;unknown;Ceusis;MALE;3;17;80;288;0;0;0;0;0.28;0.38;0.34;0.0;0.0;0.0;0.0;0.0;0.0;0.34;0.12;0.1;0.87;2;5;0.07
4562;cal000126;cal;demonio;unknown;El Demonio;MALE;3;17;82;570;0;0;0;0;0.39;0.24;0.37;0.0;0.0;0.0;0.0;0.0;0.0;0.34;0.12;0.2;0.8;1;0;0.04
4563;cal000126;cal;sacerdote;unknown;Un Sacerdote de Astarot;MALE;3;10;32;97;0;0;0;0;0.34;0.64;0.02;0.0;0.0;0.0;0.0;0.0;0.0;0.2;0.05;0.03;0.6;0;1;0.0
4564;cal000126;cal;lirón;unknown;Lirón;MALE;2;10;46;191;0;0;0;0;0.49;0.51;0.0;0.0;0.0;0.0;0.0;0.0;0.0;0.2;0.07;0.07;0.73;2;3;0.06
4565;cal000126;cal;irene;unknown;Irene;FEMALE;3;17;98;544;0;0;0;0;0.48;0.27;0.25;0.0;0.0;0.0;0.0;0.0;0.0;0.34;0.15;0.19;0.8;2;3;0.12
4566;cal000126;cal;silvia;unknown;Silvia;FEMALE;1;1;4;5;0;0;0;0;1.0;0.0;0.0;0.0;0.0;0.0;0.0;0.0;0.0;0.02;0.01;0.0;0.13;0;0;0.0
4567;cal000126;cal;flora;unknown;Flora;FEMALE;2;2;6;9;0;0;0;0;0.89;0.11;0.0;0.0;0.0;0.0;0.0;0.0;0.0;0.04;0.01;0.0;0.33;1;0;0.02
4568;cal000126;cal;lesbia;unknown;Lesbia;FEMALE;3;9;37;81;0;0;0;0;0.53;0.4;0.07;0.0;0.0;0.0;0.0;0.0;0.0;0.18;0.06;0.03;0.8;1;3;0.07
4569;cal000126;cal;criado-1;unknown;Criado;MALE;2;3;7;14;0;0;0;0;0.79;0.0;0.21;0.0;0.0;0.0;0.0;0.0;0.0;0.06;0.01;0.0;0.53;1;3;0.0
4570;cal000126;cal;voces;unknown;UNKNOWN;u;1;1;1;1;0;0;0;0;1.0;0.0;0.0;0.0;0.0;0.0;0.0;0.0;0.0;0.02;0.0;0.0;0.13;0;0;0.0
4571;cal000126;cal;todos;unknown;UNKNOWN;u;2;3;5;5;0;0;0;0;0.8;0.2;0.0;0.0;0.0;0.0;0.0;0.0;0.0;0.06;0.01;0.0;0.67;0;1;0.0
4572;cal000126;cal;demonio músicos;unknown;UNKNOWN;u;1;1;1;2;0;0;0;0;0.0;0.0;1.0;0.0;0.0;0.0;0.0;0.0;0.0;0.02;0.0;0.0;0.2;0;0;0.0
4573;cal000194;cal;musicos;unknown;Músicos;UNKNOWN;1;9;41;75;0;0;0;0;1.0;0.0;0.0;0.0;0.0;0.0;0.0;0.0;0.0;0.35;0.09;0.04;0.7;2;8;0.11
4574;cal000194;cal;labradores;unknown;Labradores;MALE;1;1;1;8;0;0;0;0;1.0;0.0;0.0;0.0;0.0;0.0;0.0;0.0;0.0;0.04;0.0;0.0;0.18;0;4;0.0
4575;cal000194;cal;coro-1;unknown;Coro 1.º;UNKNOWN;1;1;1;1;0;0;0;0;1.0;0.0;0.0;0.0;0.0;0.0;0.0;0.0;0.0;0.04;0.0;0.0;0.33;0;0;0.0
4576;cal000194;cal;coro-2;unknown;Coro 2.º;UNKNOWN;1;1;1;1;0;0;0;0;1.0;0.0;0.0;0.0;0.0;0.0;0.0;0.0;0.0;0.04;0.0;0.0;0.33;0;0;0.0
4577;cal000194;cal;coro-3;unknown;Coro 3.º;UNKNOWN;1;1;1;1;0;0;0;0;1.0;0.0;0.0;0.0;0.0;0.0;0.0;0.0;0.0;0.04;0.0;0.0;0.33;0;0;0.0
4578;cal000194;cal;coro-4;unknown;Coro 4.º;UNKNOWN;1;1;1;1;0;0;0;0;1.0;0.0;0.0;0.0;0.0;0.0;0.0;0.0;0.0;0.04;0.0;0.0;0.33;0;0;0.0
4579;cal000194;cal;lucero;unknown;Lucero;MALE;1;16;86;489;0;0;0;0;1.0;0.0;0.0;0.0;0.0;0.0;0.0;0.0;0.0;0.62;0.18;0.26;0.82;4;15;0.15
4580;cal000194;cal;discordia;unknown;Discordia;FEMALE;1;8;58;334;0;0;0;0;1.0;0.0;0.0;0.0;0.0;0.0;0.0;0.0;0.0;0.31;0.12;0.18;0.68;4;12;0.08
4581;cal000194;cal;sembrador;unknown;Sembrador;MALE;1;2;4;29;0;0;0;0;1.0;0.0;0.0;0.0;0.0;0.0;0.0;0.0;0.0;0.08;0.01;0.02;0.42;1;7;0.01
4582;cal000194;cal;sacerdote;unknown;Sacerdote;MALE;1;2;6;20;0;0;0;0;1.0;0.0;0.0;0.0;0.0;0.0;0.0;0.0;0.0;0.08;0.01;0.01;0.42;0;4;0.01
4583;cal000194;cal;joseph;unknown;Joseph;MALE;1;2;5;28;0;0;0;0;1.0;0.0;0.0;0.0;0.0;0.0;0.0;0.0;0.0;0.08;0.01;0.01;0.42;0;2;0.01
4584;cal000194;cal;melchisedech;unknown;Melchisedech;MALE;1;2;8;13;0;0;0;0;1.0;0.0;0.0;0.0;0.0;0.0;0.0;0.0;0.0;0.08;0.02;0.01;0.42;0;1;0.01
4585;cal000194;cal;abraham;unknown;Abraham;MALE;1;2;8;11;0;0;0;0;1.0;0.0;0.0;0.0;0.0;0.0;0.0;0.0;0.0;0.08;0.02;0.01;0.42;0;0;0.01
4586;cal000194;cal;levi;unknown;Levi;MALE;1;8;16;53;0;0;0;0;1.0;0.0;0.0;0.0;0.0;0.0;0.0;0.0;0.0;0.31;0.03;0.03;0.42;1;3;0.01
4587;cal000194;cal;simeon;unknown;Simeón;MALE;1;8;17;82;0;0;0;0;1.0;0.0;0.0;0.0;0.0;0.0;0.0;0.0;0.0;0.31;0.04;0.04;0.48;3;3;0.03
4588;cal000194;cal;celfa;unknown;Celfa;FEMALE;1;7;21;39;0;0;0;0;1.0;0.0;0.0;0.0;0.0;0.0;0.0;0.0;0.0;0.27;0.04;0.02;0.47;2;2;0.06
4589;cal000194;cal;segador-2;unknown;Segador 2.º;MALE;1;3;4;6;0;0;0;0;1.0;0.0;0.0;0.0;0.0;0.0;0.0;0.0;0.0;0.12;0.01;0.0;0.3;0;1;0.0
4590;cal000194;cal;segador-3;unknown;Segador 3.º;MALE;1;3;4;7;0;0;0;0;1.0;0.0;0.0;0.0;0.0;0.0;0.0;0.0;0.0;0.12;0.01;0.0;0.3;0;0;0.0
4591;cal000194;cal;zafio;unknown;Zafio;MALE;1;8;26;96;0;0;0;0;1.0;0.0;0.0;0.0;0.0;0.0;0.0;0.0;0.0;0.31;0.06;0.05;0.43;3;4;0.05
4592;cal000194;cal;ruth;unknown;Ruth;FEMALE;1;12;49;204;0;0;0;0;1.0;0.0;0.0;0.0;0.0;0.0;0.0;0.0;0.0;0.46;0.1;0.11;0.73;2;12;0.1
4593;cal000194;cal;noemi;unknown;Noemí;FEMALE;1;5;14;58;0;0;0;0;1.0;0.0;0.0;0.0;0.0;0.0;0.0;0.0;0.0;0.19;0.03;0.03;0.38;0;4;0.01
4594;cal000194;cal;booz;unknown;Booz;MALE;1;5;37;215;0;0;0;0;1.0;0.0;0.0;0.0;0.0;0.0;0.0;0.0;0.0;0.19;0.08;0.11;0.28;3;4;0.0
4595;cal000194;cal;mayoral;unknown;Mayoral;MALE;1;1;1;7;0;0;0;0;1.0;0.0;0.0;0.0;0.0;0.0;0.0;0.0;0.0;0.04;0.0;0.0;0.12;2;3;0.0
4596;cal000194;cal;angel;unknown;Ángel;MALE;1;1;4;4;0;0;0;0;1.0;0.0;0.0;0.0;0.0;0.0;0.0;0.0;0.0;0.04;0.01;0.0;0.33;1;5;0.0
4597;cal000194;cal;nina;unknown;Niña;FEMALE;1;1;1;2;0;0;0;0;1.0;0.0;0.0;0.0;0.0;0.0;0.0;0.0;0.0;0.04;0.0;0.0;0.33;0;5;0.0
4598;cal000194;cal;nino;unknown;Niño;MALE;1;1;1;4;0;0;0;0;1.0;0.0;0.0;0.0;0.0;0.0;0.0;0.0;0.0;0.04;0.0;0.0;0.33;0;3;0.0
4599;cal000194;cal;casio;unknown;Casio;MALE;1;1;1;4;0;0;0;0;1.0;0.0;0.0;0.0;0.0;0.0;0.0;0.0;0.0;0.04;0.0;0.0;0.1;0;0;0.0
4600;cal000194;cal;lucero musicos;unknown;UNKNOWN;u;1;1;1;10;0;0;0;0;1.0;0.0;0.0;0.0;0.0;0.0;0.0;0.0;0.0;0.04;0.0;0.01;0.03;0;0;0.0
4601;cal000194;cal;discordia musicos;unknown;UNKNOWN;u;1;1;1;5;0;0;0;0;1.0;0.0;0.0;0.0;0.0;0.0;0.0;0.0;0.0;0.04;0.0;0.0;0.18;0;6;0.0
4602;cal000194;cal;lucero labradores sacerdote;unknown;UNKNOWN;u;1;1;1;4;0;0;0;0;1.0;0.0;0.0;0.0;0.0;0.0;0.0;0.0;0.0;0.04;0.0;0.0;0.18;0;3;0.0
4603;cal000194;cal;sembrador labradores sacerdote lucero discordia;unknown;UNKNOWN;u;1;1;1;1;0;0;0;0;1.0;0.0;0.0;0.0;0.0;0.0;0.0;0.0;0.0;0.04;0.0;0.0;0.18;0;3;0.0
4604;cal000194;cal;acompanamiento;unknown;UNKNOWN;u;1;4;12;15;0;0;0;0;1.0;0.0;0.0;0.0;0.0;0.0;0.0;0.0;0.0;0.15;0.03;0.01;0.47;1;7;0.04
4605;cal000194;cal;sembrador labradores sacerdote joseph melchisedech abraham acompanamiento discordia lucero levi simeon celfa;unknown;UNKNOWN;u;1;1;1;5;0;0;0;0;1.0;0.0;0.0;0.0;0.0;0.0;0.0;0.0;0.0;0.04;0.0;0.0;0.13;1;4;0.0
4606;cal000194;cal;segador-1;unknown;UNKNOWN;u;1;6;10;25;0;0;0;0;1.0;0.0;0.0;0.0;0.0;0.0;0.0;0.0;0.0;0.23;0.02;0.01;0.42;1;2;0.01
4607;cal000194;cal;sembrador labradores sacerdote joseph melchisedech abraham acompanamiento discordia lucero segador-1 levi segador-2 celfa simeon;unknown;UNKNOWN;u;1;1;1;1;0;0;0;0;1.0;0.0;0.0;0.0;0.0;0.0;0.0;0.0;0.0;0.04;0.0;0.0;0.13;0;1;0.0
4608;cal000194;cal;labradores sacerdote joseph melchisedech abraham acompanamiento discordia lucero segador-1 segador-2 simeon segador-3 levi celfa musicos;unknown;UNKNOWN;u;1;1;1;1;0;0;0;0;1.0;0.0;0.0;0.0;0.0;0.0;0.0;0.0;0.0;0.04;0.0;0.0;0.17;1;5;0.0
4609;cal000194;cal;labradores sacerdote joseph melchisedech abraham acompanamiento discordia lucero segador-1 segador-2 simeon segador-3 levi celfa musicos zafio;unknown;UNKNOWN;u;1;1;1;1;0;0;0;0;1.0;0.0;0.0;0.0;0.0;0.0;0.0;0.0;0.0;0.04;0.0;0.0;0.17;1;4;0.0
4610;cal000194;cal;labradores sacerdote joseph melchisedech abraham acompanamiento discordia segador-1 segador-2 segador-3 levi zafio musicos lucero simeon celfa;unknown;UNKNOWN;u;1;1;1;1;0;0;0;0;1.0;0.0;0.0;0.0;0.0;0.0;0.0;0.0;0.0;0.04;0.0;0.0;0.2;2;4;0.0
4611;cal000194;cal;labradores sacerdote joseph melchisedech abraham acompanamiento discordia segador-1 segador-2 segador-3 levi musicos simeon noemi celfa zafio lucero ruth;unknown;UNKNOWN;u;1;1;1;2;0;0;0;0;1.0;0.0;0.0;0.0;0.0;0.0;0.0;0.0;0.0;0.04;0.0;0.0;0.2;0;2;0.0
4612;cal000194;cal;4;unknown;UNKNOWN;u;1;1;1;1;0;0;0;0;1.0;0.0;0.0;0.0;0.0;0.0;0.0;0.0;0.0;0.04;0.0;0.0;0.2;0;0;0.0
4613;cal000194;cal;labradores sacerdote joseph melchisedech abraham acompanamiento discordia segador-1 levi musicos segador-2 segador-3 celfa zafio ruth lucero noemi simeon;unknown;UNKNOWN;u;1;1;1;1;0;0;0;0;1.0;0.0;0.0;0.0;0.0;0.0;0.0;0.0;0.0;0.04;0.0;0.0;0.0;0;0;0.0
4614;cal000194;cal;labradores sacerdote joseph melchisedech abraham acompanamiento discordia segador-1 musicos segador-2 segador-3 simeon celfa noemi levi lucero booz ruth zafio;unknown;UNKNOWN;u;1;1;1;1;0;0;0;0;1.0;0.0;0.0;0.0;0.0;0.0;0.0;0.0;0.0;0.04;0.0;0.0;0.07;1;0;0.0
4615;cal000194;cal;labradores sacerdote joseph melchisedech abraham acompanamiento discordia segador-1 musicos segador-2 segador-3 simeon noemi levi lucero booz ruth zafio celfa;unknown;UNKNOWN;u;1;1;1;1;0;0;0;0;1.0;0.0;0.0;0.0;0.0;0.0;0.0;0.0;0.0;0.04;0.0;0.0;0.07;0;0;0.0
4616;cal000194;cal;labradores sacerdote joseph melchisedech abraham acompanamiento discordia segador-1 musicos segador-2 segador-3 simeon noemi levi lucero booz ruth celfa zafio;unknown;UNKNOWN;u;1;1;1;1;0;0;0;0;1.0;0.0;0.0;0.0;0.0;0.0;0.0;0.0;0.0;0.04;0.0;0.0;0.07;0;0;0.0
4617;cal000194;cal;discordia lucero musicos;unknown;UNKNOWN;u;1;1;1;1;0;0;0;0;1.0;0.0;0.0;0.0;0.0;0.0;0.0;0.0;0.0;0.04;0.0;0.0;0.07;0;0;0.0
4618;cal000194;cal;labradores sacerdote joseph melchisedech abraham acompanamiento segador-1 segador-2 segador-3 simeon levi celfa zafio ruth noemi booz musicos discordia lucero;unknown;UNKNOWN;u;1;1;1;1;0;0;0;0;1.0;0.0;0.0;0.0;0.0;0.0;0.0;0.0;0.0;0.04;0.0;0.0;0.25;3;3;0.0
4619;cal000194;cal;labradores sacerdote joseph melchisedech abraham acompanamiento segador-1 segador-2 segador-3 simeon levi celfa ruth noemi booz musicos discordia lucero zafio;unknown;UNKNOWN;u;1;1;1;1;0;0;0;0;1.0;0.0;0.0;0.0;0.0;0.0;0.0;0.0;0.0;0.04;0.0;0.0;0.25;3;2;0.0
4620;cal000194;cal;labradores sacerdote joseph melchisedech abraham acompanamiento segador-1 segador-2 segador-3 simeon levi ruth booz musicos noemi zafio discordia lucero celfa;unknown;UNKNOWN;u;1;1;1;1;0;0;0;0;1.0;0.0;0.0;0.0;0.0;0.0;0.0;0.0;0.0;0.04;0.0;0.0;0.25;1;2;0.0
4621;cal000194;cal;zafio noemi;unknown;UNKNOWN;u;1;1;1;1;0;0;0;0;1.0;0.0;0.0;0.0;0.0;0.0;0.0;0.0;0.0;0.04;0.0;0.0;0.25;1;2;0.0
4622;cal000194;cal;labradores sacerdote joseph melchisedech abraham acompanamiento segador-1 segador-2 segador-3 simeon levi ruth booz discordia lucero musicos celfa zafio noemi;unknown;UNKNOWN;u;1;1;1;1;0;0;0;0;1.0;0.0;0.0;0.0;0.0;0.0;0.0;0.0;0.0;0.04;0.0;0.0;0.25;1;2;0.0
4623;cal000194;cal;levi musicos;unknown;UNKNOWN;u;1;1;1;2;0;0;0;0;1.0;0.0;0.0;0.0;0.0;0.0;0.0;0.0;0.0;0.04;0.0;0.0;0.08;0;0;0.0
4624;cal000194;cal;labradores sacerdote joseph melchisedech abraham acompanamiento segador-1 segador-2 segador-3 celfa simeon noemi zafio booz levi musicos mayoral ruth discordia lucero;unknown;UNKNOWN;u;1;1;1;2;0;0;0;0;1.0;0.0;0.0;0.0;0.0;0.0;0.0;0.0;0.0;0.04;0.0;0.0;0.12;0;2;0.0
4625;cal000194;cal;lucero discordia;unknown;UNKNOWN;u;1;1;2;3;0;0;0;0;1.0;0.0;0.0;0.0;0.0;0.0;0.0;0.0;0.0;0.04;0.0;0.0;0.33;1;7;0.0
4626;cal000194;cal;nino ruth;unknown;UNKNOWN;u;1;1;1;1;0;0;0;0;1.0;0.0;0.0;0.0;0.0;0.0;0.0;0.0;0.0;0.04;0.0;0.0;0.33;0;3;0.0
4627;cal000194;cal;melchisedech abraham;unknown;UNKNOWN;u;1;1;1;1;0;0;0;0;1.0;0.0;0.0;0.0;0.0;0.0;0.0;0.0;0.0;0.04;0.0;0.0;0.33;0;2;0.0
4628;cal000194;cal;ruth joseph;unknown;UNKNOWN;u;1;1;1;1;0;0;0;0;1.0;0.0;0.0;0.0;0.0;0.0;0.0;0.0;0.0;0.04;0.0;0.0;0.33;0;0;0.0
4629;cal000194;cal;abraham melchisedech;unknown;UNKNOWN;u;1;1;3;3;0;0;0;0;1.0;0.0;0.0;0.0;0.0;0.0;0.0;0.0;0.0;0.04;0.01;0.0;0.33;0;0;0.0
4630;cal000194;cal;acompanamiento segador-1 segador-2 segador-3 celfa zafio mayoral levi sembrador angel nina sacerdote nino joseph melchisedech abraham musicos discordia coro-1 coro-2 coro-3 coro-4 noemi simeon booz ruth lucero casio;unknown;UNKNOWN;u;1;1;1;7;0;0;0;0;1.0;0.0;0.0;0.0;0.0;0.0;0.0;0.0;0.0;0.04;0.0;0.0;0.1;0;0;0.0
4631;cal000127;cal;músicos;unknown;Músicos;UNKNOWN;1;1;1;12;0;0;0;0;0.0;0.0;1.0;0.0;0.0;0.0;0.0;0.0;0.0;0.01;0.0;0.0;0.48;1;0;0.0
4632;cal000127;cal;carlos;unknown;Carlos;MALE;3;13;40;163;0;0;0;0;0.48;0.36;0.16;0.0;0.0;0.0;0.0;0.0;0.0;0.16;0.04;0.03;0.83;3;5;0.04
4633;cal000127;cal;césar;unknown;César;MALE;3;28;154;934;0;0;0;0;0.44;0.4;0.16;0.0;0.0;0.0;0.0;0.0;0.0;0.35;0.16;0.2;0.83;0;1;0.07
4634;cal000127;cal;federico;unknown;Federico;MALE;3;35;192;1426;0;0;0;0;0.44;0.19;0.37;0.0;0.0;0.0;0.0;0.0;0.0;0.44;0.2;0.3;0.87;4;4;0.06
4635;cal000127;cal;fabio;unknown;Fabio;MALE;2;8;13;86;0;0;0;0;0.5;0.0;0.5;0.0;0.0;0.0;0.0;0.0;0.0;0.1;0.01;0.02;0.52;3;4;0.0
4636;cal000127;cal;teodoro;unknown;Teodoro;MALE;2;9;52;265;0;0;0;0;0.38;0.0;0.62;0.0;0.0;0.0;0.0;0.0;0.0;0.11;0.05;0.06;0.7;2;3;0.02
4637;cal000127;cal;patacón;unknown;Patacón;MALE;3;22;80;264;0;0;0;0;0.37;0.1;0.53;0.0;0.0;0.0;0.0;0.0;0.0;0.28;0.08;0.06;0.78;4;4;0.02
4638;cal000127;cal;lidoro;unknown;Lidoro;MALE;2;7;8;11;0;0;0;0;0.27;0.0;0.73;0.0;0.0;0.0;0.0;0.0;0.0;0.09;0.01;0.0;0.61;1;1;0.01
4639;cal000127;cal;lisarda;unknown;Lisarda;FEMALE;3;19;79;350;0;0;0;0;0.43;0.42;0.15;0.0;0.0;0.0;0.0;0.0;0.0;0.24;0.08;0.07;0.78;1;5;0.02
4640;cal000127;cal;serafina;unknown;Serafina;FEMALE;3;38;207;758;0;0;0;0;0.2;0.45;0.36;0.0;0.0;0.0;0.0;0.0;0.0;0.47;0.21;0.16;0.91;3;1;0.08
4641;cal000127;cal;laura;unknown;Laura;FEMALE;3;11;34;92;0;0;0;0;0.39;0.38;0.23;0.0;0.0;0.0;0.0;0.0;0.0;0.14;0.03;0.02;0.7;3;4;0.02
4642;cal000127;cal;nise;unknown;Nise;FEMALE;3;13;34;108;0;0;0;0;0.32;0.41;0.27;0.0;0.0;0.0;0.0;0.0;0.0;0.16;0.03;0.02;0.65;1;4;0.0
4643;cal000127;cal;clori;unknown;Clori;FEMALE;3;5;17;40;0;0;0;0;0.47;0.25;0.28;0.0;0.0;0.0;0.0;0.0;0.0;0.06;0.02;0.01;0.35;1;3;0.0
4644;cal000127;cal;enrique;unknown;Enrique;MALE;2;11;53;217;0;0;0;0;0.0;0.44;0.56;0.0;0.0;0.0;0.0;0.0;0.0;0.14;0.05;0.05;0.65;1;5;0.0
4645;cal000127;cal;serafina laura;unknown;UNKNOWN;u;1;2;2;12;0;0;0;0;1.0;0.0;0.0;0.0;0.0;0.0;0.0;0.0;0.0;0.03;0.0;0.0;0.17;0;0;0.0
4646;cal000127;cal;voz;unknown;UNKNOWN;u;2;3;3;5;0;0;0;0;0.2;0.0;0.8;0.0;0.0;0.0;0.0;0.0;0.0;0.04;0.0;0.0;0.52;1;0;0.0
4647;cal000127;cal;federico carlos;unknown;UNKNOWN;u;2;2;2;5;0;0;0;0;0.2;0.8;0.0;0.0;0.0;0.0;0.0;0.0;0.0;0.03;0.0;0.0;0.3;0;0;0.0
4648;cal000127;cal;laura clori;unknown;UNKNOWN;u;1;2;2;2;0;0;0;0;1.0;0.0;0.0;0.0;0.0;0.0;0.0;0.0;0.0;0.03;0.0;0.0;0.39;1;3;0.0
4649;cal000127;cal;césar federico;unknown;UNKNOWN;u;1;1;4;4;0;0;0;0;0.0;1.0;0.0;0.0;0.0;0.0;0.0;0.0;0.0;0.01;0.0;0.0;0.13;0;0;0.0
4650;cal000127;cal;carlos césar;unknown;UNKNOWN;u;1;1;1;1;0;0;0;0;0.0;1.0;0.0;0.0;0.0;0.0;0.0;0.0;0.0;0.01;0.0;0.0;0.17;1;3;0.0
4651;cal000127;cal;todos;unknown;UNKNOWN;u;1;2;2;3;0;0;0;0;0.0;0.0;1.0;0.0;0.0;0.0;0.0;0.0;0.0;0.03;0.0;0.0;0.52;2;2;0.0
4652;cal000127;cal;voces;unknown;UNKNOWN;u;1;1;1;1;0;0;0;0;0.0;0.0;1.0;0.0;0.0;0.0;0.0;0.0;0.0;0.01;0.0;0.0;0.0;0;0;0.0
4653;cal000127;cal;carlos federico;unknown;UNKNOWN;u;1;1;1;1;0;0;0;0;0.0;0.0;1.0;0.0;0.0;0.0;0.0;0.0;0.0;0.01;0.0;0.0;0.48;1;0;0.0
4654;cal000039;cal;música;unknown;Músicos;UNKNOWN;1;7;15;32;0;0;0;0;1.0;0.0;0.0;0.0;0.0;0.0;0.0;0.0;0.0;0.21;0.03;0.01;0.42;3;3;0.02
4655;cal000039;cal;culpa;unknown;La Culpa;FEMALE;1;12;40;533;0;0;0;0;1.0;0.0;0.0;0.0;0.0;0.0;0.0;0.0;0.0;0.35;0.09;0.23;0.67;0;2;0.13
4656;cal000039;cal;gracia;unknown;La Gracia;FEMALE;1;12;43;154;0;0;0;0;1.0;0.0;0.0;0.0;0.0;0.0;0.0;0.0;0.0;0.35;0.1;0.07;0.76;3;5;0.13
4657;cal000039;cal;naturaleza;unknown;La Naturaleza;FEMALE;1;15;48;280;0;0;0;0;1.0;0.0;0.0;0.0;0.0;0.0;0.0;0.0;0.0;0.44;0.11;0.12;0.79;2;5;0.14
4658;cal000039;cal;lucero;unknown;El Lucero;MALE;1;5;17;83;0;0;0;0;1.0;0.0;0.0;0.0;0.0;0.0;0.0;0.0;0.0;0.15;0.04;0.04;0.52;3;4;0.07
4659;cal000039;cal;mundo;unknown;El Mundo;MALE;1;8;43;200;0;0;0;0;1.0;0.0;0.0;0.0;0.0;0.0;0.0;0.0;0.0;0.24;0.1;0.09;0.7;3;5;0.16
4660;cal000039;cal;gentilidad;unknown;La Gentilidad;FEMALE;1;7;31;107;0;0;0;0;1.0;0.0;0.0;0.0;0.0;0.0;0.0;0.0;0.0;0.21;0.07;0.05;0.45;1;2;0.02
4661;cal000039;cal;judaísmo;unknown;El Judaísmo;MALE;1;10;40;178;0;0;0;0;1.0;0.0;0.0;0.0;0.0;0.0;0.0;0.0;0.0;0.29;0.09;0.08;0.48;1;1;0.03
4662;cal000039;cal;inocencia;unknown;La Inocencia;FEMALE;1;16;46;155;0;0;0;0;1.0;0.0;0.0;0.0;0.0;0.0;0.0;0.0;0.0;0.47;0.1;0.07;0.64;4;5;0.06
4663;cal000039;cal;segundo-adán;unknown;El Segundo Adán;MALE;1;10;41;305;0;0;0;0;1.0;0.0;0.0;0.0;0.0;0.0;0.0;0.0;0.0;0.29;0.09;0.13;0.58;3;8;0.04
4664;cal000039;cal;josué;unknown;Josué;MALE;1;6;14;39;0;0;0;0;1.0;0.0;0.0;0.0;0.0;0.0;0.0;0.0;0.0;0.18;0.03;0.02;0.27;0;0;0.0
4665;cal000039;cal;moisés;unknown;Moisés;MALE;1;6;14;56;0;0;0;0;1.0;0.0;0.0;0.0;0.0;0.0;0.0;0.0;0.0;0.18;0.03;0.02;0.3;3;3;0.01
4666;cal000039;cal;job;unknown;Job;MALE;1;1;6;39;0;0;0;0;1.0;0.0;0.0;0.0;0.0;0.0;0.0;0.0;0.0;0.03;0.01;0.02;0.15;3;1;0.0
4667;cal000039;cal;david;unknown;David;MALE;1;2;6;33;0;0;0;0;1.0;0.0;0.0;0.0;0.0;0.0;0.0;0.0;0.0;0.06;0.01;0.01;0.24;1;2;0.0
4668;cal000039;cal;isaías;unknown;Isaías;MALE;1;1;9;16;0;0;0;0;1.0;0.0;0.0;0.0;0.0;0.0;0.0;0.0;0.0;0.03;0.02;0.01;0.12;1;2;0.0
4669;cal000039;cal;santiago;unknown;Santiago;MALE;1;1;2;6;0;0;0;0;1.0;0.0;0.0;0.0;0.0;0.0;0.0;0.0;0.0;0.03;0.0;0.0;0.3;4;2;0.0
4670;cal000039;cal;benito;unknown;San Benito;MALE;1;1;2;11;0;0;0;0;1.0;0.0;0.0;0.0;0.0;0.0;0.0;0.0;0.0;0.03;0.0;0.0;0.3;4;1;0.0
4671;cal000039;cal;bernardo;unknown;San Bernardo;MALE;1;1;2;5;0;0;0;0;1.0;0.0;0.0;0.0;0.0;0.0;0.0;0.0;0.0;0.03;0.0;0.0;0.3;4;0;0.0
4672;cal000039;cal;acompañamiento;unknown;Acompañamiento;MALE;1;1;1;1;0;0;0;0;1.0;0.0;0.0;0.0;0.0;0.0;0.0;0.0;0.0;0.03;0.0;0.0;0.21;1;1;0.0
4673;cal000039;cal;judaísmo gentilidad;unknown;UNKNOWN;u;1;1;1;1;0;0;0;0;1.0;0.0;0.0;0.0;0.0;0.0;0.0;0.0;0.0;0.03;0.0;0.0;0.12;0;0;0.0
4674;cal000039;cal;naturaleza gracia;unknown;UNKNOWN;u;1;1;2;3;0;0;0;0;1.0;0.0;0.0;0.0;0.0;0.0;0.0;0.0;0.0;0.03;0.0;0.0;0.21;2;2;0.0
4675;cal000039;cal;música culpa;unknown;UNKNOWN;u;1;1;1;1;0;0;0;0;1.0;0.0;0.0;0.0;0.0;0.0;0.0;0.0;0.0;0.03;0.0;0.0;0.21;1;2;0.0
4676;cal000039;cal;moisés david;unknown;UNKNOWN;u;1;1;1;1;0;0;0;0;1.0;0.0;0.0;0.0;0.0;0.0;0.0;0.0;0.0;0.03;0.0;0.0;0.21;0;0;0.0
4677;cal000039;cal;gracia naturaleza;unknown;UNKNOWN;u;1;1;4;4;0;0;0;0;1.0;0.0;0.0;0.0;0.0;0.0;0.0;0.0;0.0;0.03;0.01;0.0;0.09;0;0;0.0
4678;cal000039;cal;culpa música;unknown;UNKNOWN;u;1;1;1;4;0;0;0;0;1.0;0.0;0.0;0.0;0.0;0.0;0.0;0.0;0.0;0.03;0.0;0.0;0.15;1;1;0.0
4679;cal000039;cal;acompañamiento job judaísmo;unknown;UNKNOWN;u;1;2;6;9;0;0;0;0;1.0;0.0;0.0;0.0;0.0;0.0;0.0;0.0;0.0;0.06;0.01;0.0;0.24;0;1;0.01
4680;cal000039;cal;naturaleza gracia música;unknown;UNKNOWN;u;1;2;6;6;0;0;0;0;1.0;0.0;0.0;0.0;0.0;0.0;0.0;0.0;0.0;0.06;0.01;0.0;0.24;0;1;0.01
4681;cal000039;cal;culpa judaísmo job gracia naturaleza música;unknown;UNKNOWN;u;1;1;2;7;0;0;0;0;1.0;0.0;0.0;0.0;0.0;0.0;0.0;0.0;0.0;0.03;0.0;0.0;0.15;0;1;0.0
4682;cal000039;cal;mundo culpa judaísmo job lucero gracia naturaleza;unknown;UNKNOWN;u;1;1;2;8;0;0;0;0;1.0;0.0;0.0;0.0;0.0;0.0;0.0;0.0;0.0;0.03;0.0;0.0;0.15;0;1;0.0
4683;cal000039;cal;acompañamiento job judaísmo naturaleza gracia música;unknown;UNKNOWN;u;1;1;1;4;0;0;0;0;1.0;0.0;0.0;0.0;0.0;0.0;0.0;0.0;0.0;0.03;0.0;0.0;0.15;0;0;0.0
4684;cal000039;cal;naturaleza música;unknown;UNKNOWN;u;1;1;1;2;0;0;0;0;1.0;0.0;0.0;0.0;0.0;0.0;0.0;0.0;0.0;0.03;0.0;0.0;0.15;1;1;0.0
4685;cal000039;cal;acompañamiento job judaísmo naturaleza gracia mundo inocencia santiago segundo-adán benito bernardo;unknown;UNKNOWN;u;1;1;1;1;0;0;0;0;1.0;0.0;0.0;0.0;0.0;0.0;0.0;0.0;0.0;0.03;0.0;0.0;0.3;0;0;0.0
4686;cal000039;cal;job judaísmo naturaleza gracia;unknown;UNKNOWN;u;1;1;1;2;0;0;0;0;1.0;0.0;0.0;0.0;0.0;0.0;0.0;0.0;0.0;0.03;0.0;0.0;0.27;4;3;0.0
4687;cal000039;cal;gentilidad bernardo santiago inocencia mundo judaísmo job david benito lucero segundo-adán naturaleza gracia música;unknown;UNKNOWN;u;1;1;1;4;0;0;0;0;1.0;0.0;0.0;0.0;0.0;0.0;0.0;0.0;0.0;0.03;0.0;0.0;0.27;0;0;0.0
4688;cal000128;cal;voces;unknown;Voces;UNKNOWN;1;1;1;1;0;0;0;0;1.0;0.0;0.0;0.0;0.0;0.0;0.0;0.0;0.0;0.01;0.0;0.0;0.24;0;0;0.0
4689;cal000128;cal;lope-hijo;unknown;Don Lope de Urrea;MALE;3;31;139;800;0;0;0;0;0.47;0.4;0.14;0.0;0.0;0.0;0.0;0.0;0.0;0.45;0.2;0.24;0.82;4;4;0.08
4690;cal000128;cal;lope-padre;unknown;Don Lope de Urrea;MALE;3;17;51;433;0;0;0;0;0.46;0.51;0.03;0.0;0.0;0.0;0.0;0.0;0.0;0.25;0.07;0.13;0.65;2;3;0.03
4691;cal000128;cal;mendo;unknown;Don Mendo Torrellas;MALE;3;22;95;399;0;0;0;0;0.41;0.1;0.49;0.0;0.0;0.0;0.0;0.0;0.0;0.32;0.13;0.12;0.94;1;4;0.2
4692;cal000128;cal;guillén;unknown;Don Guillén de Azagra;MALE;2;10;40;197;0;0;0;0;0.05;0.95;0.0;0.0;0.0;0.0;0.0;0.0;0.0;0.14;0.06;0.06;0.41;1;2;0.0
4693;cal000128;cal;rey;unknown;Rey Don Pedro de Aragón;MALE;3;9;37;189;0;0;0;0;0.12;0.12;0.76;0.0;0.0;0.0;0.0;0.0;0.0;0.13;0.05;0.06;0.18;0;0;0.0
4694;cal000128;cal;vicente;unknown;Vicente;MALE;3;23;92;297;0;0;0;0;0.12;0.62;0.25;0.0;0.0;0.0;0.0;0.0;0.0;0.33;0.13;0.09;0.88;2;1;0.1
4695;cal000128;cal;violante;unknown;Doña Violante;FEMALE;3;22;96;389;0;0;0;0;0.39;0.25;0.37;0.0;0.0;0.0;0.0;0.0;0.0;0.32;0.14;0.12;0.82;1;4;0.09
4696;cal000128;cal;blanca;unknown;Doña Blanca;FEMALE;3;14;54;370;0;0;0;0;0.22;0.11;0.68;0.0;0.0;0.0;0.0;0.0;0.0;0.2;0.08;0.11;0.59;1;4;0.02
4697;cal000128;cal;beatriz;unknown;Beatriz;FEMALE;3;6;29;67;0;0;0;0;0.01;0.52;0.46;0.0;0.0;0.0;0.0;0.0;0.0;0.09;0.04;0.02;0.47;1;1;0.0
4698;cal000128;cal;elvira;unknown;Elvira;FEMALE;3;15;66;115;0;0;0;0;0.14;0.18;0.68;0.0;0.0;0.0;0.0;0.0;0.0;0.22;0.09;0.04;0.47;3;2;0.0
4699;cal000128;cal;bandolero-1;unknown;Bandolero 1;MALE;1;1;1;6;0;0;0;0;1.0;0.0;0.0;0.0;0.0;0.0;0.0;0.0;0.0;0.01;0.0;0.0;0.24;0;2;0.0
4700;cal000128;cal;bandolero-2;unknown;Bandolero 2;MALE;1;1;1;1;0;0;0;0;1.0;0.0;0.0;0.0;0.0;0.0;0.0;0.0;0.0;0.01;0.0;0.0;0.24;0;0;0.0
4701;cal000128;cal;unos;unknown;UNKNOWN;u;1;1;1;1;0;0;0;0;1.0;0.0;0.0;0.0;0.0;0.0;0.0;0.0;0.0;0.01;0.0;0.0;0.35;0;0;0.0
4702;cal000128;cal;otros;unknown;UNKNOWN;u;1;1;1;1;0;0;0;0;1.0;0.0;0.0;0.0;0.0;0.0;0.0;0.0;0.0;0.01;0.0;0.0;0.35;0;0;0.0
4703;cal000128;cal;todos;unknown;UNKNOWN;u;3;3;3;5;0;0;0;0;0.2;0.4;0.4;0.0;0.0;0.0;0.0;0.0;0.0;0.04;0.0;0.0;0.71;0;0;0.03
4704;cal000128;cal;uno;unknown;UNKNOWN;u;2;3;3;9;0;0;0;0;0.0;0.22;0.78;0.0;0.0;0.0;0.0;0.0;0.0;0.04;0.0;0.0;0.41;0;4;0.01
4705;cal000128;cal;otro;unknown;UNKNOWN;u;1;1;1;1;0;0;0;0;0.0;0.0;1.0;0.0;0.0;0.0;0.0;0.0;0.0;0.01;0.0;0.0;0.18;0;0;0.0
4706;cal000040;cal;gallegos;unknown;Unos gallegos;MALE;1;3;9;17;0;0;0;0;1.0;0.0;0.0;0.0;0.0;0.0;0.0;0.0;0.0;0.33;0.07;0.05;0.94;1;1;0.06
4707;cal000040;cal;gitanos;unknown;Gitanos;MALE;1;3;8;20;0;0;0;0;1.0;0.0;0.0;0.0;0.0;0.0;0.0;0.0;0.0;0.33;0.06;0.06;0.94;1;0;0.06
4708;cal000040;cal;carretero;unknown;Un Carretero;MALE;1;5;17;49;0;0;0;0;1.0;0.0;0.0;0.0;0.0;0.0;0.0;0.0;0.0;0.56;0.13;0.16;1.0;1;7;0.14
4709;cal000040;cal;autor;unknown;Un Autor;MALE;1;2;9;24;0;0;0;0;1.0;0.0;0.0;0.0;0.0;0.0;0.0;0.0;0.0;0.22;0.07;0.08;0.11;0;1;0.0
4710;cal000040;cal;alma;unknown;El Alma;MALE;1;4;7;9;0;0;0;0;1.0;0.0;0.0;0.0;0.0;0.0;0.0;0.0;0.0;0.44;0.06;0.03;0.83;1;5;0.02
4711;cal000040;cal;cuerpo;unknown;El Cuerpo;MALE;1;3;6;14;0;0;0;0;1.0;0.0;0.0;0.0;0.0;0.0;0.0;0.0;0.0;0.33;0.05;0.05;0.72;0;2;0.0
4712;cal000040;cal;caminante;unknown;Un Caminante;MALE;1;6;28;92;0;0;0;0;1.0;0.0;0.0;0.0;0.0;0.0;0.0;0.0;0.0;0.67;0.22;0.3;0.94;1;3;0.06
4713;cal000040;cal;ángel;unknown;Un Ángel;MALE;1;3;7;12;0;0;0;0;1.0;0.0;0.0;0.0;0.0;0.0;0.0;0.0;0.0;0.33;0.06;0.04;0.56;1;5;0.0
4714;cal000040;cal;demonio;unknown;El Demonio;MALE;1;4;11;24;0;0;0;0;1.0;0.0;0.0;0.0;0.0;0.0;0.0;0.0;0.0;0.44;0.09;0.08;0.72;0;5;0.0
4715;cal000040;cal;muerte;unknown;La Muerte;FEMALE;1;3;6;14;0;0;0;0;1.0;0.0;0.0;0.0;0.0;0.0;0.0;0.0;0.0;0.33;0.05;0.05;0.83;0;2;0.02
4716;cal000040;cal;música;unknown;Música;UNKNOWN;1;2;3;5;0;0;0;0;1.0;0.0;0.0;0.0;0.0;0.0;0.0;0.0;0.0;0.22;0.02;0.02;0.44;1;1;0.0
4717;cal000040;cal;gitanos música;unknown;UNKNOWN;u;1;2;5;15;0;0;0;0;1.0;0.0;0.0;0.0;0.0;0.0;0.0;0.0;0.0;0.22;0.04;0.05;0.5;1;5;0.02
4718;cal000040;cal;carretero demonio cuerpo;unknown;UNKNOWN;u;1;1;1;1;0;0;0;0;1.0;0.0;0.0;0.0;0.0;0.0;0.0;0.0;0.0;0.11;0.01;0.0;0.67;1;3;0.0
4719;cal000040;cal;muerte ángel;unknown;UNKNOWN;u;1;1;3;3;0;0;0;0;1.0;0.0;0.0;0.0;0.0;0.0;0.0;0.0;0.0;0.11;0.02;0.01;0.67;1;3;0.0
4720;cal000040;cal;demonio muerte;unknown;UNKNOWN;u;1;1;1;1;0;0;0;0;1.0;0.0;0.0;0.0;0.0;0.0;0.0;0.0;0.0;0.11;0.01;0.0;0.67;0;3;0.0
4721;cal000040;cal;demonio alma;unknown;UNKNOWN;u;1;1;2;2;0;0;0;0;1.0;0.0;0.0;0.0;0.0;0.0;0.0;0.0;0.0;0.11;0.02;0.01;0.67;0;0;0.0
4722;cal000040;cal;demonio alma muerte ángel;unknown;UNKNOWN;u;1;1;1;1;0;0;0;0;1.0;0.0;0.0;0.0;0.0;0.0;0.0;0.0;0.0;0.11;0.01;0.0;0.67;0;0;0.0
4723;cal000040;cal;alma ángel;unknown;UNKNOWN;u;1;1;2;5;0;0;0;0;1.0;0.0;0.0;0.0;0.0;0.0;0.0;0.0;0.0;0.11;0.02;0.02;0.28;0;0;0.0
4724;cal000040;cal;caminante alma ángel gitanos música;unknown;UNKNOWN;u;1;1;1;2;0;0;0;0;1.0;0.0;0.0;0.0;0.0;0.0;0.0;0.0;0.0;0.11;0.01;0.01;0.28;0;0;0.0
4725;cal000195;cal;musicos;unknown;Músicos;UNKNOWN;1;2;2;5;0;0;0;0;1.0;0.0;0.0;0.0;0.0;0.0;0.0;0.0;0.0;0.08;0.01;0.0;0.44;0;0;0.02
4726;cal000195;cal;coro-1;unknown;Coro 1;UNKNOWN;1;4;11;14;0;0;0;0;1.0;0.0;0.0;0.0;0.0;0.0;0.0;0.0;0.0;0.16;0.03;0.01;0.41;1;1;0.02
4727;cal000195;cal;coro-2;unknown;Coro 2;UNKNOWN;1;3;10;13;0;0;0;0;1.0;0.0;0.0;0.0;0.0;0.0;0.0;0.0;0.0;0.12;0.03;0.01;0.35;1;1;0.01
4728;cal000195;cal;isaias;unknown;Isaías;MALE;1;3;10;51;0;0;0;0;1.0;0.0;0.0;0.0;0.0;0.0;0.0;0.0;0.0;0.12;0.03;0.03;0.38;4;2;0.02
4729;cal000195;cal;daniel;unknown;Daniel;MALE;1;3;20;138;0;0;0;0;1.0;0.0;0.0;0.0;0.0;0.0;0.0;0.0;0.0;0.12;0.06;0.09;0.38;2;1;0.04
4730;cal000195;cal;acompanamiento;unknown;Una Voz;UNKNOWN;1;8;26;40;0;0;0;0;1.0;0.0;0.0;0.0;0.0;0.0;0.0;0.0;0.0;0.32;0.07;0.03;0.59;2;0;0.08
4731;cal000195;cal;rey;unknown;Rey;MALE;1;5;14;165;0;0;0;0;1.0;0.0;0.0;0.0;0.0;0.0;0.0;0.0;0.0;0.2;0.04;0.11;0.59;4;3;0.03
4732;cal000195;cal;principe;unknown;Príncipe;MALE;1;9;18;91;0;0;0;0;1.0;0.0;0.0;0.0;0.0;0.0;0.0;0.0;0.0;0.36;0.05;0.06;0.62;6;1;0.05
4733;cal000195;cal;esposa;unknown;Esposa;FEMALE;1;8;19;81;0;0;0;0;1.0;0.0;0.0;0.0;0.0;0.0;0.0;0.0;0.0;0.32;0.05;0.05;0.68;7;1;0.07
4734;cal000195;cal;fe;unknown;Fe;FEMALE;1;7;12;23;0;0;0;0;1.0;0.0;0.0;0.0;0.0;0.0;0.0;0.0;0.0;0.28;0.03;0.02;0.65;2;1;0.08
4735;cal000195;cal;verdad;unknown;Verdad;FEMALE;1;7;56;179;0;0;0;0;1.0;0.0;0.0;0.0;0.0;0.0;0.0;0.0;0.0;0.28;0.15;0.12;0.53;6;3;0.05
4736;cal000195;cal;mentira;unknown;Mentira;FEMALE;1;11;55;191;0;0;0;0;1.0;0.0;0.0;0.0;0.0;0.0;0.0;0.0;0.0;0.44;0.15;0.13;0.59;2;0;0.09
4737;cal000195;cal;gentilidad;unknown;Gentilidad;FEMALE;1;8;36;192;0;0;0;0;1.0;0.0;0.0;0.0;0.0;0.0;0.0;0.0;0.0;0.32;0.1;0.13;0.71;7;2;0.15
4738;cal000195;cal;sinagoga;unknown;Sinagoga;FEMALE;1;7;43;259;0;0;0;0;1.0;0.0;0.0;0.0;0.0;0.0;0.0;0.0;0.0;0.28;0.12;0.17;0.53;6;2;0.04
4739;cal000195;cal;persia;unknown;Persia;FEMALE;1;1;1;1;0;0;0;0;1.0;0.0;0.0;0.0;0.0;0.0;0.0;0.0;0.0;0.04;0.0;0.0;0.24;4;1;0.0
4740;cal000195;cal;etiopia;unknown;Etiopía;FEMALE;1;2;2;2;0;0;0;0;1.0;0.0;0.0;0.0;0.0;0.0;0.0;0.0;0.0;0.08;0.01;0.0;0.44;3;2;0.01
4741;cal000195;cal;armenia;unknown;Armenia;FEMALE;1;1;1;1;0;0;0;0;1.0;0.0;0.0;0.0;0.0;0.0;0.0;0.0;0.0;0.04;0.0;0.0;0.24;2;1;0.0
4742;cal000195;cal;citia;unknown;Citia;FEMALE;1;1;1;1;0;0;0;0;1.0;0.0;0.0;0.0;0.0;0.0;0.0;0.0;0.0;0.04;0.0;0.0;0.24;1;1;0.0
4743;cal000195;cal;padmos;unknown;Padmos;MALE;1;2;2;4;0;0;0;0;1.0;0.0;0.0;0.0;0.0;0.0;0.0;0.0;0.0;0.08;0.01;0.0;0.44;1;1;0.01
4744;cal000195;cal;espana;unknown;España;FEMALE;1;1;6;12;0;0;0;0;1.0;0.0;0.0;0.0;0.0;0.0;0.0;0.0;0.0;0.04;0.02;0.01;0.32;5;2;0.0
4745;cal000195;cal;isaias acompanamiento musicos daniel;unknown;UNKNOWN;u;1;1;1;1;0;0;0;0;1.0;0.0;0.0;0.0;0.0;0.0;0.0;0.0;0.0;0.04;0.0;0.0;0.12;0;0;0.0
4746;cal000195;cal;musicos acompanamiento isaias daniel coro-1 coro-2;unknown;UNKNOWN;u;1;1;2;4;0;0;0;0;1.0;0.0;0.0;0.0;0.0;0.0;0.0;0.0;0.0;0.04;0.01;0.0;0.21;1;1;0.0
4747;cal000195;cal;musicos isaias daniel principe esposa fe acompanamiento coro-1 coro-2;unknown;UNKNOWN;u;1;1;1;1;0;0;0;0;1.0;0.0;0.0;0.0;0.0;0.0;0.0;0.0;0.0;0.04;0.0;0.0;0.24;0;0;0.0
4748;cal000195;cal;musicos isaias daniel principe esposa fe rey acompanamiento coro-1 coro-2;unknown;UNKNOWN;u;1;1;1;1;0;0;0;0;1.0;0.0;0.0;0.0;0.0;0.0;0.0;0.0;0.0;0.04;0.0;0.0;0.24;0;0;0.0
4749;cal000195;cal;mentira verdad;unknown;UNKNOWN;u;1;1;1;1;0;0;0;0;1.0;0.0;0.0;0.0;0.0;0.0;0.0;0.0;0.0;0.04;0.0;0.0;0.06;2;0;0.0
4750;cal000195;cal;acompanamiento isaias daniel principe esposa fe rey coro-2 verdad mentira gentilidad coro-1;unknown;UNKNOWN;u;1;1;1;2;0;0;0;0;1.0;0.0;0.0;0.0;0.0;0.0;0.0;0.0;0.0;0.04;0.0;0.0;0.09;0;0;0.0
4751;cal000195;cal;musicos gentilidad;unknown;UNKNOWN;u;1;1;1;2;0;0;0;0;1.0;0.0;0.0;0.0;0.0;0.0;0.0;0.0;0.0;0.04;0.0;0.0;0.09;0;0;0.0
4752;cal000195;cal;musicos daniel;unknown;UNKNOWN;u;1;1;1;2;0;0;0;0;1.0;0.0;0.0;0.0;0.0;0.0;0.0;0.0;0.0;0.04;0.0;0.0;0.09;0;0;0.0
4753;cal000195;cal;verdad mentira;unknown;UNKNOWN;u;1;1;2;2;0;0;0;0;1.0;0.0;0.0;0.0;0.0;0.0;0.0;0.0;0.0;0.04;0.01;0.0;0.09;3;0;0.0
4754;cal000195;cal;gentilidad musicos daniel acompanamiento isaias mentira sinagoga verdad rey principe esposa coro-1 coro-2 fe;unknown;UNKNOWN;u;1;1;1;1;0;0;0;0;1.0;0.0;0.0;0.0;0.0;0.0;0.0;0.0;0.0;0.04;0.0;0.0;0.12;0;0;0.0
4755;cal000195;cal;musicos daniel acompanamiento isaias verdad rey principe esposa coro-1 coro-2 fe mentira sinagoga gentilidad;unknown;UNKNOWN;u;1;1;1;2;0;0;0;0;1.0;0.0;0.0;0.0;0.0;0.0;0.0;0.0;0.0;0.04;0.0;0.0;0.21;1;0;0.0
4756;cal000195;cal;musicos daniel isaias verdad rey principe esposa coro-1 coro-2 mentira sinagoga gentilidad acompanamiento fe;unknown;UNKNOWN;u;1;1;1;2;0;0;0;0;1.0;0.0;0.0;0.0;0.0;0.0;0.0;0.0;0.0;0.04;0.0;0.0;0.21;0;0;0.0
4757;cal000195;cal;musicos daniel isaias verdad rey principe esposa coro-1 coro-2 mentira sinagoga acompanamiento fe gentilidad;unknown;UNKNOWN;u;1;1;1;2;0;0;0;0;1.0;0.0;0.0;0.0;0.0;0.0;0.0;0.0;0.0;0.04;0.0;0.0;0.21;0;0;0.0
4758;cal000195;cal;musicos daniel isaias rey principe coro-1 coro-2 sinagoga acompanamiento gentilidad persia etiopia armenia citia padmos mentira esposa verdad fe;unknown;UNKNOWN;u;1;1;1;4;0;0;0;0;1.0;0.0;0.0;0.0;0.0;0.0;0.0;0.0;0.0;0.04;0.0;0.0;0.09;1;1;0.0
4759;cal000195;cal;musicos daniel isaias coro-1 coro-2 acompanamiento persia armenia citia verdad rey mentira principe gentilidad esposa etiopia fe padmos espana sinagoga;unknown;UNKNOWN;u;1;1;1;1;0;0;0;0;1.0;0.0;0.0;0.0;0.0;0.0;0.0;0.0;0.0;0.04;0.0;0.0;0.32;1;1;0.0
4760;cal000196;cal;musicos;unknown;Músicos;UNKNOWN;1;7;20;33;0;0;0;0;1.0;0.0;0.0;0.0;0.0;0.0;0.0;0.0;0.0;0.23;0.04;0.01;0.84;2;5;0.03
4761;cal000196;cal;principe;unknown;Príncipe;MALE;1;9;41;626;0;0;0;0;1.0;0.0;0.0;0.0;0.0;0.0;0.0;0.0;0.0;0.3;0.07;0.27;0.87;2;4;0.04
4762;cal000196;cal;hombre;unknown;Hombre;MALE;1;12;85;277;0;0;0;0;1.0;0.0;0.0;0.0;0.0;0.0;0.0;0.0;0.0;0.4;0.15;0.12;0.94;4;5;0.05
4763;cal000196;cal;naturaleza;unknown;Naturaleza;FEMALE;1;11;55;421;0;0;0;0;1.0;0.0;0.0;0.0;0.0;0.0;0.0;0.0;0.0;0.37;0.1;0.18;0.94;3;5;0.06
4764;cal000196;cal;vida;unknown;Vida;FEMALE;1;10;27;49;0;0;0;0;1.0;0.0;0.0;0.0;0.0;0.0;0.0;0.0;0.0;0.33;0.05;0.02;0.94;0;3;0.05
4765;cal000196;cal;amor;unknown;Amor;MALE;1;11;23;39;0;0;0;0;1.0;0.0;0.0;0.0;0.0;0.0;0.0;0.0;0.0;0.37;0.04;0.02;0.94;0;4;0.05
4766;cal000196;cal;placer;unknown;Placer;MALE;1;14;56;146;0;0;0;0;1.0;0.0;0.0;0.0;0.0;0.0;0.0;0.0;0.0;0.47;0.1;0.06;0.81;0;2;0.04
4767;cal000196;cal;pesar;unknown;Pesar;MALE;1;8;36;64;0;0;0;0;1.0;0.0;0.0;0.0;0.0;0.0;0.0;0.0;0.0;0.27;0.06;0.03;0.61;1;4;0.01
4768;cal000196;cal;muerte;unknown;Muerte;FEMALE;1;10;61;127;0;0;0;0;1.0;0.0;0.0;0.0;0.0;0.0;0.0;0.0;0.0;0.33;0.11;0.05;0.84;2;6;0.03
4769;cal000196;cal;culpa;unknown;Culpa;FEMALE;1;13;66;272;0;0;0;0;1.0;0.0;0.0;0.0;0.0;0.0;0.0;0.0;0.0;0.43;0.12;0.12;0.87;1;6;0.05
4770;cal000196;cal;acompanamiento;unknown;Voz;UNKNOWN;1;3;4;7;0;0;0;0;1.0;0.0;0.0;0.0;0.0;0.0;0.0;0.0;0.0;0.1;0.01;0.0;0.65;0;1;0.02
4771;cal000196;cal;pobre;unknown;Pobre;MALE;1;12;43;118;0;0;0;0;1.0;0.0;0.0;0.0;0.0;0.0;0.0;0.0;0.0;0.4;0.08;0.05;0.77;1;2;0.02
4772;cal000196;cal;apetito;unknown;Apetito;MALE;1;5;17;89;0;0;0;0;1.0;0.0;0.0;0.0;0.0;0.0;0.0;0.0;0.0;0.17;0.03;0.04;0.55;0;0;0.0
4773;cal000196;cal;justicia;unknown;Justicia;FEMALE;1;2;3;12;0;0;0;0;1.0;0.0;0.0;0.0;0.0;0.0;0.0;0.0;0.0;0.07;0.01;0.01;0.48;4;4;0.0
4774;cal000196;cal;naturaleza vida amor placer principe hombre acompanamiento;unknown;UNKNOWN;u;1;1;1;1;0;0;0;0;1.0;0.0;0.0;0.0;0.0;0.0;0.0;0.0;0.0;0.03;0.0;0.0;0.35;0;0;0.0
4775;cal000196;cal;vida amor placer principe acompanamiento hombre naturaleza;unknown;UNKNOWN;u;1;1;1;1;0;0;0;0;1.0;0.0;0.0;0.0;0.0;0.0;0.0;0.0;0.0;0.03;0.0;0.0;0.35;0;0;0.0
4776;cal000196;cal;vida amor placer principe acompanamiento hombre naturaleza musicos;unknown;UNKNOWN;u;1;1;1;1;0;0;0;0;1.0;0.0;0.0;0.0;0.0;0.0;0.0;0.0;0.0;0.03;0.0;0.0;0.35;0;0;0.0
4777;cal000196;cal;amor placer principe acompanamiento hombre musicos naturaleza;unknown;UNKNOWN;u;1;1;4;11;0;0;0;0;1.0;0.0;0.0;0.0;0.0;0.0;0.0;0.0;0.0;0.03;0.01;0.0;0.35;0;0;0.0
4778;cal000196;cal;musicos muerte culpa;unknown;UNKNOWN;u;1;1;1;4;0;0;0;0;1.0;0.0;0.0;0.0;0.0;0.0;0.0;0.0;0.0;0.03;0.0;0.0;0.26;0;1;0.0
4779;cal000196;cal;placer culpa;unknown;UNKNOWN;u;1;2;3;8;0;0;0;0;1.0;0.0;0.0;0.0;0.0;0.0;0.0;0.0;0.0;0.07;0.01;0.0;0.48;0;2;0.0
4780;cal000196;cal;culpa muerte;unknown;UNKNOWN;u;1;2;2;3;0;0;0;0;1.0;0.0;0.0;0.0;0.0;0.0;0.0;0.0;0.0;0.07;0.0;0.0;0.42;0;1;0.0
4781;cal000196;cal;pesar placer;unknown;UNKNOWN;u;1;1;2;6;0;0;0;0;1.0;0.0;0.0;0.0;0.0;0.0;0.0;0.0;0.0;0.03;0.0;0.0;0.13;1;0;0.0
4782;cal000196;cal;amor vida;unknown;UNKNOWN;u;1;2;3;5;0;0;0;0;1.0;0.0;0.0;0.0;0.0;0.0;0.0;0.0;0.0;0.07;0.01;0.0;0.29;1;1;0.0
4783;cal000196;cal;apetito musicos;unknown;UNKNOWN;u;1;1;1;2;0;0;0;0;1.0;0.0;0.0;0.0;0.0;0.0;0.0;0.0;0.0;0.03;0.0;0.0;0.35;0;0;0.0
4784;cal000196;cal;acompanamiento culpa otros musicos principe muerte culpa amor vida hombre naturaleza pobre placer pesar apetito;unknown;UNKNOWN;u;1;1;1;1;0;0;0;0;1.0;0.0;0.0;0.0;0.0;0.0;0.0;0.0;0.0;0.03;0.0;0.0;0.35;0;1;0.0
4785;cal000196;cal;muerte culpa;unknown;UNKNOWN;u;1;2;2;2;0;0;0;0;1.0;0.0;0.0;0.0;0.0;0.0;0.0;0.0;0.0;0.07;0.0;0.0;0.61;3;4;0.01
4786;cal000196;cal;acompanamiento culpa otros musicos muerte amor vida placer pesar apetito hombre pobre justicia culpa principe naturaleza;unknown;UNKNOWN;u;1;1;1;1;0;0;0;0;1.0;0.0;0.0;0.0;0.0;0.0;0.0;0.0;0.0;0.03;0.0;0.0;0.48;2;1;0.0
4787;cal000196;cal;acompanamiento culpa otros muerte amor vida placer pesar apetito hombre pobre justicia culpa principe naturaleza musicos;unknown;UNKNOWN;u;1;1;3;7;0;0;0;0;1.0;0.0;0.0;0.0;0.0;0.0;0.0;0.0;0.0;0.03;0.01;0.0;0.48;2;1;0.0
4788;cal000196;cal;acompanamiento culpa otros amor vida placer pesar apetito hombre pobre justicia principe musicos muerte culpa naturaleza;unknown;UNKNOWN;u;1;1;1;1;0;0;0;0;1.0;0.0;0.0;0.0;0.0;0.0;0.0;0.0;0.0;0.03;0.0;0.0;0.48;1;1;0.0
4789;cal000196;cal;acompanamiento culpa otros amor vida placer pesar apetito hombre pobre justicia principe muerte culpa naturaleza musicos;unknown;UNKNOWN;u;1;1;3;3;0;0;0;0;1.0;0.0;0.0;0.0;0.0;0.0;0.0;0.0;0.0;0.03;0.01;0.0;0.48;1;1;0.0
4790;cal000196;cal;acompanamiento culpa otros placer pesar apetito hombre pobre justicia musicos muerte culpa principe naturaleza amor vida;unknown;UNKNOWN;u;1;1;1;2;0;0;0;0;1.0;0.0;0.0;0.0;0.0;0.0;0.0;0.0;0.0;0.03;0.0;0.0;0.48;0;0;0.0
4791;cal000196;cal;acompanamiento culpa otros justicia musicos hombre pobre amor culpa vida muerte pesar placer apetito naturaleza principe;unknown;UNKNOWN;u;1;1;1;4;0;0;0;0;1.0;0.0;0.0;0.0;0.0;0.0;0.0;0.0;0.0;0.03;0.0;0.0;0.42;0;0;0.0
4792;cal000041;cal;música;unknown;Músicos;UNKNOWN;1;2;5;60;0;0;0;0;1.0;0.0;0.0;0.0;0.0;0.0;0.0;0.0;0.0;0.25;0.1;0.16;1.0;2;5;0.1
4793;cal000041;cal;coro-1;unknown;Coro 1;UNKNOWN;1;1;2;2;0;0;0;0;1.0;0.0;0.0;0.0;0.0;0.0;0.0;0.0;0.0;0.12;0.04;0.01;0.36;2;0;0.0
4794;cal000041;cal;coro-2;unknown;Coro 2;UNKNOWN;1;1;2;2;0;0;0;0;1.0;0.0;0.0;0.0;0.0;0.0;0.0;0.0;0.0;0.12;0.04;0.01;0.36;2;0;0.0
4795;cal000041;cal;la-gracia;unknown;La Gracia;FEMALE;1;2;7;62;0;0;0;0;1.0;0.0;0.0;0.0;0.0;0.0;0.0;0.0;0.0;0.25;0.14;0.16;1.0;0;5;0.1
4796;cal000041;cal;la-naturaleza;unknown;La Naturaleza;FEMALE;1;2;10;90;0;0;0;0;1.0;0.0;0.0;0.0;0.0;0.0;0.0;0.0;0.0;0.25;0.2;0.23;1.0;1;5;0.1
4797;cal000041;cal;día-1;unknown;Día 1;MALE;1;2;3;27;0;0;0;0;1.0;0.0;0.0;0.0;0.0;0.0;0.0;0.0;0.0;0.25;0.06;0.07;0.79;2;5;0.0
4798;cal000041;cal;día-2;unknown;Día 2;MALE;1;2;2;26;0;0;0;0;1.0;0.0;0.0;0.0;0.0;0.0;0.0;0.0;0.0;0.25;0.04;0.07;0.79;0;0;0.0
4799;cal000041;cal;día-3;unknown;Día 3;MALE;1;2;2;18;0;0;0;0;1.0;0.0;0.0;0.0;0.0;0.0;0.0;0.0;0.0;0.25;0.04;0.05;0.79;0;1;0.0
4800;cal000041;cal;día-4;unknown;Día 4;MALE;1;2;2;22;0;0;0;0;1.0;0.0;0.0;0.0;0.0;0.0;0.0;0.0;0.0;0.25;0.04;0.06;0.79;0;4;0.0
4801;cal000041;cal;día-5;unknown;Día 5;MALE;1;2;2;20;0;0;0;0;1.0;0.0;0.0;0.0;0.0;0.0;0.0;0.0;0.0;0.25;0.04;0.05;0.79;0;3;0.0
4802;cal000041;cal;día-6;unknown;Día 6;MALE;1;2;2;23;0;0;0;0;1.0;0.0;0.0;0.0;0.0;0.0;0.0;0.0;0.0;0.25;0.04;0.06;0.79;0;2;0.0
4803;cal000041;cal;día-7;unknown;Día 7;MALE;1;1;4;24;0;0;0;0;1.0;0.0;0.0;0.0;0.0;0.0;0.0;0.0;0.0;0.12;0.08;0.06;0.79;2;6;0.0
4804;cal000041;cal;música coro-1 coro-2 la-gracia la-naturaleza;unknown;UNKNOWN;u;1;1;1;1;0;0;0;0;1.0;0.0;0.0;0.0;0.0;0.0;0.0;0.0;0.0;0.12;0.02;0.0;0.36;2;0;0.0
4805;cal000041;cal;la-gracia la-naturaleza día-1 día-2 día-3 día-4 día-5 día-6 día-7;unknown;UNKNOWN;u;1;1;3;4;0;0;0;0;1.0;0.0;0.0;0.0;0.0;0.0;0.0;0.0;0.0;0.12;0.06;0.01;0.79;2;6;0.0
4806;cal000041;cal;la-gracia la-naturaleza día-1 día-2 día-3 día-4 día-5 día-6;unknown;UNKNOWN;u;1;1;2;2;0;0;0;0;1.0;0.0;0.0;0.0;0.0;0.0;0.0;0.0;0.0;0.12;0.04;0.01;0.79;0;0;0.0
4807;cal000042;cal;música;unknown;Músicos;UNKNOWN;1;9;15;27;0;0;0;0;1.0;0.0;0.0;0.0;0.0;0.0;0.0;0.0;0.0;0.75;0.14;0.07;1.0;0;1;0.03
4808;cal000042;cal;placer;unknown;El Placer;MALE;1;3;18;59;0;0;0;0;1.0;0.0;0.0;0.0;0.0;0.0;0.0;0.0;0.0;0.25;0.17;0.16;1.0;4;5;0.03
4809;cal000042;cal;galán-1;unknown;Galán 1º;MALE;1;2;3;14;0;0;0;0;1.0;0.0;0.0;0.0;0.0;0.0;0.0;0.0;0.0;0.17;0.03;0.04;0.94;0;0;0.0
4810;cal000042;cal;galán-2;unknown;Galán 2º;MALE;1;2;3;16;0;0;0;0;1.0;0.0;0.0;0.0;0.0;0.0;0.0;0.0;0.0;0.17;0.03;0.04;0.94;4;4;0.0
4811;cal000042;cal;galán-3;unknown;Galán 3º;MALE;1;2;5;13;0;0;0;0;1.0;0.0;0.0;0.0;0.0;0.0;0.0;0.0;0.0;0.17;0.05;0.03;0.94;2;1;0.0
4812;cal000042;cal;galán-4;unknown;Galán 4º;MALE;1;3;5;15;0;0;0;0;1.0;0.0;0.0;0.0;0.0;0.0;0.0;0.0;0.0;0.25;0.05;0.04;0.94;2;3;0.0
4813;cal000042;cal;galán-5;unknown;Galán 5º;MALE;1;2;7;18;0;0;0;0;1.0;0.0;0.0;0.0;0.0;0.0;0.0;0.0;0.0;0.17;0.07;0.05;0.94;3;2;0.0
4814;cal000042;cal;dama-1;unknown;Dama 1ª;FEMALE;1;2;7;73;0;0;0;0;1.0;0.0;0.0;0.0;0.0;0.0;0.0;0.0;0.0;0.17;0.07;0.2;1.0;4;6;0.03
4815;cal000042;cal;dama-2;unknown;Dama 2ª;FEMALE;1;2;3;13;0;0;0;0;1.0;0.0;0.0;0.0;0.0;0.0;0.0;0.0;0.0;0.17;0.03;0.03;0.94;0;1;0.0
4816;cal000042;cal;dama-3;unknown;Dama 3ª;FEMALE;1;3;6;15;0;0;0;0;1.0;0.0;0.0;0.0;0.0;0.0;0.0;0.0;0.0;0.25;0.06;0.04;0.94;3;3;0.0
4817;cal000042;cal;dama-4;unknown;Dama 4ª;FEMALE;1;2;6;32;0;0;0;0;1.0;0.0;0.0;0.0;0.0;0.0;0.0;0.0;0.0;0.17;0.06;0.09;0.94;1;3;0.0
4818;cal000042;cal;dama-5;unknown;Dama 5ª;FEMALE;1;3;7;20;0;0;0;0;1.0;0.0;0.0;0.0;0.0;0.0;0.0;0.0;0.0;0.25;0.07;0.05;0.94;2;2;0.0
4819;cal000042;cal;viejo-venerable;unknown;Un Viejo Venerable;MALE;1;1;9;45;0;0;0;0;1.0;0.0;0.0;0.0;0.0;0.0;0.0;0.0;0.0;0.08;0.09;0.12;0.94;5;6;0.0
4820;cal000042;cal;dama-1 música;unknown;UNKNOWN;u;1;1;1;2;0;0;0;0;1.0;0.0;0.0;0.0;0.0;0.0;0.0;0.0;0.0;0.08;0.01;0.01;0.17;0;0;0.0
4821;cal000042;cal;dama-5 galán-5;unknown;UNKNOWN;u;1;1;1;1;0;0;0;0;1.0;0.0;0.0;0.0;0.0;0.0;0.0;0.0;0.0;0.08;0.01;0.0;0.94;5;6;0.0
4822;cal000042;cal;galán-1 galán-2 galán-3 galán-4 galán-5;unknown;UNKNOWN;u;1;1;1;1;0;0;0;0;1.0;0.0;0.0;0.0;0.0;0.0;0.0;0.0;0.0;0.08;0.01;0.0;0.94;5;6;0.0
4823;cal000042;cal;dama-1 dama-2 dama-3 dama-4 dama-5;unknown;UNKNOWN;u;1;1;1;1;0;0;0;0;1.0;0.0;0.0;0.0;0.0;0.0;0.0;0.0;0.0;0.08;0.01;0.0;0.94;5;6;0.0
4824;cal000042;cal;galán-1 galán-2 galán-3 galán-4 galán-5 dama-1 dama-2 dama-3 dama-4 dama-5 placer viejo-venerable;unknown;UNKNOWN;u;1;1;2;3;0;0;0;0;1.0;0.0;0.0;0.0;0.0;0.0;0.0;0.0;0.0;0.08;0.02;0.01;0.94;4;6;0.0
4825;cal000042;cal;galán-1 galán-2 galán-3 galán-4 galán-5 dama-1 dama-2 dama-3 dama-4 dama-5 viejo-venerable;unknown;UNKNOWN;u;1;1;4;4;0;0;0;0;1.0;0.0;0.0;0.0;0.0;0.0;0.0;0.0;0.0;0.08;0.04;0.01;0.94;4;5;0.0
4826;cal000043;cal;música;unknown;Músicos;UNKNOWN;1;1;3;20;0;0;0;0;1.0;0.0;0.0;0.0;0.0;0.0;0.0;0.0;0.0;1.0;0.04;0.04;0.95;0;0;0.0
4827;cal000043;cal;el-águila;unknown;El Águila;MALE;1;1;7;68;0;0;0;0;1.0;0.0;0.0;0.0;0.0;0.0;0.0;0.0;0.0;1.0;0.08;0.15;0.95;0;24;0.0
4828;cal000043;cal;el-fénix;unknown;El Fénix;MALE;1;1;9;31;0;0;0;0;1.0;0.0;0.0;0.0;0.0;0.0;0.0;0.0;0.0;1.0;0.11;0.07;0.95;0;23;0.0
4829;cal000043;cal;el-pavón;unknown;El Pavón;MALE;1;1;7;32;0;0;0;0;1.0;0.0;0.0;0.0;0.0;0.0;0.0;0.0;0.0;1.0;0.08;0.07;0.95;0;22;0.0
4830;cal000043;cal;enero;unknown;Enero;MALE;1;1;5;22;0;0;0;0;1.0;0.0;0.0;0.0;0.0;0.0;0.0;0.0;0.0;1.0;0.06;0.05;0.95;0;21;0.0
4831;cal000043;cal;febrero;unknown;Febrero;MALE;1;1;2;14;0;0;0;0;1.0;0.0;0.0;0.0;0.0;0.0;0.0;0.0;0.0;1.0;0.02;0.03;0.95;0;19;0.0
4832;cal000043;cal;marzo;unknown;Marzo;MALE;1;1;2;17;0;0;0;0;1.0;0.0;0.0;0.0;0.0;0.0;0.0;0.0;0.0;1.0;0.02;0.04;0.95;0;17;0.0
4833;cal000043;cal;abril;unknown;Abril;MALE;1;1;2;8;0;0;0;0;1.0;0.0;0.0;0.0;0.0;0.0;0.0;0.0;0.0;1.0;0.02;0.02;0.95;0;15;0.0
4834;cal000043;cal;mayo;unknown;Mayo;MALE;1;1;2;12;0;0;0;0;1.0;0.0;0.0;0.0;0.0;0.0;0.0;0.0;0.0;1.0;0.02;0.03;0.95;0;13;0.0
4835;cal000043;cal;junio;unknown;Junio;MALE;1;1;3;8;0;0;0;0;1.0;0.0;0.0;0.0;0.0;0.0;0.0;0.0;0.0;1.0;0.04;0.02;0.95;0;11;0.0
4836;cal000043;cal;julio;unknown;Julio;MALE;1;1;2;8;0;0;0;0;1.0;0.0;0.0;0.0;0.0;0.0;0.0;0.0;0.0;1.0;0.02;0.02;0.95;0;9;0.0
4837;cal000043;cal;agosto;unknown;Agosto;MALE;1;1;3;12;0;0;0;0;1.0;0.0;0.0;0.0;0.0;0.0;0.0;0.0;0.0;1.0;0.04;0.03;0.95;0;8;0.0
4838;cal000043;cal;setiembre;unknown;Setiembre;MALE;1;1;1;4;0;0;0;0;1.0;0.0;0.0;0.0;0.0;0.0;0.0;0.0;0.0;1.0;0.01;0.01;0.95;0;6;0.0
4839;cal000043;cal;octubre;unknown;Octubre;MALE;1;1;1;3;0;0;0;0;1.0;0.0;0.0;0.0;0.0;0.0;0.0;0.0;0.0;1.0;0.01;0.01;0.95;0;3;0.0
4840;cal000043;cal;noviembre;unknown;Noviembre;MALE;1;1;2;7;0;0;0;0;1.0;0.0;0.0;0.0;0.0;0.0;0.0;0.0;0.0;1.0;0.02;0.02;0.95;0;4;0.0
4841;cal000043;cal;diciembre;unknown;Diciembre;MALE;1;1;8;82;0;0;0;0;1.0;0.0;0.0;0.0;0.0;0.0;0.0;0.0;0.0;1.0;0.09;0.18;0.95;0;0;0.0
4842;cal000043;cal;acuario;unknown;Acuario;MALE;1;1;2;19;0;0;0;0;1.0;0.0;0.0;0.0;0.0;0.0;0.0;0.0;0.0;1.0;0.02;0.04;0.95;0;20;0.0
4843;cal000043;cal;piscis;unknown;Piscis;MALE;1;1;1;13;0;0;0;0;1.0;0.0;0.0;0.0;0.0;0.0;0.0;0.0;0.0;1.0;0.01;0.03;0.95;0;18;0.0
4844;cal000043;cal;ariete;unknown;Ariete;MALE;1;1;1;8;0;0;0;0;1.0;0.0;0.0;0.0;0.0;0.0;0.0;0.0;0.0;1.0;0.01;0.02;0.95;0;16;0.0
4845;cal000043;cal;tauro;unknown;Tauro;MALE;1;1;1;8;0;0;0;0;1.0;0.0;0.0;0.0;0.0;0.0;0.0;0.0;0.0;1.0;0.01;0.02;0.95;0;14;0.0
4846;cal000043;cal;géminis;unknown;Géminis;MALE;1;1;1;15;0;0;0;0;1.0;0.0;0.0;0.0;0.0;0.0;0.0;0.0;0.0;1.0;0.01;0.03;0.95;0;12;0.0
4847;cal000043;cal;cancro;unknown;Cancro;MALE;1;1;1;4;0;0;0;0;1.0;0.0;0.0;0.0;0.0;0.0;0.0;0.0;0.0;1.0;0.01;0.01;0.95;0;10;0.0
4848;cal000043;cal;león;unknown;León;MALE;1;1;1;5;0;0;0;0;1.0;0.0;0.0;0.0;0.0;0.0;0.0;0.0;0.0;1.0;0.01;0.01;0.95;0;7;0.0
4849;cal000043;cal;libra;unknown;Libra;MALE;1;1;1;8;0;0;0;0;1.0;0.0;0.0;0.0;0.0;0.0;0.0;0.0;0.0;1.0;0.01;0.02;0.95;0;5;0.0
4850;cal000043;cal;sagitario;unknown;Sagitario;MALE;1;1;1;3;0;0;0;0;1.0;0.0;0.0;0.0;0.0;0.0;0.0;0.0;0.0;1.0;0.01;0.01;0.95;0;1;0.0
4851;cal000043;cal;escorpión;unknown;Escorpión;MALE;1;1;1;5;0;0;0;0;1.0;0.0;0.0;0.0;0.0;0.0;0.0;0.0;0.0;1.0;0.01;0.01;0.95;0;2;0.0
4852;cal000043;cal;el-águila el-fénix el-pavón;unknown;UNKNOWN;u;1;1;2;2;0;0;0;0;1.0;0.0;0.0;0.0;0.0;0.0;0.0;0.0;0.0;1.0;0.02;0.0;0.95;0;24;0.0
4853;cal000043;cal;el-fénix el-pavón;unknown;UNKNOWN;u;1;1;1;1;0;0;0;0;1.0;0.0;0.0;0.0;0.0;0.0;0.0;0.0;0.0;1.0;0.01;0.0;0.95;0;22;0.0
4854;cal000043;cal;enero febrero marzo abril;unknown;UNKNOWN;u;1;1;1;1;0;0;0;0;1.0;0.0;0.0;0.0;0.0;0.0;0.0;0.0;0.0;1.0;0.01;0.0;0.95;0;22;0.0
4855;cal000043;cal;mayo junio julio agosto;unknown;UNKNOWN;u;1;1;1;1;0;0;0;0;1.0;0.0;0.0;0.0;0.0;0.0;0.0;0.0;0.0;1.0;0.01;0.0;0.95;0;22;0.0
4856;cal000043;cal;setiembre octubre noviembre diciembre;unknown;UNKNOWN;u;1;1;1;1;0;0;0;0;1.0;0.0;0.0;0.0;0.0;0.0;0.0;0.0;0.0;1.0;0.01;0.0;0.95;0;22;0.0
4857;cal000043;cal;el-pavón el-fénix el-águila;unknown;UNKNOWN;u;1;1;1;5;0;0;0;0;1.0;0.0;0.0;0.0;0.0;0.0;0.0;0.0;0.0;1.0;0.01;0.01;0.95;0;22;0.0
4858;cal000043;cal;el-águila el-fénix el-pavón música enero febrero marzo abril mayo junio julio agosto setiembre octubre noviembre diciembre;unknown;UNKNOWN;u;1;1;1;6;0;0;0;0;1.0;0.0;0.0;0.0;0.0;0.0;0.0;0.0;0.0;1.0;0.01;0.01;0.95;0;22;0.0
4859;cal000043;cal;enero febrero marzo abril mayo junio julio agosto setiembre noviembre diciembre acuario piscis ariete tauro géminis cancro león libra capricornio sagitario virgo;unknown;UNKNOWN;u;1;1;1;1;0;0;0;0;1.0;0.0;0.0;0.0;0.0;0.0;0.0;0.0;0.0;1.0;0.01;0.0;0.95;0;3;0.0
4860;cal000043;cal;enero febrero marzo abril mayo junio julio agosto setiembre octubre noviembre acuario piscis ariete tauro géminis cancro león libra escorpión capricornio sagitario virgo;unknown;UNKNOWN;u;1;1;1;1;0;0;0;0;1.0;0.0;0.0;0.0;0.0;0.0;0.0;0.0;0.0;1.0;0.01;0.0;0.95;0;0;0.0
4861;cal000043;cal;libra escorpión sagitario capricornio acuario piscis;unknown;UNKNOWN;u;1;1;1;1;0;0;0;0;1.0;0.0;0.0;0.0;0.0;0.0;0.0;0.0;0.0;1.0;0.01;0.0;0.95;0;0;0.0
4862;cal000043;cal;ariete tauro géminis cancro león virgo;unknown;UNKNOWN;u;1;1;1;1;0;0;0;0;1.0;0.0;0.0;0.0;0.0;0.0;0.0;0.0;0.0;1.0;0.01;0.0;0.95;0;0;0.0
4863;cal000043;cal;enero febrero marzo abril mayo junio julio agosto setiembre noviembre acuario piscis ariete tauro géminis cancro león libra capricornio sagitario virgo escorpión;unknown;UNKNOWN;u;1;1;2;3;0;0;0;0;1.0;0.0;0.0;0.0;0.0;0.0;0.0;0.0;0.0;1.0;0.02;0.01;0.95;0;0;0.0
4864;cal000043;cal;acuario piscis ariete tauro géminis cancro león libra capricornio sagitario virgo escorpión;unknown;UNKNOWN;u;1;1;1;2;0;0;0;0;1.0;0.0;0.0;0.0;0.0;0.0;0.0;0.0;0.0;1.0;0.01;0.0;0.95;0;0;0.0
4865;cal000044;cal;caridad;unknown;La Caridad;FEMALE;1;3;44;170;0;0;0;0;1.0;0.0;0.0;0.0;0.0;0.0;0.0;0.0;0.0;1.0;0.42;0.39;1.0;2;3;0.22
4866;cal000044;cal;fee;unknown;La Fee;FEMALE;1;2;25;107;0;0;0;0;1.0;0.0;0.0;0.0;0.0;0.0;0.0;0.0;0.0;0.67;0.24;0.25;0.6;1;1;0.04
4867;cal000044;cal;esperanza;unknown;La Esperanza;FEMALE;1;1;15;58;0;0;0;0;1.0;0.0;0.0;0.0;0.0;0.0;0.0;0.0;0.0;0.33;0.14;0.13;0.5;0;1;0.0
4868;cal000044;cal;música;unknown;La Música;UNKNOWN;1;2;8;21;0;0;0;0;1.0;0.0;0.0;0.0;0.0;0.0;0.0;0.0;0.0;0.67;0.08;0.05;0.9;2;4;0.09
4869;cal000044;cal;uno;unknown;El Uno;MALE;1;2;2;42;0;0;0;0;1.0;0.0;0.0;0.0;0.0;0.0;0.0;0.0;0.0;0.67;0.02;0.1;0.9;1;3;0.09
4870;cal000044;cal;segundo;unknown;El Segundo;MALE;1;1;2;6;0;0;0;0;1.0;0.0;0.0;0.0;0.0;0.0;0.0;0.0;0.0;0.33;0.02;0.01;0.6;0;2;0.0
4871;cal000044;cal;tercero;unknown;El Tercero;MALE;1;1;1;6;0;0;0;0;1.0;0.0;0.0;0.0;0.0;0.0;0.0;0.0;0.0;0.33;0.01;0.01;0.6;0;1;0.0
4872;cal000044;cal;cuarto;unknown;El Cuarto;MALE;1;1;2;4;0;0;0;0;1.0;0.0;0.0;0.0;0.0;0.0;0.0;0.0;0.0;0.33;0.02;0.01;0.6;0;0;0.0
4873;cal000044;cal;caridad uno segundo tercero cuarto música;unknown;UNKNOWN;u;1;1;1;6;0;0;0;0;1.0;0.0;0.0;0.0;0.0;0.0;0.0;0.0;0.0;0.33;0.01;0.01;0.6;0;0;0.0
4874;cal000044;cal;esperanza fee;unknown;UNKNOWN;u;1;1;3;3;0;0;0;0;1.0;0.0;0.0;0.0;0.0;0.0;0.0;0.0;0.0;0.33;0.03;0.01;0.5;0;1;0.0
4875;cal000044;cal;esperanza fee cuarto tercero segundo uno caridad música;unknown;UNKNOWN;u;1;1;2;9;0;0;0;0;1.0;0.0;0.0;0.0;0.0;0.0;0.0;0.0;0.0;0.33;0.02;0.02;0.2;1;0;0.0
4876;cal000045;cal;apostasía;unknown;La Apostasía;FEMALE;1;3;9;89;0;0;0;0;1.0;0.0;0.0;0.0;0.0;0.0;0.0;0.0;0.0;0.6;0.27;0.22;0.92;0;0;0.17
4877;cal000045;cal;españa;unknown;España;FEMALE;1;3;8;123;0;0;0;0;1.0;0.0;0.0;0.0;0.0;0.0;0.0;0.0;0.0;0.6;0.24;0.31;0.92;1;0;0.17
4878;cal000045;cal;testamento-antiguo;unknown;Testamento Antiguo;MALE;1;2;3;53;0;0;0;0;1.0;0.0;0.0;0.0;0.0;0.0;0.0;0.0;0.0;0.4;0.09;0.13;0.69;2;1;0.0
4879;cal000045;cal;testamento-nuevo;unknown;Testamento Nuevo;MALE;1;2;3;49;0;0;0;0;1.0;0.0;0.0;0.0;0.0;0.0;0.0;0.0;0.0;0.4;0.09;0.12;0.69;2;0;0.0
4880;cal000045;cal;isaac;unknown;Isaac;MALE;1;1;1;12;0;0;0;0;1.0;0.0;0.0;0.0;0.0;0.0;0.0;0.0;0.0;0.2;0.03;0.03;0.69;4;3;0.0
4881;cal000045;cal;sansón;unknown;Sansón;MALE;1;1;1;21;0;0;0;0;1.0;0.0;0.0;0.0;0.0;0.0;0.0;0.0;0.0;0.2;0.03;0.05;0.69;3;2;0.0
4882;cal000045;cal;ley-natural;unknown;Ley Natural;FEMALE;1;1;1;18;0;0;0;0;1.0;0.0;0.0;0.0;0.0;0.0;0.0;0.0;0.0;0.2;0.03;0.05;0.0;0;0;0.0
4883;cal000045;cal;ley-escrita;unknown;Ley Escrita;FEMALE;1;1;1;9;0;0;0;0;1.0;0.0;0.0;0.0;0.0;0.0;0.0;0.0;0.0;0.2;0.03;0.02;0.69;3;3;0.0
4884;cal000045;cal;ley-de-gracia;unknown;Ley de Gracia;FEMALE;1;1;1;8;0;0;0;0;1.0;0.0;0.0;0.0;0.0;0.0;0.0;0.0;0.0;0.2;0.03;0.02;0.69;2;2;0.0
4885;cal000045;cal;música;unknown;Música;UNKNOWN;1;1;1;4;0;0;0;0;1.0;0.0;0.0;0.0;0.0;0.0;0.0;0.0;0.0;0.2;0.03;0.01;0.23;2;0;0.0
4886;cal000045;cal;españa música;unknown;UNKNOWN;u;1;1;1;4;0;0;0;0;1.0;0.0;0.0;0.0;0.0;0.0;0.0;0.0;0.0;0.2;0.03;0.01;0.23;1;0;0.0
4887;cal000045;cal;españa apostasía;unknown;UNKNOWN;u;1;1;1;1;0;0;0;0;1.0;0.0;0.0;0.0;0.0;0.0;0.0;0.0;0.0;0.2;0.03;0.0;0.15;0;0;0.0
4888;cal000045;cal;españa apostasía testamento-antiguo testamento-nuevo ley-natural isaac ley-escrita sansón ley-de-gracia;unknown;UNKNOWN;u;1;1;1;2;0;0;0;0;1.0;0.0;0.0;0.0;0.0;0.0;0.0;0.0;0.0;0.2;0.03;0.01;0.69;0;0;0.0
4889;cal000045;cal;españa apostasía testamento-antiguo testamento-nuevo ley-natural isaac ley-escrita sansón ley-de-gracia música;unknown;UNKNOWN;u;1;1;1;4;0;0;0;0;1.0;0.0;0.0;0.0;0.0;0.0;0.0;0.0;0.0;0.2;0.03;0.01;0.69;0;0;0.0
4890;cal000046;cal;hombre;unknown;El Hombre;MALE;1;2;9;110;0;0;0;0;1.0;0.0;0.0;0.0;0.0;0.0;0.0;0.0;0.0;0.67;0.21;0.27;0.77;3;0;0.0
4891;cal000046;cal;gracia;unknown;La Gracia;FEMALE;1;3;9;139;0;0;0;0;1.0;0.0;0.0;0.0;0.0;0.0;0.0;0.0;0.0;1.0;0.21;0.34;0.85;3;1;0.02
4892;cal000046;cal;fe;unknown;La Fe;FEMALE;1;2;7;44;0;0;0;0;1.0;0.0;0.0;0.0;0.0;0.0;0.0;0.0;0.0;0.67;0.16;0.11;0.85;2;0;0.02
4893;cal000046;cal;valor;unknown;El Valor;MALE;1;1;3;18;0;0;0;0;1.0;0.0;0.0;0.0;0.0;0.0;0.0;0.0;0.0;0.33;0.07;0.04;0.77;4;3;0.0
4894;cal000046;cal;esperanza;unknown;La Esperanza;FEMALE;1;2;2;15;0;0;0;0;1.0;0.0;0.0;0.0;0.0;0.0;0.0;0.0;0.0;0.67;0.05;0.04;0.85;1;0;0.02
4895;cal000046;cal;deseo;unknown;El Deseo;MALE;1;1;3;14;0;0;0;0;1.0;0.0;0.0;0.0;0.0;0.0;0.0;0.0;0.0;0.33;0.07;0.03;0.77;4;2;0.0
4896;cal000046;cal;caridad;unknown;La Caridad;FEMALE;1;2;2;30;0;0;0;0;1.0;0.0;0.0;0.0;0.0;0.0;0.0;0.0;0.0;0.67;0.05;0.07;0.85;0;0;0.02
4897;cal000046;cal;amor-al-prójimo;unknown;El Amor al Prójimo;MALE;1;1;3;21;0;0;0;0;1.0;0.0;0.0;0.0;0.0;0.0;0.0;0.0;0.0;0.33;0.07;0.05;0.77;4;1;0.0
4898;cal000046;cal;fe esperanza caridad;unknown;UNKNOWN;u;1;1;1;6;0;0;0;0;1.0;0.0;0.0;0.0;0.0;0.0;0.0;0.0;0.0;0.33;0.02;0.01;0.31;4;0;0.0
4899;cal000046;cal;deseo valor amor-al-prójimo;unknown;UNKNOWN;u;1;1;2;3;0;0;0;0;1.0;0.0;0.0;0.0;0.0;0.0;0.0;0.0;0.0;0.33;0.05;0.01;0.77;4;4;0.0
4900;cal000046;cal;deseo valor amor-al-prójimo caridad esperanza fe hombre gracia;unknown;UNKNOWN;u;1;1;1;3;0;0;0;0;1.0;0.0;0.0;0.0;0.0;0.0;0.0;0.0;0.0;0.33;0.02;0.01;0.77;0;0;0.0
4901;cal000046;cal;deseo valor amor-al-prójimo caridad esperanza fe hombre gracia músicos;unknown;UNKNOWN;u;1;1;1;7;0;0;0;0;1.0;0.0;0.0;0.0;0.0;0.0;0.0;0.0;0.0;0.33;0.02;0.02;0.77;0;0;0.0
4902;cal000047;cal;fe;unknown;La Fe;FEMALE;1;7;20;79;0;0;0;0;1.0;0.0;0.0;0.0;0.0;0.0;0.0;0.0;0.0;0.7;0.22;0.22;0.82;2;2;0.06
4903;cal000047;cal;entendimiento;unknown;El Entendimiento;MALE;1;8;23;69;0;0;0;0;1.0;0.0;0.0;0.0;0.0;0.0;0.0;0.0;0.0;0.8;0.25;0.19;0.82;2;0;0.06
4904;cal000047;cal;emanuel;unknown;Emanuel;MALE;1;5;8;69;0;0;0;0;1.0;0.0;0.0;0.0;0.0;0.0;0.0;0.0;0.0;0.5;0.09;0.19;0.64;1;2;0.0
4905;cal000047;cal;gentilidad;unknown;La Gentilidad;FEMALE;1;5;12;53;0;0;0;0;1.0;0.0;0.0;0.0;0.0;0.0;0.0;0.0;0.0;0.5;0.13;0.15;0.64;1;3;0.0
4906;cal000047;cal;judaísmo;unknown;El Judaísmo;MALE;1;5;16;36;0;0;0;0;1.0;0.0;0.0;0.0;0.0;0.0;0.0;0.0;0.0;0.5;0.17;0.1;0.64;1;2;0.0
4907;cal000047;cal;afecto-de-la-gentilidad;unknown;El Afecto de La Gentilidad;MALE;1;1;1;1;0;0;0;0;1.0;0.0;0.0;0.0;0.0;0.0;0.0;0.0;0.0;0.1;0.01;0.0;0.64;2;4;0.0
4908;cal000047;cal;afecto-del-judaísmo;unknown;El Afecto del Judaísmo;MALE;1;2;4;9;0;0;0;0;1.0;0.0;0.0;0.0;0.0;0.0;0.0;0.0;0.0;0.2;0.04;0.03;0.64;1;2;0.0
4909;cal000047;cal;música;unknown;Música;UNKNOWN;1;3;5;27;0;0;0;0;1.0;0.0;0.0;0.0;0.0;0.0;0.0;0.0;0.0;0.3;0.05;0.08;0.82;3;2;0.06
4910;cal000047;cal;mujer-1;unknown;Mujer 1;FEMALE;1;1;2;8;0;0;0;0;1.0;0.0;0.0;0.0;0.0;0.0;0.0;0.0;0.0;0.1;0.02;0.02;0.36;1;0;0.0
4911;cal000047;cal;mujer-2;unknown;Mujer 2;FEMALE;1;1;1;4;0;0;0;0;1.0;0.0;0.0;0.0;0.0;0.0;0.0;0.0;0.0;0.1;0.01;0.01;0.36;0;0;0.0
4912;cal000197;cal;musicos;unknown;Músicos;UNKNOWN;1;9;22;59;0;0;0;0;1.0;0.0;0.0;0.0;0.0;0.0;0.0;0.0;0.0;0.36;0.05;0.02;0.73;1;3;0.1
4913;cal000197;cal;acompanamiento;unknown;Voces;UNKNOWN;1;1;1;5;0;0;0;0;1.0;0.0;0.0;0.0;0.0;0.0;0.0;0.0;0.0;0.04;0.0;0.0;0.1;0;0;0.0
4914;cal000197;cal;coro-1;unknown;Coro 1.º;UNKNOWN;1;1;2;2;0;0;0;0;1.0;0.0;0.0;0.0;0.0;0.0;0.0;0.0;0.0;0.04;0.0;0.0;0.39;3;5;0.0
4915;cal000197;cal;coro-2;unknown;Coro 2.º;UNKNOWN;1;1;2;2;0;0;0;0;1.0;0.0;0.0;0.0;0.0;0.0;0.0;0.0;0.0;0.04;0.0;0.0;0.39;3;5;0.0
4916;cal000197;cal;padre;unknown;Padre;MALE;1;4;13;267;0;0;0;0;1.0;0.0;0.0;0.0;0.0;0.0;0.0;0.0;0.0;0.16;0.03;0.11;0.51;4;7;0.01
4917;cal000197;cal;adamo;unknown;Adamo;MALE;1;18;88;469;0;0;0;0;1.0;0.0;0.0;0.0;0.0;0.0;0.0;0.0;0.0;0.72;0.22;0.2;0.85;0;2;0.19
4918;cal000197;cal;emanuel;unknown;Emanuel;MALE;1;10;27;149;0;0;0;0;1.0;0.0;0.0;0.0;0.0;0.0;0.0;0.0;0.0;0.4;0.07;0.06;0.68;1;0;0.09
4919;cal000197;cal;primavera;unknown;Primavera;FEMALE;1;8;23;112;0;0;0;0;1.0;0.0;0.0;0.0;0.0;0.0;0.0;0.0;0.0;0.32;0.06;0.05;0.66;2;6;0.08
4920;cal000197;cal;estio;unknown;Estío;MALE;1;6;16;72;0;0;0;0;1.0;0.0;0.0;0.0;0.0;0.0;0.0;0.0;0.0;0.24;0.04;0.03;0.63;2;6;0.04
4921;cal000197;cal;otono;unknown;Otoño;MALE;1;7;13;75;0;0;0;0;1.0;0.0;0.0;0.0;0.0;0.0;0.0;0.0;0.0;0.28;0.03;0.03;0.59;1;3;0.02
4922;cal000197;cal;invierno;unknown;Invierno;MALE;1;5;14;86;0;0;0;0;1.0;0.0;0.0;0.0;0.0;0.0;0.0;0.0;0.0;0.2;0.03;0.04;0.61;2;2;0.04
4923;cal000197;cal;demonio;unknown;Demonio;MALE;1;4;33;243;0;0;0;0;1.0;0.0;0.0;0.0;0.0;0.0;0.0;0.0;0.0;0.16;0.08;0.1;0.51;4;7;0.02
4924;cal000197;cal;angel;unknown;Ángel;MALE;1;6;46;335;0;0;0;0;1.0;0.0;0.0;0.0;0.0;0.0;0.0;0.0;0.0;0.24;0.11;0.14;0.59;2;5;0.05
4925;cal000197;cal;apetito;unknown;Apetito;MALE;1;9;28;124;0;0;0;0;1.0;0.0;0.0;0.0;0.0;0.0;0.0;0.0;0.0;0.36;0.07;0.05;0.32;1;5;0.02
4926;cal000197;cal;razon;unknown;Razón;FEMALE;1;6;31;213;0;0;0;0;1.0;0.0;0.0;0.0;0.0;0.0;0.0;0.0;0.0;0.24;0.08;0.09;0.56;1;2;0.03
4927;cal000197;cal;lucero;unknown;Lucero;MALE;1;1;1;12;0;0;0;0;1.0;0.0;0.0;0.0;0.0;0.0;0.0;0.0;0.0;0.04;0.0;0.01;0.12;0;0;0.0
4928;cal000197;cal;aurora;unknown;Aurora;FEMALE;1;2;2;37;0;0;0;0;1.0;0.0;0.0;0.0;0.0;0.0;0.0;0.0;0.0;0.08;0.0;0.02;0.39;0;2;0.0
4929;cal000197;cal;justicia;unknown;Justicia;FEMALE;1;2;17;44;0;0;0;0;1.0;0.0;0.0;0.0;0.0;0.0;0.0;0.0;0.0;0.08;0.04;0.02;0.44;3;6;0.0
4930;cal000197;cal;primavera estio;unknown;UNKNOWN;u;1;1;1;1;0;0;0;0;1.0;0.0;0.0;0.0;0.0;0.0;0.0;0.0;0.0;0.04;0.0;0.0;0.24;1;6;0.0
4931;cal000197;cal;otono invierno;unknown;UNKNOWN;u;1;1;1;1;0;0;0;0;1.0;0.0;0.0;0.0;0.0;0.0;0.0;0.0;0.0;0.04;0.0;0.0;0.24;1;6;0.0
4932;cal000197;cal;primavera estio otono invierno;unknown;UNKNOWN;u;1;2;2;6;0;0;0;0;1.0;0.0;0.0;0.0;0.0;0.0;0.0;0.0;0.0;0.08;0.0;0.0;0.37;1;2;0.0
4933;cal000197;cal;estio otono invierno primavera;unknown;UNKNOWN;u;1;1;1;4;0;0;0;0;1.0;0.0;0.0;0.0;0.0;0.0;0.0;0.0;0.0;0.04;0.0;0.0;0.24;0;1;0.0
4934;cal000197;cal;adamo padre emanuel primavera estio otono;unknown;UNKNOWN;u;1;1;1;4;0;0;0;0;1.0;0.0;0.0;0.0;0.0;0.0;0.0;0.0;0.0;0.04;0.0;0.0;0.12;0;0;0.0
4935;cal000197;cal;musicos adamo;unknown;UNKNOWN;u;1;2;2;3;0;0;0;0;1.0;0.0;0.0;0.0;0.0;0.0;0.0;0.0;0.0;0.08;0.0;0.0;0.07;0;2;0.0
4936;cal000197;cal;musicos demonio;unknown;UNKNOWN;u;1;1;1;2;0;0;0;0;1.0;0.0;0.0;0.0;0.0;0.0;0.0;0.0;0.0;0.04;0.0;0.0;0.1;0;0;0.0
4937;cal000197;cal;musicos angel;unknown;UNKNOWN;u;1;1;1;2;0;0;0;0;1.0;0.0;0.0;0.0;0.0;0.0;0.0;0.0;0.0;0.04;0.0;0.0;0.0;0;0;0.0
4938;cal000197;cal;padre emanuel estio otono demonio razon apetito adamo primavera musicos angel;unknown;UNKNOWN;u;1;1;1;2;0;0;0;0;1.0;0.0;0.0;0.0;0.0;0.0;0.0;0.0;0.0;0.04;0.0;0.0;0.12;0;0;0.0
4939;cal000197;cal;padre emanuel estio otono demonio razon apetito musicos angel adamo primavera;unknown;UNKNOWN;u;1;1;1;2;0;0;0;0;1.0;0.0;0.0;0.0;0.0;0.0;0.0;0.0;0.0;0.04;0.0;0.0;0.12;0;0;0.0
4940;cal000197;cal;musicos estio;unknown;UNKNOWN;u;1;1;1;5;0;0;0;0;1.0;0.0;0.0;0.0;0.0;0.0;0.0;0.0;0.0;0.04;0.0;0.0;0.12;0;0;0.0
4941;cal000197;cal;emanuel demonio razon angel primavera lucero estio apetito aurora otono adamo invierno musicos;unknown;UNKNOWN;u;1;1;1;2;0;0;0;0;1.0;0.0;0.0;0.0;0.0;0.0;0.0;0.0;0.0;0.04;0.0;0.0;0.12;0;0;0.0
4942;cal000197;cal;emanuel demonio razon angel primavera lucero estio apetito aurora otono musicos adamo invierno;unknown;UNKNOWN;u;1;1;1;2;0;0;0;0;1.0;0.0;0.0;0.0;0.0;0.0;0.0;0.0;0.0;0.04;0.0;0.0;0.12;0;0;0.0
4943;cal000197;cal;invierno emanuel demonio razon angel primavera lucero estio apetito aurora otono musicos adamo;unknown;UNKNOWN;u;1;1;1;2;0;0;0;0;1.0;0.0;0.0;0.0;0.0;0.0;0.0;0.0;0.0;0.04;0.0;0.0;0.12;0;0;0.0
4944;cal000197;cal;invierno demonio razon angel primavera lucero estio aurora otono musicos adamo apetito emanuel acompanamiento;unknown;UNKNOWN;u;1;1;1;2;0;0;0;0;1.0;0.0;0.0;0.0;0.0;0.0;0.0;0.0;0.0;0.04;0.0;0.0;0.1;0;0;0.0
4945;cal000197;cal;razon angel;unknown;UNKNOWN;u;1;1;1;2;0;0;0;0;1.0;0.0;0.0;0.0;0.0;0.0;0.0;0.0;0.0;0.04;0.0;0.0;0.15;0;0;0.0
4946;cal000197;cal;razon angel adamo;unknown;UNKNOWN;u;1;1;1;1;0;0;0;0;1.0;0.0;0.0;0.0;0.0;0.0;0.0;0.0;0.0;0.04;0.0;0.0;0.15;0;0;0.0
4947;cal000197;cal;musicos invierno demonio primavera lucero estio aurora otono emanuel acompanamiento apetito razon angel adamo;unknown;UNKNOWN;u;1;1;1;4;0;0;0;0;1.0;0.0;0.0;0.0;0.0;0.0;0.0;0.0;0.0;0.04;0.0;0.0;0.15;0;0;0.0
4948;cal000197;cal;demonio lucero aurora acompanamiento apetito razon angel adamo primavera estio otono invierno musicos emanuel;unknown;UNKNOWN;u;1;1;1;2;0;0;0;0;1.0;0.0;0.0;0.0;0.0;0.0;0.0;0.0;0.0;0.04;0.0;0.0;0.15;0;0;0.0
4949;cal000197;cal;demonio lucero aurora acompanamiento apetito razon adamo estio otono invierno musicos angel emanuel primavera;unknown;UNKNOWN;u;1;2;3;5;0;0;0;0;1.0;0.0;0.0;0.0;0.0;0.0;0.0;0.0;0.0;0.08;0.01;0.0;0.07;0;0;0.0
4950;cal000197;cal;demonio lucero aurora acompanamiento apetito razon adamo estio otono invierno musicos angel primavera emanuel;unknown;UNKNOWN;u;1;1;1;4;0;0;0;0;1.0;0.0;0.0;0.0;0.0;0.0;0.0;0.0;0.0;0.04;0.0;0.0;0.07;0;0;0.0
4951;cal000197;cal;lucero aurora acompanamiento apetito razon adamo angel emanuel justicia invierno musicos demonio primavera estio otono;unknown;UNKNOWN;u;1;1;1;2;0;0;0;0;1.0;0.0;0.0;0.0;0.0;0.0;0.0;0.0;0.0;0.04;0.0;0.0;0.27;1;2;0.0
4952;cal000197;cal;aurora acompanamiento invierno otono estio primavera razon emanuel adamo apetito padre angel demonio coro-1 coro-2 justicia musicos;unknown;UNKNOWN;u;1;1;1;1;0;0;0;0;1.0;0.0;0.0;0.0;0.0;0.0;0.0;0.0;0.0;0.04;0.0;0.0;0.39;3;5;0.0
4953;cal000197;cal;acompanamiento apetito coro-1 coro-2 musicos estio otono invierno aurora demonio padre emanuel justicia angel adamo razon primavera;unknown;UNKNOWN;u;1;1;3;13;0;0;0;0;1.0;0.0;0.0;0.0;0.0;0.0;0.0;0.0;0.0;0.04;0.01;0.01;0.39;0;0;0.0
4954;cal000129;cal;soldados;unknown;Soldados;MALE;1;1;1;1;0;0;0;0;0.0;0.0;1.0;0.0;0.0;0.0;0.0;0.0;0.0;0.01;0.0;0.0;0.22;0;0;0.0
4955;cal000129;cal;músicos;unknown;Músicos;UNKNOWN;1;2;2;9;0;0;0;0;1.0;0.0;0.0;0.0;0.0;0.0;0.0;0.0;0.0;0.02;0.0;0.0;0.09;0;0;0.0
4956;cal000129;cal;david;unknown;El Rey David;MALE;3;32;114;687;0;0;0;0;0.32;0.24;0.44;0.0;0.0;0.0;0.0;0.0;0.0;0.35;0.15;0.2;0.52;0;4;0.01
4957;cal000129;cal;joab;unknown;Joab;MALE;2;16;44;186;0;0;0;0;0.1;0.0;0.9;0.0;0.0;0.0;0.0;0.0;0.0;0.18;0.06;0.05;0.61;0;3;0.02
4958;cal000129;cal;absalón;unknown;Absalón;MALE;3;28;101;536;0;0;0;0;0.15;0.43;0.42;0.0;0.0;0.0;0.0;0.0;0.0;0.31;0.13;0.16;0.61;1;7;0.02
4959;cal000129;cal;salomón;unknown;Salomón;MALE;3;17;38;97;0;0;0;0;0.35;0.19;0.46;0.0;0.0;0.0;0.0;0.0;0.0;0.19;0.05;0.03;0.48;1;7;0.0
4960;cal000129;cal;adonías;unknown;Adonías;MALE;3;13;26;72;0;0;0;0;0.11;0.68;0.21;0.0;0.0;0.0;0.0;0.0;0.0;0.14;0.03;0.02;0.52;1;6;0.01
4961;cal000129;cal;amón;unknown;Amón;MALE;2;20;118;462;0;0;0;0;0.73;0.27;0.0;0.0;0.0;0.0;0.0;0.0;0.0;0.22;0.15;0.13;0.65;1;2;0.09
4962;cal000129;cal;jonadab;unknown;Jonadab;MALE;3;22;59;160;0;0;0;0;0.51;0.08;0.41;0.0;0.0;0.0;0.0;0.0;0.0;0.24;0.08;0.05;0.74;2;5;0.1
4963;cal000129;cal;tamar;unknown;Tamar;FEMALE;3;17;95;485;0;0;0;0;0.34;0.46;0.2;0.0;0.0;0.0;0.0;0.0;0.0;0.19;0.12;0.14;0.87;1;7;0.25
4964;cal000129;cal;teuca;unknown;Teuca;FEMALE;3;11;42;213;0;0;0;0;0.16;0.36;0.48;0.0;0.0;0.0;0.0;0.0;0.0;0.12;0.05;0.06;0.74;0;9;0.11
4965;cal000129;cal;aquitofel;unknown;Aquitofel;MALE;2;16;45;215;0;0;0;0;0.21;0.0;0.79;0.0;0.0;0.0;0.0;0.0;0.0;0.18;0.06;0.06;0.52;0;3;0.01
4966;cal000129;cal;eliazar;unknown;Eliazar (sic);MALE;1;1;2;2;0;0;0;0;0.0;1.0;0.0;0.0;0.0;0.0;0.0;0.0;0.0;0.01;0.0;0.0;0.13;0;1;0.0
4967;cal000129;cal;semey;unknown;Semey;MALE;2;9;21;67;0;0;0;0;0.34;0.0;0.66;0.0;0.0;0.0;0.0;0.0;0.0;0.1;0.03;0.02;0.35;0;3;0.0
4968;cal000129;cal;ensay;unknown;Ensay;MALE;1;12;35;165;0;0;0;0;0.0;0.0;1.0;0.0;0.0;0.0;0.0;0.0;0.0;0.13;0.05;0.05;0.48;1;3;0.01
4969;cal000129;cal;pastor-1;unknown;Pastor Primero;MALE;1;2;11;71;0;0;0;0;0.0;1.0;0.0;0.0;0.0;0.0;0.0;0.0;0.0;0.02;0.01;0.02;0.26;2;3;0.01
4970;cal000129;cal;pastor-2;unknown;Pastor Segundo;MALE;1;1;1;4;0;0;0;0;0.0;1.0;0.0;0.0;0.0;0.0;0.0;0.0;0.0;0.01;0.0;0.0;0.17;0;0;0.0
4971;cal000129;cal;todos;unknown;UNKNOWN;u;2;5;5;5;0;0;0;0;0.2;0.0;0.8;0.0;0.0;0.0;0.0;0.0;0.0;0.05;0.01;0.0;0.48;0;0;0.01
4972;cal000129;cal;tamar músicos;unknown;UNKNOWN;u;1;1;1;2;0;0;0;0;1.0;0.0;0.0;0.0;0.0;0.0;0.0;0.0;0.0;0.01;0.0;0.0;0.13;0;0;0.0
4973;cal000129;cal;amón músicos;unknown;UNKNOWN;u;1;2;2;4;0;0;0;0;1.0;0.0;0.0;0.0;0.0;0.0;0.0;0.0;0.0;0.02;0.0;0.0;0.17;0;0;0.0
4974;cal000129;cal;pastor-1 pastor-2;unknown;UNKNOWN;u;1;1;1;4;0;0;0;0;0.0;1.0;0.0;0.0;0.0;0.0;0.0;0.0;0.0;0.01;0.0;0.0;0.17;2;2;0.0
4975;cal000129;cal;voces;unknown;UNKNOWN;u;1;1;1;1;0;0;0;0;0.0;0.0;1.0;0.0;0.0;0.0;0.0;0.0;0.0;0.01;0.0;0.0;0.22;0;1;0.0
4976;cal000129;cal;otros;unknown;UNKNOWN;u;1;4;4;4;0;0;0;0;0.0;0.0;1.0;0.0;0.0;0.0;0.0;0.0;0.0;0.04;0.01;0.0;0.43;0;4;0.02
4977;cal000129;cal;unos;unknown;UNKNOWN;u;1;3;3;3;0;0;0;0;0.0;0.0;1.0;0.0;0.0;0.0;0.0;0.0;0.0;0.03;0.0;0.0;0.26;0;4;0.0
4978;cal000130;cal;música;unknown;Músicos;UNKNOWN;2;2;6;14;0;0;0;0;0.0;0.71;0.29;0.0;0.0;0.0;0.0;0.0;0.0;0.03;0.01;0.0;0.44;1;1;0.0
4979;cal000130;cal;crisanto;unknown;Crisanto;MALE;3;25;161;885;0;0;0;0;0.49;0.19;0.32;0.0;0.0;0.0;0.0;0.0;0.0;0.42;0.24;0.24;0.88;0;2;0.1
4980;cal000130;cal;claudio;unknown;Claudio;MALE;3;16;54;269;0;0;0;0;0.33;0.54;0.13;0.0;0.0;0.0;0.0;0.0;0.0;0.27;0.08;0.07;0.62;0;4;0.02
4981;cal000130;cal;polemio;unknown;Polemio;MALE;3;17;87;676;0;0;0;0;0.25;0.44;0.31;0.0;0.0;0.0;0.0;0.0;0.0;0.29;0.13;0.19;0.88;3;3;0.1
4982;cal000130;cal;escarpín;unknown;Escarpín;MALE;3;23;81;523;0;0;0;0;0.18;0.47;0.35;0.0;0.0;0.0;0.0;0.0;0.0;0.39;0.12;0.14;0.69;0;4;0.07
4983;cal000130;cal;carpoforo;unknown;Carpoforo;MALE;3;7;52;227;0;0;0;0;0.38;0.36;0.26;0.0;0.0;0.0;0.0;0.0;0.0;0.12;0.08;0.06;0.44;0;4;0.01
4984;cal000130;cal;aurelio;unknown;Aurelio;MALE;3;8;15;49;0;0;0;0;0.45;0.14;0.41;0.0;0.0;0.0;0.0;0.0;0.0;0.14;0.02;0.01;0.44;0;4;0.0
4985;cal000130;cal;daría;unknown;Daría;FEMALE;3;21;97;529;0;0;0;0;0.25;0.31;0.43;0.0;0.0;0.0;0.0;0.0;0.0;0.36;0.15;0.15;0.81;2;5;0.1
4986;cal000130;cal;cintia;unknown;Cintia;FEMALE;3;13;43;248;0;0;0;0;0.39;0.48;0.13;0.0;0.0;0.0;0.0;0.0;0.0;0.22;0.06;0.07;0.62;2;4;0.07
4987;cal000130;cal;nísida;unknown;Nísida;FEMALE;3;13;43;162;0;0;0;0;0.36;0.54;0.1;0.0;0.0;0.0;0.0;0.0;0.0;0.22;0.06;0.04;0.62;1;4;0.07
4988;cal000130;cal;clori;unknown;Clori;FEMALE;1;2;3;4;0;0;0;0;1.0;0.0;0.0;0.0;0.0;0.0;0.0;0.0;0.0;0.03;0.0;0.0;0.12;0;0;0.0
4989;cal000130;cal;soldado;unknown;Un Soldado;MALE;1;2;3;4;0;0;0;0;1.0;0.0;0.0;0.0;0.0;0.0;0.0;0.0;0.0;0.03;0.0;0.0;0.38;0;4;0.0
4990;cal000130;cal;ángel;unknown;Un Ángel;MALE;2;2;2;21;0;0;0;0;0.24;0.0;0.76;0.0;0.0;0.0;0.0;0.0;0.0;0.03;0.0;0.01;0.62;0;0;0.03
4991;cal000130;cal;voz-1;unknown;Voz 1;UNKNOWN;2;3;9;15;0;0;0;0;0.6;0.0;0.4;0.0;0.0;0.0;0.0;0.0;0.0;0.05;0.01;0.0;0.44;0;1;0.02
4992;cal000130;cal;voz-2;unknown;Voz 2;UNKNOWN;2;2;7;14;0;0;0;0;0.93;0.0;0.07;0.0;0.0;0.0;0.0;0.0;0.0;0.03;0.01;0.0;0.31;1;1;0.0
4993;cal000130;cal;todos;unknown;UNKNOWN;u;1;1;1;1;0;0;0;0;0.0;0.0;1.0;0.0;0.0;0.0;0.0;0.0;0.0;0.02;0.0;0.0;0.19;0;0;0.0
4994;cal000130;cal;voz-1 voz-2;unknown;UNKNOWN;u;1;2;2;2;0;0;0;0;0.0;0.0;1.0;0.0;0.0;0.0;0.0;0.0;0.0;0.03;0.0;0.0;0.5;1;1;0.01
4995;cal000131;cal;félix;unknown;Don Félix;MALE;3;32;149;691;0;0;0;0;0.36;0.48;0.16;0.0;0.0;0.0;0.0;0.0;0.0;0.44;0.19;0.2;0.67;2;3;0.01
4996;cal000131;cal;juan;unknown;Don Juan;MALE;3;30;144;750;0;0;0;0;0.35;0.19;0.46;0.0;0.0;0.0;0.0;0.0;0.0;0.41;0.19;0.22;1.0;2;3;0.17
4997;cal000131;cal;diego;unknown;Don Diego;MALE;3;23;84;434;0;0;0;0;0.46;0.16;0.38;0.0;0.0;0.0;0.0;0.0;0.0;0.32;0.11;0.13;0.83;3;2;0.1
4998;cal000131;cal;hernando;unknown;Hernando;MALE;3;17;83;386;0;0;0;0;0.46;0.05;0.49;0.0;0.0;0.0;0.0;0.0;0.0;0.23;0.11;0.11;0.92;1;1;0.08
4999;cal000131;cal;lisardo;unknown;Lisardo;MALE;3;12;28;88;0;0;0;0;0.08;0.8;0.12;0.0;0.0;0.0;0.0;0.0;0.0;0.16;0.04;0.03;0.58;2;4;0.0
5000;cal000131;cal;alonso;unknown;Don Alonso;MALE;3;15;43;186;0;0;0;0;0.24;0.67;0.09;0.0;0.0;0.0;0.0;0.0;0.0;0.21;0.06;0.06;0.75;2;1;0.02
5001;cal000131;cal;leonor;unknown;Leonor;FEMALE;3;19;91;331;0;0;0;0;0.23;0.39;0.38;0.0;0.0;0.0;0.0;0.0;0.0;0.26;0.12;0.1;0.67;1;2;0.01
5002;cal000131;cal;elvira;unknown;Elvira;FEMALE;3;21;88;390;0;0;0;0;0.43;0.29;0.28;0.0;0.0;0.0;0.0;0.0;0.0;0.29;0.11;0.12;0.83;1;4;0.05
5003;cal000131;cal;inés;unknown;Inés;FEMALE;3;10;24;54;0;0;0;0;0.72;0.26;0.02;0.0;0.0;0.0;0.0;0.0;0.0;0.14;0.03;0.02;0.5;1;2;0.0
5004;cal000131;cal;juana;unknown;Juana;FEMALE;3;8;30;65;0;0;0;0;0.54;0.38;0.08;0.0;0.0;0.0;0.0;0.0;0.0;0.11;0.04;0.02;0.33;0;0;0.0
5005;cal000131;cal;voz;unknown;Una Voz;UNKNOWN;1;1;1;2;0;0;0;0;1.0;0.0;0.0;0.0;0.0;0.0;0.0;0.0;0.0;0.01;0.0;0.0;0.17;0;0;0.0
5006;cal000131;cal;diego juan;unknown;UNKNOWN;u;2;2;2;2;0;0;0;0;0.5;0.0;0.5;0.0;0.0;0.0;0.0;0.0;0.0;0.03;0.0;0.0;0.5;0;0;0.0
5007;cal000131;cal;juan diego;unknown;UNKNOWN;u;1;1;1;1;0;0;0;0;1.0;0.0;0.0;0.0;0.0;0.0;0.0;0.0;0.0;0.01;0.0;0.0;0.42;0;0;0.0
5008;cal000048;cal;gula;unknown;La Gula;FEMALE;1;1;1;10;0;0;0;0;1.0;0.0;0.0;0.0;0.0;0.0;0.0;0.0;0.0;0.04;0.0;0.01;0.39;1;1;0.0
5009;cal000048;cal;hombre;unknown;El Hombre;MALE;1;17;58;355;0;0;0;0;1.0;0.0;0.0;0.0;0.0;0.0;0.0;0.0;0.0;0.74;0.22;0.25;0.94;2;0;0.11
5010;cal000048;cal;entendimiento;unknown;El Entendimiento;MALE;1;11;53;351;0;0;0;0;1.0;0.0;0.0;0.0;0.0;0.0;0.0;0.0;0.0;0.48;0.21;0.25;0.72;3;5;0.03
5011;cal000048;cal;gusto;unknown;El Gusto;MALE;1;6;17;56;0;0;0;0;1.0;0.0;0.0;0.0;0.0;0.0;0.0;0.0;0.0;0.26;0.07;0.04;0.89;2;1;0.08
5012;cal000048;cal;tacto;unknown;El Tacto;MALE;1;4;7;15;0;0;0;0;1.0;0.0;0.0;0.0;0.0;0.0;0.0;0.0;0.0;0.17;0.03;0.01;0.56;1;3;0.0
5013;cal000048;cal;olfato;unknown;El Olfato;MALE;1;5;8;16;0;0;0;0;1.0;0.0;0.0;0.0;0.0;0.0;0.0;0.0;0.0;0.22;0.03;0.01;0.61;1;2;0.01
5014;cal000048;cal;vista;unknown;La Vista;FEMALE;1;4;9;24;0;0;0;0;1.0;0.0;0.0;0.0;0.0;0.0;0.0;0.0;0.0;0.17;0.03;0.02;0.61;1;4;0.01
5015;cal000048;cal;oído;unknown;El Oído;MALE;1;5;11;33;0;0;0;0;1.0;0.0;0.0;0.0;0.0;0.0;0.0;0.0;0.0;0.22;0.04;0.02;0.61;2;4;0.01
5016;cal000048;cal;lisonja;unknown;La Lisonja;FEMALE;1;1;1;2;0;0;0;0;1.0;0.0;0.0;0.0;0.0;0.0;0.0;0.0;0.0;0.04;0.0;0.0;0.39;0;1;0.0
5017;cal000048;cal;penitencia;unknown;La Penitencia;FEMALE;1;5;13;116;0;0;0;0;1.0;0.0;0.0;0.0;0.0;0.0;0.0;0.0;0.0;0.22;0.05;0.08;0.61;1;5;0.01
5018;cal000048;cal;culpa;unknown;La Culpa;FEMALE;1;12;46;363;0;0;0;0;1.0;0.0;0.0;0.0;0.0;0.0;0.0;0.0;0.0;0.52;0.18;0.26;0.89;4;1;0.09
5019;cal000048;cal;lascivia;unknown;La Lascivia;FEMALE;1;3;5;13;0;0;0;0;1.0;0.0;0.0;0.0;0.0;0.0;0.0;0.0;0.0;0.13;0.02;0.01;0.33;1;2;0.0
5020;cal000048;cal;música;unknown;Música;UNKNOWN;1;6;16;33;0;0;0;0;1.0;0.0;0.0;0.0;0.0;0.0;0.0;0.0;0.0;0.26;0.06;0.02;0.78;2;0;0.06
5021;cal000048;cal;penitencia culpa lisonja gula lascivia;unknown;UNKNOWN;u;1;1;4;4;0;0;0;0;1.0;0.0;0.0;0.0;0.0;0.0;0.0;0.0;0.0;0.04;0.02;0.0;0.39;0;1;0.0
5022;cal000048;cal;hombre música;unknown;UNKNOWN;u;1;1;3;6;0;0;0;0;1.0;0.0;0.0;0.0;0.0;0.0;0.0;0.0;0.0;0.04;0.01;0.0;0.39;2;1;0.0
5023;cal000048;cal;culpa música;unknown;UNKNOWN;u;1;1;1;2;0;0;0;0;1.0;0.0;0.0;0.0;0.0;0.0;0.0;0.0;0.0;0.04;0.0;0.0;0.39;2;1;0.0
5024;cal000048;cal;culpa entendimiento;unknown;UNKNOWN;u;1;1;1;1;0;0;0;0;1.0;0.0;0.0;0.0;0.0;0.0;0.0;0.0;0.0;0.04;0.0;0.0;0.22;0;0;0.0
5025;cal000048;cal;penitencia lisonja gula entendimiento lascivia hombre olfato gusto vista oído tacto;unknown;UNKNOWN;u;1;2;4;11;0;0;0;0;1.0;0.0;0.0;0.0;0.0;0.0;0.0;0.0;0.0;0.09;0.02;0.01;0.5;0;1;0.0
5026;cal000132;cal;damas-de-admeta;unknown;Damas de Admeta;FEMALE;1;2;2;13;0;0;0;0;0.0;0.0;1.0;0.0;0.0;0.0;0.0;0.0;0.0;0.02;0.0;0.0;0.02;0;0;0.0
5027;cal000132;cal;coro-1;unknown;Coro 1 (hombres);MALE;1;1;1;1;0;0;0;0;1.0;0.0;0.0;0.0;0.0;0.0;0.0;0.0;0.0;0.01;0.0;0.0;0.21;4;2;0.0
5028;cal000132;cal;coro-2;unknown;Coro 2 (mujeres);FEMALE;1;1;1;1;0;0;0;0;1.0;0.0;0.0;0.0;0.0;0.0;0.0;0.0;0.0;0.01;0.0;0.0;0.21;3;2;0.0
5029;cal000132;cal;música;unknown;Músicos;UNKNOWN;2;5;11;27;0;0;0;0;0.78;0.0;0.22;0.0;0.0;0.0;0.0;0.0;0.0;0.06;0.01;0.01;0.19;1;2;0.01
5030;cal000132;cal;cariclés;unknown;Cariclés;MALE;3;17;83;514;0;0;0;0;0.49;0.39;0.12;0.0;0.0;0.0;0.0;0.0;0.0;0.21;0.1;0.12;0.55;5;4;0.12
5031;cal000132;cal;calasiris;unknown;Calasiris;MALE;3;10;42;209;0;0;0;0;0.37;0.52;0.11;0.0;0.0;0.0;0.0;0.0;0.0;0.12;0.05;0.05;0.42;6;5;0.05
5032;cal000132;cal;nausiclés;unknown;Nausiclés;MALE;3;14;27;117;0;0;0;0;0.63;0.17;0.2;0.0;0.0;0.0;0.0;0.0;0.0;0.17;0.03;0.03;0.43;7;4;0.1
5033;cal000132;cal;tisbe;unknown;Tisbe;FEMALE;2;6;16;58;0;0;0;0;0.72;0.28;0.0;0.0;0.0;0.0;0.0;0.0;0.0;0.07;0.02;0.01;0.17;0;0;0.01
5034;cal000132;cal;idaspes;unknown;Idaspes;MALE;3;13;60;367;0;0;0;0;0.39;0.24;0.37;0.0;0.0;0.0;0.0;0.0;0.0;0.16;0.07;0.09;0.34;2;4;0.03
5035;cal000132;cal;cariclea;unknown;Cariclea;FEMALE;3;27;142;708;0;0;0;0;0.19;0.42;0.39;0.0;0.0;0.0;0.0;0.0;0.0;0.33;0.17;0.17;0.66;3;3;0.16
5036;cal000132;cal;persina;unknown;Persina;FEMALE;2;7;54;305;0;0;0;0;0.1;0.0;0.9;0.0;0.0;0.0;0.0;0.0;0.0;0.09;0.06;0.07;0.28;1;5;0.01
5037;cal000132;cal;capitán;unknown;Un Capitán;MALE;1;1;3;19;0;0;0;0;1.0;0.0;0.0;0.0;0.0;0.0;0.0;0.0;0.0;0.01;0.0;0.0;0.08;1;1;0.0
5038;cal000132;cal;tíamis;unknown;Tíamis;MALE;3;20;56;346;0;0;0;0;0.29;0.42;0.29;0.0;0.0;0.0;0.0;0.0;0.0;0.25;0.07;0.08;0.43;2;3;0.05
5039;cal000132;cal;termutes;unknown;Termutes;MALE;2;7;12;71;0;0;0;0;0.61;0.39;0.0;0.0;0.0;0.0;0.0;0.0;0.0;0.09;0.01;0.02;0.21;1;2;0.0
5040;cal000132;cal;jebnón;unknown;Jebnón;MALE;3;17;43;303;0;0;0;0;0.32;0.33;0.35;0.0;0.0;0.0;0.0;0.0;0.0;0.21;0.05;0.07;0.34;2;3;0.01
5041;cal000132;cal;petosiris;unknown;Petosiris;MALE;3;13;26;155;0;0;0;0;0.14;0.28;0.57;0.0;0.0;0.0;0.0;0.0;0.0;0.16;0.03;0.04;0.32;1;4;0.01
5042;cal000132;cal;teágenes;unknown;Teágenes;MALE;3;21;108;495;0;0;0;0;0.14;0.6;0.26;0.0;0.0;0.0;0.0;0.0;0.0;0.26;0.13;0.12;0.6;4;6;0.1
5043;cal000132;cal;caminante-vejete;unknown;Caminante Vejete;MALE;1;1;1;6;0;0;0;0;1.0;0.0;0.0;0.0;0.0;0.0;0.0;0.0;0.0;0.01;0.0;0.0;0.11;1;2;0.0
5044;cal000132;cal;otro-caminante;unknown;Otro Caminante;MALE;1;1;1;3;0;0;0;0;1.0;0.0;0.0;0.0;0.0;0.0;0.0;0.0;0.0;0.01;0.0;0.0;0.11;1;1;0.0
5045;cal000132;cal;admeta;unknown;Admeta;FEMALE;3;16;43;292;0;0;0;0;0.16;0.29;0.55;0.0;0.0;0.0;0.0;0.0;0.0;0.2;0.05;0.07;0.43;3;0;0.13
5046;cal000132;cal;libio;unknown;Libio;MALE;1;2;3;11;0;0;0;0;0.0;1.0;0.0;0.0;0.0;0.0;0.0;0.0;0.0;0.02;0.0;0.0;0.13;2;0;0.0
5047;cal000132;cal;ninfa-1a;unknown;Ninfa 1a de Apolo;FEMALE;2;7;11;69;0;0;0;0;0.41;0.59;0.0;0.0;0.0;0.0;0.0;0.0;0.0;0.09;0.01;0.02;0.28;1;0;0.01
5048;cal000132;cal;ninfa-2a;unknown;Ninfa 2a de Apolo;FEMALE;2;4;4;9;0;0;0;0;0.44;0.56;0.0;0.0;0.0;0.0;0.0;0.0;0.0;0.05;0.0;0.0;0.25;0;0;0.0
5049;cal000132;cal;ninfa-3a;unknown;Ninfa 3a de Apolo;FEMALE;1;1;1;1;0;0;0;0;0.0;1.0;0.0;0.0;0.0;0.0;0.0;0.0;0.0;0.01;0.0;0.0;0.09;3;1;0.0
5050;cal000132;cal;mujer-1;unknown;Mujer 1;FEMALE;1;1;2;3;0;0;0;0;1.0;0.0;0.0;0.0;0.0;0.0;0.0;0.0;0.0;0.01;0.0;0.0;0.11;4;0;0.0
5051;cal000132;cal;mujer-2;unknown;Mujer 2;FEMALE;1;1;1;1;0;0;0;0;1.0;0.0;0.0;0.0;0.0;0.0;0.0;0.0;0.0;0.01;0.0;0.0;0.11;3;0;0.0
5052;cal000132;cal;mujer-3;unknown;Mujer 3;FEMALE;1;1;1;1;0;0;0;0;1.0;0.0;0.0;0.0;0.0;0.0;0.0;0.0;0.0;0.01;0.0;0.0;0.11;2;0;0.0
5053;cal000132;cal;mujer-4;unknown;Mujer 4;FEMALE;1;1;1;1;0;0;0;0;1.0;0.0;0.0;0.0;0.0;0.0;0.0;0.0;0.0;0.01;0.0;0.0;0.11;1;0;0.0
5054;cal000132;cal;voz;unknown;Voz;UNKNOWN;1;1;3;3;0;0;0;0;1.0;0.0;0.0;0.0;0.0;0.0;0.0;0.0;0.0;0.01;0.0;0.0;0.06;0;1;0.0
5055;cal000132;cal;todas;unknown;UNKNOWN;u;2;2;4;5;0;0;0;0;0.8;0.2;0.0;0.0;0.0;0.0;0.0;0.0;0.0;0.02;0.0;0.0;0.15;0;2;0.01
5056;cal000132;cal;calasiris cariclés;unknown;UNKNOWN;u;1;2;2;3;0;0;0;0;1.0;0.0;0.0;0.0;0.0;0.0;0.0;0.0;0.0;0.02;0.0;0.0;0.08;0;0;0.0
5057;cal000132;cal;calasiris música;unknown;UNKNOWN;u;1;1;1;2;0;0;0;0;1.0;0.0;0.0;0.0;0.0;0.0;0.0;0.0;0.0;0.01;0.0;0.0;0.08;0;0;0.0
5058;cal000132;cal;tisbe música;unknown;UNKNOWN;u;1;1;1;2;0;0;0;0;1.0;0.0;0.0;0.0;0.0;0.0;0.0;0.0;0.0;0.01;0.0;0.0;0.04;0;0;0.0
5059;cal000132;cal;cariclea música;unknown;UNKNOWN;u;1;1;1;2;0;0;0;0;1.0;0.0;0.0;0.0;0.0;0.0;0.0;0.0;0.0;0.01;0.0;0.0;0.04;0;0;0.0
5060;cal000132;cal;persina música;unknown;UNKNOWN;u;2;2;5;12;0;0;0;0;0.5;0.0;0.5;0.0;0.0;0.0;0.0;0.0;0.0;0.02;0.01;0.0;0.09;0;1;0.0
5061;cal000132;cal;todos;unknown;UNKNOWN;u;3;5;7;11;0;0;0;0;0.73;0.18;0.09;0.0;0.0;0.0;0.0;0.0;0.0;0.06;0.01;0.0;0.26;2;2;0.01
5062;cal000132;cal;unos;unknown;UNKNOWN;u;3;8;10;11;0;0;0;0;0.18;0.73;0.09;0.0;0.0;0.0;0.0;0.0;0.0;0.1;0.01;0.0;0.36;1;4;0.02
5063;cal000132;cal;otros;unknown;UNKNOWN;u;3;7;8;8;0;0;0;0;0.25;0.5;0.25;0.0;0.0;0.0;0.0;0.0;0.0;0.09;0.01;0.0;0.34;1;2;0.02
5064;cal000132;cal;dentro;unknown;UNKNOWN;u;3;8;11;12;0;0;0;0;0.08;0.42;0.5;0.0;0.0;0.0;0.0;0.0;0.0;0.1;0.01;0.0;0.34;2;8;0.01
5065;cal000132;cal;otro;unknown;UNKNOWN;u;2;2;4;5;0;0;0;0;0.2;0.8;0.0;0.0;0.0;0.0;0.0;0.0;0.0;0.02;0.0;0.0;0.11;1;2;0.0
5066;cal000132;cal;mujer-2 mujer-3 mujer-4;unknown;UNKNOWN;u;1;1;1;1;0;0;0;0;1.0;0.0;0.0;0.0;0.0;0.0;0.0;0.0;0.0;0.01;0.0;0.0;0.11;1;0;0.0
5067;cal000132;cal;coro-1 coro-2;unknown;UNKNOWN;u;1;1;1;4;0;0;0;0;1.0;0.0;0.0;0.0;0.0;0.0;0.0;0.0;0.0;0.01;0.0;0.0;0.21;3;2;0.0
5068;cal000132;cal;teágenes coro-1;unknown;UNKNOWN;u;1;1;4;8;0;0;0;0;1.0;0.0;0.0;0.0;0.0;0.0;0.0;0.0;0.0;0.01;0.0;0.0;0.21;3;1;0.0
5069;cal000132;cal;cariclea coro-2;unknown;UNKNOWN;u;1;1;4;8;0;0;0;0;1.0;0.0;0.0;0.0;0.0;0.0;0.0;0.0;0.0;0.01;0.0;0.0;0.21;2;1;0.0
5070;cal000132;cal;cariclea teágenes coro-1 coro-2;unknown;UNKNOWN;u;1;1;1;3;0;0;0;0;1.0;0.0;0.0;0.0;0.0;0.0;0.0;0.0;0.0;0.01;0.0;0.0;0.21;2;1;0.0
5071;cal000132;cal;ninfa-1a ninfa-2a ninfa-3a ninfa-4a;unknown;UNKNOWN;u;1;3;4;7;0;0;0;0;0.0;1.0;0.0;0.0;0.0;0.0;0.0;0.0;0.0;0.04;0.0;0.0;0.11;1;1;0.0
5072;cal000132;cal;voz voz-2;unknown;UNKNOWN;u;1;1;1;1;0;0;0;0;0.0;1.0;0.0;0.0;0.0;0.0;0.0;0.0;0.0;0.01;0.0;0.0;0.09;1;2;0.0
5073;cal000132;cal;cariclea teágenes;unknown;UNKNOWN;u;2;4;5;5;0;0;0;0;0.0;0.4;0.6;0.0;0.0;0.0;0.0;0.0;0.0;0.05;0.01;0.0;0.13;0;1;0.0
5074;cal000132;cal;teágenes termutes;unknown;UNKNOWN;u;1;1;2;2;0;0;0;0;0.0;1.0;0.0;0.0;0.0;0.0;0.0;0.0;0.0;0.01;0.0;0.0;0.11;1;3;0.0
5075;cal000132;cal;teágenes cariclea;unknown;UNKNOWN;u;1;1;1;3;0;0;0;0;0.0;1.0;0.0;0.0;0.0;0.0;0.0;0.0;0.0;0.01;0.0;0.0;0.06;0;0;0.0
5076;cal000132;cal;cariclea damas-de-admeta;unknown;UNKNOWN;u;1;1;1;2;0;0;0;0;0.0;0.0;1.0;0.0;0.0;0.0;0.0;0.0;0.0;0.01;0.0;0.0;0.0;0;0;0.0
5077;cal000132;cal;jebnón idaspes tíamis petosiris admeta;unknown;UNKNOWN;u;1;1;1;1;0;0;0;0;0.0;0.0;1.0;0.0;0.0;0.0;0.0;0.0;0.0;0.01;0.0;0.0;0.19;0;0;0.0
5078;cal000198;cal;musicos;unknown;Músicos;UNKNOWN;1;5;18;44;0;0;0;0;1.0;0.0;0.0;0.0;0.0;0.0;0.0;0.0;0.0;0.42;0.06;0.03;0.85;0;1;0.07
5079;cal000198;cal;ignorancia;unknown;Ignorancia;FEMALE;1;9;49;132;0;0;0;0;1.0;0.0;0.0;0.0;0.0;0.0;0.0;0.0;0.0;0.75;0.15;0.09;1.0;0;3;0.13
5080;cal000198;cal;sabiduria;unknown;Sabiduría;FEMALE;1;8;72;413;0;0;0;0;1.0;0.0;0.0;0.0;0.0;0.0;0.0;0.0;0.0;0.67;0.22;0.29;1.0;1;3;0.13
5081;cal000198;cal;adan;unknown;Adán;MALE;1;1;17;124;0;0;0;0;1.0;0.0;0.0;0.0;0.0;0.0;0.0;0.0;0.0;0.08;0.05;0.09;0.31;2;1;0.0
5082;cal000198;cal;moises;unknown;Moisés;MALE;1;1;3;51;0;0;0;0;1.0;0.0;0.0;0.0;0.0;0.0;0.0;0.0;0.0;0.08;0.01;0.04;0.31;0;0;0.0
5083;cal000198;cal;bautista;unknown;Bautista;MALE;1;2;6;11;0;0;0;0;1.0;0.0;0.0;0.0;0.0;0.0;0.0;0.0;0.0;0.17;0.02;0.01;0.62;3;4;0.0
5084;cal000198;cal;cristo;unknown;Cristo;MALE;1;7;35;128;0;0;0;0;1.0;0.0;0.0;0.0;0.0;0.0;0.0;0.0;0.0;0.58;0.11;0.09;0.85;0;1;0.04
5085;cal000198;cal;gentilidad;unknown;Gentilidad;FEMALE;1;3;15;41;0;0;0;0;1.0;0.0;0.0;0.0;0.0;0.0;0.0;0.0;0.0;0.25;0.05;0.03;0.69;2;2;0.01
5086;cal000198;cal;judaismo;unknown;Judaísmo;MALE;1;6;72;252;0;0;0;0;1.0;0.0;0.0;0.0;0.0;0.0;0.0;0.0;0.0;0.5;0.22;0.18;0.85;2;2;0.04
5087;cal000198;cal;pablo;unknown;Pablo;MALE;1;3;19;118;0;0;0;0;1.0;0.0;0.0;0.0;0.0;0.0;0.0;0.0;0.0;0.25;0.06;0.08;0.62;3;2;0.0
5088;cal000198;cal;evangelista;unknown;Evangelista;MALE;1;3;14;89;0;0;0;0;1.0;0.0;0.0;0.0;0.0;0.0;0.0;0.0;0.0;0.25;0.04;0.06;0.69;3;3;0.01
5089;cal000198;cal;nino;unknown;Niño;MALE;1;1;1;7;0;0;0;0;1.0;0.0;0.0;0.0;0.0;0.0;0.0;0.0;0.0;0.08;0.0;0.0;0.38;0;1;0.0
5090;cal000198;cal;lucas;unknown;Lucas;MALE;1;1;1;22;0;0;0;0;1.0;0.0;0.0;0.0;0.0;0.0;0.0;0.0;0.0;0.08;0.0;0.02;0.38;2;2;0.0
5091;cal000198;cal;gentilidad judaismo;unknown;UNKNOWN;u;1;1;1;1;0;0;0;0;1.0;0.0;0.0;0.0;0.0;0.0;0.0;0.0;0.0;0.08;0.0;0.0;0.38;2;1;0.0
5092;cal000133;cal;música;unknown;Músicos;UNKNOWN;2;4;6;14;0;0;0;0;0.0;0.86;0.14;0.0;0.0;0.0;0.0;0.0;0.0;0.06;0.01;0.0;0.45;4;5;0.0
5093;cal000133;cal;coro-1;unknown;Coro 1;UNKNOWN;1;1;2;9;0;0;0;0;0.0;0.0;1.0;0.0;0.0;0.0;0.0;0.0;0.0;0.01;0.0;0.0;0.34;1;8;0.0
5094;cal000133;cal;coro-2;unknown;Coro 2;UNKNOWN;1;1;3;3;0;0;0;0;0.0;0.0;1.0;0.0;0.0;0.0;0.0;0.0;0.0;0.01;0.0;0.0;0.34;1;8;0.0
5095;cal000133;cal;hombres;unknown;Hombres;MALE;1;1;1;4;0;0;0;0;0.0;1.0;0.0;0.0;0.0;0.0;0.0;0.0;0.0;0.01;0.0;0.0;0.34;1;0;0.0
5096;cal000133;cal;villanos;unknown;Villanos;MALE;1;1;1;4;0;0;0;0;0.0;1.0;0.0;0.0;0.0;0.0;0.0;0.0;0.0;0.01;0.0;0.0;0.02;0;0;0.0
5097;cal000133;cal;cloris;unknown;Cloris;FEMALE;3;15;25;88;0;0;0;0;0.76;0.18;0.06;0.0;0.0;0.0;0.0;0.0;0.0;0.22;0.03;0.02;0.66;3;1;0.04
5098;cal000133;cal;laura;unknown;Laura;FEMALE;3;16;45;124;0;0;0;0;0.46;0.23;0.31;0.0;0.0;0.0;0.0;0.0;0.0;0.23;0.05;0.03;0.52;3;1;0.02
5099;cal000133;cal;nise;unknown;Nise;FEMALE;3;10;18;47;0;0;0;0;0.81;0.13;0.06;0.0;0.0;0.0;0.0;0.0;0.0;0.14;0.02;0.01;0.43;2;1;0.01
5100;cal000133;cal;ismenia;unknown;Ismenia;FEMALE;3;18;81;328;0;0;0;0;0.23;0.7;0.08;0.0;0.0;0.0;0.0;0.0;0.0;0.26;0.09;0.09;0.8;2;10;0.07
5101;cal000133;cal;rosarda;unknown;Rosarda;FEMALE;3;38;178;864;0;0;0;0;0.46;0.23;0.31;0.0;0.0;0.0;0.0;0.0;0.0;0.55;0.19;0.23;0.95;0;4;0.13
5102;cal000133;cal;seleuco;unknown;Seleuco;MALE;3;15;57;405;0;0;0;0;0.58;0.14;0.28;0.0;0.0;0.0;0.0;0.0;0.0;0.22;0.06;0.11;0.5;3;8;0.01
5103;cal000133;cal;pasquin;unknown;Pasquin;MALE;3;23;88;304;0;0;0;0;0.13;0.6;0.27;0.0;0.0;0.0;0.0;0.0;0.0;0.33;0.09;0.08;0.77;3;7;0.06
5104;cal000133;cal;golilla;unknown;Golilla;MALE;3;7;25;107;0;0;0;0;0.82;0.1;0.07;0.0;0.0;0.0;0.0;0.0;0.0;0.1;0.03;0.03;0.25;1;0;0.0
5105;cal000133;cal;libio;unknown;Libio;MALE;3;37;175;687;0;0;0;0;0.2;0.35;0.45;0.0;0.0;0.0;0.0;0.0;0.0;0.54;0.18;0.18;0.93;4;7;0.11
5106;cal000133;cal;celio;unknown;Celio;MALE;3;16;58;199;0;0;0;0;0.2;0.43;0.38;0.0;0.0;0.0;0.0;0.0;0.0;0.23;0.06;0.05;0.61;4;9;0.03
5107;cal000133;cal;flabio;unknown;Flabio;MALE;3;16;58;221;0;0;0;0;0.21;0.32;0.47;0.0;0.0;0.0;0.0;0.0;0.0;0.23;0.06;0.06;0.61;4;7;0.03
5108;cal000133;cal;anteo;unknown;Anteo;MALE;3;13;62;239;0;0;0;0;0.57;0.42;0.01;0.0;0.0;0.0;0.0;0.0;0.0;0.19;0.07;0.06;0.36;2;1;0.01
5109;cal000133;cal;lelio;unknown;Lelio;MALE;1;1;1;1;0;0;0;0;1.0;0.0;0.0;0.0;0.0;0.0;0.0;0.0;0.0;0.01;0.0;0.0;0.18;4;4;0.0
5110;cal000133;cal;silvio;unknown;Silvio;MALE;1;1;1;1;0;0;0;0;1.0;0.0;0.0;0.0;0.0;0.0;0.0;0.0;0.0;0.01;0.0;0.0;0.18;4;2;0.0
5111;cal000133;cal;música-1;unknown;Músico 1;MALE;1;1;1;1;0;0;0;0;0.0;0.0;1.0;0.0;0.0;0.0;0.0;0.0;0.0;0.01;0.0;0.0;0.34;0;2;0.0
5112;cal000133;cal;música-2;unknown;Músico 2;MALE;1;1;1;3;0;0;0;0;0.0;0.0;1.0;0.0;0.0;0.0;0.0;0.0;0.0;0.01;0.0;0.0;0.34;0;1;0.0
5113;cal000133;cal;música-3;unknown;Músico 3;MALE;1;1;1;1;0;0;0;0;0.0;0.0;1.0;0.0;0.0;0.0;0.0;0.0;0.0;0.01;0.0;0.0;0.34;0;0;0.0
5114;cal000133;cal;voz-1;unknown;Voz 1;UNKNOWN;1;1;2;13;0;0;0;0;0.0;1.0;0.0;0.0;0.0;0.0;0.0;0.0;0.0;0.01;0.0;0.0;0.34;1;1;0.0
5115;cal000133;cal;voz-2;unknown;Voz 2;UNKNOWN;1;1;1;1;0;0;0;0;0.0;1.0;0.0;0.0;0.0;0.0;0.0;0.0;0.0;0.01;0.0;0.0;0.34;1;1;0.0
5116;cal000133;cal;voz-3;unknown;Voz 3;UNKNOWN;1;1;2;2;0;0;0;0;0.0;1.0;0.0;0.0;0.0;0.0;0.0;0.0;0.0;0.01;0.0;0.0;0.34;1;1;0.0
5117;cal000133;cal;voz-4;unknown;Voz 4;UNKNOWN;1;1;2;2;0;0;0;0;0.0;1.0;0.0;0.0;0.0;0.0;0.0;0.0;0.0;0.01;0.0;0.0;0.34;1;1;0.0
5118;cal000133;cal;voz-5;unknown;Voz 5;UNKNOWN;1;1;2;2;0;0;0;0;0.0;1.0;0.0;0.0;0.0;0.0;0.0;0.0;0.0;0.01;0.0;0.0;0.34;1;1;0.0
5119;cal000133;cal;voz-6;unknown;Voz 6;UNKNOWN;1;1;1;1;0;0;0;0;0.0;1.0;0.0;0.0;0.0;0.0;0.0;0.0;0.0;0.01;0.0;0.0;0.34;0;0;0.0
5120;cal000133;cal;todas;unknown;UNKNOWN;u;2;4;6;16;0;0;0;0;0.69;0.31;0.0;0.0;0.0;0.0;0.0;0.0;0.0;0.06;0.01;0.0;0.55;1;3;0.02
5121;cal000133;cal;unos;unknown;UNKNOWN;u;1;2;3;3;0;0;0;0;1.0;0.0;0.0;0.0;0.0;0.0;0.0;0.0;0.0;0.03;0.0;0.0;0.2;0;0;0.0
5122;cal000133;cal;otros;unknown;UNKNOWN;u;1;3;7;7;0;0;0;0;1.0;0.0;0.0;0.0;0.0;0.0;0.0;0.0;0.0;0.04;0.01;0.0;0.25;0;0;0.0
5123;cal000133;cal;todos;unknown;UNKNOWN;u;3;5;6;9;0;0;0;0;0.33;0.11;0.56;0.0;0.0;0.0;0.0;0.0;0.0;0.07;0.01;0.0;0.55;0;0;0.02
5124;cal000133;cal;dentro;unknown;UNKNOWN;u;2;3;3;6;0;0;0;0;0.5;0.5;0.0;0.0;0.0;0.0;0.0;0.0;0.0;0.04;0.0;0.0;0.5;3;0;0.01
5125;cal000133;cal;voz-1 voz-2;unknown;UNKNOWN;u;1;3;3;3;0;0;0;0;1.0;0.0;0.0;0.0;0.0;0.0;0.0;0.0;0.0;0.04;0.0;0.0;0.09;1;1;0.0
5126;cal000133;cal;uno;unknown;UNKNOWN;u;2;2;2;6;0;0;0;0;0.5;0.5;0.0;0.0;0.0;0.0;0.0;0.0;0.0;0.03;0.0;0.0;0.11;1;0;0.0
5127;cal000133;cal;libio celio flabio;unknown;UNKNOWN;u;2;2;4;7;0;0;0;0;0.43;0.0;0.57;0.0;0.0;0.0;0.0;0.0;0.0;0.03;0.0;0.0;0.34;0;6;0.0
5128;cal000133;cal;rosarda nise laura cloris ismenia;unknown;UNKNOWN;u;1;1;1;1;0;0;0;0;0.0;1.0;0.0;0.0;0.0;0.0;0.0;0.0;0.0;0.01;0.0;0.0;0.14;1;2;0.0
5129;cal000133;cal;voz-2 voz-3;unknown;UNKNOWN;u;1;1;2;3;0;0;0;0;0.0;1.0;0.0;0.0;0.0;0.0;0.0;0.0;0.0;0.01;0.0;0.0;0.34;1;1;0.0
5130;cal000133;cal;voz-4 voz-5;unknown;UNKNOWN;u;1;1;1;2;0;0;0;0;0.0;1.0;0.0;0.0;0.0;0.0;0.0;0.0;0.0;0.01;0.0;0.0;0.34;1;1;0.0
5131;cal000133;cal;celio música;unknown;UNKNOWN;u;1;1;4;7;0;0;0;0;0.0;1.0;0.0;0.0;0.0;0.0;0.0;0.0;0.0;0.01;0.0;0.0;0.18;1;1;0.0
5132;cal000133;cal;flabio música;unknown;UNKNOWN;u;1;1;4;7;0;0;0;0;0.0;1.0;0.0;0.0;0.0;0.0;0.0;0.0;0.0;0.01;0.0;0.0;0.18;1;1;0.0
5133;cal000133;cal;celio flabio;unknown;UNKNOWN;u;1;2;2;2;0;0;0;0;0.0;1.0;0.0;0.0;0.0;0.0;0.0;0.0;0.0;0.03;0.0;0.0;0.18;0;1;0.0
5134;cal000133;cal;ismenia cloris laura nise;unknown;UNKNOWN;u;1;1;1;1;0;0;0;0;0.0;1.0;0.0;0.0;0.0;0.0;0.0;0.0;0.0;0.01;0.0;0.0;0.2;3;6;0.0
5135;cal000133;cal;música villanos;unknown;UNKNOWN;u;1;1;1;1;0;0;0;0;0.0;1.0;0.0;0.0;0.0;0.0;0.0;0.0;0.0;0.01;0.0;0.0;0.02;0;0;0.0
5136;cal000133;cal;música rosarda;unknown;UNKNOWN;u;1;1;1;1;0;0;0;0;0.0;0.0;1.0;0.0;0.0;0.0;0.0;0.0;0.0;0.01;0.0;0.0;0.34;0;0;0.0
5137;cal000134;cal;músicos;unknown;Los músicos;MALE;2;5;9;47;0;0;0;0;0.28;0.0;0.72;0.0;0.0;0.0;0.0;0.0;0.0;0.06;0.01;0.01;0.42;6;7;0.03
5138;cal000134;cal;medea;unknown;Medea;FEMALE;2;14;56;391;0;0;0;0;0.95;0.0;0.05;0.0;0.0;0.0;0.0;0.0;0.0;0.18;0.06;0.09;0.49;4;2;0.07
5139;cal000134;cal;astrea;unknown;Astrea;FEMALE;1;7;32;87;0;0;0;0;1.0;0.0;0.0;0.0;0.0;0.0;0.0;0.0;0.0;0.09;0.04;0.02;0.26;2;4;0.01
5140;cal000134;cal;sirene;unknown;Sirene;FEMALE;1;3;7;18;0;0;0;0;1.0;0.0;0.0;0.0;0.0;0.0;0.0;0.0;0.0;0.04;0.01;0.0;0.23;1;1;0.0
5141;cal000134;cal;libia;unknown;Libia;FEMALE;1;1;2;4;0;0;0;0;1.0;0.0;0.0;0.0;0.0;0.0;0.0;0.0;0.0;0.01;0.0;0.0;0.07;0;0;0.0
5142;cal000134;cal;jasón;unknown;Jasón;MALE;2;11;56;243;0;0;0;0;0.82;0.0;0.18;0.0;0.0;0.0;0.0;0.0;0.0;0.14;0.06;0.06;0.44;6;7;0.02
5143;cal000134;cal;friso;unknown;Friso;MALE;2;8;29;254;0;0;0;0;0.99;0.0;0.01;0.0;0.0;0.0;0.0;0.0;0.0;0.1;0.03;0.06;0.47;2;3;0.03
5144;cal000134;cal;teseo;unknown;Teseo;MALE;2;23;90;344;0;0;0;0;0.0;0.87;0.13;0.0;0.0;0.0;0.0;0.0;0.0;0.3;0.1;0.08;0.56;3;8;0.1
5145;cal000134;cal;lidoro;unknown;Lidoro;MALE;1;10;30;228;0;0;0;0;0.0;1.0;0.0;0.0;0.0;0.0;0.0;0.0;0.0;0.13;0.03;0.05;0.26;0;2;0.09
5146;cal000134;cal;fedra;unknown;Fedra;FEMALE;2;8;37;87;0;0;0;0;0.0;0.97;0.03;0.0;0.0;0.0;0.0;0.0;0.0;0.1;0.04;0.02;0.44;1;8;0.06
5147;cal000134;cal;ariadna;unknown;Ariadna;FEMALE;2;17;63;344;0;0;0;0;0.0;0.98;0.02;0.0;0.0;0.0;0.0;0.0;0.0;0.22;0.07;0.08;0.51;3;8;0.09
5148;cal000134;cal;flora;unknown;Flora;FEMALE;1;4;9;32;0;0;0;0;0.0;1.0;0.0;0.0;0.0;0.0;0.0;0.0;0.0;0.05;0.01;0.01;0.14;0;2;0.0
5149;cal000134;cal;minos;unknown;Minos;MALE;1;4;13;47;0;0;0;0;0.0;1.0;0.0;0.0;0.0;0.0;0.0;0.0;0.0;0.05;0.01;0.01;0.16;0;2;0.0
5150;cal000134;cal;libio;unknown;Libio;MALE;1;8;26;51;0;0;0;0;0.0;1.0;0.0;0.0;0.0;0.0;0.0;0.0;0.0;0.1;0.03;0.01;0.19;0;3;0.0
5151;cal000134;cal;pantuflo;unknown;Pantuflo;MALE;2;22;75;236;0;0;0;0;0.0;0.94;0.06;0.0;0.0;0.0;0.0;0.0;0.0;0.29;0.09;0.06;0.58;2;6;0.15
5152;cal000134;cal;flavio;unknown;Flavio;MALE;1;1;2;14;0;0;0;0;0.0;1.0;0.0;0.0;0.0;0.0;0.0;0.0;0.0;0.01;0.0;0.0;0.02;0;1;0.0
5153;cal000134;cal;dédalo;unknown;Dédalo;MALE;1;5;17;104;0;0;0;0;0.0;1.0;0.0;0.0;0.0;0.0;0.0;0.0;0.0;0.06;0.02;0.02;0.12;1;1;0.0
5154;cal000134;cal;soldado-1;unknown;Un Soldado;MALE;2;2;3;9;0;0;0;0;0.78;0.22;0.0;0.0;0.0;0.0;0.0;0.0;0.0;0.03;0.0;0.0;0.05;0;1;0.05
5155;cal000134;cal;soldado-2;unknown;Otro Soldado;MALE;1;1;2;7;0;0;0;0;1.0;0.0;0.0;0.0;0.0;0.0;0.0;0.0;0.0;0.01;0.0;0.0;0.02;0;0;0.0
5156;cal000134;cal;absinto;unknown;Absinto;MALE;2;7;14;89;0;0;0;0;0.98;0.0;0.02;0.0;0.0;0.0;0.0;0.0;0.0;0.09;0.02;0.02;0.47;2;5;0.03
5157;cal000134;cal;sabañón;unknown;Sabañón;MALE;2;14;42;160;0;0;0;0;0.96;0.0;0.04;0.0;0.0;0.0;0.0;0.0;0.0;0.18;0.05;0.04;0.47;3;2;0.07
5158;cal000134;cal;salvaje;unknown;Un Salvaje;MALE;1;4;18;50;0;0;0;0;1.0;0.0;0.0;0.0;0.0;0.0;0.0;0.0;0.0;0.05;0.02;0.01;0.14;0;3;0.0
5159;cal000134;cal;rey;unknown;El Rey;MALE;1;5;10;31;0;0;0;0;1.0;0.0;0.0;0.0;0.0;0.0;0.0;0.0;0.0;0.06;0.01;0.01;0.23;2;5;0.0
5160;cal000134;cal;deyanira;unknown;Deyanira;FEMALE;1;12;37;295;0;0;0;0;0.0;0.0;1.0;0.0;0.0;0.0;0.0;0.0;0.0;0.16;0.04;0.07;0.4;3;9;0.02
5161;cal000134;cal;neso;unknown;Neso;MALE;1;4;18;182;0;0;0;0;0.0;0.0;1.0;0.0;0.0;0.0;0.0;0.0;0.0;0.05;0.02;0.04;0.16;1;3;0.0
5162;cal000134;cal;floro;unknown;Floro;MALE;1;8;24;87;0;0;0;0;0.0;0.0;1.0;0.0;0.0;0.0;0.0;0.0;0.0;0.1;0.03;0.02;0.44;4;7;0.02
5163;cal000134;cal;licas;unknown;Licas;MALE;1;6;11;21;0;0;0;0;0.0;0.0;1.0;0.0;0.0;0.0;0.0;0.0;0.0;0.08;0.01;0.0;0.16;0;0;0.0
5164;cal000134;cal;hércules;unknown;Hércules;MALE;1;9;69;506;0;0;0;0;0.0;0.0;1.0;0.0;0.0;0.0;0.0;0.0;0.0;0.12;0.08;0.12;0.51;4;8;0.08
5165;cal000134;cal;anfriso;unknown;Anfriso;MALE;1;2;4;16;0;0;0;0;0.0;0.0;1.0;0.0;0.0;0.0;0.0;0.0;0.0;0.03;0.0;0.0;0.19;4;2;0.0
5166;cal000134;cal;danteo;unknown;Danteo;MALE;1;2;13;49;0;0;0;0;0.0;0.0;1.0;0.0;0.0;0.0;0.0;0.0;0.0;0.03;0.01;0.01;0.19;4;3;0.0
5167;cal000134;cal;clarín;unknown;Clarín;MALE;1;8;20;102;0;0;0;0;0.0;0.0;1.0;0.0;0.0;0.0;0.0;0.0;0.0;0.1;0.02;0.02;0.58;5;4;0.1
5168;cal000134;cal;narcisa;unknown;Narcisa;FEMALE;1;4;15;40;0;0;0;0;0.0;0.0;1.0;0.0;0.0;0.0;0.0;0.0;0.0;0.05;0.02;0.01;0.4;3;3;0.04
5169;cal000134;cal;nise;unknown;Nise;FEMALE;1;3;6;8;0;0;0;0;0.0;0.0;1.0;0.0;0.0;0.0;0.0;0.0;0.0;0.04;0.01;0.0;0.19;1;1;0.0
5170;cal000134;cal;clorinda;unknown;Clorinda;FEMALE;1;2;3;3;0;0;0;0;0.0;0.0;1.0;0.0;0.0;0.0;0.0;0.0;0.0;0.03;0.0;0.0;0.19;3;1;0.0
5171;cal000134;cal;laura;unknown;Laura;FEMALE;1;2;2;6;0;0;0;0;0.0;0.0;1.0;0.0;0.0;0.0;0.0;0.0;0.0;0.03;0.0;0.0;0.19;0;0;0.0
5172;cal000134;cal;medea músicos;unknown;UNKNOWN;u;1;1;1;4;0;0;0;0;1.0;0.0;0.0;0.0;0.0;0.0;0.0;0.0;0.0;0.01;0.0;0.0;0.07;0;0;0.0
5173;cal000134;cal;todos;unknown;UNKNOWN;u;2;2;2;2;0;0;0;0;0.5;0.0;0.5;0.0;0.0;0.0;0.0;0.0;0.0;0.03;0.0;0.0;0.35;1;1;0.03
5174;cal000134;cal;dentro;unknown;UNKNOWN;u;1;1;1;1;0;0;0;0;1.0;0.0;0.0;0.0;0.0;0.0;0.0;0.0;0.0;0.01;0.0;0.0;0.05;0;0;0.0
5175;cal000134;cal;soldado-1 soldado-2;unknown;UNKNOWN;u;1;1;1;1;0;0;0;0;0.0;1.0;0.0;0.0;0.0;0.0;0.0;0.0;0.0;0.01;0.0;0.0;0.14;0;1;0.0
5176;cal000134;cal;ariadna fedra;unknown;UNKNOWN;u;1;1;1;2;0;0;0;0;0.0;1.0;0.0;0.0;0.0;0.0;0.0;0.0;0.0;0.01;0.0;0.0;0.05;0;0;0.0
5177;cal000134;cal;gente;unknown;UNKNOWN;u;1;1;1;1;0;0;0;0;0.0;1.0;0.0;0.0;0.0;0.0;0.0;0.0;0.0;0.01;0.0;0.0;0.07;0;0;0.0
5178;cal000134;cal;uno;unknown;UNKNOWN;u;2;2;2;7;0;0;0;0;0.0;0.43;0.57;0.0;0.0;0.0;0.0;0.0;0.0;0.03;0.0;0.0;0.23;0;3;0.01
5179;cal000134;cal;otro;unknown;UNKNOWN;u;2;2;2;8;0;0;0;0;0.0;0.12;0.88;0.0;0.0;0.0;0.0;0.0;0.0;0.03;0.0;0.0;0.23;0;3;0.01
5180;cal000134;cal;clarín pantuflo sabañón;unknown;UNKNOWN;u;1;1;1;1;0;0;0;0;0.0;0.0;1.0;0.0;0.0;0.0;0.0;0.0;0.0;0.01;0.0;0.0;0.23;1;2;0.0
5181;cal000135;cal;luis;unknown;Luis Pérez;MALE;3;43;175;1134;0;0;0;0;0.28;0.36;0.36;0.0;0.0;0.0;0.0;0.0;0.0;0.6;0.3;0.36;0.88;2;7;0.43
5182;cal000135;cal;manuel;unknown;Manuel Méndez;MALE;3;29;67;515;0;0;0;0;0.42;0.39;0.19;0.0;0.0;0.0;0.0;0.0;0.0;0.4;0.11;0.17;0.46;2;4;0.02
5183;cal000135;cal;alonso;unknown;Don Alonso de Tordoya;MALE;3;11;47;235;0;0;0;0;0.43;0.21;0.36;0.0;0.0;0.0;0.0;0.0;0.0;0.15;0.08;0.08;0.38;2;4;0.01
5184;cal000135;cal;juan;unknown;Juan Bautista;MALE;2;6;14;57;0;0;0;0;0.0;0.61;0.39;0.0;0.0;0.0;0.0;0.0;0.0;0.08;0.02;0.02;0.31;3;3;0.01
5185;cal000135;cal;pedro;unknown;Pedro;MALE;3;24;65;400;0;0;0;0;0.23;0.47;0.29;0.0;0.0;0.0;0.0;0.0;0.0;0.33;0.11;0.13;0.58;1;5;0.08
5186;cal000135;cal;almirante;unknown;Almirante de Portugal;MALE;1;5;21;97;0;0;0;0;1.0;0.0;0.0;0.0;0.0;0.0;0.0;0.0;0.0;0.07;0.04;0.03;0.15;1;2;0.0
5187;cal000135;cal;leonardo;unknown;Leonardo;MALE;1;1;16;56;0;0;0;0;0.0;0.0;1.0;0.0;0.0;0.0;0.0;0.0;0.0;0.01;0.03;0.02;0.04;0;1;0.0
5188;cal000135;cal;corregidor;unknown;Corregidor;MALE;1;1;8;12;0;0;0;0;1.0;0.0;0.0;0.0;0.0;0.0;0.0;0.0;0.0;0.01;0.01;0.0;0.12;0;1;0.0
5189;cal000135;cal;juez;unknown;Juez Pesquisidor;MALE;2;18;53;158;0;0;0;0;0.0;0.41;0.59;0.0;0.0;0.0;0.0;0.0;0.0;0.25;0.09;0.05;0.62;2;4;0.19
5190;cal000135;cal;isabel;unknown;Isabel;FEMALE;3;15;45;198;0;0;0;0;0.27;0.54;0.19;0.0;0.0;0.0;0.0;0.0;0.0;0.21;0.08;0.06;0.42;1;4;0.02
5191;cal000135;cal;juana;unknown;Doña Juana;FEMALE;3;10;15;41;0;0;0;0;0.39;0.37;0.24;0.0;0.0;0.0;0.0;0.0;0.0;0.14;0.03;0.01;0.27;0;3;0.0
5192;cal000135;cal;leonor;unknown;Doña Leonor;FEMALE;2;9;16;95;0;0;0;0;0.52;0.0;0.48;0.0;0.0;0.0;0.0;0.0;0.0;0.12;0.03;0.03;0.31;1;1;0.01
5193;cal000135;cal;casilda;unknown;Casilda;FEMALE;2;3;7;38;0;0;0;0;0.08;0.92;0.0;0.0;0.0;0.0;0.0;0.0;0.0;0.04;0.01;0.01;0.12;1;1;0.0
5194;cal000135;cal;alguacil-1;unknown;Alguacil 1;MALE;2;6;10;15;0;0;0;0;0.47;0.0;0.53;0.0;0.0;0.0;0.0;0.0;0.0;0.08;0.02;0.0;0.38;0;4;0.02
5195;cal000135;cal;alguacil-2;unknown;Alguacil 2;MALE;2;4;5;16;0;0;0;0;0.19;0.0;0.81;0.0;0.0;0.0;0.0;0.0;0.0;0.06;0.01;0.01;0.23;0;2;0.01
5196;cal000135;cal;alguacil-3;unknown;Alguacil 3;MALE;1;1;1;1;0;0;0;0;0.0;0.0;1.0;0.0;0.0;0.0;0.0;0.0;0.0;0.01;0.0;0.0;0.15;0;3;0.0
5197;cal000135;cal;alguacil-4;unknown;Alguacil 4;MALE;1;1;1;4;0;0;0;0;0.0;0.0;1.0;0.0;0.0;0.0;0.0;0.0;0.0;0.01;0.0;0.0;0.15;0;2;0.0
5198;cal000135;cal;villano-1;unknown;Villano 1;MALE;1;1;8;26;0;0;0;0;0.0;0.0;1.0;0.0;0.0;0.0;0.0;0.0;0.0;0.01;0.01;0.01;0.08;0;2;0.0
5199;cal000135;cal;villano-2;unknown;Villano 2;MALE;1;1;1;1;0;0;0;0;0.0;0.0;1.0;0.0;0.0;0.0;0.0;0.0;0.0;0.01;0.0;0.0;0.08;0;1;0.0
5200;cal000135;cal;soldado-1;unknown;Soldado 1;MALE;1;1;2;4;0;0;0;0;0.0;1.0;0.0;0.0;0.0;0.0;0.0;0.0;0.0;0.01;0.0;0.0;0.12;0;2;0.0
5201;cal000135;cal;soldado-2;unknown;Soldado 2;MALE;1;1;1;1;0;0;0;0;0.0;1.0;0.0;0.0;0.0;0.0;0.0;0.0;0.0;0.01;0.0;0.0;0.12;0;0;0.0
5202;cal000135;cal;criado-1;unknown;Criado 1;MALE;1;1;1;2;0;0;0;0;0.0;1.0;0.0;0.0;0.0;0.0;0.0;0.0;0.0;0.01;0.0;0.0;0.04;0;0;0.0
5203;cal000135;cal;criado-2;unknown;Criado 2;MALE;1;1;1;4;0;0;0;0;0.0;1.0;0.0;0.0;0.0;0.0;0.0;0.0;0.0;0.01;0.0;0.0;0.04;0;1;0.0
5204;cal000135;cal;voz;unknown;Voz;UNKNOWN;1;1;1;3;0;0;0;0;0.0;1.0;0.0;0.0;0.0;0.0;0.0;0.0;0.0;0.01;0.0;0.0;0.15;0;1;0.0
5205;cal000135;cal;voz voz-2;unknown;UNKNOWN;u;2;2;2;3;0;0;0;0;0.67;0.33;0.0;0.0;0.0;0.0;0.0;0.0;0.0;0.03;0.0;0.0;0.23;0;0;0.0
5206;cal000135;cal;unos;unknown;UNKNOWN;u;1;1;1;1;0;0;0;0;0.0;1.0;0.0;0.0;0.0;0.0;0.0;0.0;0.0;0.01;0.0;0.0;0.12;0;1;0.0
5207;cal000136;cal;beatriz;unknown;Beatriz;FEMALE;3;39;208;984;0;0;0;0;0.21;0.26;0.53;0.0;0.0;0.0;0.0;0.0;0.0;0.48;0.2;0.23;0.75;2;4;0.1
5208;cal000136;cal;don-luis;unknown;Don Luis;MALE;3;12;49;314;0;0;0;0;0.46;0.29;0.25;0.0;0.0;0.0;0.0;0.0;0.0;0.15;0.05;0.07;0.4;1;2;0.0
5209;cal000136;cal;juana;unknown;Juana;FEMALE;3;14;47;92;0;0;0;0;0.17;0.23;0.6;0.0;0.0;0.0;0.0;0.0;0.0;0.17;0.05;0.02;0.5;0;4;0.05
5210;cal000136;cal;elvira;unknown;Elvira;FEMALE;3;17;78;416;0;0;0;0;0.51;0.29;0.2;0.0;0.0;0.0;0.0;0.0;0.0;0.21;0.07;0.1;0.6;2;1;0.01
5211;cal000136;cal;don-juan;unknown;Don Juan;MALE;3;24;99;416;0;0;0;0;0.45;0.31;0.24;0.0;0.0;0.0;0.0;0.0;0.0;0.3;0.09;0.1;0.7;3;3;0.03
5212;cal000136;cal;leonor;unknown;Leonor;FEMALE;3;14;74;363;0;0;0;0;0.38;0.47;0.16;0.0;0.0;0.0;0.0;0.0;0.0;0.17;0.07;0.09;0.35;3;3;0.01
5213;cal000136;cal;capitan;unknown;Capitán;MALE;3;13;45;190;0;0;0;0;0.57;0.27;0.16;0.0;0.0;0.0;0.0;0.0;0.0;0.16;0.04;0.04;0.65;2;6;0.02
5214;cal000136;cal;dentro;unknown;Dentro;UNKNOWN;2;4;4;9;0;0;0;0;0.67;0.0;0.33;0.0;0.0;0.0;0.0;0.0;0.0;0.05;0.0;0.0;0.5;0;1;0.0
5215;cal000136;cal;don-diego;unknown;Don Diego;MALE;1;2;7;33;0;0;0;0;1.0;0.0;0.0;0.0;0.0;0.0;0.0;0.0;0.0;0.02;0.01;0.01;0.55;2;7;0.0
5216;cal000136;cal;fabio;unknown;Fabio;MALE;1;2;5;19;0;0;0;0;1.0;0.0;0.0;0.0;0.0;0.0;0.0;0.0;0.0;0.02;0.0;0.0;0.55;2;3;0.0
5217;cal000136;cal;otro;unknown;Otro;MALE;2;2;2;2;0;0;0;0;0.5;0.0;0.5;0.0;0.0;0.0;0.0;0.0;0.0;0.02;0.0;0.0;0.55;0;3;0.01
5218;cal000136;cal;don-fernando;unknown;Don Fernando;MALE;3;34;223;743;0;0;0;0;0.12;0.45;0.43;0.0;0.0;0.0;0.0;0.0;0.0;0.42;0.21;0.18;0.9;2;5;0.19
5219;cal000136;cal;roque;unknown;Roque;MALE;3;32;174;609;0;0;0;0;0.16;0.36;0.48;0.0;0.0;0.0;0.0;0.0;0.0;0.4;0.17;0.14;0.85;1;4;0.16
5220;cal000136;cal;alguacil;unknown;Alguacil;MALE;1;5;7;15;0;0;0;0;1.0;0.0;0.0;0.0;0.0;0.0;0.0;0.0;0.0;0.06;0.01;0.0;0.45;1;2;0.03
5221;cal000136;cal;pedro;unknown;Pedro;MALE;1;1;1;3;0;0;0;0;1.0;0.0;0.0;0.0;0.0;0.0;0.0;0.0;0.0;0.01;0.0;0.0;0.1;0;1;0.0
5222;cal000136;cal;isabel;unknown;Isabel;FEMALE;2;2;4;4;0;0;0;0;0.75;0.25;0.0;0.0;0.0;0.0;0.0;0.0;0.0;0.02;0.0;0.0;0.1;0;0;0.0
5223;cal000136;cal;escudero;unknown;Escudero;MALE;1;1;5;7;0;0;0;0;0.0;1.0;0.0;0.0;0.0;0.0;0.0;0.0;0.0;0.01;0.0;0.0;0.15;1;2;0.0
5224;cal000136;cal;juan;unknown;Juan;MALE;1;1;1;2;0;0;0;0;0.0;0.0;1.0;0.0;0.0;0.0;0.0;0.0;0.0;0.01;0.0;0.0;0.1;2;0;0.0
5225;cal000136;cal;ines;unknown;Inés;FEMALE;1;3;6;14;0;0;0;0;0.0;0.0;1.0;0.0;0.0;0.0;0.0;0.0;0.0;0.04;0.01;0.0;0.2;1;2;0.0
5226;cal000136;cal;uno;unknown;Uno;MALE;1;1;2;4;0;0;0;0;0.0;0.0;1.0;0.0;0.0;0.0;0.0;0.0;0.0;0.01;0.0;0.0;0.2;0;0;0.0
5227;cal000136;cal;don-luis juana elvira don-juan leonor capitan dentro don-diego fabio otro don-fernando roque alguacil pedro isabel escudero juan ines uno;unknown;UNKNOWN;u;2;2;3;4;0;0;0;0;0.75;0.0;0.25;0.0;0.0;0.0;0.0;0.0;0.0;0.02;0.0;0.0;0.45;0;4;0.01
5228;cal000137;cal;don-hipólito;unknown;Don Hipólito;MALE;3;22;89;592;0;0;0;0;0.42;0.35;0.22;0.0;0.0;0.0;0.0;0.0;0.0;0.33;0.15;0.2;0.8;3;3;0.02
5229;cal000137;cal;don-juan;unknown;Don Juan;MALE;3;25;109;653;0;0;0;0;0.38;0.24;0.38;0.0;0.0;0.0;0.0;0.0;0.0;0.37;0.18;0.22;0.7;2;1;0.0
5230;cal000137;cal;don-pedro;unknown;Don Pedro;MALE;3;19;80;288;0;0;0;0;0.5;0.42;0.08;0.0;0.0;0.0;0.0;0.0;0.0;0.28;0.13;0.1;0.8;4;2;0.02
5231;cal000137;cal;pernía;unknown;Pernía;FEMALE;2;4;8;26;0;0;0;0;0.85;0.0;0.15;0.0;0.0;0.0;0.0;0.0;0.0;0.06;0.01;0.01;0.6;3;1;0.01
5232;cal000137;cal;arceo;unknown;Arceo;MALE;3;20;55;203;0;0;0;0;0.55;0.08;0.37;0.0;0.0;0.0;0.0;0.0;0.0;0.3;0.09;0.07;0.8;2;1;0.02
5233;cal000137;cal;don-luis;unknown;Don Luis;MALE;3;11;49;161;0;0;0;0;0.21;0.46;0.33;0.0;0.0;0.0;0.0;0.0;0.0;0.16;0.08;0.05;0.7;1;3;0.01
5234;cal000137;cal;doña-clara;unknown;Doña Clara;FEMALE;3;17;52;331;0;0;0;0;0.28;0.47;0.24;0.0;0.0;0.0;0.0;0.0;0.0;0.25;0.09;0.11;0.9;2;1;0.03
5235;cal000137;cal;doña-ana;unknown;Doña Ana;FEMALE;3;28;85;435;0;0;0;0;0.19;0.34;0.48;0.0;0.0;0.0;0.0;0.0;0.0;0.42;0.14;0.15;0.9;2;0;0.03
5236;cal000137;cal;doña-lucía;unknown;Doña Lucía;FEMALE;3;20;50;137;0;0;0;0;0.41;0.07;0.53;0.0;0.0;0.0;0.0;0.0;0.0;0.3;0.08;0.05;0.8;0;3;0.02
5237;cal000137;cal;inés;unknown;Inés;FEMALE;3;10;28;115;0;0;0;0;0.35;0.51;0.14;0.0;0.0;0.0;0.0;0.0;0.0;0.15;0.05;0.04;0.6;3;1;0.01
5238;cal000137;cal;música;unknown;Música;UNKNOWN;1;1;1;4;0;0;0;0;1.0;0.0;0.0;0.0;0.0;0.0;0.0;0.0;0.0;0.01;0.0;0.0;0.0;0;0;0.0
5239;cal000138;cal;flora;unknown;Flora;FEMALE;3;35;160;727;0;0;0;0;0.46;0.23;0.31;0.0;0.0;0.0;0.0;0.0;0.0;0.57;0.23;0.22;1.0;2;4;0.01
5240;cal000138;cal;silvia;unknown;Silvia;FEMALE;3;23;63;212;0;0;0;0;0.22;0.57;0.21;0.0;0.0;0.0;0.0;0.0;0.0;0.38;0.09;0.06;1.0;1;4;0.01
5241;cal000138;cal;laura;unknown;Laura;FEMALE;3;15;91;263;0;0;0;0;0.22;0.22;0.55;0.0;0.0;0.0;0.0;0.0;0.0;0.25;0.13;0.08;1.0;3;4;0.01
5242;cal000138;cal;nise;unknown;Nise;FEMALE;2;3;4;8;0;0;0;0;0.12;0.88;0.0;0.0;0.0;0.0;0.0;0.0;0.0;0.05;0.01;0.0;0.78;0;1;0.0
5243;cal000138;cal;carlos;unknown;Carlos;MALE;3;27;84;816;0;0;0;0;0.21;0.45;0.34;0.0;0.0;0.0;0.0;0.0;0.0;0.44;0.12;0.25;1.0;3;3;0.01
5244;cal000138;cal;dinero;unknown;Dinero;MALE;3;18;61;249;0;0;0;0;0.2;0.28;0.51;0.0;0.0;0.0;0.0;0.0;0.0;0.3;0.09;0.08;0.89;1;2;0.0
5245;cal000138;cal;arnaldo;unknown;Arnaldo;MALE;3;14;73;327;0;0;0;0;0.27;0.52;0.21;0.0;0.0;0.0;0.0;0.0;0.0;0.23;0.11;0.1;1.0;1;2;0.01
5246;cal000138;cal;fabio;unknown;Fabio;MALE;3;14;51;197;0;0;0;0;0.58;0.15;0.26;0.0;0.0;0.0;0.0;0.0;0.0;0.23;0.07;0.06;1.0;2;3;0.01
5247;cal000138;cal;césar;unknown;Don César;MALE;3;20;84;452;0;0;0;0;0.23;0.37;0.4;0.0;0.0;0.0;0.0;0.0;0.0;0.33;0.12;0.14;1.0;2;4;0.01
5248;cal000138;cal;celio;unknown;Celio;MALE;3;8;18;53;0;0;0;0;0.21;0.47;0.32;0.0;0.0;0.0;0.0;0.0;0.0;0.13;0.03;0.02;0.89;0;1;0.0
5249;cal000199;cal;musicos;unknown;Músicos;UNKNOWN;1;8;17;51;0;0;0;0;1.0;0.0;0.0;0.0;0.0;0.0;0.0;0.0;0.0;0.29;0.03;0.02;0.43;0;5;0.03
5250;cal000199;cal;nabuco;unknown;Nabuco;MALE;1;19;92;378;0;0;0;0;1.0;0.0;0.0;0.0;0.0;0.0;0.0;0.0;0.0;0.68;0.18;0.18;0.78;0;9;0.19
5251;cal000199;cal;habacu;unknown;Habacú;MALE;1;5;22;160;0;0;0;0;1.0;0.0;0.0;0.0;0.0;0.0;0.0;0.0;0.0;0.18;0.04;0.08;0.37;1;3;0.01
5252;cal000199;cal;zabulon;unknown;Zabulón;MALE;1;13;43;166;0;0;0;0;1.0;0.0;0.0;0.0;0.0;0.0;0.0;0.0;0.0;0.46;0.08;0.08;0.71;1;6;0.08
5253;cal000199;cal;azarias;unknown;Azarías;MALE;1;10;35;105;0;0;0;0;1.0;0.0;0.0;0.0;0.0;0.0;0.0;0.0;0.0;0.36;0.07;0.05;0.57;0;5;0.03
5254;cal000199;cal;ananias;unknown;Ananías;MALE;1;9;22;47;0;0;0;0;1.0;0.0;0.0;0.0;0.0;0.0;0.0;0.0;0.0;0.32;0.04;0.02;0.57;1;5;0.03
5255;cal000199;cal;misael;unknown;Misael;MALE;1;9;22;52;0;0;0;0;1.0;0.0;0.0;0.0;0.0;0.0;0.0;0.0;0.0;0.32;0.04;0.02;0.57;1;4;0.03
5256;cal000199;cal;daniel;unknown;Daniel;MALE;1;12;45;340;0;0;0;0;1.0;0.0;0.0;0.0;0.0;0.0;0.0;0.0;0.0;0.43;0.09;0.16;0.67;0;3;0.09
5257;cal000199;cal;arfajat;unknown;Arfajat;MALE;1;10;32;92;0;0;0;0;1.0;0.0;0.0;0.0;0.0;0.0;0.0;0.0;0.0;0.36;0.06;0.04;0.63;0;2;0.05
5258;cal000199;cal;soldado-1;unknown;Soldado 1.º;MALE;1;1;3;5;0;0;0;0;1.0;0.0;0.0;0.0;0.0;0.0;0.0;0.0;0.0;0.04;0.01;0.0;0.14;0;5;0.0
5259;cal000199;cal;soldado-2;unknown;Soldado 2.º;MALE;1;1;2;3;0;0;0;0;1.0;0.0;0.0;0.0;0.0;0.0;0.0;0.0;0.0;0.04;0.0;0.0;0.14;0;4;0.0
5260;cal000199;cal;idolatria;unknown;Idolatría;FEMALE;1;12;51;343;0;0;0;0;1.0;0.0;0.0;0.0;0.0;0.0;0.0;0.0;0.0;0.43;0.1;0.16;0.61;0;5;0.14
5261;cal000199;cal;donosor;unknown;Donosor;MALE;1;10;24;88;0;0;0;0;1.0;0.0;0.0;0.0;0.0;0.0;0.0;0.0;0.0;0.36;0.05;0.04;0.59;0;5;0.05
5262;cal000199;cal;gabriel;unknown;Gabriel;MALE;1;6;30;157;0;0;0;0;1.0;0.0;0.0;0.0;0.0;0.0;0.0;0.0;0.0;0.21;0.06;0.07;0.45;1;7;0.06
5263;cal000199;cal;musicos habacu;unknown;UNKNOWN;u;1;1;1;4;0;0;0;0;1.0;0.0;0.0;0.0;0.0;0.0;0.0;0.0;0.0;0.04;0.0;0.0;0.06;0;0;0.0
5264;cal000199;cal;acompanamiento;unknown;UNKNOWN;u;1;3;4;4;0;0;0;0;1.0;0.0;0.0;0.0;0.0;0.0;0.0;0.0;0.0;0.11;0.01;0.0;0.16;0;0;0.0
5265;cal000199;cal;azarias ananias misael;unknown;UNKNOWN;u;1;3;3;11;0;0;0;0;1.0;0.0;0.0;0.0;0.0;0.0;0.0;0.0;0.0;0.11;0.01;0.01;0.29;0;2;0.0
5266;cal000199;cal;misael ananias ananias;unknown;UNKNOWN;u;1;1;1;1;0;0;0;0;1.0;0.0;0.0;0.0;0.0;0.0;0.0;0.0;0.0;0.04;0.0;0.0;0.14;0;1;0.0
5267;cal000199;cal;misael azarias habacu zabulon;unknown;UNKNOWN;u;1;1;1;2;0;0;0;0;1.0;0.0;0.0;0.0;0.0;0.0;0.0;0.0;0.0;0.04;0.0;0.0;0.0;0;0;0.0
5268;cal000199;cal;acompanamiento musicos arfajat habacu soldado-2 soldado-1 nabuco daniel misael ananias zabulon azarias;unknown;UNKNOWN;u;1;1;7;9;0;0;0;0;1.0;0.0;0.0;0.0;0.0;0.0;0.0;0.0;0.0;0.04;0.01;0.0;0.2;0;1;0.0
5269;cal000199;cal;acompanamiento musicos arfajat habacu soldado-2 soldado-1 daniel nabuco zabulon azarias misael ananias;unknown;UNKNOWN;u;1;1;2;18;0;0;0;0;1.0;0.0;0.0;0.0;0.0;0.0;0.0;0.0;0.0;0.04;0.0;0.01;0.2;0;1;0.0
5270;cal000199;cal;azarias misael ananias;unknown;UNKNOWN;u;1;1;1;2;0;0;0;0;1.0;0.0;0.0;0.0;0.0;0.0;0.0;0.0;0.0;0.04;0.0;0.0;0.2;0;1;0.0
5271;cal000199;cal;acompanamiento musicos arfajat habacu soldado-2 soldado-1 daniel zabulon nabuco azarias misael ananias;unknown;UNKNOWN;u;1;1;1;1;0;0;0;0;1.0;0.0;0.0;0.0;0.0;0.0;0.0;0.0;0.0;0.04;0.0;0.0;0.2;0;1;0.0
5272;cal000199;cal;acompanamiento musicos habacu soldado-2 soldado-1 zabulon nabuco azarias misael ananias arfajat daniel;unknown;UNKNOWN;u;1;1;1;6;0;0;0;0;1.0;0.0;0.0;0.0;0.0;0.0;0.0;0.0;0.0;0.04;0.0;0.0;0.06;1;1;0.0
5273;cal000199;cal;acompanamiento musicos habacu soldado-2 soldado-1 zabulon nabuco azarias misael ananias arfajat daniel idolatria;unknown;UNKNOWN;u;1;1;4;7;0;0;0;0;1.0;0.0;0.0;0.0;0.0;0.0;0.0;0.0;0.0;0.04;0.01;0.0;0.06;0;1;0.0
5274;cal000199;cal;soldados;unknown;UNKNOWN;u;1;2;2;2;0;0;0;0;1.0;0.0;0.0;0.0;0.0;0.0;0.0;0.0;0.0;0.07;0.0;0.0;0.24;1;2;0.0
5275;cal000199;cal;idolatria nabuco acompanamiento donosor;unknown;UNKNOWN;u;1;1;1;1;0;0;0;0;1.0;0.0;0.0;0.0;0.0;0.0;0.0;0.0;0.0;0.04;0.0;0.0;0.08;0;0;0.0
5276;cal000199;cal;daniel donosor nabuco;unknown;UNKNOWN;u;1;1;1;2;0;0;0;0;1.0;0.0;0.0;0.0;0.0;0.0;0.0;0.0;0.0;0.04;0.0;0.0;0.2;0;3;0.0
5277;cal000199;cal;habacu misael ananias soldado-1 soldado-2 musicos acompanamiento gabriel idolatria azarias zabulon daniel donosor nabuco arfajat;unknown;UNKNOWN;u;1;1;1;1;0;0;0;0;1.0;0.0;0.0;0.0;0.0;0.0;0.0;0.0;0.0;0.04;0.0;0.0;0.2;0;2;0.0
5278;cal000199;cal;arfajat misael ananias;unknown;UNKNOWN;u;1;1;1;2;0;0;0;0;1.0;0.0;0.0;0.0;0.0;0.0;0.0;0.0;0.0;0.04;0.0;0.0;0.1;0;0;0.0
5279;cal000199;cal;habacu soldado-1 soldado-2 gabriel arfajat misael ananias zabulon azarias acompanamiento idolatria musicos daniel nabuco donosor;unknown;UNKNOWN;u;1;1;1;1;0;0;0;0;1.0;0.0;0.0;0.0;0.0;0.0;0.0;0.0;0.0;0.04;0.0;0.0;0.1;1;0;0.0
5280;cal000199;cal;habacu soldado-1 soldado-2 gabriel arfajat misael ananias zabulon azarias acompanamiento daniel nabuco donosor idolatria musicos;unknown;UNKNOWN;u;1;1;1;4;0;0;0;0;1.0;0.0;0.0;0.0;0.0;0.0;0.0;0.0;0.0;0.04;0.0;0.0;0.1;0;0;0.0
5281;cal000199;cal;idolatria musicos arfajat;unknown;UNKNOWN;u;1;1;1;1;0;0;0;0;1.0;0.0;0.0;0.0;0.0;0.0;0.0;0.0;0.0;0.04;0.0;0.0;0.22;0;6;0.0
5282;cal000199;cal;ananias azarias misael;unknown;UNKNOWN;u;1;1;1;1;0;0;0;0;1.0;0.0;0.0;0.0;0.0;0.0;0.0;0.0;0.0;0.04;0.0;0.0;0.22;0;1;0.0
5283;cal000199;cal;zabulon musicos idolatria;unknown;UNKNOWN;u;1;1;2;7;0;0;0;0;1.0;0.0;0.0;0.0;0.0;0.0;0.0;0.0;0.0;0.04;0.0;0.0;0.1;0;1;0.0
5284;cal000199;cal;habacu gabriel acompanamiento daniel donosor arfajat soldado-1 soldado-2 azarias ananias misael nabuco zabulon musicos idolatria;unknown;UNKNOWN;u;1;1;1;1;0;0;0;0;1.0;0.0;0.0;0.0;0.0;0.0;0.0;0.0;0.0;0.04;0.0;0.0;0.1;0;1;0.0
5285;cal000199;cal;musicos idolatria gabriel;unknown;UNKNOWN;u;1;1;6;7;0;0;0;0;1.0;0.0;0.0;0.0;0.0;0.0;0.0;0.0;0.0;0.04;0.01;0.0;0.1;0;0;0.0
5286;cal000199;cal;musicos gabriel idolatria;unknown;UNKNOWN;u;1;1;1;4;0;0;0;0;1.0;0.0;0.0;0.0;0.0;0.0;0.0;0.0;0.0;0.04;0.0;0.0;0.1;0;0;0.0
5287;cal000199;cal;idolatria gabriel;unknown;UNKNOWN;u;1;2;2;2;0;0;0;0;1.0;0.0;0.0;0.0;0.0;0.0;0.0;0.0;0.0;0.07;0.0;0.0;0.14;1;1;0.0
5288;cal000199;cal;zabulon daniel gabriel;unknown;UNKNOWN;u;1;1;2;2;0;0;0;0;1.0;0.0;0.0;0.0;0.0;0.0;0.0;0.0;0.0;0.04;0.0;0.0;0.2;1;1;0.0
5289;cal000199;cal;arfajat nabuco gabriel;unknown;UNKNOWN;u;1;1;2;2;0;0;0;0;1.0;0.0;0.0;0.0;0.0;0.0;0.0;0.0;0.0;0.04;0.0;0.0;0.2;0;0;0.0
5290;cal000199;cal;nabuco daniel gabriel;unknown;UNKNOWN;u;1;1;1;1;0;0;0;0;1.0;0.0;0.0;0.0;0.0;0.0;0.0;0.0;0.0;0.04;0.0;0.0;0.2;0;0;0.0
5291;cal000199;cal;gabriel musicos;unknown;UNKNOWN;u;1;1;1;4;0;0;0;0;1.0;0.0;0.0;0.0;0.0;0.0;0.0;0.0;0.0;0.04;0.0;0.0;0.2;0;0;0.0
5292;cal000199;cal;arfajat zabulon donosor;unknown;UNKNOWN;u;1;1;1;2;0;0;0;0;1.0;0.0;0.0;0.0;0.0;0.0;0.0;0.0;0.0;0.04;0.0;0.0;0.06;0;0;0.0
5293;cal000199;cal;gabriel habacu;unknown;UNKNOWN;u;1;1;1;1;0;0;0;0;1.0;0.0;0.0;0.0;0.0;0.0;0.0;0.0;0.0;0.04;0.0;0.0;0.24;1;6;0.0
5294;cal000199;cal;acompanamiento soldado-1 soldado-2 musicos nabuco gabriel habacu daniel azarias misael ananias idolatria donosor zabulon arfajat;unknown;UNKNOWN;u;1;1;1;1;0;0;0;0;1.0;0.0;0.0;0.0;0.0;0.0;0.0;0.0;0.0;0.04;0.0;0.0;0.24;0;0;0.0
5295;cal000199;cal;acompanamiento soldado-1 soldado-2 musicos nabuco gabriel habacu azarias misael ananias donosor zabulon arfajat daniel idolatria;unknown;UNKNOWN;u;1;1;1;1;0;0;0;0;1.0;0.0;0.0;0.0;0.0;0.0;0.0;0.0;0.0;0.04;0.0;0.0;0.24;0;0;0.0
5296;cal000199;cal;musicos acompanamiento soldado-1 soldado-2 gabriel habacu donosor zabulon arfajat idolatria daniel azarias ananias misael nabuco;unknown;UNKNOWN;u;1;1;6;6;0;0;0;0;1.0;0.0;0.0;0.0;0.0;0.0;0.0;0.0;0.0;0.04;0.01;0.0;0.08;0;1;0.0
5297;cal000199;cal;nabuco musicos acompanamiento soldado-1 soldado-2 gabriel habacu donosor zabulon arfajat idolatria daniel azarias ananias misael;unknown;UNKNOWN;u;1;1;1;1;0;0;0;0;1.0;0.0;0.0;0.0;0.0;0.0;0.0;0.0;0.0;0.04;0.0;0.0;0.08;0;1;0.0
5298;cal000199;cal;musicos acompanamiento soldado-1 soldado-2 gabriel habacu donosor zabulon arfajat idolatria azarias ananias misael nabuco daniel;unknown;UNKNOWN;u;1;1;1;7;0;0;0;0;1.0;0.0;0.0;0.0;0.0;0.0;0.0;0.0;0.0;0.04;0.0;0.0;0.08;0;0;0.0
5299;cal000139;cal;música;unknown;Músicos;UNKNOWN;2;5;15;57;0;0;0;0;0.0;0.81;0.19;0.0;0.0;0.0;0.0;0.0;0.0;0.07;0.02;0.01;0.56;1;2;0.0
5300;cal000139;cal;madama;unknown;Madama Inés;FEMALE;3;33;145;848;0;0;0;0;0.26;0.35;0.39;0.0;0.0;0.0;0.0;0.0;0.0;0.48;0.16;0.22;0.88;2;2;0.11
5301;cal000139;cal;margarita;unknown;Margarita;FEMALE;3;29;97;504;0;0;0;0;0.38;0.43;0.19;0.0;0.0;0.0;0.0;0.0;0.0;0.42;0.11;0.13;0.8;1;2;0.07
5302;cal000139;cal;laura;unknown;Laura;FEMALE;3;8;22;58;0;0;0;0;0.45;0.22;0.33;0.0;0.0;0.0;0.0;0.0;0.0;0.12;0.02;0.02;0.68;0;4;0.03
5303;cal000139;cal;enrique;unknown;Enrique;MALE;3;36;210;898;0;0;0;0;0.38;0.33;0.29;0.0;0.0;0.0;0.0;0.0;0.0;0.52;0.24;0.23;0.8;2;4;0.06
5304;cal000139;cal;federico;unknown;Federico;MALE;3;36;155;801;0;0;0;0;0.42;0.18;0.4;0.0;0.0;0.0;0.0;0.0;0.0;0.52;0.17;0.21;0.84;2;4;0.08
5305;cal000139;cal;adolfo;unknown;Adolfo;MALE;3;11;33;100;0;0;0;0;0.25;0.4;0.35;0.0;0.0;0.0;0.0;0.0;0.0;0.16;0.04;0.03;0.56;3;1;0.01
5306;cal000139;cal;celio;unknown;Celio;MALE;3;10;35;163;0;0;0;0;0.29;0.25;0.46;0.0;0.0;0.0;0.0;0.0;0.0;0.14;0.04;0.04;0.64;1;3;0.02
5307;cal000139;cal;patín;unknown;Patín;MALE;3;26;70;200;0;0;0;0;0.18;0.58;0.23;0.0;0.0;0.0;0.0;0.0;0.0;0.38;0.08;0.05;0.68;2;4;0.02
5308;cal000139;cal;talón;unknown;Talón;MALE;3;20;51;129;0;0;0;0;0.43;0.39;0.18;0.0;0.0;0.0;0.0;0.0;0.0;0.29;0.06;0.03;0.64;0;2;0.03
5309;cal000139;cal;soldado;unknown;Soldado;MALE;2;5;5;31;0;0;0;0;0.06;0.0;0.94;0.0;0.0;0.0;0.0;0.0;0.0;0.07;0.01;0.01;0.28;1;1;0.0
5310;cal000139;cal;música-1;unknown;Música 1ª;UNKNOWN;1;1;1;3;0;0;0;0;1.0;0.0;0.0;0.0;0.0;0.0;0.0;0.0;0.0;0.01;0.0;0.0;0.2;0;0;0.0
5311;cal000139;cal;música-2;unknown;Música 2ª;UNKNOWN;1;1;1;3;0;0;0;0;1.0;0.0;0.0;0.0;0.0;0.0;0.0;0.0;0.0;0.01;0.0;0.0;0.2;0;0;0.0
5312;cal000139;cal;voz;unknown;Una Voz;UNKNOWN;1;1;1;4;0;0;0;0;1.0;0.0;0.0;0.0;0.0;0.0;0.0;0.0;0.0;0.01;0.0;0.0;0.12;1;0;0.0
5313;cal000139;cal;uno;unknown;UNKNOWN;u;2;3;3;3;0;0;0;0;0.67;0.0;0.33;0.0;0.0;0.0;0.0;0.0;0.0;0.04;0.0;0.0;0.56;0;1;0.02
5314;cal000139;cal;voz soldado;unknown;UNKNOWN;u;2;8;12;14;0;0;0;0;0.07;0.0;0.93;0.0;0.0;0.0;0.0;0.0;0.0;0.12;0.01;0.0;0.68;1;3;0.01
5315;cal000139;cal;otros;unknown;UNKNOWN;u;3;4;4;4;0;0;0;0;0.25;0.5;0.25;0.0;0.0;0.0;0.0;0.0;0.0;0.06;0.0;0.0;0.64;0;1;0.01
5316;cal000139;cal;todos;unknown;UNKNOWN;u;3;7;13;20;0;0;0;0;0.1;0.75;0.15;0.0;0.0;0.0;0.0;0.0;0.0;0.1;0.01;0.01;0.6;0;1;0.01
5317;cal000139;cal;federico enrique;unknown;UNKNOWN;u;2;3;6;8;0;0;0;0;0.62;0.38;0.0;0.0;0.0;0.0;0.0;0.0;0.0;0.04;0.01;0.0;0.24;0;4;0.0
5318;cal000139;cal;madama música;unknown;UNKNOWN;u;2;3;6;8;0;0;0;0;0.0;0.88;0.12;0.0;0.0;0.0;0.0;0.0;0.0;0.04;0.01;0.0;0.36;0;0;0.0
5319;cal000139;cal;celio adolfo;unknown;UNKNOWN;u;1;1;1;1;0;0;0;0;0.0;1.0;0.0;0.0;0.0;0.0;0.0;0.0;0.0;0.01;0.0;0.0;0.16;0;2;0.0
5320;cal000139;cal;unos;unknown;UNKNOWN;u;2;3;3;4;0;0;0;0;0.0;0.75;0.25;0.0;0.0;0.0;0.0;0.0;0.0;0.04;0.0;0.0;0.6;1;1;0.01
5321;cal000139;cal;federico música;unknown;UNKNOWN;u;1;1;1;1;0;0;0;0;0.0;1.0;0.0;0.0;0.0;0.0;0.0;0.0;0.0;0.01;0.0;0.0;0.12;0;1;0.0
5322;cal000139;cal;enrique música;unknown;UNKNOWN;u;2;2;2;2;0;0;0;0;0.0;0.5;0.5;0.0;0.0;0.0;0.0;0.0;0.0;0.03;0.0;0.0;0.4;0;2;0.0
5323;cal000139;cal;otro;unknown;UNKNOWN;u;1;1;1;1;0;0;0;0;0.0;0.0;1.0;0.0;0.0;0.0;0.0;0.0;0.0;0.01;0.0;0.0;0.24;0;1;0.0
5324;cal000140;cal;alejandro;unknown;Alejandro;MALE;3;22;144;703;0;0;0;0;0.51;0.25;0.23;0.0;0.0;0.0;0.0;0.0;0.0;0.32;0.21;0.22;1.0;3;3;0.02
5325;cal000140;cal;césar;unknown;Don César;MALE;3;34;145;799;0;0;0;0;0.3;0.32;0.37;0.0;0.0;0.0;0.0;0.0;0.0;0.49;0.21;0.25;1.0;1;2;0.02
5326;cal000140;cal;arias;unknown;Don Arias;MALE;3;22;80;307;0;0;0;0;0.68;0.22;0.1;0.0;0.0;0.0;0.0;0.0;0.0;0.32;0.12;0.1;1.0;0;2;0.02
5327;cal000140;cal;félix;unknown;Don Félix;MALE;3;24;80;296;0;0;0;0;0.04;0.56;0.4;0.0;0.0;0.0;0.0;0.0;0.0;0.35;0.12;0.09;1.0;1;4;0.02
5328;cal000140;cal;lázaro;unknown;Lázaro;MALE;3;32;126;643;0;0;0;0;0.31;0.41;0.28;0.0;0.0;0.0;0.0;0.0;0.0;0.46;0.19;0.2;1.0;2;4;0.02
5329;cal000140;cal;ana;unknown;Doña Ana;FEMALE;3;21;64;313;0;0;0;0;0.04;0.61;0.34;0.0;0.0;0.0;0.0;0.0;0.0;0.3;0.09;0.1;0.88;0;2;0.0
5330;cal000140;cal;elvira;unknown;Elvira;FEMALE;2;15;33;64;0;0;0;0;0.0;0.61;0.39;0.0;0.0;0.0;0.0;0.0;0.0;0.22;0.05;0.02;0.88;1;3;0.0
5331;cal000140;cal;nísida;unknown;Nísida;FEMALE;1;1;2;4;0;0;0;0;0.0;0.0;1.0;0.0;0.0;0.0;0.0;0.0;0.0;0.01;0.0;0.0;0.88;2;3;0.0
5332;cal000140;cal;músico;unknown;Un Músico;MALE;1;2;2;8;0;0;0;0;0.0;1.0;0.0;0.0;0.0;0.0;0.0;0.0;0.0;0.03;0.0;0.0;0.62;0;0;0.0
5333;cal000141;cal;soldados;unknown;Soldados;MALE;1;1;1;1;0;0;0;0;0.0;1.0;0.0;0.0;0.0;0.0;0.0;0.0;0.0;0.02;0.0;0.0;0.06;0;2;0.0
5334;cal000141;cal;música;unknown;Músicos;UNKNOWN;2;9;19;93;0;0;0;0;0.26;0.0;0.74;0.0;0.0;0.0;0.0;0.0;0.0;0.14;0.02;0.02;0.5;4;4;0.04
5335;cal000141;cal;coro-1;unknown;Coro 1;UNKNOWN;2;3;16;26;0;0;0;0;0.23;0.77;0.0;0.0;0.0;0.0;0.0;0.0;0.0;0.05;0.02;0.01;0.31;0;4;0.01
5336;cal000141;cal;coro-2;unknown;Coro 2;UNKNOWN;2;3;13;17;0;0;0;0;0.35;0.65;0.0;0.0;0.0;0.0;0.0;0.0;0.0;0.05;0.01;0.0;0.31;0;4;0.01
5337;cal000141;cal;coro-3;unknown;Coro 3;UNKNOWN;1;1;5;6;0;0;0;0;1.0;0.0;0.0;0.0;0.0;0.0;0.0;0.0;0.0;0.02;0.01;0.0;0.11;0;2;0.0
5338;cal000141;cal;anteo;unknown;Anteo;MALE;3;14;67;450;0;0;0;0;0.37;0.24;0.39;0.0;0.0;0.0;0.0;0.0;0.0;0.22;0.07;0.12;0.58;3;3;0.04
5339;cal000141;cal;lidoro;unknown;Lidoro;MALE;2;16;45;194;0;0;0;0;0.87;0.0;0.13;0.0;0.0;0.0;0.0;0.0;0.0;0.25;0.05;0.05;0.72;1;3;0.06
5340;cal000141;cal;arsidas;unknown;Arsidas;MALE;2;14;43;153;0;0;0;0;0.87;0.0;0.13;0.0;0.0;0.0;0.0;0.0;0.0;0.22;0.05;0.04;0.72;1;5;0.06
5341;cal000141;cal;friso;unknown;Friso;MALE;3;26;103;426;0;0;0;0;0.52;0.12;0.35;0.0;0.0;0.0;0.0;0.0;0.0;0.41;0.11;0.11;0.75;3;3;0.08
5342;cal000141;cal;fabio;unknown;Fabio;MALE;1;4;11;20;0;0;0;0;1.0;0.0;0.0;0.0;0.0;0.0;0.0;0.0;0.0;0.06;0.01;0.01;0.39;0;2;0.01
5343;cal000141;cal;libio;unknown;Libio;MALE;1;4;12;19;0;0;0;0;1.0;0.0;0.0;0.0;0.0;0.0;0.0;0.0;0.0;0.06;0.01;0.01;0.39;0;1;0.01
5344;cal000141;cal;atamas;unknown;Atamas;MALE;3;21;68;279;0;0;0;0;0.4;0.35;0.24;0.0;0.0;0.0;0.0;0.0;0.0;0.33;0.07;0.07;0.75;3;3;0.08
5345;cal000141;cal;cupido;unknown;Cupido;MALE;3;15;93;638;0;0;0;0;0.32;0.26;0.41;0.0;0.0;0.0;0.0;0.0;0.0;0.24;0.1;0.17;0.36;4;2;0.02
5346;cal000141;cal;siquis;unknown;Siquis;FEMALE;3;26;148;837;0;0;0;0;0.06;0.53;0.41;0.0;0.0;0.0;0.0;0.0;0.0;0.41;0.16;0.22;0.78;3;5;0.1
5347;cal000141;cal;astrea;unknown;Astrea;FEMALE;2;19;57;114;0;0;0;0;0.67;0.0;0.33;0.0;0.0;0.0;0.0;0.0;0.0;0.3;0.06;0.03;0.58;2;4;0.02
5348;cal000141;cal;selenisa;unknown;Selenisa;FEMALE;2;19;55;113;0;0;0;0;0.68;0.0;0.32;0.0;0.0;0.0;0.0;0.0;0.0;0.3;0.06;0.03;0.58;1;4;0.02
5349;cal000141;cal;flora;unknown;Flora;FEMALE;3;21;62;157;0;0;0;0;0.29;0.27;0.44;0.0;0.0;0.0;0.0;0.0;0.0;0.33;0.07;0.04;0.72;0;0;0.06
5350;cal000141;cal;ninfa;unknown;Ninfa;FEMALE;1;1;2;18;0;0;0;0;0.0;1.0;0.0;0.0;0.0;0.0;0.0;0.0;0.0;0.02;0.0;0.0;0.08;2;0;0.0
5351;cal000141;cal;música-primera;unknown;Música 1;UNKNOWN;1;1;3;3;0;0;0;0;0.0;0.0;1.0;0.0;0.0;0.0;0.0;0.0;0.0;0.02;0.0;0.0;0.31;4;3;0.0
5352;cal000141;cal;música-segunda;unknown;Música 2;UNKNOWN;1;1;3;3;0;0;0;0;0.0;0.0;1.0;0.0;0.0;0.0;0.0;0.0;0.0;0.02;0.0;0.0;0.31;4;3;0.0
5353;cal000141;cal;todas;unknown;UNKNOWN;u;1;3;3;6;0;0;0;0;1.0;0.0;0.0;0.0;0.0;0.0;0.0;0.0;0.0;0.05;0.0;0.0;0.28;0;0;0.0
5354;cal000141;cal;arsidas lidoro;unknown;UNKNOWN;u;1;2;2;3;0;0;0;0;1.0;0.0;0.0;0.0;0.0;0.0;0.0;0.0;0.0;0.03;0.0;0.0;0.25;0;1;0.0
5355;cal000141;cal;todos;unknown;UNKNOWN;u;3;8;16;21;0;0;0;0;0.62;0.24;0.14;0.0;0.0;0.0;0.0;0.0;0.0;0.13;0.02;0.01;0.61;3;2;0.03
5356;cal000141;cal;unos;unknown;UNKNOWN;u;2;5;7;9;0;0;0;0;0.67;0.33;0.0;0.0;0.0;0.0;0.0;0.0;0.0;0.08;0.01;0.0;0.58;3;2;0.02
5357;cal000141;cal;otros;unknown;UNKNOWN;u;2;5;7;10;0;0;0;0;0.7;0.3;0.0;0.0;0.0;0.0;0.0;0.0;0.0;0.08;0.01;0.0;0.58;3;2;0.02
5358;cal000141;cal;voces;unknown;UNKNOWN;u;1;1;1;1;0;0;0;0;1.0;0.0;0.0;0.0;0.0;0.0;0.0;0.0;0.0;0.02;0.0;0.0;0.19;0;4;0.0
5359;cal000141;cal;arsidas lidoro música;unknown;UNKNOWN;u;1;1;1;4;0;0;0;0;1.0;0.0;0.0;0.0;0.0;0.0;0.0;0.0;0.0;0.02;0.0;0.0;0.14;0;0;0.0
5360;cal000141;cal;cupido música;unknown;UNKNOWN;u;1;1;1;4;0;0;0;0;1.0;0.0;0.0;0.0;0.0;0.0;0.0;0.0;0.0;0.02;0.0;0.0;0.06;0;0;0.0
5361;cal000141;cal;astrea selenisa;unknown;UNKNOWN;u;2;4;5;6;0;0;0;0;0.33;0.0;0.67;0.0;0.0;0.0;0.0;0.0;0.0;0.06;0.01;0.0;0.28;1;0;0.0
5362;cal000141;cal;dentro;unknown;UNKNOWN;u;1;2;2;4;0;0;0;0;0.0;1.0;0.0;0.0;0.0;0.0;0.0;0.0;0.0;0.03;0.0;0.0;0.33;2;3;0.0
5363;cal000141;cal;uno;unknown;UNKNOWN;u;1;2;8;13;0;0;0;0;0.0;1.0;0.0;0.0;0.0;0.0;0.0;0.0;0.0;0.03;0.01;0.0;0.33;2;3;0.01
5364;cal000141;cal;otro;unknown;UNKNOWN;u;1;2;5;5;0;0;0;0;0.0;1.0;0.0;0.0;0.0;0.0;0.0;0.0;0.0;0.03;0.01;0.0;0.33;2;3;0.01
5365;cal000141;cal;friso flora;unknown;UNKNOWN;u;2;2;2;2;0;0;0;0;0.0;0.5;0.5;0.0;0.0;0.0;0.0;0.0;0.0;0.03;0.0;0.0;0.36;0;0;0.0
5366;cal000141;cal;anteo atamas;unknown;UNKNOWN;u;1;1;1;1;0;0;0;0;0.0;1.0;0.0;0.0;0.0;0.0;0.0;0.0;0.0;0.02;0.0;0.0;0.25;1;1;0.0
5367;cal000141;cal;coro-1 coro-2;unknown;UNKNOWN;u;1;6;35;60;0;0;0;0;0.0;1.0;0.0;0.0;0.0;0.0;0.0;0.0;0.0;0.1;0.04;0.02;0.22;0;1;0.01
5368;cal000141;cal;uno otro;unknown;UNKNOWN;u;1;1;2;4;0;0;0;0;0.0;1.0;0.0;0.0;0.0;0.0;0.0;0.0;0.0;0.02;0.0;0.0;0.08;0;0;0.0
5369;cal000141;cal;música-primera música-segunda;unknown;UNKNOWN;u;1;1;1;2;0;0;0;0;0.0;0.0;1.0;0.0;0.0;0.0;0.0;0.0;0.0;0.02;0.0;0.0;0.31;4;3;0.0
5370;cal000142;cal;don-alonso;unknown;Don Alonso de Luna;MALE;3;24;147;592;0;0;0;0;0.2;0.44;0.36;0.0;0.0;0.0;0.0;0.0;0.0;0.39;0.19;0.19;1.0;1;4;0.0
5371;cal000142;cal;don-juan;unknown;Don Juan de Mendoza;MALE;3;16;79;567;0;0;0;0;0.46;0.2;0.34;0.0;0.0;0.0;0.0;0.0;0.0;0.26;0.1;0.18;1.0;1;5;0.0
5372;cal000142;cal;moscatel;unknown;Moscatel;MALE;3;27;125;397;0;0;0;0;0.3;0.32;0.37;0.0;0.0;0.0;0.0;0.0;0.0;0.44;0.16;0.13;1.0;2;3;0.0
5373;cal000142;cal;don-luis;unknown;Don Luis;MALE;3;6;26;126;0;0;0;0;0.25;0.2;0.56;0.0;0.0;0.0;0.0;0.0;0.0;0.1;0.03;0.04;1.0;1;1;0.0
5374;cal000142;cal;don-diego;unknown;Don Diego;MALE;3;5;17;38;0;0;0;0;0.45;0.21;0.34;0.0;0.0;0.0;0.0;0.0;0.0;0.08;0.02;0.01;1.0;1;0;0.0
5375;cal000142;cal;don-pedro;unknown;Don Pedro Enríquez;MALE;3;15;69;273;0;0;0;0;0.43;0.23;0.34;0.0;0.0;0.0;0.0;0.0;0.0;0.25;0.09;0.09;1.0;3;2;0.0
5376;cal000142;cal;beatriz;unknown;Doña Beatriz;FEMALE;3;20;111;420;0;0;0;0;0.25;0.45;0.31;0.0;0.0;0.0;0.0;0.0;0.0;0.33;0.14;0.14;1.0;2;2;0.0
5377;cal000142;cal;inés;unknown;Inés;FEMALE;3;29;128;410;0;0;0;0;0.29;0.29;0.42;0.0;0.0;0.0;0.0;0.0;0.0;0.48;0.16;0.13;1.0;0;2;0.0
5378;cal000142;cal;leonor;unknown;Leonor;FEMALE;3;23;84;266;0;0;0;0;0.47;0.35;0.18;0.0;0.0;0.0;0.0;0.0;0.0;0.38;0.11;0.09;1.0;1;5;0.0
5379;cal000143;cal;don-juan;unknown;Don Juan;MALE;3;30;198;878;0;0;0;0;0.42;0.31;0.27;0.0;0.0;0.0;0.0;0.0;0.0;0.34;0.21;0.23;0.75;3;4;0.11
5380;cal000143;cal;álvarez;unknown;Álvarez;MALE;1;1;3;3;0;0;0;0;1.0;0.0;0.0;0.0;0.0;0.0;0.0;0.0;0.0;0.01;0.0;0.0;0.19;1;1;0.0
5381;cal000143;cal;barzoque;unknown;Barzoque;MALE;3;24;118;356;0;0;0;0;0.49;0.15;0.36;0.0;0.0;0.0;0.0;0.0;0.0;0.28;0.13;0.09;0.81;2;5;0.15
5382;cal000143;cal;don-pedro;unknown;Don Pedro;MALE;2;9;39;194;0;0;0;0;0.79;0.0;0.21;0.0;0.0;0.0;0.0;0.0;0.0;0.1;0.04;0.05;0.56;3;4;0.04
5383;cal000143;cal;marcela;unknown;Doña Marcela;FEMALE;3;28;119;420;0;0;0;0;0.14;0.53;0.33;0.0;0.0;0.0;0.0;0.0;0.0;0.32;0.13;0.11;0.69;1;4;0.04
5384;cal000143;cal;don-diego;unknown;Don Diego;MALE;3;39;111;529;0;0;0;0;0.27;0.3;0.43;0.0;0.0;0.0;0.0;0.0;0.0;0.45;0.12;0.14;0.69;1;3;0.04
5385;cal000143;cal;inés;unknown;Inés;FEMALE;3;13;18;44;0;0;0;0;0.25;0.66;0.09;0.0;0.0;0.0;0.0;0.0;0.0;0.15;0.02;0.01;0.38;0;2;0.0
5386;cal000143;cal;enrique;unknown;Enrique;MALE;3;8;16;44;0;0;0;0;0.55;0.43;0.02;0.0;0.0;0.0;0.0;0.0;0.0;0.09;0.02;0.01;0.5;0;3;0.0
5387;cal000143;cal;leonor;unknown;Doña Leonor;FEMALE;3;42;163;798;0;0;0;0;0.28;0.37;0.35;0.0;0.0;0.0;0.0;0.0;0.0;0.48;0.18;0.21;0.88;3;6;0.18
5388;cal000143;cal;don-luis;unknown;Don Luis;MALE;3;17;76;332;0;0;0;0;0.24;0.36;0.39;0.0;0.0;0.0;0.0;0.0;0.0;0.2;0.08;0.09;0.5;1;2;0.0
5389;cal000143;cal;juana;unknown;Juana;FEMALE;3;23;54;183;0;0;0;0;0.14;0.23;0.63;0.0;0.0;0.0;0.0;0.0;0.0;0.26;0.06;0.05;0.69;1;3;0.07
5390;cal000143;cal;celio;unknown;Celio;MALE;1;1;7;17;0;0;0;0;1.0;0.0;0.0;0.0;0.0;0.0;0.0;0.0;0.0;0.01;0.01;0.0;0.25;2;0;0.0
5391;cal000143;cal;alguacil-1;unknown;Alguacil 1;MALE;1;2;3;4;0;0;0;0;0.0;0.0;1.0;0.0;0.0;0.0;0.0;0.0;0.0;0.02;0.0;0.0;0.44;0;0;0.0
5392;cal000143;cal;alguacil-2;unknown;Alguacil 2;MALE;1;1;1;1;0;0;0;0;0.0;0.0;1.0;0.0;0.0;0.0;0.0;0.0;0.0;0.01;0.0;0.0;0.19;0;3;0.0
5393;cal000143;cal;escribano;unknown;Un Escribano;MALE;1;1;1;2;0;0;0;0;0.0;0.0;1.0;0.0;0.0;0.0;0.0;0.0;0.0;0.01;0.0;0.0;0.19;0;0;0.0
5394;cal000143;cal;voces-dentro;unknown;Voces dentro;UNKNOWN;1;2;3;3;0;0;0;0;1.0;0.0;0.0;0.0;0.0;0.0;0.0;0.0;0.0;0.02;0.0;0.0;0.25;2;0;0.0
5395;cal000143;cal;marcela don-diego;unknown;UNKNOWN;u;1;1;1;1;0;0;0;0;0.0;1.0;0.0;0.0;0.0;0.0;0.0;0.0;0.0;0.01;0.0;0.0;0.19;0;0;0.0
5396;cal000049;cal;músicos;unknown;Músicos;UNKNOWN;1;6;10;18;0;0;0;0;1.0;0.0;0.0;0.0;0.0;0.0;0.0;0.0;0.0;0.16;0.04;0.01;0.68;7;5;0.02
5397;cal000049;cal;fe;unknown;La Fe;FEMALE;1;13;43;352;0;0;0;0;1.0;0.0;0.0;0.0;0.0;0.0;0.0;0.0;0.0;0.35;0.16;0.2;0.85;1;4;0.08
5398;cal000049;cal;extrema-unción;unknown;La Extrema-unción;FEMALE;1;4;5;29;0;0;0;0;1.0;0.0;0.0;0.0;0.0;0.0;0.0;0.0;0.0;0.11;0.02;0.02;0.59;3;1;0.0
5399;cal000049;cal;bautismo;unknown;El Bautismo;MALE;1;8;10;67;0;0;0;0;1.0;0.0;0.0;0.0;0.0;0.0;0.0;0.0;0.0;0.22;0.04;0.04;0.68;5;2;0.02
5400;cal000049;cal;orden-sacerdotal;unknown;La Orden Sacerdotal;FEMALE;1;5;6;33;0;0;0;0;1.0;0.0;0.0;0.0;0.0;0.0;0.0;0.0;0.0;0.14;0.02;0.02;0.59;2;5;0.0
5401;cal000049;cal;confirmación;unknown;La Confirmación;FEMALE;1;6;7;41;0;0;0;0;1.0;0.0;0.0;0.0;0.0;0.0;0.0;0.0;0.0;0.16;0.03;0.02;0.59;5;1;0.0
5402;cal000049;cal;matrimonio;unknown;El Matrimonio;MALE;1;4;4;27;0;0;0;0;1.0;0.0;0.0;0.0;0.0;0.0;0.0;0.0;0.0;0.11;0.01;0.02;0.59;1;0;0.0
5403;cal000049;cal;penitencia;unknown;La Penitencia;FEMALE;1;6;11;41;0;0;0;0;1.0;0.0;0.0;0.0;0.0;0.0;0.0;0.0;0.0;0.16;0.04;0.02;0.68;4;1;0.02
5404;cal000049;cal;apostasía;unknown;La Apostasía;FEMALE;1;23;75;460;0;0;0;0;1.0;0.0;0.0;0.0;0.0;0.0;0.0;0.0;0.0;0.62;0.28;0.26;0.88;4;7;0.11
5405;cal000049;cal;comunión;unknown;La Comunión;FEMALE;1;7;13;63;0;0;0;0;1.0;0.0;0.0;0.0;0.0;0.0;0.0;0.0;0.0;0.19;0.05;0.04;0.65;6;3;0.07
5406;cal000049;cal;magdalena;unknown;La Magdalena;FEMALE;1;5;8;90;0;0;0;0;1.0;0.0;0.0;0.0;0.0;0.0;0.0;0.0;0.0;0.14;0.03;0.05;0.71;3;7;0.02
5407;cal000049;cal;dimas;unknown;Dimas;MALE;1;5;7;40;0;0;0;0;1.0;0.0;0.0;0.0;0.0;0.0;0.0;0.0;0.0;0.14;0.03;0.02;0.74;4;5;0.03
5408;cal000049;cal;agustino;unknown;Agustino;MALE;1;5;10;152;0;0;0;0;1.0;0.0;0.0;0.0;0.0;0.0;0.0;0.0;0.0;0.14;0.04;0.09;0.71;4;3;0.02
5409;cal000049;cal;constantino;unknown;Constantino;MALE;1;6;7;92;0;0;0;0;1.0;0.0;0.0;0.0;0.0;0.0;0.0;0.0;0.0;0.16;0.03;0.05;0.68;4;2;0.02
5410;cal000049;cal;pensamiento;unknown;El Pensamiento;MALE;1;11;21;86;0;0;0;0;1.0;0.0;0.0;0.0;0.0;0.0;0.0;0.0;0.0;0.3;0.08;0.05;0.71;6;4;0.03
5411;cal000049;cal;saulo;unknown;Saulo;MALE;1;6;11;131;0;0;0;0;1.0;0.0;0.0;0.0;0.0;0.0;0.0;0.0;0.0;0.16;0.04;0.07;0.68;3;5;0.02
5412;cal000049;cal;bautismo confirmación penitencia comunión orden-sacerdotal matrimonio extrema-unción fe músicos;unknown;UNKNOWN;u;1;1;3;8;0;0;0;0;1.0;0.0;0.0;0.0;0.0;0.0;0.0;0.0;0.0;0.03;0.01;0.0;0.26;5;2;0.0
5413;cal000049;cal;bautismo confirmación penitencia comunión orden-sacerdotal matrimonio extrema-unción;unknown;UNKNOWN;u;1;1;1;1;0;0;0;0;1.0;0.0;0.0;0.0;0.0;0.0;0.0;0.0;0.0;0.03;0.0;0.0;0.26;1;4;0.0
5414;cal000049;cal;constantino pablo agustino magdalena saulo;unknown;UNKNOWN;u;1;1;1;1;0;0;0;0;1.0;0.0;0.0;0.0;0.0;0.0;0.0;0.0;0.0;0.03;0.0;0.0;0.26;0;3;0.0
5415;cal000049;cal;dimas agustino pablo constantino magdalena saulo;unknown;UNKNOWN;u;1;1;1;1;0;0;0;0;1.0;0.0;0.0;0.0;0.0;0.0;0.0;0.0;0.0;0.03;0.0;0.0;0.26;0;3;0.0
5416;cal000049;cal;saulo constantino pablo agustino magdalena orden-sacerdotal extrema-unción matrimonio fe penitencia;unknown;UNKNOWN;u;1;1;1;1;0;0;0;0;1.0;0.0;0.0;0.0;0.0;0.0;0.0;0.0;0.0;0.03;0.0;0.0;0.12;1;1;0.0
5417;cal000049;cal;agustino músicos;unknown;UNKNOWN;u;1;1;1;1;0;0;0;0;1.0;0.0;0.0;0.0;0.0;0.0;0.0;0.0;0.0;0.03;0.0;0.0;0.21;1;2;0.0
5418;cal000049;cal;agustino fe;unknown;UNKNOWN;u;1;1;1;1;0;0;0;0;1.0;0.0;0.0;0.0;0.0;0.0;0.0;0.0;0.0;0.03;0.0;0.0;0.21;1;2;0.0
5419;cal000049;cal;dimas penitencia;unknown;UNKNOWN;u;1;1;2;3;0;0;0;0;1.0;0.0;0.0;0.0;0.0;0.0;0.0;0.0;0.0;0.03;0.01;0.0;0.21;3;2;0.0
5420;cal000049;cal;magdalena dimas fe pensamiento penitencia músicos;unknown;UNKNOWN;u;1;1;1;5;0;0;0;0;1.0;0.0;0.0;0.0;0.0;0.0;0.0;0.0;0.0;0.03;0.0;0.0;0.21;1;1;0.0
5421;cal000049;cal;fe apostasía pensamiento penitencia magdalena bautismo constantino músicos;unknown;UNKNOWN;u;1;1;1;4;0;0;0;0;1.0;0.0;0.0;0.0;0.0;0.0;0.0;0.0;0.0;0.03;0.0;0.0;0.15;2;0;0.0
5422;cal000049;cal;fe pensamiento penitencia magdalena bautismo constantino confirmación agustino comunión músicos;unknown;UNKNOWN;u;1;1;1;5;0;0;0;0;1.0;0.0;0.0;0.0;0.0;0.0;0.0;0.0;0.0;0.03;0.0;0.0;0.09;0;0;0.0
5423;cal000049;cal;penitencia magdalena bautismo constantino confirmación agustino comunión saulo matrimonio extrema-unción;unknown;UNKNOWN;u;1;1;1;4;0;0;0;0;1.0;0.0;0.0;0.0;0.0;0.0;0.0;0.0;0.0;0.03;0.0;0.0;0.03;0;0;0.0
5424;cal000049;cal;confirmación agustino comunión saulo matrimonio extrema-unción pablo dimas magdalena bautismo constantino penitencia músicos;unknown;UNKNOWN;u;1;1;5;6;0;0;0;0;1.0;0.0;0.0;0.0;0.0;0.0;0.0;0.0;0.0;0.03;0.02;0.0;0.06;0;0;0.0
5425;cal000049;cal;penitencia matrimonio bautismo confirmación comunión extrema-unción orden-sacerdotal fe agustino constantino saulo dimas magdalena músicos;unknown;UNKNOWN;u;1;1;1;1;0;0;0;0;1.0;0.0;0.0;0.0;0.0;0.0;0.0;0.0;0.0;0.03;0.0;0.0;0.56;7;6;0.0
5426;cal000049;cal;apostasía penitencia matrimonio bautismo confirmación comunión extrema-unción orden-sacerdotal fe agustino constantino saulo dimas magdalena músicos;unknown;UNKNOWN;u;1;1;1;4;0;0;0;0;1.0;0.0;0.0;0.0;0.0;0.0;0.0;0.0;0.0;0.03;0.0;0.0;0.56;7;6;0.0
5427;cal000049;cal;apostasía penitencia matrimonio bautismo confirmación comunión extrema-unción orden-sacerdotal agustino constantino saulo dimas magdalena;unknown;UNKNOWN;u;1;1;1;2;0;0;0;0;1.0;0.0;0.0;0.0;0.0;0.0;0.0;0.0;0.0;0.03;0.0;0.0;0.56;0;0;0.0
5428;cal000049;cal;apostasía penitencia matrimonio bautismo confirmación comunión extrema-unción orden-sacerdotal agustino constantino saulo dimas magdalena músicos;unknown;UNKNOWN;u;1;1;1;8;0;0;0;0;1.0;0.0;0.0;0.0;0.0;0.0;0.0;0.0;0.0;0.03;0.0;0.0;0.56;0;0;0.0
5429;cal000200;cal;musicos;unknown;Músicos;UNKNOWN;1;8;10;25;0;0;0;0;1.0;0.0;0.0;0.0;0.0;0.0;0.0;0.0;0.0;0.2;0.03;0.01;0.35;5;1;0.0
5430;cal000200;cal;coro-1;unknown;Coro 1.º;UNKNOWN;1;1;1;6;0;0;0;0;1.0;0.0;0.0;0.0;0.0;0.0;0.0;0.0;0.0;0.03;0.0;0.0;0.25;0;0;0.0
5431;cal000200;cal;coro-2;unknown;Coro 2.º;UNKNOWN;1;1;3;7;0;0;0;0;1.0;0.0;0.0;0.0;0.0;0.0;0.0;0.0;0.0;0.03;0.01;0.0;0.25;0;2;0.0
5432;cal000200;cal;coro;unknown;Coro;UNKNOWN;1;1;1;4;0;0;0;0;1.0;0.0;0.0;0.0;0.0;0.0;0.0;0.0;0.0;0.03;0.0;0.0;0.25;0;0;0.0
5433;cal000200;cal;acompanamiento;unknown;Otros;UNKNOWN;1;1;4;4;0;0;0;0;1.0;0.0;0.0;0.0;0.0;0.0;0.0;0.0;0.0;0.03;0.01;0.0;0.23;1;2;0.0
5434;cal000200;cal;demonio;unknown;Demonio;MALE;1;13;38;316;0;0;0;0;1.0;0.0;0.0;0.0;0.0;0.0;0.0;0.0;0.0;0.33;0.1;0.16;0.55;6;1;0.08
5435;cal000200;cal;malicia;unknown;Malicia;FEMALE;1;14;32;90;0;0;0;0;1.0;0.0;0.0;0.0;0.0;0.0;0.0;0.0;0.0;0.35;0.08;0.05;0.57;6;2;0.03
5436;cal000200;cal;justicia;unknown;Justicia;FEMALE;1;15;36;299;0;0;0;0;1.0;0.0;0.0;0.0;0.0;0.0;0.0;0.0;0.0;0.38;0.09;0.16;0.53;5;1;0.03
5437;cal000200;cal;poder;unknown;Poder;MALE;1;13;58;330;0;0;0;0;1.0;0.0;0.0;0.0;0.0;0.0;0.0;0.0;0.0;0.33;0.15;0.17;0.9;5;2;0.18
5438;cal000200;cal;labranza;unknown;Labranza;FEMALE;1;8;14;80;0;0;0;0;1.0;0.0;0.0;0.0;0.0;0.0;0.0;0.0;0.0;0.2;0.04;0.04;0.75;4;2;0.07
5439;cal000200;cal;hermosura;unknown;Hermosura;FEMALE;1;8;29;124;0;0;0;0;1.0;0.0;0.0;0.0;0.0;0.0;0.0;0.0;0.0;0.2;0.07;0.06;0.7;3;0;0.05
5440;cal000200;cal;discrecion;unknown;Discreción;FEMALE;1;8;19;146;0;0;0;0;1.0;0.0;0.0;0.0;0.0;0.0;0.0;0.0;0.0;0.2;0.05;0.08;0.47;2;0;0.07
5441;cal000200;cal;milicia;unknown;Milicia;FEMALE;1;8;18;72;0;0;0;0;1.0;0.0;0.0;0.0;0.0;0.0;0.0;0.0;0.0;0.2;0.05;0.04;0.6;1;1;0.03
5442;cal000200;cal;pobreza;unknown;Pobreza;FEMALE;1;11;24;86;0;0;0;0;1.0;0.0;0.0;0.0;0.0;0.0;0.0;0.0;0.0;0.28;0.06;0.04;0.6;0;1;0.03
5443;cal000200;cal;bien;unknown;Bien;MALE;1;11;47;171;0;0;0;0;1.0;0.0;0.0;0.0;0.0;0.0;0.0;0.0;0.0;0.28;0.12;0.09;0.7;6;2;0.11
5444;cal000200;cal;mal;unknown;Mal;MALE;1;13;27;91;0;0;0;0;1.0;0.0;0.0;0.0;0.0;0.0;0.0;0.0;0.0;0.33;0.07;0.05;0.75;4;1;0.09
5445;cal000200;cal;esqueleto;unknown;Esqueleto;MALE;1;1;2;12;0;0;0;0;1.0;0.0;0.0;0.0;0.0;0.0;0.0;0.0;0.0;0.03;0.01;0.01;0.23;4;3;0.0
5446;cal000200;cal;labranza discrecion milicia demonio pobreza poder malicia hermosura;unknown;UNKNOWN;u;1;1;1;1;0;0;0;0;1.0;0.0;0.0;0.0;0.0;0.0;0.0;0.0;0.0;0.03;0.0;0.0;0.28;0;0;0.0
5447;cal000200;cal;labranza milicia demonio pobreza poder malicia hermosura;unknown;UNKNOWN;u;1;1;1;1;0;0;0;0;1.0;0.0;0.0;0.0;0.0;0.0;0.0;0.0;0.0;0.03;0.0;0.0;0.28;0;0;0.0
5448;cal000200;cal;demonio malicia poder hermosura labranza pobreza milicia;unknown;UNKNOWN;u;1;1;1;3;0;0;0;0;1.0;0.0;0.0;0.0;0.0;0.0;0.0;0.0;0.0;0.03;0.0;0.0;0.28;0;0;0.0
5449;cal000200;cal;malicia poder hermosura labranza pobreza milicia discrecion;unknown;UNKNOWN;u;1;1;2;5;0;0;0;0;1.0;0.0;0.0;0.0;0.0;0.0;0.0;0.0;0.0;0.03;0.01;0.0;0.1;1;2;0.0
5450;cal000200;cal;malicia poder;unknown;UNKNOWN;u;1;1;1;1;0;0;0;0;1.0;0.0;0.0;0.0;0.0;0.0;0.0;0.0;0.0;0.03;0.0;0.0;0.1;1;3;0.0
5451;cal000200;cal;hermosura musicos;unknown;UNKNOWN;u;1;1;1;2;0;0;0;0;1.0;0.0;0.0;0.0;0.0;0.0;0.0;0.0;0.0;0.03;0.0;0.0;0.17;0;0;0.0
5452;cal000200;cal;poder musicos;unknown;UNKNOWN;u;1;1;1;2;0;0;0;0;1.0;0.0;0.0;0.0;0.0;0.0;0.0;0.0;0.0;0.03;0.0;0.0;0.17;0;0;0.0
5453;cal000200;cal;musicos coro-1;unknown;UNKNOWN;u;1;1;1;4;0;0;0;0;1.0;0.0;0.0;0.0;0.0;0.0;0.0;0.0;0.0;0.03;0.0;0.0;0.25;0;2;0.0
5454;cal000200;cal;mal musicos;unknown;UNKNOWN;u;1;1;1;2;0;0;0;0;1.0;0.0;0.0;0.0;0.0;0.0;0.0;0.0;0.0;0.03;0.0;0.0;0.25;0;1;0.0
5455;cal000200;cal;bien coro;unknown;UNKNOWN;u;1;1;1;2;0;0;0;0;1.0;0.0;0.0;0.0;0.0;0.0;0.0;0.0;0.0;0.03;0.0;0.0;0.25;0;0;0.0
5456;cal000200;cal;justicia demonio discrecion coro-2 coro-1 coro mal musicos poder hermosura milicia labranza malicia;unknown;UNKNOWN;u;1;1;1;1;0;0;0;0;1.0;0.0;0.0;0.0;0.0;0.0;0.0;0.0;0.0;0.03;0.0;0.0;0.3;1;1;0.0
5457;cal000200;cal;justicia demonio discrecion coro-2 coro-1 coro mal musicos poder hermosura milicia labranza malicia bien;unknown;UNKNOWN;u;1;1;1;1;0;0;0;0;1.0;0.0;0.0;0.0;0.0;0.0;0.0;0.0;0.0;0.03;0.0;0.0;0.3;1;1;0.0
5458;cal000200;cal;justicia demonio discrecion coro-2 coro-1 coro mal musicos bien poder hermosura labranza malicia milicia;unknown;UNKNOWN;u;1;1;1;2;0;0;0;0;1.0;0.0;0.0;0.0;0.0;0.0;0.0;0.0;0.0;0.03;0.0;0.0;0.3;1;1;0.0
5459;cal000200;cal;demonio discrecion coro-2 coro-1 coro musicos labranza malicia hermosura milicia pobreza bien mal poder;unknown;UNKNOWN;u;1;1;1;1;0;0;0;0;1.0;0.0;0.0;0.0;0.0;0.0;0.0;0.0;0.0;0.03;0.0;0.0;0.3;0;0;0.0
5460;cal000200;cal;demonio discrecion coro-2 coro-1 coro musicos labranza hermosura milicia pobreza bien mal poder malicia;unknown;UNKNOWN;u;1;1;1;4;0;0;0;0;1.0;0.0;0.0;0.0;0.0;0.0;0.0;0.0;0.0;0.03;0.0;0.0;0.3;0;0;0.0
5461;cal000200;cal;bien discrecion;unknown;UNKNOWN;u;1;1;1;3;0;0;0;0;1.0;0.0;0.0;0.0;0.0;0.0;0.0;0.0;0.0;0.03;0.0;0.0;0.07;0;0;0.0
5462;cal000200;cal;demonio coro-2 coro-1 coro poder hermosura milicia labranza malicia musicos pobreza mal bien discrecion;unknown;UNKNOWN;u;1;1;1;8;0;0;0;0;1.0;0.0;0.0;0.0;0.0;0.0;0.0;0.0;0.0;0.03;0.0;0.0;0.03;0;0;0.0
5463;cal000200;cal;coro-1 coro musicos justicia demonio hermosura mal bien discrecion malicia labranza poder milicia pobreza;unknown;UNKNOWN;u;1;1;1;2;0;0;0;0;1.0;0.0;0.0;0.0;0.0;0.0;0.0;0.0;0.0;0.03;0.0;0.0;0.3;0;0;0.0
5464;cal000200;cal;coro-1 coro musicos justicia demonio hermosura mal bien discrecion malicia esqueleto poder milicia pobreza labranza;unknown;UNKNOWN;u;1;1;1;1;0;0;0;0;1.0;0.0;0.0;0.0;0.0;0.0;0.0;0.0;0.0;0.03;0.0;0.0;0.23;1;2;0.0
5465;cal000200;cal;coro-1 coro musicos hermosura bien esqueleto acompanamiento demonio mal malicia justicia discrecion milicia labranza pobreza poder;unknown;UNKNOWN;u;1;1;1;1;0;0;0;0;1.0;0.0;0.0;0.0;0.0;0.0;0.0;0.0;0.0;0.03;0.0;0.0;0.12;0;0;0.0
5466;cal000200;cal;coro-1 coro musicos hermosura bien esqueleto acompanamiento mal malicia justicia milicia labranza pobreza poder discrecion demonio;unknown;UNKNOWN;u;1;1;1;1;0;0;0;0;1.0;0.0;0.0;0.0;0.0;0.0;0.0;0.0;0.0;0.03;0.0;0.0;0.03;0;0;0.0
5467;cal000200;cal;coro-1 coro musicos hermosura esqueleto acompanamiento mal justicia milicia labranza pobreza poder demonio malicia discrecion bien;unknown;UNKNOWN;u;1;1;2;4;0;0;0;0;1.0;0.0;0.0;0.0;0.0;0.0;0.0;0.0;0.0;0.03;0.01;0.0;0.03;0;0;0.0
5468;cal000200;cal;coro-1 coro musicos hermosura esqueleto acompanamiento mal milicia labranza pobreza demonio malicia discrecion bien justicia poder;unknown;UNKNOWN;u;1;1;1;3;0;0;0;0;1.0;0.0;0.0;0.0;0.0;0.0;0.0;0.0;0.0;0.03;0.0;0.0;0.1;0;1;0.0
5469;cal000200;cal;coro-1 coro musicos hermosura esqueleto acompanamiento mal milicia labranza pobreza malicia discrecion bien justicia poder demonio;unknown;UNKNOWN;u;1;1;1;4;0;0;0;0;1.0;0.0;0.0;0.0;0.0;0.0;0.0;0.0;0.0;0.03;0.0;0.0;0.1;0;0;0.0
5470;cal000144;cal;carlos;unknown;Don Carlos;MALE;3;29;155;691;0;0;0;0;0.42;0.28;0.3;0.0;0.0;0.0;0.0;0.0;0.0;0.41;0.19;0.2;0.8;1;3;0.04
5471;cal000144;cal;juan;unknown;Don Juan Roca;MALE;3;29;138;641;0;0;0;0;0.19;0.54;0.27;0.0;0.0;0.0;0.0;0.0;0.0;0.41;0.17;0.19;0.9;2;2;0.07
5472;cal000144;cal;diego;unknown;Don Diego Centellas;MALE;3;21;88;379;0;0;0;0;0.2;0.31;0.49;0.0;0.0;0.0;0.0;0.0;0.0;0.3;0.11;0.11;0.8;0;2;0.02
5473;cal000144;cal;pedro;unknown;Don Pedro de Lara;MALE;2;6;26;193;0;0;0;0;0.0;0.64;0.36;0.0;0.0;0.0;0.0;0.0;0.0;0.08;0.03;0.06;0.6;1;3;0.0
5474;cal000144;cal;fabio;unknown;Fabio;MALE;2;5;15;37;0;0;0;0;0.3;0.7;0.0;0.0;0.0;0.0;0.0;0.0;0.0;0.07;0.02;0.01;0.3;0;1;0.0
5475;cal000144;cal;ginés;unknown;Ginés;MALE;3;13;63;207;0;0;0;0;0.31;0.6;0.09;0.0;0.0;0.0;0.0;0.0;0.0;0.18;0.08;0.06;0.8;0;1;0.02
5476;cal000144;cal;leonor;unknown;Doña Leonor;FEMALE;3;31;117;534;0;0;0;0;0.59;0.2;0.21;0.0;0.0;0.0;0.0;0.0;0.0;0.44;0.14;0.16;0.9;0;5;0.07
5477;cal000144;cal;beatriz;unknown;Doña Beatriz;FEMALE;3;33;145;500;0;0;0;0;0.4;0.23;0.37;0.0;0.0;0.0;0.0;0.0;0.0;0.46;0.18;0.15;0.8;1;3;0.02
5478;cal000144;cal;inés;unknown;Inés;FEMALE;3;17;75;223;0;0;0;0;0.4;0.58;0.01;0.0;0.0;0.0;0.0;0.0;0.0;0.24;0.09;0.07;0.6;2;3;0.0
5479;cal000144;cal;todos;unknown;UNKNOWN;u;1;1;1;1;0;0;0;0;0.0;1.0;0.0;0.0;0.0;0.0;0.0;0.0;0.0;0.01;0.0;0.0;0.5;2;3;0.0
5480;cal000144;cal;uno;unknown;UNKNOWN;u;1;1;1;3;0;0;0;0;0.0;1.0;0.0;0.0;0.0;0.0;0.0;0.0;0.0;0.01;0.0;0.0;0.0;0;0;0.0
5481;cal000145;cal;músicos;unknown;Músicos;UNKNOWN;2;3;4;15;0;0;0;0;0.0;0.47;0.53;0.0;0.0;0.0;0.0;0.0;0.0;0.06;0.01;0.01;0.19;0;1;0.01
5482;cal000145;cal;fiera;unknown;Una Fiera;FEMALE;1;2;6;26;0;0;0;0;1.0;0.0;0.0;0.0;0.0;0.0;0.0;0.0;0.0;0.04;0.01;0.01;0.05;0;0;0.0
5483;cal000145;cal;ataúlfo;unknown;Ataúlfo;MALE;1;2;2;3;0;0;0;0;1.0;0.0;0.0;0.0;0.0;0.0;0.0;0.0;0.0;0.04;0.0;0.0;0.05;0;0;0.0
5484;cal000145;cal;payo;unknown;Payo;MALE;1;6;14;127;0;0;0;0;1.0;0.0;0.0;0.0;0.0;0.0;0.0;0.0;0.0;0.12;0.03;0.05;0.27;1;1;0.06
5485;cal000145;cal;ildefonso;unknown;Ildefonso;MALE;1;5;17;320;0;0;0;0;1.0;0.0;0.0;0.0;0.0;0.0;0.0;0.0;0.0;0.1;0.04;0.12;0.27;2;3;0.09
5486;cal000145;cal;leocadia;unknown;Santa Leocadia;FEMALE;1;2;3;40;0;0;0;0;1.0;0.0;0.0;0.0;0.0;0.0;0.0;0.0;0.0;0.04;0.01;0.01;0.16;0;2;0.0
5487;cal000145;cal;rey;unknown;El Rey Don Alfonso El Sexto;MALE;2;15;54;315;0;0;0;0;0.33;0.0;0.67;0.0;0.0;0.0;0.0;0.0;0.0;0.31;0.12;0.11;0.57;3;13;0.24
5488;cal000145;cal;constanza;unknown;La Reina Doña Constanza;FEMALE;1;6;24;143;0;0;0;0;0.0;0.0;1.0;0.0;0.0;0.0;0.0;0.0;0.0;0.12;0.05;0.05;0.38;0;11;0.01
5489;cal000145;cal;don-bernardo;unknown;Don Bernardo;MALE;1;9;22;84;0;0;0;0;0.0;0.0;1.0;0.0;0.0;0.0;0.0;0.0;0.0;0.18;0.05;0.03;0.38;0;7;0.01
5490;cal000145;cal;selín;unknown;Selín;MALE;1;5;13;246;0;0;0;0;0.0;0.0;1.0;0.0;0.0;0.0;0.0;0.0;0.0;0.1;0.03;0.09;0.35;0;7;0.0
5491;cal000145;cal;nuño;unknown;Don Nuño;MALE;1;5;9;33;0;0;0;0;0.0;0.0;1.0;0.0;0.0;0.0;0.0;0.0;0.0;0.1;0.02;0.01;0.35;1;6;0.0
5492;cal000145;cal;ramiro;unknown;Ramiro;MALE;1;4;4;10;0;0;0;0;0.0;0.0;1.0;0.0;0.0;0.0;0.0;0.0;0.0;0.08;0.01;0.0;0.35;0;5;0.0
5493;cal000145;cal;don-vela;unknown;Don Vela;MALE;1;6;17;62;0;0;0;0;0.0;0.0;1.0;0.0;0.0;0.0;0.0;0.0;0.0;0.12;0.04;0.02;0.35;0;6;0.0
5494;cal000145;cal;paje-1;unknown;Paje 1;MALE;3;7;11;14;0;0;0;0;0.36;0.07;0.57;0.0;0.0;0.0;0.0;0.0;0.0;0.14;0.02;0.01;0.54;1;7;0.11
5495;cal000145;cal;paje-2;unknown;Paje 2;MALE;3;8;14;16;0;0;0;0;0.31;0.06;0.62;0.0;0.0;0.0;0.0;0.0;0.0;0.16;0.03;0.01;0.54;1;6;0.11
5496;cal000145;cal;paje-3;unknown;Paje 3;MALE;2;4;7;11;0;0;0;0;0.0;0.09;0.91;0.0;0.0;0.0;0.0;0.0;0.0;0.08;0.02;0.0;0.41;0;2;0.03
5497;cal000145;cal;paje-4;unknown;Paje 4;MALE;1;4;12;34;0;0;0;0;0.0;0.0;1.0;0.0;0.0;0.0;0.0;0.0;0.0;0.08;0.03;0.01;0.32;0;1;0.0
5498;cal000145;cal;juan;unknown;Juan Ruiz;MALE;1;5;16;90;0;0;0;0;0.0;0.0;1.0;0.0;0.0;0.0;0.0;0.0;0.0;0.1;0.04;0.03;0.22;0;5;0.0
5499;cal000145;cal;domingo;unknown;Domingo;MALE;1;5;21;55;0;0;0;0;0.0;0.0;1.0;0.0;0.0;0.0;0.0;0.0;0.0;0.1;0.05;0.02;0.35;0;5;0.0
5500;cal000145;cal;pelagio;unknown;Pelagio;MALE;1;4;11;90;0;0;0;0;1.0;0.0;0.0;0.0;0.0;0.0;0.0;0.0;0.0;0.08;0.02;0.03;0.16;0;2;0.01
5501;cal000145;cal;reina;unknown;La Reina;FEMALE;1;2;9;57;0;0;0;0;1.0;0.0;0.0;0.0;0.0;0.0;0.0;0.0;0.0;0.04;0.02;0.02;0.16;1;1;0.0
5502;cal000145;cal;teudio;unknown;Teudio;MALE;1;3;9;35;0;0;0;0;1.0;0.0;0.0;0.0;0.0;0.0;0.0;0.0;0.0;0.06;0.02;0.01;0.08;0;2;0.0
5503;cal000145;cal;virgen;unknown;La Virgen;FEMALE;1;1;2;31;0;0;0;0;1.0;0.0;0.0;0.0;0.0;0.0;0.0;0.0;0.0;0.02;0.0;0.01;0.03;0;1;0.0
5504;cal000145;cal;alarico;unknown;Alarico;MALE;1;2;2;5;0;0;0;0;1.0;0.0;0.0;0.0;0.0;0.0;0.0;0.0;0.0;0.04;0.0;0.0;0.05;0;1;0.0
5505;cal000145;cal;criado;unknown;Un Criado;MALE;1;1;1;2;0;0;0;0;1.0;0.0;0.0;0.0;0.0;0.0;0.0;0.0;0.0;0.02;0.0;0.0;0.05;0;2;0.0
5506;cal000145;cal;godmán;unknown;Godmán;MALE;1;7;40;319;0;0;0;0;0.0;1.0;0.0;0.0;0.0;0.0;0.0;0.0;0.0;0.14;0.09;0.12;0.35;2;5;0.17
5507;cal000145;cal;alí;unknown;Alí;MALE;1;2;13;80;0;0;0;0;0.0;1.0;0.0;0.0;0.0;0.0;0.0;0.0;0.0;0.04;0.03;0.03;0.05;0;0;0.0
5508;cal000145;cal;muza;unknown;Muza;MALE;1;2;4;10;0;0;0;0;0.0;1.0;0.0;0.0;0.0;0.0;0.0;0.0;0.0;0.04;0.01;0.0;0.08;0;1;0.0
5509;cal000145;cal;tarif;unknown;Abén Tarif;MALE;1;5;46;225;0;0;0;0;0.0;1.0;0.0;0.0;0.0;0.0;0.0;0.0;0.0;0.1;0.1;0.08;0.19;1;1;0.04
5510;cal000145;cal;sancha;unknown;Doña Sancha;FEMALE;1;3;7;150;0;0;0;0;0.0;1.0;0.0;0.0;0.0;0.0;0.0;0.0;0.0;0.06;0.02;0.05;0.19;1;3;0.0
5511;cal000145;cal;teodosio;unknown;Teodosio;MALE;1;4;9;66;0;0;0;0;0.0;1.0;0.0;0.0;0.0;0.0;0.0;0.0;0.0;0.08;0.02;0.02;0.19;1;4;0.01
5512;cal000145;cal;elvira;unknown;Elvira;FEMALE;1;4;4;7;0;0;0;0;0.0;1.0;0.0;0.0;0.0;0.0;0.0;0.0;0.0;0.08;0.01;0.0;0.19;0;5;0.0
5513;cal000145;cal;íñigo;unknown;Íñigo;MALE;1;4;4;7;0;0;0;0;0.0;1.0;0.0;0.0;0.0;0.0;0.0;0.0;0.0;0.08;0.01;0.0;0.19;0;3;0.01
5514;cal000145;cal;luna;unknown;Luna;FEMALE;1;3;7;17;0;0;0;0;0.0;1.0;0.0;0.0;0.0;0.0;0.0;0.0;0.0;0.06;0.02;0.01;0.11;0;2;0.02
5515;cal000145;cal;rodrigo;unknown;Rodrigo;MALE;1;3;3;6;0;0;0;0;0.0;1.0;0.0;0.0;0.0;0.0;0.0;0.0;0.0;0.06;0.01;0.0;0.16;0;2;0.01
5516;cal000145;cal;dentro;unknown;UNKNOWN;u;1;1;1;1;0;0;0;0;1.0;0.0;0.0;0.0;0.0;0.0;0.0;0.0;0.0;0.02;0.0;0.0;0.05;1;1;0.0
5517;cal000145;cal;todos;unknown;UNKNOWN;u;3;4;8;8;0;0;0;0;0.25;0.25;0.5;0.0;0.0;0.0;0.0;0.0;0.0;0.08;0.02;0.0;0.57;0;7;0.18
5518;cal000146;cal;soldados;unknown;Soldados;MALE;1;3;4;5;0;0;0;0;1.0;0.0;0.0;0.0;0.0;0.0;0.0;0.0;0.0;0.04;0.01;0.0;0.43;1;2;0.01
5519;cal000146;cal;música;unknown;Músicos;UNKNOWN;1;2;2;4;0;0;0;0;1.0;0.0;0.0;0.0;0.0;0.0;0.0;0.0;0.0;0.02;0.0;0.0;0.1;1;0;0.0
5520;cal000146;cal;césar;unknown;Don César Colona;MALE;3;47;220;1098;0;0;0;0;0.41;0.3;0.28;0.0;0.0;0.0;0.0;0.0;0.0;0.58;0.28;0.31;0.81;1;6;0.17
5521;cal000146;cal;carlos;unknown;Don Carlos;MALE;3;15;58;214;0;0;0;0;0.24;0.64;0.13;0.0;0.0;0.0;0.0;0.0;0.0;0.19;0.07;0.06;0.38;2;2;0.01
5522;cal000146;cal;emperador;unknown;El Emperador;MALE;3;17;78;390;0;0;0;0;0.32;0.34;0.34;0.0;0.0;0.0;0.0;0.0;0.0;0.21;0.1;0.11;0.57;1;3;0.06
5523;cal000146;cal;ludovico;unknown;Ludovico;MALE;3;12;46;216;0;0;0;0;0.15;0.31;0.54;0.0;0.0;0.0;0.0;0.0;0.0;0.15;0.06;0.06;0.33;1;4;0.0
5524;cal000146;cal;lisardo;unknown;Lisardo;MALE;1;4;5;12;0;0;0;0;1.0;0.0;0.0;0.0;0.0;0.0;0.0;0.0;0.0;0.05;0.01;0.0;0.33;0;1;0.0
5525;cal000146;cal;celio;unknown;Celio;MALE;1;2;3;5;0;0;0;0;1.0;0.0;0.0;0.0;0.0;0.0;0.0;0.0;0.0;0.02;0.0;0.0;0.29;0;1;0.0
5526;cal000146;cal;espolón;unknown;Espolón;MALE;3;23;94;333;0;0;0;0;0.39;0.11;0.5;0.0;0.0;0.0;0.0;0.0;0.0;0.28;0.12;0.09;0.67;1;8;0.06
5527;cal000146;cal;barón;unknown;Barón de Brisac;MALE;3;13;29;88;0;0;0;0;0.36;0.49;0.15;0.0;0.0;0.0;0.0;0.0;0.0;0.16;0.04;0.02;0.57;1;1;0.12
5528;cal000146;cal;margarita;unknown;Margarita;FEMALE;3;30;157;800;0;0;0;0;0.3;0.41;0.29;0.0;0.0;0.0;0.0;0.0;0.0;0.37;0.2;0.23;0.52;2;5;0.07
5529;cal000146;cal;matilde;unknown;Matilde;FEMALE;3;14;35;263;0;0;0;0;0.51;0.2;0.29;0.0;0.0;0.0;0.0;0.0;0.0;0.17;0.04;0.07;0.71;2;0;0.16
5530;cal000146;cal;leonor;unknown;Leonor;FEMALE;1;7;17;34;0;0;0;0;0.0;0.0;1.0;0.0;0.0;0.0;0.0;0.0;0.0;0.09;0.02;0.01;0.24;0;3;0.0
5531;cal000146;cal;flora;unknown;Flora;FEMALE;1;3;19;42;0;0;0;0;0.0;1.0;0.0;0.0;0.0;0.0;0.0;0.0;0.0;0.04;0.02;0.01;0.1;1;0;0.0
5532;cal000146;cal;gente;unknown;Gente;MALE;2;3;3;3;0;0;0;0;0.0;0.33;0.67;0.0;0.0;0.0;0.0;0.0;0.0;0.04;0.0;0.0;0.33;1;0;0.01
5533;cal000146;cal;criado;unknown;Criado;MALE;1;2;2;3;0;0;0;0;0.0;1.0;0.0;0.0;0.0;0.0;0.0;0.0;0.0;0.02;0.0;0.0;0.05;0;1;0.0
5534;cal000146;cal;todos;unknown;UNKNOWN;u;1;1;1;1;0;0;0;0;1.0;0.0;0.0;0.0;0.0;0.0;0.0;0.0;0.0;0.01;0.0;0.0;0.1;0;0;0.0
5535;cal000146;cal;unos;unknown;UNKNOWN;u;2;3;3;5;0;0;0;0;0.8;0.0;0.2;0.0;0.0;0.0;0.0;0.0;0.0;0.04;0.0;0.0;0.57;1;1;0.04
5536;cal000146;cal;otros;unknown;UNKNOWN;u;2;3;3;3;0;0;0;0;0.67;0.0;0.33;0.0;0.0;0.0;0.0;0.0;0.0;0.04;0.0;0.0;0.57;1;1;0.04
5537;cal000146;cal;uno;unknown;UNKNOWN;u;2;2;2;5;0;0;0;0;0.6;0.0;0.4;0.0;0.0;0.0;0.0;0.0;0.0;0.02;0.0;0.0;0.33;0;0;0.0
5538;cal000146;cal;otro;unknown;UNKNOWN;u;1;1;1;2;0;0;0;0;1.0;0.0;0.0;0.0;0.0;0.0;0.0;0.0;0.0;0.01;0.0;0.0;0.24;0;0;0.0
5539;cal000146;cal;barón césar;unknown;UNKNOWN;u;1;1;1;1;0;0;0;0;0.0;1.0;0.0;0.0;0.0;0.0;0.0;0.0;0.0;0.01;0.0;0.0;0.14;0;2;0.0
5540;cal000147;cal;césar;unknown;Don César Ursino;MALE;3;25;121;588;0;0;0;0;0.36;0.45;0.19;0.0;0.0;0.0;0.0;0.0;0.0;0.41;0.18;0.19;0.77;4;2;0.16
5541;cal000147;cal;flérida;unknown;Flérida;FEMALE;3;12;47;366;0;0;0;0;0.6;0.09;0.32;0.0;0.0;0.0;0.0;0.0;0.0;0.2;0.07;0.12;0.54;2;3;0.01
5542;cal000147;cal;gobernador;unknown;El Gobernador;MALE;3;17;94;391;0;0;0;0;0.35;0.31;0.34;0.0;0.0;0.0;0.0;0.0;0.0;0.28;0.14;0.12;0.69;1;3;0.18
5543;cal000147;cal;celia;unknown;Celia;FEMALE;3;19;67;191;0;0;0;0;0.23;0.5;0.27;0.0;0.0;0.0;0.0;0.0;0.0;0.31;0.1;0.06;0.69;0;3;0.17
5544;cal000147;cal;juan;unknown;Don Juan;MALE;3;20;89;462;0;0;0;0;0.11;0.46;0.43;0.0;0.0;0.0;0.0;0.0;0.0;0.33;0.13;0.15;0.54;1;3;0.05
5545;cal000147;cal;nise;unknown;Nise;FEMALE;2;8;18;44;0;0;0;0;0.14;0.86;0.0;0.0;0.0;0.0;0.0;0.0;0.0;0.13;0.03;0.01;0.54;3;1;0.09
5546;cal000147;cal;fabio;unknown;Fabio;MALE;1;1;1;4;0;0;0;0;1.0;0.0;0.0;0.0;0.0;0.0;0.0;0.0;0.0;0.02;0.0;0.0;0.23;1;1;0.0
5547;cal000147;cal;félix;unknown;Félix;MALE;2;2;8;58;0;0;0;0;0.48;0.52;0.0;0.0;0.0;0.0;0.0;0.0;0.0;0.03;0.01;0.02;0.08;0;0;0.0
5548;cal000147;cal;camacho;unknown;Camacho;MALE;3;15;57;282;0;0;0;0;0.27;0.22;0.51;0.0;0.0;0.0;0.0;0.0;0.0;0.25;0.09;0.09;0.62;1;1;0.04
5549;cal000147;cal;alcaide;unknown;Un Alcaide;MALE;1;1;4;13;0;0;0;0;0.0;1.0;0.0;0.0;0.0;0.0;0.0;0.0;0.0;0.02;0.01;0.0;0.15;0;2;0.0
5550;cal000147;cal;alguacil;unknown;Un Alguacil;MALE;1;1;3;5;0;0;0;0;1.0;0.0;0.0;0.0;0.0;0.0;0.0;0.0;0.0;0.02;0.0;0.0;0.31;1;2;0.0
5551;cal000147;cal;lisarda;unknown;Lisarda;FEMALE;3;28;151;760;0;0;0;0;0.3;0.26;0.44;0.0;0.0;0.0;0.0;0.0;0.0;0.46;0.23;0.24;0.69;1;2;0.07
5552;cal000147;cal;criado-1;unknown;Criado 1;MALE;1;1;2;5;0;0;0;0;0.0;1.0;0.0;0.0;0.0;0.0;0.0;0.0;0.0;0.02;0.0;0.0;0.23;2;1;0.0
5553;cal000147;cal;criado-2;unknown;Criado 2;MALE;1;1;1;4;0;0;0;0;0.0;1.0;0.0;0.0;0.0;0.0;0.0;0.0;0.0;0.02;0.0;0.0;0.23;0;0;0.0
5554;cal000148;cal;gutierre;unknown;Don Gutierre;MALE;3;35;142;760;0;0;0;0;0.54;0.25;0.21;0.0;0.0;0.0;0.0;0.0;0.0;0.42;0.16;0.23;0.77;3;4;0.07
5555;cal000148;cal;álvaro;unknown;Don Álvaro;MALE;3;29;121;516;0;0;0;0;0.33;0.25;0.43;0.0;0.0;0.0;0.0;0.0;0.0;0.35;0.13;0.15;0.92;1;3;0.11
5556;cal000148;cal;vicente;unknown;Don Vicente;MALE;2;15;39;116;0;0;0;0;0.51;0.0;0.49;0.0;0.0;0.0;0.0;0.0;0.0;0.18;0.04;0.03;0.85;1;2;0.08
5557;cal000148;cal;lisardo;unknown;Lisardo;MALE;2;9;30;104;0;0;0;0;0.37;0.0;0.63;0.0;0.0;0.0;0.0;0.0;0.0;0.11;0.03;0.03;0.69;3;3;0.01
5558;cal000148;cal;gonzalo;unknown;Gonzalo;MALE;3;27;78;233;0;0;0;0;0.25;0.48;0.26;0.0;0.0;0.0;0.0;0.0;0.0;0.32;0.09;0.07;0.46;0;3;0.0
5559;cal000148;cal;fadrique;unknown;Fadrique;MALE;3;22;53;194;0;0;0;0;0.22;0.36;0.42;0.0;0.0;0.0;0.0;0.0;0.0;0.26;0.06;0.06;0.77;1;1;0.04
5560;cal000148;cal;laura;unknown;Laura;FEMALE;3;31;170;515;0;0;0;0;0.46;0.34;0.2;0.0;0.0;0.0;0.0;0.0;0.0;0.37;0.19;0.15;0.69;2;0;0.01
5561;cal000148;cal;hipólita;unknown;Hipólita;FEMALE;3;38;175;612;0;0;0;0;0.27;0.43;0.29;0.0;0.0;0.0;0.0;0.0;0.0;0.45;0.19;0.18;0.92;1;4;0.14
5562;cal000148;cal;juana;unknown;Juana;FEMALE;3;27;85;255;0;0;0;0;0.12;0.55;0.33;0.0;0.0;0.0;0.0;0.0;0.0;0.32;0.09;0.08;0.69;1;5;0.01
5563;cal000148;cal;inés;unknown;Inés;FEMALE;2;7;15;36;0;0;0;0;0.56;0.44;0.0;0.0;0.0;0.0;0.0;0.0;0.0;0.08;0.02;0.01;0.38;1;2;0.0
5564;cal000148;cal;gente;unknown;Gente;MALE;1;1;2;2;0;0;0;0;1.0;0.0;0.0;0.0;0.0;0.0;0.0;0.0;0.0;0.01;0.0;0.0;0.23;0;1;0.0
5565;cal000148;cal;todos;unknown;UNKNOWN;u;1;2;3;3;0;0;0;0;0.0;0.0;1.0;0.0;0.0;0.0;0.0;0.0;0.0;0.02;0.0;0.0;0.54;0;0;0.0
5566;cal000148;cal;álvaro vicente;unknown;UNKNOWN;u;1;1;1;1;0;0;0;0;0.0;0.0;1.0;0.0;0.0;0.0;0.0;0.0;0.0;0.01;0.0;0.0;0.23;0;2;0.0
5567;cal000148;cal;gutierre hipólita;unknown;UNKNOWN;u;1;1;1;1;0;0;0;0;0.0;0.0;1.0;0.0;0.0;0.0;0.0;0.0;0.0;0.01;0.0;0.0;0.15;0;0;0.0
5568;cal000050;cal;músicos;unknown;Músicos;UNKNOWN;1;7;25;46;0;0;0;0;1.0;0.0;0.0;0.0;0.0;0.0;0.0;0.0;0.0;0.25;0.06;0.02;0.82;1;6;0.14
5569;cal000050;cal;duda;unknown;La Duda;FEMALE;1;14;77;549;0;0;0;0;1.0;0.0;0.0;0.0;0.0;0.0;0.0;0.0;0.0;0.5;0.17;0.28;0.7;5;4;0.11
5570;cal000050;cal;lucero;unknown;El Lucero;MALE;1;9;56;216;0;0;0;0;1.0;0.0;0.0;0.0;0.0;0.0;0.0;0.0;0.0;0.32;0.13;0.11;0.61;1;4;0.05
5571;cal000050;cal;abrahán;unknown;Abrahán;MALE;1;7;38;221;0;0;0;0;1.0;0.0;0.0;0.0;0.0;0.0;0.0;0.0;0.0;0.25;0.09;0.11;0.59;2;7;0.04
5572;cal000050;cal;isaac;unknown;Isaac;MALE;1;5;20;64;0;0;0;0;1.0;0.0;0.0;0.0;0.0;0.0;0.0;0.0;0.0;0.18;0.04;0.03;0.59;2;4;0.04
5573;cal000050;cal;eliazer;unknown;Eliazer;MALE;1;18;66;288;0;0;0;0;1.0;0.0;0.0;0.0;0.0;0.0;0.0;0.0;0.0;0.64;0.15;0.15;0.66;4;7;0.08
5574;cal000050;cal;simplicio;unknown;Simplicio;MALE;1;11;31;114;0;0;0;0;1.0;0.0;0.0;0.0;0.0;0.0;0.0;0.0;0.0;0.39;0.07;0.06;0.61;3;7;0.05
5575;cal000050;cal;adán;unknown;Adán;MALE;1;2;3;13;0;0;0;0;1.0;0.0;0.0;0.0;0.0;0.0;0.0;0.0;0.0;0.07;0.01;0.01;0.41;1;2;0.01
5576;cal000050;cal;david;unknown;David;MALE;1;2;4;20;0;0;0;0;1.0;0.0;0.0;0.0;0.0;0.0;0.0;0.0;0.0;0.07;0.01;0.01;0.41;1;0;0.01
5577;cal000050;cal;ángel;unknown;Un Ángel;MALE;1;2;7;50;0;0;0;0;1.0;0.0;0.0;0.0;0.0;0.0;0.0;0.0;0.0;0.07;0.02;0.03;0.36;1;6;0.02
5578;cal000050;cal;lauro;unknown;Lauro;MALE;1;1;4;10;0;0;0;0;1.0;0.0;0.0;0.0;0.0;0.0;0.0;0.0;0.0;0.04;0.01;0.01;0.32;2;1;0.0
5579;cal000050;cal;leví;unknown;Leví;MALE;1;1;3;11;0;0;0;0;1.0;0.0;0.0;0.0;0.0;0.0;0.0;0.0;0.0;0.04;0.01;0.01;0.32;4;3;0.0
5580;cal000050;cal;rubén;unknown;Rubén;MALE;1;1;3;8;0;0;0;0;1.0;0.0;0.0;0.0;0.0;0.0;0.0;0.0;0.0;0.04;0.01;0.0;0.32;0;0;0.0
5581;cal000050;cal;batuel;unknown;Batuel;MALE;1;2;9;19;0;0;0;0;1.0;0.0;0.0;0.0;0.0;0.0;0.0;0.0;0.0;0.07;0.02;0.01;0.34;4;2;0.0
5582;cal000050;cal;celsa;unknown;Celsa;FEMALE;1;6;8;19;0;0;0;0;1.0;0.0;0.0;0.0;0.0;0.0;0.0;0.0;0.0;0.21;0.02;0.01;0.59;2;5;0.03
5583;cal000050;cal;teuca;unknown;Teuca;FEMALE;1;5;10;23;0;0;0;0;1.0;0.0;0.0;0.0;0.0;0.0;0.0;0.0;0.0;0.18;0.02;0.01;0.59;1;6;0.03
5584;cal000050;cal;habra;unknown;Habra;FEMALE;1;5;15;50;0;0;0;0;1.0;0.0;0.0;0.0;0.0;0.0;0.0;0.0;0.0;0.18;0.03;0.03;0.59;0;5;0.03
5585;cal000050;cal;rebeca;unknown;Rebeca;FEMALE;1;8;26;111;0;0;0;0;1.0;0.0;0.0;0.0;0.0;0.0;0.0;0.0;0.0;0.29;0.06;0.06;0.73;3;4;0.08
5586;cal000050;cal;abel;unknown;Abel;MALE;1;2;3;18;0;0;0;0;1.0;0.0;0.0;0.0;0.0;0.0;0.0;0.0;0.0;0.07;0.01;0.01;0.41;1;1;0.01
5587;cal000050;cal;niña;unknown;Niña;FEMALE;1;1;1;8;0;0;0;0;1.0;0.0;0.0;0.0;0.0;0.0;0.0;0.0;0.0;0.04;0.0;0.0;0.05;0;0;0.0
5588;cal000050;cal;niño;unknown;Niño;MALE;1;1;1;4;0;0;0;0;1.0;0.0;0.0;0.0;0.0;0.0;0.0;0.0;0.0;0.04;0.0;0.0;0.3;2;6;0.0
5589;cal000050;cal;isaac abrahán;unknown;UNKNOWN;u;1;1;1;1;0;0;0;0;1.0;0.0;0.0;0.0;0.0;0.0;0.0;0.0;0.0;0.04;0.0;0.0;0.05;0;0;0.0
5590;cal000050;cal;ángel músicos;unknown;UNKNOWN;u;1;1;3;5;0;0;0;0;1.0;0.0;0.0;0.0;0.0;0.0;0.0;0.0;0.0;0.04;0.01;0.0;0.16;1;2;0.0
5591;cal000050;cal;isaac abrahán músicos;unknown;UNKNOWN;u;1;1;1;3;0;0;0;0;1.0;0.0;0.0;0.0;0.0;0.0;0.0;0.0;0.0;0.04;0.0;0.0;0.16;1;1;0.0
5592;cal000050;cal;duda lucero;unknown;UNKNOWN;u;1;1;1;1;0;0;0;0;1.0;0.0;0.0;0.0;0.0;0.0;0.0;0.0;0.0;0.04;0.0;0.0;0.07;0;0;0.0
5593;cal000050;cal;duda lucero músicos;unknown;UNKNOWN;u;1;1;1;2;0;0;0;0;1.0;0.0;0.0;0.0;0.0;0.0;0.0;0.0;0.0;0.04;0.0;0.0;0.07;0;0;0.0
5594;cal000050;cal;rubén leví lauro;unknown;UNKNOWN;u;1;1;3;7;0;0;0;0;1.0;0.0;0.0;0.0;0.0;0.0;0.0;0.0;0.0;0.04;0.01;0.0;0.32;4;4;0.0
5595;cal000050;cal;celsa teuca habra;unknown;UNKNOWN;u;1;1;2;3;0;0;0;0;1.0;0.0;0.0;0.0;0.0;0.0;0.0;0.0;0.0;0.04;0.0;0.0;0.32;4;4;0.0
5596;cal000050;cal;celsa teuca habra rubén leví lauro batuel rebeca duda lucero músicos;unknown;UNKNOWN;u;1;1;1;2;0;0;0;0;1.0;0.0;0.0;0.0;0.0;0.0;0.0;0.0;0.0;0.04;0.0;0.0;0.32;4;4;0.0
5597;cal000050;cal;duda lucero batuel rebeca celsa teuca habra rubén leví lauro;unknown;UNKNOWN;u;1;2;3;5;0;0;0;0;1.0;0.0;0.0;0.0;0.0;0.0;0.0;0.0;0.0;0.07;0.01;0.0;0.34;0;0;0.0
5598;cal000050;cal;celsa rubén;unknown;UNKNOWN;u;1;1;1;1;0;0;0;0;1.0;0.0;0.0;0.0;0.0;0.0;0.0;0.0;0.0;0.04;0.0;0.0;0.32;0;0;0.0
5599;cal000050;cal;leví habra celsa rubén duda lucero rebeca teuca lauro;unknown;UNKNOWN;u;1;1;1;1;0;0;0;0;1.0;0.0;0.0;0.0;0.0;0.0;0.0;0.0;0.0;0.04;0.0;0.0;0.32;0;0;0.0
5600;cal000050;cal;adán músicos;unknown;UNKNOWN;u;1;1;1;2;0;0;0;0;1.0;0.0;0.0;0.0;0.0;0.0;0.0;0.0;0.0;0.04;0.0;0.0;0.2;0;2;0.0
5601;cal000050;cal;abel músicos;unknown;UNKNOWN;u;1;1;1;2;0;0;0;0;1.0;0.0;0.0;0.0;0.0;0.0;0.0;0.0;0.0;0.04;0.0;0.0;0.2;0;1;0.0
5602;cal000050;cal;david músicos;unknown;UNKNOWN;u;1;1;1;2;0;0;0;0;1.0;0.0;0.0;0.0;0.0;0.0;0.0;0.0;0.0;0.04;0.0;0.0;0.2;0;0;0.0
5603;cal000050;cal;abel ángel adán david músicos;unknown;UNKNOWN;u;1;1;2;4;0;0;0;0;1.0;0.0;0.0;0.0;0.0;0.0;0.0;0.0;0.0;0.04;0.0;0.0;0.2;0;0;0.0
5604;cal000050;cal;eliazer músicos;unknown;UNKNOWN;u;1;1;1;2;0;0;0;0;1.0;0.0;0.0;0.0;0.0;0.0;0.0;0.0;0.0;0.04;0.0;0.0;0.07;1;0;0.0
5605;cal000050;cal;músicos duda abrahán isaac;unknown;UNKNOWN;u;1;1;1;1;0;0;0;0;1.0;0.0;0.0;0.0;0.0;0.0;0.0;0.0;0.0;0.04;0.0;0.0;0.36;5;5;0.0
5606;cal000050;cal;lucero rebeca eliazer;unknown;UNKNOWN;u;1;1;2;2;0;0;0;0;1.0;0.0;0.0;0.0;0.0;0.0;0.0;0.0;0.0;0.04;0.0;0.0;0.36;5;5;0.0
5607;cal000050;cal;duda abrahán isaac;unknown;UNKNOWN;u;1;1;1;1;0;0;0;0;1.0;0.0;0.0;0.0;0.0;0.0;0.0;0.0;0.0;0.04;0.0;0.0;0.36;5;5;0.0
5608;cal000050;cal;abrahán isaac rebeca eliazer duda lucero teuca ángel abel adán david habra celsa;unknown;UNKNOWN;u;1;1;1;2;0;0;0;0;1.0;0.0;0.0;0.0;0.0;0.0;0.0;0.0;0.0;0.04;0.0;0.0;0.36;5;5;0.0
5609;cal000050;cal;abrahán isaac rebeca eliazer duda lucero teuca ángel abel adán david habra celsa simplicio;unknown;UNKNOWN;u;1;1;4;4;0;0;0;0;1.0;0.0;0.0;0.0;0.0;0.0;0.0;0.0;0.0;0.04;0.01;0.0;0.36;4;5;0.0
5610;cal000050;cal;músicos abrahán isaac rebeca eliazer duda lucero teuca ángel abel adán david habra celsa simplicio;unknown;UNKNOWN;u;1;1;1;8;0;0;0;0;1.0;0.0;0.0;0.0;0.0;0.0;0.0;0.0;0.0;0.04;0.0;0.0;0.36;2;4;0.0
5611;cal000050;cal;niño niña;unknown;UNKNOWN;u;1;1;1;3;0;0;0;0;1.0;0.0;0.0;0.0;0.0;0.0;0.0;0.0;0.0;0.04;0.0;0.0;0.3;0;1;0.0
5612;cal000050;cal;músicos abrahán adán ángel abel batuel celsa david duda eliazer habra isaac lauro leví lucero niño niña rebeca rubén simplicio teuca;unknown;UNKNOWN;u;1;1;1;4;0;0;0;0;1.0;0.0;0.0;0.0;0.0;0.0;0.0;0.0;0.0;0.04;0.0;0.0;0.3;0;0;0.0
5613;cal000051;cal;música;unknown;Músicos;UNKNOWN;1;10;31;55;0;0;0;0;1.0;0.0;0.0;0.0;0.0;0.0;0.0;0.0;0.0;0.26;0.06;0.03;0.5;4;1;0.03
5614;cal000051;cal;odio;unknown;El Odio;MALE;1;13;48;295;0;0;0;0;1.0;0.0;0.0;0.0;0.0;0.0;0.0;0.0;0.0;0.34;0.09;0.15;0.39;4;3;0.05
5615;cal000051;cal;amor;unknown;El Amor;MALE;1;12;67;319;0;0;0;0;1.0;0.0;0.0;0.0;0.0;0.0;0.0;0.0;0.0;0.32;0.12;0.16;0.41;4;2;0.01
5616;cal000051;cal;mundo;unknown;El Mundo;MALE;1;14;43;192;0;0;0;0;1.0;0.0;0.0;0.0;0.0;0.0;0.0;0.0;0.0;0.37;0.08;0.1;0.76;6;1;0.13
5617;cal000051;cal;sencillez;unknown;La Sencillez;FEMALE;1;13;41;135;0;0;0;0;1.0;0.0;0.0;0.0;0.0;0.0;0.0;0.0;0.0;0.34;0.08;0.07;0.67;4;1;0.11
5618;cal000051;cal;edad-primera;unknown;Edad Primera;FEMALE;1;8;22;49;0;0;0;0;1.0;0.0;0.0;0.0;0.0;0.0;0.0;0.0;0.0;0.21;0.04;0.02;0.59;2;3;0.03
5619;cal000051;cal;edad-segunda;unknown;Edad Segunda;FEMALE;1;8;21;49;0;0;0;0;1.0;0.0;0.0;0.0;0.0;0.0;0.0;0.0;0.0;0.21;0.04;0.02;0.59;1;0;0.03
5620;cal000051;cal;edad-tercera;unknown;Edad Tercera;FEMALE;1;21;106;546;0;0;0;0;1.0;0.0;0.0;0.0;0.0;0.0;0.0;0.0;0.0;0.55;0.2;0.27;0.81;5;1;0.15
5621;cal000051;cal;malicia;unknown;La Malicia;FEMALE;1;9;21;39;0;0;0;0;1.0;0.0;0.0;0.0;0.0;0.0;0.0;0.0;0.0;0.24;0.04;0.02;0.65;0;0;0.07
5622;cal000051;cal;hebraísmo;unknown;El Hebraísmo;MALE;1;8;23;87;0;0;0;0;1.0;0.0;0.0;0.0;0.0;0.0;0.0;0.0;0.0;0.21;0.04;0.04;0.59;2;0;0.03
5623;cal000051;cal;gentilidad;unknown;La Gentilidad;FEMALE;1;7;19;42;0;0;0;0;1.0;0.0;0.0;0.0;0.0;0.0;0.0;0.0;0.0;0.18;0.04;0.02;0.59;3;3;0.03
5624;cal000051;cal;noche;unknown;Noche;FEMALE;1;2;4;16;0;0;0;0;1.0;0.0;0.0;0.0;0.0;0.0;0.0;0.0;0.0;0.05;0.01;0.01;0.09;2;0;0.0
5625;cal000051;cal;día;unknown;Día;MALE;1;1;4;11;0;0;0;0;1.0;0.0;0.0;0.0;0.0;0.0;0.0;0.0;0.0;0.03;0.01;0.01;0.09;3;0;0.0
5626;cal000051;cal;marinero;unknown;Marinero;MALE;1;1;3;19;0;0;0;0;1.0;0.0;0.0;0.0;0.0;0.0;0.0;0.0;0.0;0.03;0.01;0.01;0.15;3;1;0.0
5627;cal000051;cal;gentilidad música;unknown;UNKNOWN;u;1;3;6;20;0;0;0;0;1.0;0.0;0.0;0.0;0.0;0.0;0.0;0.0;0.0;0.08;0.01;0.01;0.2;2;3;0.0
5628;cal000051;cal;gentilidad edad-primera;unknown;UNKNOWN;u;1;2;2;4;0;0;0;0;1.0;0.0;0.0;0.0;0.0;0.0;0.0;0.0;0.0;0.05;0.0;0.0;0.24;1;0;0.0
5629;cal000051;cal;hebraísmo edad-segunda;unknown;UNKNOWN;u;1;3;3;5;0;0;0;0;1.0;0.0;0.0;0.0;0.0;0.0;0.0;0.0;0.0;0.08;0.01;0.0;0.44;5;1;0.01
5630;cal000051;cal;edad-primera edad-segunda;unknown;UNKNOWN;u;1;2;3;4;0;0;0;0;1.0;0.0;0.0;0.0;0.0;0.0;0.0;0.0;0.0;0.05;0.01;0.0;0.33;1;0;0.0
5631;cal000051;cal;edad-primera edad-segunda edad-tercera hebraísmo amor mundo odio música;unknown;UNKNOWN;u;1;1;1;4;0;0;0;0;1.0;0.0;0.0;0.0;0.0;0.0;0.0;0.0;0.0;0.03;0.0;0.0;0.13;3;3;0.0
5632;cal000051;cal;edad-primera edad-segunda edad-tercera hebraísmo mundo gentilidad música;unknown;UNKNOWN;u;1;1;1;2;0;0;0;0;1.0;0.0;0.0;0.0;0.0;0.0;0.0;0.0;0.0;0.03;0.0;0.0;0.11;0;1;0.0
5633;cal000051;cal;edad-primera edad-segunda edad-tercera hebraísmo;unknown;UNKNOWN;u;1;1;1;3;0;0;0;0;1.0;0.0;0.0;0.0;0.0;0.0;0.0;0.0;0.0;0.03;0.0;0.0;0.11;0;1;0.0
5634;cal000051;cal;música mundo;unknown;UNKNOWN;u;1;1;1;4;0;0;0;0;1.0;0.0;0.0;0.0;0.0;0.0;0.0;0.0;0.0;0.03;0.0;0.0;0.02;0;0;0.0
5635;cal000051;cal;sencillez música;unknown;UNKNOWN;u;1;1;1;2;0;0;0;0;1.0;0.0;0.0;0.0;0.0;0.0;0.0;0.0;0.0;0.03;0.0;0.0;0.04;0;0;0.0
5636;cal000051;cal;odio amor;unknown;UNKNOWN;u;1;1;2;4;0;0;0;0;1.0;0.0;0.0;0.0;0.0;0.0;0.0;0.0;0.0;0.03;0.0;0.0;0.11;2;0;0.0
5637;cal000051;cal;mundo edad-tercera malicia sencillez marineros;unknown;UNKNOWN;u;1;1;1;1;0;0;0;0;1.0;0.0;0.0;0.0;0.0;0.0;0.0;0.0;0.0;0.03;0.0;0.0;0.13;3;1;0.0
5638;cal000051;cal;mundo marineros;unknown;UNKNOWN;u;1;2;9;13;0;0;0;0;1.0;0.0;0.0;0.0;0.0;0.0;0.0;0.0;0.0;0.05;0.02;0.01;0.2;3;1;0.0
5639;cal000051;cal;edad-tercera sencillez;unknown;UNKNOWN;u;1;1;3;3;0;0;0;0;1.0;0.0;0.0;0.0;0.0;0.0;0.0;0.0;0.0;0.03;0.01;0.0;0.13;2;1;0.0
5640;cal000051;cal;malicia mundo marineros edad-tercera sencillez;unknown;UNKNOWN;u;1;1;1;1;0;0;0;0;1.0;0.0;0.0;0.0;0.0;0.0;0.0;0.0;0.0;0.03;0.0;0.0;0.13;0;0;0.0
5641;cal000051;cal;malicia marineros edad-tercera sencillez;unknown;UNKNOWN;u;1;2;5;6;0;0;0;0;1.0;0.0;0.0;0.0;0.0;0.0;0.0;0.0;0.0;0.05;0.01;0.0;0.15;3;0;0.0
5642;cal000051;cal;malicia sencillez;unknown;UNKNOWN;u;1;1;4;6;0;0;0;0;1.0;0.0;0.0;0.0;0.0;0.0;0.0;0.0;0.0;0.03;0.01;0.0;0.15;1;0;0.0
5643;cal000051;cal;malicia sencillez marineros mundo edad-tercera;unknown;UNKNOWN;u;1;1;1;2;0;0;0;0;1.0;0.0;0.0;0.0;0.0;0.0;0.0;0.0;0.0;0.03;0.0;0.0;0.15;0;0;0.0
5644;cal000051;cal;día noche;unknown;UNKNOWN;u;1;1;1;1;0;0;0;0;1.0;0.0;0.0;0.0;0.0;0.0;0.0;0.0;0.0;0.03;0.0;0.0;0.09;0;0;0.0
5645;cal000051;cal;odio música;unknown;UNKNOWN;u;1;1;1;2;0;0;0;0;1.0;0.0;0.0;0.0;0.0;0.0;0.0;0.0;0.0;0.03;0.0;0.0;0.02;0;0;0.0
5646;cal000051;cal;música amor;unknown;UNKNOWN;u;1;2;3;8;0;0;0;0;1.0;0.0;0.0;0.0;0.0;0.0;0.0;0.0;0.0;0.05;0.01;0.0;0.15;0;1;0.0
5647;cal000051;cal;amor música;unknown;UNKNOWN;u;1;1;6;18;0;0;0;0;1.0;0.0;0.0;0.0;0.0;0.0;0.0;0.0;0.0;0.03;0.01;0.01;0.13;0;1;0.0
5648;cal000051;cal;amor edad-tercera música;unknown;UNKNOWN;u;1;1;2;2;0;0;0;0;1.0;0.0;0.0;0.0;0.0;0.0;0.0;0.0;0.0;0.03;0.0;0.0;0.13;0;1;0.0
5649;cal000051;cal;edad-primera edad-tercera;unknown;UNKNOWN;u;1;1;1;1;0;0;0;0;1.0;0.0;0.0;0.0;0.0;0.0;0.0;0.0;0.0;0.03;0.0;0.0;0.31;4;1;0.0
5650;cal000051;cal;hebraísmo gentilidad edad-segunda edad-primera edad-tercera;unknown;UNKNOWN;u;1;1;3;5;0;0;0;0;1.0;0.0;0.0;0.0;0.0;0.0;0.0;0.0;0.0;0.03;0.01;0.0;0.31;1;0;0.0
5651;cal000051;cal;hebraísmo gentilidad edad-segunda edad-primera edad-tercera mundo;unknown;UNKNOWN;u;1;1;1;1;0;0;0;0;1.0;0.0;0.0;0.0;0.0;0.0;0.0;0.0;0.0;0.03;0.0;0.0;0.31;1;0;0.0
5652;cal000051;cal;gentilidad hebraísmo;unknown;UNKNOWN;u;1;2;2;3;0;0;0;0;1.0;0.0;0.0;0.0;0.0;0.0;0.0;0.0;0.0;0.05;0.0;0.0;0.41;1;0;0.01
5653;cal000051;cal;edad-tercera música;unknown;UNKNOWN;u;1;2;4;6;0;0;0;0;1.0;0.0;0.0;0.0;0.0;0.0;0.0;0.0;0.0;0.05;0.01;0.0;0.33;1;0;0.0
5654;cal000051;cal;mundo hebraísmo;unknown;UNKNOWN;u;1;1;2;2;0;0;0;0;1.0;0.0;0.0;0.0;0.0;0.0;0.0;0.0;0.0;0.03;0.0;0.0;0.31;1;0;0.0
5655;cal000051;cal;hebraísmo mundo gentilidad sencillez malicia edad-primera edad-segunda;unknown;UNKNOWN;u;1;2;3;5;0;0;0;0;1.0;0.0;0.0;0.0;0.0;0.0;0.0;0.0;0.0;0.05;0.01;0.0;0.41;0;0;0.01
5656;cal000051;cal;hebraísmo mundo gentilidad sencillez malicia edad-primera edad-segunda edad-tercera;unknown;UNKNOWN;u;1;1;1;1;0;0;0;0;1.0;0.0;0.0;0.0;0.0;0.0;0.0;0.0;0.0;0.03;0.0;0.0;0.2;4;1;0.0
5657;cal000051;cal;odio mundo gentilidad sencillez malicia edad-primera edad-segunda;unknown;UNKNOWN;u;1;1;1;1;0;0;0;0;1.0;0.0;0.0;0.0;0.0;0.0;0.0;0.0;0.0;0.03;0.0;0.0;0.2;3;1;0.0
5658;cal000051;cal;mundo gentilidad sencillez malicia edad-primera edad-tercera odio;unknown;UNKNOWN;u;1;1;1;1;0;0;0;0;1.0;0.0;0.0;0.0;0.0;0.0;0.0;0.0;0.0;0.03;0.0;0.0;0.2;0;0;0.0
5659;cal000051;cal;mundo gentilidad sencillez malicia edad-primera edad-segunda edad-tercera odio;unknown;UNKNOWN;u;1;1;1;2;0;0;0;0;1.0;0.0;0.0;0.0;0.0;0.0;0.0;0.0;0.0;0.03;0.0;0.0;0.2;0;0;0.0
5660;cal000051;cal;hebraísmo gentilidad edad-primera edad-segunda edad-tercera malicia mundo odio sencillez;unknown;UNKNOWN;u;1;1;2;2;0;0;0;0;1.0;0.0;0.0;0.0;0.0;0.0;0.0;0.0;0.0;0.03;0.0;0.0;0.24;5;3;0.0
5661;cal000051;cal;hebraísmo gentilidad edad-primera edad-segunda malicia odio sencillez;unknown;UNKNOWN;u;1;1;1;1;0;0;0;0;1.0;0.0;0.0;0.0;0.0;0.0;0.0;0.0;0.0;0.03;0.0;0.0;0.24;1;1;0.0
5662;cal000051;cal;gentilidad edad-primera edad-segunda malicia mundo odio sencillez;unknown;UNKNOWN;u;1;1;1;1;0;0;0;0;1.0;0.0;0.0;0.0;0.0;0.0;0.0;0.0;0.0;0.03;0.0;0.0;0.24;0;1;0.0
5663;cal000051;cal;hebraísmo gentilidad edad-primera edad-segunda malicia mundo odio sencillez;unknown;UNKNOWN;u;1;1;1;1;0;0;0;0;1.0;0.0;0.0;0.0;0.0;0.0;0.0;0.0;0.0;0.03;0.0;0.0;0.24;0;1;0.0
5664;cal000051;cal;hebraísmo gentilidad edad-primera edad-segunda edad-tercera malicia amor odio sencillez música;unknown;UNKNOWN;u;1;1;1;4;0;0;0;0;1.0;0.0;0.0;0.0;0.0;0.0;0.0;0.0;0.0;0.03;0.0;0.0;0.04;0;0;0.0
5665;cal000201;cal;coro-1;unknown;Coro 1.º;UNKNOWN;1;3;5;20;0;0;0;0;1.0;0.0;0.0;0.0;0.0;0.0;0.0;0.0;0.0;0.1;0.01;0.01;0.26;3;1;0.01
5666;cal000201;cal;coro-2;unknown;Coro 2.º;UNKNOWN;1;2;3;8;0;0;0;0;1.0;0.0;0.0;0.0;0.0;0.0;0.0;0.0;0.0;0.07;0.01;0.0;0.19;0;0;0.0
5667;cal000201;cal;coro-3;unknown;Coro 3.º;UNKNOWN;1;1;2;12;0;0;0;0;1.0;0.0;0.0;0.0;0.0;0.0;0.0;0.0;0.0;0.03;0.01;0.01;0.1;2;1;0.0
5668;cal000201;cal;musicos;unknown;Músicos;UNKNOWN;1;4;9;19;0;0;0;0;1.0;0.0;0.0;0.0;0.0;0.0;0.0;0.0;0.0;0.13;0.02;0.01;0.45;0;1;0.02
5669;cal000201;cal;apostasia;unknown;Apostasía;FEMALE;1;17;53;236;0;0;0;0;1.0;0.0;0.0;0.0;0.0;0.0;0.0;0.0;0.0;0.57;0.15;0.15;0.74;4;1;0.05
5670;cal000201;cal;gentilidad;unknown;Gentilidad;FEMALE;1;7;22;58;0;0;0;0;1.0;0.0;0.0;0.0;0.0;0.0;0.0;0.0;0.0;0.23;0.06;0.04;0.77;4;2;0.07
5671;cal000201;cal;idolatria;unknown;Idolatría;FEMALE;1;7;17;45;0;0;0;0;1.0;0.0;0.0;0.0;0.0;0.0;0.0;0.0;0.0;0.23;0.05;0.03;0.55;2;1;0.02
5672;cal000201;cal;judaismo;unknown;Judaísmo;MALE;1;6;17;47;0;0;0;0;1.0;0.0;0.0;0.0;0.0;0.0;0.0;0.0;0.0;0.2;0.05;0.03;0.77;3;1;0.05
5673;cal000201;cal;sinagoga;unknown;Sinagoga;FEMALE;1;7;19;60;0;0;0;0;1.0;0.0;0.0;0.0;0.0;0.0;0.0;0.0;0.0;0.23;0.05;0.04;0.77;0;1;0.05
5674;cal000201;cal;albedrio;unknown;Albedrío;MALE;1;11;41;192;0;0;0;0;1.0;0.0;0.0;0.0;0.0;0.0;0.0;0.0;0.0;0.37;0.11;0.12;0.74;3;1;0.09
5675;cal000201;cal;fe;unknown;Fe;FEMALE;1;14;83;422;0;0;0;0;1.0;0.0;0.0;0.0;0.0;0.0;0.0;0.0;0.0;0.47;0.23;0.26;0.84;3;1;0.16
5676;cal000201;cal;cupido;unknown;Cupido;MALE;1;8;42;402;0;0;0;0;1.0;0.0;0.0;0.0;0.0;0.0;0.0;0.0;0.0;0.27;0.12;0.25;0.61;4;1;0.07
5677;cal000201;cal;mundo;unknown;Mundo;MALE;1;6;23;64;0;0;0;0;1.0;0.0;0.0;0.0;0.0;0.0;0.0;0.0;0.0;0.2;0.06;0.04;0.74;6;3;0.06
5678;cal000201;cal;envidia;unknown;Envidia;FEMALE;1;2;3;4;0;0;0;0;1.0;0.0;0.0;0.0;0.0;0.0;0.0;0.0;0.0;0.07;0.01;0.0;0.42;1;1;0.01
5679;cal000201;cal;gentilidad coro-1 sinagoga judaismo coro-2 coro-3 fe albedrio cupido apostasia mundo;unknown;UNKNOWN;u;1;1;1;1;0;0;0;0;1.0;0.0;0.0;0.0;0.0;0.0;0.0;0.0;0.0;0.03;0.0;0.0;0.32;4;2;0.0
5680;cal000201;cal;gentilidad coro-1 sinagoga judaismo coro-2 coro-3 fe albedrio apostasia mundo;unknown;UNKNOWN;u;1;1;1;1;0;0;0;0;1.0;0.0;0.0;0.0;0.0;0.0;0.0;0.0;0.0;0.03;0.0;0.0;0.32;3;1;0.0
5681;cal000201;cal;coro-2 coro-3 fe albedrio idolatria sinagoga gentilidad judaismo apostasia mundo;unknown;UNKNOWN;u;1;1;1;1;0;0;0;0;1.0;0.0;0.0;0.0;0.0;0.0;0.0;0.0;0.0;0.03;0.0;0.0;0.32;0;0;0.0
5682;cal000201;cal;coro-2 coro-3 fe albedrio sinagoga gentilidad judaismo mundo apostasia idolatria;unknown;UNKNOWN;u;1;1;1;1;0;0;0;0;1.0;0.0;0.0;0.0;0.0;0.0;0.0;0.0;0.0;0.03;0.0;0.0;0.32;0;0;0.0
5683;cal000201;cal;coro-2 coro-3 albedrio sinagoga idolatria cupido mundo apostasia gentilidad judaismo fe;unknown;UNKNOWN;u;1;1;1;1;0;0;0;0;1.0;0.0;0.0;0.0;0.0;0.0;0.0;0.0;0.0;0.03;0.0;0.0;0.39;2;1;0.0
5684;cal000201;cal;gentilidad idolatria;unknown;UNKNOWN;u;1;1;1;2;0;0;0;0;1.0;0.0;0.0;0.0;0.0;0.0;0.0;0.0;0.0;0.03;0.0;0.0;0.39;0;1;0.0
5685;cal000201;cal;coro-2 coro-3 apostasia envidia sinagoga judaismo gentilidad idolatria fe albedrio mundo;unknown;UNKNOWN;u;1;1;1;1;0;0;0;0;1.0;0.0;0.0;0.0;0.0;0.0;0.0;0.0;0.0;0.03;0.0;0.0;0.39;0;0;0.0
5686;cal000201;cal;coro-2 coro-3 envidia sinagoga judaismo gentilidad idolatria albedrio apostasia mundo fe;unknown;UNKNOWN;u;1;1;1;1;0;0;0;0;1.0;0.0;0.0;0.0;0.0;0.0;0.0;0.0;0.0;0.03;0.0;0.0;0.39;0;0;0.0
5687;cal000201;cal;coro-2 coro-3 envidia sinagoga judaismo gentilidad idolatria apostasia mundo fe albedrio;unknown;UNKNOWN;u;1;1;1;2;0;0;0;0;1.0;0.0;0.0;0.0;0.0;0.0;0.0;0.0;0.0;0.03;0.0;0.0;0.39;0;0;0.0
5688;cal000201;cal;coro-1 coro-2;unknown;UNKNOWN;u;1;1;1;2;0;0;0;0;1.0;0.0;0.0;0.0;0.0;0.0;0.0;0.0;0.0;0.03;0.0;0.0;0.13;0;0;0.0
5689;cal000201;cal;acompanamiento;unknown;UNKNOWN;u;1;3;7;11;0;0;0;0;1.0;0.0;0.0;0.0;0.0;0.0;0.0;0.0;0.0;0.1;0.02;0.01;0.23;0;1;0.0
5690;cal000201;cal;cupido envidia sinagoga judaismo gentilidad idolatria apostasia mundo coro-1 coro-2 albedrio fe acompanamiento;unknown;UNKNOWN;u;1;1;1;2;0;0;0;0;1.0;0.0;0.0;0.0;0.0;0.0;0.0;0.0;0.0;0.03;0.0;0.0;0.16;1;2;0.0
5691;cal000201;cal;sinagoga judaismo idolatria apostasia acompanamiento mundo envidia gentilidad;unknown;UNKNOWN;u;1;1;1;1;0;0;0;0;1.0;0.0;0.0;0.0;0.0;0.0;0.0;0.0;0.0;0.03;0.0;0.0;0.1;0;0;0.0
5692;cal000201;cal;acompanamiento albedrio envidia mundo judaismo gentilidad sinagoga idolatria apostasia fe;unknown;UNKNOWN;u;1;1;1;1;0;0;0;0;1.0;0.0;0.0;0.0;0.0;0.0;0.0;0.0;0.0;0.03;0.0;0.0;0.26;0;0;0.0
5693;cal000201;cal;coro-1 coro-2 acompanamiento envidia mundo gentilidad judaismo sinagoga idolatria albedrio apostasia fe cupido musicos;unknown;UNKNOWN;u;1;1;2;2;0;0;0;0;1.0;0.0;0.0;0.0;0.0;0.0;0.0;0.0;0.0;0.03;0.01;0.0;0.16;0;0;0.0
5694;cal000201;cal;coro-1 coro-2 envidia mundo gentilidad judaismo sinagoga idolatria albedrio apostasia fe cupido musicos acompanamiento;unknown;UNKNOWN;u;1;1;1;4;0;0;0;0;1.0;0.0;0.0;0.0;0.0;0.0;0.0;0.0;0.0;0.03;0.0;0.0;0.16;0;0;0.0
5695;cal000201;cal;coro-1 coro-2 envidia musicos acompanamiento cupido fe albedrio gentilidad idolatria judaismo sinagoga mundo apostasia;unknown;UNKNOWN;u;1;1;1;2;0;0;0;0;1.0;0.0;0.0;0.0;0.0;0.0;0.0;0.0;0.0;0.03;0.0;0.0;0.32;0;0;0.0
5696;cal000201;cal;coro-1 coro-2 envidia musicos acompanamiento albedrio sinagoga judaismo gentilidad idolatria apostasia mundo cupido fe;unknown;UNKNOWN;u;1;1;1;2;0;0;0;0;1.0;0.0;0.0;0.0;0.0;0.0;0.0;0.0;0.0;0.03;0.0;0.0;0.32;0;0;0.0
5697;cal000052;cal;dos-hombres;unknown;Dos hombres;MALE;1;5;6;8;0;0;0;0;1.0;0.0;0.0;0.0;0.0;0.0;0.0;0.0;0.0;0.11;0.01;0.0;0.29;2;0;0.02
5698;cal000052;cal;villanos;unknown;Villanos;MALE;1;1;1;2;0;0;0;0;1.0;0.0;0.0;0.0;0.0;0.0;0.0;0.0;0.0;0.02;0.0;0.0;0.12;0;1;0.0
5699;cal000052;cal;sabiduría;unknown;La Sabiduría;FEMALE;1;5;16;220;0;0;0;0;1.0;0.0;0.0;0.0;0.0;0.0;0.0;0.0;0.0;0.11;0.04;0.11;0.63;6;2;0.06
5700;cal000052;cal;mundo;unknown;El Mundo;MALE;1;5;18;204;0;0;0;0;1.0;0.0;0.0;0.0;0.0;0.0;0.0;0.0;0.0;0.11;0.04;0.1;0.56;5;2;0.06
5701;cal000052;cal;prudencia;unknown;La Prudencia;FEMALE;1;6;20;73;0;0;0;0;1.0;0.0;0.0;0.0;0.0;0.0;0.0;0.0;0.0;0.14;0.05;0.04;0.58;6;4;0.04
5702;cal000052;cal;barac;unknown;Barac;MALE;1;7;19;132;0;0;0;0;1.0;0.0;0.0;0.0;0.0;0.0;0.0;0.0;0.0;0.16;0.05;0.07;0.62;7;3;0.08
5703;cal000052;cal;templanza;unknown;La Templanza;FEMALE;1;7;14;60;0;0;0;0;1.0;0.0;0.0;0.0;0.0;0.0;0.0;0.0;0.0;0.16;0.03;0.03;0.5;3;2;0.01
5704;cal000052;cal;sísara;unknown;Sísara;FEMALE;1;12;45;284;0;0;0;0;1.0;0.0;0.0;0.0;0.0;0.0;0.0;0.0;0.0;0.27;0.11;0.14;0.54;3;3;0.04
5705;cal000052;cal;justicia;unknown;La Justicia;FEMALE;1;7;24;82;0;0;0;0;1.0;0.0;0.0;0.0;0.0;0.0;0.0;0.0;0.0;0.16;0.06;0.04;0.56;5;3;0.03
5706;cal000052;cal;jael;unknown;La Jael;FEMALE;1;15;50;225;0;0;0;0;1.0;0.0;0.0;0.0;0.0;0.0;0.0;0.0;0.0;0.34;0.12;0.11;0.63;0;0;0.07
5707;cal000052;cal;fortaleza;unknown;La Fortaleza;FEMALE;1;6;16;69;0;0;0;0;1.0;0.0;0.0;0.0;0.0;0.0;0.0;0.0;0.0;0.14;0.04;0.03;0.5;2;2;0.01
5708;cal000052;cal;haber;unknown;Haber;MALE;1;6;15;67;0;0;0;0;1.0;0.0;0.0;0.0;0.0;0.0;0.0;0.0;0.0;0.14;0.04;0.03;0.13;2;1;0.0
5709;cal000052;cal;débora;unknown;La Débora;FEMALE;1;15;60;232;0;0;0;0;1.0;0.0;0.0;0.0;0.0;0.0;0.0;0.0;0.0;0.34;0.14;0.12;0.79;5;4;0.18
5710;cal000052;cal;morfuz;unknown;El Morfuz;MALE;1;6;24;114;0;0;0;0;1.0;0.0;0.0;0.0;0.0;0.0;0.0;0.0;0.0;0.14;0.06;0.06;0.52;1;0;0.04
5711;cal000052;cal;música;unknown;Música;UNKNOWN;1;5;7;10;0;0;0;0;1.0;0.0;0.0;0.0;0.0;0.0;0.0;0.0;0.0;0.11;0.02;0.01;0.56;7;0;0.07
5712;cal000052;cal;soldado;unknown;Soldado;MALE;1;3;3;19;0;0;0;0;1.0;0.0;0.0;0.0;0.0;0.0;0.0;0.0;0.0;0.07;0.01;0.01;0.08;1;3;0.0
5713;cal000052;cal;hombre-1;unknown;Hombre 1;MALE;1;3;3;10;0;0;0;0;1.0;0.0;0.0;0.0;0.0;0.0;0.0;0.0;0.0;0.07;0.01;0.01;0.12;0;1;0.0
5714;cal000052;cal;hombre-2;unknown;Hombre 2;MALE;1;3;3;10;0;0;0;0;1.0;0.0;0.0;0.0;0.0;0.0;0.0;0.0;0.0;0.07;0.01;0.01;0.1;0;0;0.0
5715;cal000052;cal;mujer;unknown;Mujer;FEMALE;1;2;4;41;0;0;0;0;1.0;0.0;0.0;0.0;0.0;0.0;0.0;0.0;0.0;0.05;0.01;0.02;0.08;0;2;0.0
5716;cal000052;cal;fama;unknown;Fama;FEMALE;1;2;4;18;0;0;0;0;1.0;0.0;0.0;0.0;0.0;0.0;0.0;0.0;0.0;0.05;0.01;0.01;0.48;8;4;0.02
5717;cal000052;cal;sabiduría música;unknown;UNKNOWN;u;1;2;2;4;0;0;0;0;1.0;0.0;0.0;0.0;0.0;0.0;0.0;0.0;0.0;0.05;0.0;0.0;0.31;4;0;0.01
5718;cal000052;cal;fortaleza justicia templanza prudencia música;unknown;UNKNOWN;u;1;2;2;7;0;0;0;0;1.0;0.0;0.0;0.0;0.0;0.0;0.0;0.0;0.0;0.05;0.0;0.0;0.15;0;0;0.0
5719;cal000052;cal;fortaleza justicia templanza prudencia;unknown;UNKNOWN;u;1;2;3;3;0;0;0;0;1.0;0.0;0.0;0.0;0.0;0.0;0.0;0.0;0.0;0.05;0.01;0.0;0.46;3;2;0.01
5720;cal000052;cal;fortaleza justicia templanza prudencia música sabiduría;unknown;UNKNOWN;u;1;1;1;2;0;0;0;0;1.0;0.0;0.0;0.0;0.0;0.0;0.0;0.0;0.0;0.02;0.0;0.0;0.13;0;0;0.0
5721;cal000052;cal;dos-hombres barac;unknown;UNKNOWN;u;1;2;4;4;0;0;0;0;1.0;0.0;0.0;0.0;0.0;0.0;0.0;0.0;0.0;0.05;0.01;0.0;0.08;0;1;0.0
5722;cal000052;cal;débora haber;unknown;UNKNOWN;u;1;3;3;3;0;0;0;0;1.0;0.0;0.0;0.0;0.0;0.0;0.0;0.0;0.0;0.07;0.01;0.0;0.17;0;1;0.01
5723;cal000052;cal;jael turpín;unknown;UNKNOWN;u;1;1;1;1;0;0;0;0;1.0;0.0;0.0;0.0;0.0;0.0;0.0;0.0;0.0;0.02;0.0;0.0;0.08;0;0;0.0
5724;cal000052;cal;débora haber barac villanos;unknown;UNKNOWN;u;1;1;1;1;0;0;0;0;1.0;0.0;0.0;0.0;0.0;0.0;0.0;0.0;0.0;0.02;0.0;0.0;0.12;0;1;0.0
5725;cal000052;cal;débora haber villanos morfuz;unknown;UNKNOWN;u;1;1;4;6;0;0;0;0;1.0;0.0;0.0;0.0;0.0;0.0;0.0;0.0;0.0;0.02;0.01;0.0;0.12;0;0;0.0
5726;cal000052;cal;fortaleza templanza;unknown;UNKNOWN;u;1;2;3;6;0;0;0;0;1.0;0.0;0.0;0.0;0.0;0.0;0.0;0.0;0.0;0.05;0.01;0.0;0.25;0;1;0.0
5727;cal000052;cal;débora turpín;unknown;UNKNOWN;u;1;1;1;3;0;0;0;0;1.0;0.0;0.0;0.0;0.0;0.0;0.0;0.0;0.0;0.02;0.0;0.0;0.08;0;1;0.0
5728;cal000052;cal;barac débora;unknown;UNKNOWN;u;1;1;2;2;0;0;0;0;1.0;0.0;0.0;0.0;0.0;0.0;0.0;0.0;0.0;0.02;0.0;0.0;0.12;0;0;0.0
5729;cal000052;cal;prudencia justicia;unknown;UNKNOWN;u;1;1;2;4;0;0;0;0;1.0;0.0;0.0;0.0;0.0;0.0;0.0;0.0;0.0;0.02;0.0;0.0;0.12;0;0;0.0
5730;cal000052;cal;prudencia justicia débora barac;unknown;UNKNOWN;u;1;1;1;10;0;0;0;0;1.0;0.0;0.0;0.0;0.0;0.0;0.0;0.0;0.0;0.02;0.0;0.01;0.12;0;0;0.0
5731;cal000052;cal;justicia prudencia fortaleza templanza;unknown;UNKNOWN;u;1;2;5;11;0;0;0;0;1.0;0.0;0.0;0.0;0.0;0.0;0.0;0.0;0.0;0.05;0.01;0.01;0.21;2;1;0.0
5732;cal000052;cal;justicia prudencia;unknown;UNKNOWN;u;1;1;3;3;0;0;0;0;1.0;0.0;0.0;0.0;0.0;0.0;0.0;0.0;0.0;0.02;0.01;0.0;0.21;0;1;0.0
5733;cal000052;cal;débora justicia prudencia;unknown;UNKNOWN;u;1;1;2;3;0;0;0;0;1.0;0.0;0.0;0.0;0.0;0.0;0.0;0.0;0.0;0.02;0.0;0.0;0.21;0;1;0.0
5734;cal000052;cal;jael fortaleza templanza;unknown;UNKNOWN;u;1;1;2;3;0;0;0;0;1.0;0.0;0.0;0.0;0.0;0.0;0.0;0.0;0.0;0.02;0.0;0.0;0.21;0;1;0.0
5735;cal000052;cal;jael débora;unknown;UNKNOWN;u;1;1;1;2;0;0;0;0;1.0;0.0;0.0;0.0;0.0;0.0;0.0;0.0;0.0;0.02;0.0;0.0;0.21;0;1;0.0
5736;cal000052;cal;débora jael;unknown;UNKNOWN;u;1;1;1;1;0;0;0;0;1.0;0.0;0.0;0.0;0.0;0.0;0.0;0.0;0.0;0.02;0.0;0.0;0.21;0;0;0.0
5737;cal000052;cal;mujer hombre-1;unknown;UNKNOWN;u;1;2;3;3;0;0;0;0;1.0;0.0;0.0;0.0;0.0;0.0;0.0;0.0;0.0;0.05;0.01;0.0;0.12;0;1;0.0
5738;cal000052;cal;turpín hombre-2;unknown;UNKNOWN;u;1;2;3;3;0;0;0;0;1.0;0.0;0.0;0.0;0.0;0.0;0.0;0.0;0.0;0.05;0.01;0.0;0.12;0;1;0.0
5739;cal000052;cal;mujer hombre-1 turpín hombre-2;unknown;UNKNOWN;u;1;1;3;3;0;0;0;0;1.0;0.0;0.0;0.0;0.0;0.0;0.0;0.0;0.0;0.02;0.01;0.0;0.08;1;1;0.0
5740;cal000052;cal;justicia templanza prudencia barac mundo débora;unknown;UNKNOWN;u;1;1;2;2;0;0;0;0;1.0;0.0;0.0;0.0;0.0;0.0;0.0;0.0;0.0;0.02;0.0;0.0;0.42;3;1;0.0
5741;cal000052;cal;fortaleza prudencia;unknown;UNKNOWN;u;1;1;1;1;0;0;0;0;1.0;0.0;0.0;0.0;0.0;0.0;0.0;0.0;0.0;0.02;0.0;0.0;0.42;1;1;0.0
5742;cal000052;cal;justicia barac;unknown;UNKNOWN;u;1;1;1;1;0;0;0;0;1.0;0.0;0.0;0.0;0.0;0.0;0.0;0.0;0.0;0.02;0.0;0.0;0.42;1;1;0.0
5743;cal000052;cal;templanza mundo;unknown;UNKNOWN;u;1;1;1;1;0;0;0;0;1.0;0.0;0.0;0.0;0.0;0.0;0.0;0.0;0.0;0.02;0.0;0.0;0.42;1;1;0.0
5744;cal000052;cal;jael sísara;unknown;UNKNOWN;u;1;1;1;1;0;0;0;0;1.0;0.0;0.0;0.0;0.0;0.0;0.0;0.0;0.0;0.02;0.0;0.0;0.42;1;1;0.0
5745;cal000052;cal;fortaleza justicia templanza prudencia barac mundo jael sísara;unknown;UNKNOWN;u;1;1;1;1;0;0;0;0;1.0;0.0;0.0;0.0;0.0;0.0;0.0;0.0;0.0;0.02;0.0;0.0;0.42;1;1;0.0
5746;cal000052;cal;prudencia justicia templanza;unknown;UNKNOWN;u;1;1;1;1;0;0;0;0;1.0;0.0;0.0;0.0;0.0;0.0;0.0;0.0;0.0;0.02;0.0;0.0;0.42;0;1;0.0
5747;cal000052;cal;prudencia justicia templanza música;unknown;UNKNOWN;u;1;1;1;4;0;0;0;0;1.0;0.0;0.0;0.0;0.0;0.0;0.0;0.0;0.0;0.02;0.0;0.0;0.42;0;1;0.0
5748;cal000052;cal;fortaleza prudencia justicia templanza sísara morfuz jael débora mundo sabiduría música;unknown;UNKNOWN;u;1;1;1;4;0;0;0;0;1.0;0.0;0.0;0.0;0.0;0.0;0.0;0.0;0.0;0.02;0.0;0.0;0.42;0;0;0.0
5749;cal000149;cal;laura;unknown;Doña Laura;FEMALE;3;11;38;166;0;0;0;0;0.63;0.36;0.01;0.0;0.0;0.0;0.0;0.0;0.0;0.19;0.08;0.05;0.69;2;1;0.08
5750;cal000149;cal;jacinta;unknown;Doña Jacinta;FEMALE;2;3;7;37;0;0;0;0;0.51;0.49;0.0;0.0;0.0;0.0;0.0;0.0;0.0;0.05;0.02;0.01;0.31;1;1;0.0
5751;cal000149;cal;hipólita;unknown;Doña Hipólita;FEMALE;3;14;57;384;0;0;0;0;0.44;0.29;0.27;0.0;0.0;0.0;0.0;0.0;0.0;0.24;0.13;0.13;0.69;1;2;0.08
5752;cal000149;cal;conde;unknown;El Conde Don Pedro de Lara;MALE;3;21;68;587;0;0;0;0;0.3;0.39;0.32;0.0;0.0;0.0;0.0;0.0;0.0;0.36;0.15;0.19;0.62;1;2;0.02
5753;cal000149;cal;álvaro;unknown;Don Álvaro de Ataide;MALE;3;24;81;822;0;0;0;0;0.41;0.29;0.3;0.0;0.0;0.0;0.0;0.0;0.0;0.41;0.18;0.27;0.85;0;1;0.19
5754;cal000149;cal;garcía;unknown;García;MALE;3;20;73;399;0;0;0;0;0.34;0.35;0.31;0.0;0.0;0.0;0.0;0.0;0.0;0.34;0.16;0.13;0.69;2;2;0.25
5755;cal000149;cal;rey;unknown;El Rey;MALE;3;12;52;394;0;0;0;0;0.27;0.1;0.62;0.0;0.0;0.0;0.0;0.0;0.0;0.2;0.12;0.13;0.54;2;4;0.01
5756;cal000149;cal;ordoño;unknown;Ordoño;MALE;3;7;13;29;0;0;0;0;0.17;0.55;0.28;0.0;0.0;0.0;0.0;0.0;0.0;0.12;0.03;0.01;0.38;0;2;0.0
5757;cal000149;cal;íñigo;unknown;Íñigo;MALE;3;9;17;77;0;0;0;0;0.4;0.44;0.16;0.0;0.0;0.0;0.0;0.0;0.0;0.15;0.04;0.03;0.62;2;5;0.02
5758;cal000149;cal;julio;unknown;Julio;MALE;2;11;24;77;0;0;0;0;0.0;0.86;0.14;0.0;0.0;0.0;0.0;0.0;0.0;0.19;0.05;0.03;0.46;0;3;0.05
5759;cal000149;cal;fabio;unknown;Fabio;MALE;1;1;4;17;0;0;0;0;0.0;1.0;0.0;0.0;0.0;0.0;0.0;0.0;0.0;0.02;0.01;0.01;0.15;0;2;0.0
5760;cal000149;cal;lucindo;unknown;Lucindo;MALE;1;1;2;11;0;0;0;0;0.0;1.0;0.0;0.0;0.0;0.0;0.0;0.0;0.0;0.02;0.0;0.0;0.08;0;1;0.0
5761;cal000149;cal;licia;unknown;Licia;FEMALE;1;4;12;43;0;0;0;0;0.0;1.0;0.0;0.0;0.0;0.0;0.0;0.0;0.0;0.07;0.03;0.01;0.23;1;1;0.0
5762;cal000149;cal;dentro;unknown;UNKNOWN;u;1;1;1;1;0;0;0;0;1.0;0.0;0.0;0.0;0.0;0.0;0.0;0.0;0.0;0.02;0.0;0.0;0.31;0;1;0.0
5763;cal000053;cal;música;unknown;Músicos;UNKNOWN;1;4;8;15;0;0;0;0;1.0;0.0;0.0;0.0;0.0;0.0;0.0;0.0;0.0;0.09;0.02;0.01;0.35;4;1;0.05
5764;cal000053;cal;castidad;unknown;La Castidad;FEMALE;1;4;9;234;0;0;0;0;1.0;0.0;0.0;0.0;0.0;0.0;0.0;0.0;0.0;0.09;0.02;0.1;0.04;0;0;0.0
5765;cal000053;cal;asenet;unknown;Asenet;MALE;1;7;27;108;0;0;0;0;1.0;0.0;0.0;0.0;0.0;0.0;0.0;0.0;0.0;0.16;0.06;0.05;0.33;2;1;0.04
5766;cal000053;cal;sueño;unknown;El Sueño;MALE;1;7;17;220;0;0;0;0;1.0;0.0;0.0;0.0;0.0;0.0;0.0;0.0;0.0;0.16;0.04;0.1;0.25;3;2;0.08
5767;cal000053;cal;sombra-1;unknown;Sombra Primera;FEMALE;1;2;7;20;0;0;0;0;1.0;0.0;0.0;0.0;0.0;0.0;0.0;0.0;0.0;0.05;0.02;0.01;0.17;1;1;0.0
5768;cal000053;cal;sombra-2;unknown;Sombra Segunda;FEMALE;1;2;7;20;0;0;0;0;1.0;0.0;0.0;0.0;0.0;0.0;0.0;0.0;0.0;0.05;0.02;0.01;0.17;0;1;0.0
5769;cal000053;cal;copero;unknown;El Copero;MALE;1;14;53;187;0;0;0;0;1.0;0.0;0.0;0.0;0.0;0.0;0.0;0.0;0.0;0.32;0.12;0.08;0.69;2;9;0.21
5770;cal000053;cal;panadero;unknown;El Panadero;MALE;1;5;26;93;0;0;0;0;1.0;0.0;0.0;0.0;0.0;0.0;0.0;0.0;0.0;0.11;0.06;0.04;0.17;2;0;0.01
5771;cal000053;cal;alcaide;unknown;El Alcaide;MALE;1;1;3;22;0;0;0;0;1.0;0.0;0.0;0.0;0.0;0.0;0.0;0.0;0.0;0.02;0.01;0.01;0.04;0;2;0.0
5772;cal000053;cal;rubén;unknown;Rubén;MALE;1;8;25;176;0;0;0;0;1.0;0.0;0.0;0.0;0.0;0.0;0.0;0.0;0.0;0.18;0.06;0.08;0.56;0;12;0.05
5773;cal000053;cal;judás;unknown;Judás;MALE;1;7;8;18;0;0;0;0;1.0;0.0;0.0;0.0;0.0;0.0;0.0;0.0;0.0;0.16;0.02;0.01;0.54;0;10;0.04
5774;cal000053;cal;gad;unknown;Gad;MALE;1;3;3;7;0;0;0;0;1.0;0.0;0.0;0.0;0.0;0.0;0.0;0.0;0.0;0.07;0.01;0.0;0.48;0;2;0.02
5775;cal000053;cal;aser;unknown;Aser;MALE;1;1;1;2;0;0;0;0;1.0;0.0;0.0;0.0;0.0;0.0;0.0;0.0;0.0;0.02;0.0;0.0;0.17;0;0;0.0
5776;cal000053;cal;neftalí;unknown;Neftalí;MALE;1;2;2;5;0;0;0;0;1.0;0.0;0.0;0.0;0.0;0.0;0.0;0.0;0.0;0.05;0.0;0.0;0.38;0;5;0.01
5777;cal000053;cal;manasés;unknown;Manasés;MALE;1;2;2;4;0;0;0;0;1.0;0.0;0.0;0.0;0.0;0.0;0.0;0.0;0.0;0.05;0.0;0.0;0.38;0;4;0.01
5778;cal000053;cal;simeón;unknown;Simeón;MALE;1;4;5;6;0;0;0;0;1.0;0.0;0.0;0.0;0.0;0.0;0.0;0.0;0.0;0.09;0.01;0.0;0.48;0;5;0.02
5779;cal000053;cal;leví;unknown;Leví;MALE;1;2;2;6;0;0;0;0;1.0;0.0;0.0;0.0;0.0;0.0;0.0;0.0;0.0;0.05;0.0;0.0;0.38;0;2;0.01
5780;cal000053;cal;isacar;unknown;Isacar;MALE;1;3;3;4;0;0;0;0;1.0;0.0;0.0;0.0;0.0;0.0;0.0;0.0;0.0;0.07;0.01;0.0;0.4;0;8;0.02
5781;cal000053;cal;zabulón;unknown;Zabulón;MALE;1;1;1;1;0;0;0;0;1.0;0.0;0.0;0.0;0.0;0.0;0.0;0.0;0.0;0.02;0.0;0.0;0.17;0;6;0.0
5782;cal000053;cal;josef;unknown;Josef;MALE;1;26;112;635;0;0;0;0;1.0;0.0;0.0;0.0;0.0;0.0;0.0;0.0;0.0;0.59;0.26;0.28;0.79;2;15;0.32
5783;cal000053;cal;benjamín;unknown;Benjamín;MALE;1;6;16;99;0;0;0;0;1.0;0.0;0.0;0.0;0.0;0.0;0.0;0.0;0.0;0.14;0.04;0.04;0.38;0;6;0.01
5784;cal000053;cal;rey;unknown;El Rey;MALE;1;6;27;170;0;0;0;0;1.0;0.0;0.0;0.0;0.0;0.0;0.0;0.0;0.0;0.14;0.06;0.07;0.27;0;0;0.03
5785;cal000053;cal;jacob;unknown;Jacob;MALE;1;3;10;80;0;0;0;0;1.0;0.0;0.0;0.0;0.0;0.0;0.0;0.0;0.0;0.07;0.02;0.03;0.15;2;4;0.01
5786;cal000053;cal;la-fe;unknown;La Fe;FEMALE;1;1;1;4;0;0;0;0;1.0;0.0;0.0;0.0;0.0;0.0;0.0;0.0;0.0;0.02;0.0;0.0;0.15;0;4;0.0
5787;cal000053;cal;bato;unknown;Bato;MALE;1;3;11;76;0;0;0;0;1.0;0.0;0.0;0.0;0.0;0.0;0.0;0.0;0.0;0.07;0.03;0.03;0.35;0;8;0.0
5788;cal000053;cal;dama-1;unknown;Dama 1;FEMALE;1;1;1;6;0;0;0;0;1.0;0.0;0.0;0.0;0.0;0.0;0.0;0.0;0.0;0.02;0.0;0.0;0.08;1;1;0.0
5789;cal000053;cal;dama-2;unknown;Dama 2;FEMALE;1;1;1;4;0;0;0;0;1.0;0.0;0.0;0.0;0.0;0.0;0.0;0.0;0.0;0.02;0.0;0.0;0.08;0;1;0.0
5790;cal000053;cal;aser neftalí manasés leví isacar asenet rubén judás benjamín gad simeón josef jacob bato sombra-1 sombra-2 la-fe panadero alcaide zabulón rey copero;unknown;UNKNOWN;u;1;1;1;5;0;0;0;0;1.0;0.0;0.0;0.0;0.0;0.0;0.0;0.0;0.0;0.02;0.0;0.0;0.04;0;0;0.0
5791;cal000053;cal;copero panadero;unknown;UNKNOWN;u;1;1;1;2;0;0;0;0;1.0;0.0;0.0;0.0;0.0;0.0;0.0;0.0;0.0;0.02;0.0;0.0;0.04;0;2;0.0
5792;cal000053;cal;sueño música;unknown;UNKNOWN;u;1;1;1;3;0;0;0;0;1.0;0.0;0.0;0.0;0.0;0.0;0.0;0.0;0.0;0.02;0.0;0.0;0.0;0;0;0.0
5793;cal000053;cal;aser neftalí manasés leví isacar asenet rubén judás benjamín gad simeón josef jacob bato sombra-1 sombra-2 la-fe alcaide zabulón rey música;unknown;UNKNOWN;u;1;1;1;3;0;0;0;0;1.0;0.0;0.0;0.0;0.0;0.0;0.0;0.0;0.0;0.02;0.0;0.0;0.1;0;0;0.0
5794;cal000053;cal;panadero copero;unknown;UNKNOWN;u;1;1;4;5;0;0;0;0;1.0;0.0;0.0;0.0;0.0;0.0;0.0;0.0;0.0;0.02;0.01;0.0;0.06;0;0;0.0
5795;cal000053;cal;josef rubén isacar manasés;unknown;UNKNOWN;u;1;1;1;3;0;0;0;0;1.0;0.0;0.0;0.0;0.0;0.0;0.0;0.0;0.0;0.02;0.0;0.0;0.06;0;0;0.0
5796;cal000053;cal;copero asenet;unknown;UNKNOWN;u;1;1;1;1;0;0;0;0;1.0;0.0;0.0;0.0;0.0;0.0;0.0;0.0;0.0;0.02;0.0;0.0;0.13;0;0;0.0
5797;cal000053;cal;dama-1 dama-2 música;unknown;UNKNOWN;u;1;1;1;1;0;0;0;0;1.0;0.0;0.0;0.0;0.0;0.0;0.0;0.0;0.0;0.02;0.0;0.0;0.13;0;0;0.0
5798;cal000053;cal;asenet copero dama-1 dama-2 música;unknown;UNKNOWN;u;1;1;2;3;0;0;0;0;1.0;0.0;0.0;0.0;0.0;0.0;0.0;0.0;0.0;0.02;0.0;0.0;0.13;0;0;0.0
5799;cal000053;cal;leví simeón manasés neftalí aser;unknown;UNKNOWN;u;1;1;3;6;0;0;0;0;1.0;0.0;0.0;0.0;0.0;0.0;0.0;0.0;0.0;0.02;0.01;0.0;0.19;0;6;0.0
5800;cal000053;cal;gad zabulón isacar judás rubén;unknown;UNKNOWN;u;1;1;3;5;0;0;0;0;1.0;0.0;0.0;0.0;0.0;0.0;0.0;0.0;0.0;0.02;0.01;0.0;0.19;0;6;0.0
5801;cal000053;cal;leví simeón manasés neftalí aser gad zabulón isacar judás rubén copero josef música;unknown;UNKNOWN;u;1;1;1;2;0;0;0;0;1.0;0.0;0.0;0.0;0.0;0.0;0.0;0.0;0.0;0.02;0.0;0.0;0.19;0;5;0.0
5802;cal000053;cal;leví simeón manasés neftalí aser gad zabulón isacar judás rubén;unknown;UNKNOWN;u;1;1;4;6;0;0;0;0;1.0;0.0;0.0;0.0;0.0;0.0;0.0;0.0;0.0;0.02;0.01;0.0;0.19;0;4;0.0
5803;cal000053;cal;leví simeón manasés neftalí aser gad zabulón isacar judás;unknown;UNKNOWN;u;1;1;1;1;0;0;0;0;1.0;0.0;0.0;0.0;0.0;0.0;0.0;0.0;0.0;0.02;0.0;0.0;0.19;0;4;0.0
5804;cal000053;cal;leví simeón manasés neftalí aser gad zabulón isacar judás rubén bato benjamín;unknown;UNKNOWN;u;1;1;1;1;0;0;0;0;1.0;0.0;0.0;0.0;0.0;0.0;0.0;0.0;0.0;0.02;0.0;0.0;0.08;0;4;0.0
5805;cal000053;cal;leví simeón manasés neftalí aser gad zabulón isacar judás rubén benjamín bato;unknown;UNKNOWN;u;1;1;1;1;0;0;0;0;1.0;0.0;0.0;0.0;0.0;0.0;0.0;0.0;0.0;0.02;0.0;0.0;0.04;0;1;0.0
5806;cal000053;cal;leví simeón manasés neftalí aser gad zabulón isacar judás rubén jacob benjamín;unknown;UNKNOWN;u;1;1;2;2;0;0;0;0;1.0;0.0;0.0;0.0;0.0;0.0;0.0;0.0;0.0;0.02;0.0;0.0;0.35;0;11;0.0
5807;cal000053;cal;leví simeón manasés neftalí aser gad zabulón isacar judás rubén bato jacob benjamín asenet;unknown;UNKNOWN;u;1;1;1;1;0;0;0;0;1.0;0.0;0.0;0.0;0.0;0.0;0.0;0.0;0.0;0.02;0.0;0.0;0.35;0;9;0.0
5808;cal000053;cal;leví simeón manasés neftalí aser gad zabulón isacar judás rubén bato jacob asenet;unknown;UNKNOWN;u;1;1;2;7;0;0;0;0;1.0;0.0;0.0;0.0;0.0;0.0;0.0;0.0;0.0;0.02;0.0;0.0;0.35;0;8;0.0
5809;cal000053;cal;judás simeón leví gad;unknown;UNKNOWN;u;1;1;1;1;0;0;0;0;1.0;0.0;0.0;0.0;0.0;0.0;0.0;0.0;0.0;0.02;0.0;0.0;0.35;0;0;0.0
5810;cal000053;cal;leví simeón manasés neftalí aser benjamín;unknown;UNKNOWN;u;1;1;2;2;0;0;0;0;1.0;0.0;0.0;0.0;0.0;0.0;0.0;0.0;0.0;0.02;0.0;0.0;0.35;0;0;0.0
5811;cal000053;cal;gad zabulón isacar judás rubén jacob;unknown;UNKNOWN;u;1;1;2;2;0;0;0;0;1.0;0.0;0.0;0.0;0.0;0.0;0.0;0.0;0.0;0.02;0.0;0.0;0.35;0;0;0.0
5812;cal000053;cal;leví simeón manasés neftalí aser benjamín gad zabulón isacar judás rubén jacob;unknown;UNKNOWN;u;1;1;1;1;0;0;0;0;1.0;0.0;0.0;0.0;0.0;0.0;0.0;0.0;0.0;0.02;0.0;0.0;0.35;0;0;0.0
5813;cal000053;cal;jacob sombra-1 rey josef la-fe;unknown;UNKNOWN;u;1;1;1;1;0;0;0;0;1.0;0.0;0.0;0.0;0.0;0.0;0.0;0.0;0.0;0.02;0.0;0.0;0.15;0;0;0.0
5814;cal000053;cal;bato sombra-2 sueño asenet;unknown;UNKNOWN;u;1;1;1;2;0;0;0;0;1.0;0.0;0.0;0.0;0.0;0.0;0.0;0.0;0.0;0.02;0.0;0.0;0.15;0;0;0.0
5815;cal000053;cal;jacob sombra-1 rey josef la-fe bato sombra-2 sueño asenet;unknown;UNKNOWN;u;1;1;1;1;0;0;0;0;1.0;0.0;0.0;0.0;0.0;0.0;0.0;0.0;0.0;0.02;0.0;0.0;0.15;0;0;0.0
5816;cal000150;cal;un-alguacil;unknown;Alguaciles;MALE;1;1;1;2;0;0;0;0;0.0;1.0;0.0;0.0;0.0;0.0;0.0;0.0;0.0;0.01;0.0;0.0;0.12;0;2;0.0
5817;cal000150;cal;don-juan;unknown;Don Juan;MALE;3;21;98;521;0;0;0;0;0.08;0.37;0.55;0.0;0.0;0.0;0.0;0.0;0.0;0.22;0.08;0.12;0.82;0;3;0.08
5818;cal000150;cal;isabel;unknown;Isabel;FEMALE;3;29;85;265;0;0;0;0;0.28;0.37;0.35;0.0;0.0;0.0;0.0;0.0;0.0;0.31;0.07;0.06;0.53;2;3;0.01
5819;cal000150;cal;simón;unknown;Simón;MALE;3;30;147;402;0;0;0;0;0.24;0.46;0.3;0.0;0.0;0.0;0.0;0.0;0.0;0.32;0.13;0.09;0.71;2;1;0.02
5820;cal000150;cal;don-félix;unknown;Don Félix;MALE;3;50;316;1131;0;0;0;0;0.24;0.4;0.36;0.0;0.0;0.0;0.0;0.0;0.0;0.53;0.27;0.26;0.82;2;4;0.09
5821;cal000150;cal;inés;unknown;Inés;FEMALE;2;7;38;79;0;0;0;0;0.0;0.84;0.16;0.0;0.0;0.0;0.0;0.0;0.0;0.07;0.03;0.02;0.24;0;2;0.0
5822;cal000150;cal;leonor;unknown;Leonor;FEMALE;3;18;64;275;0;0;0;0;0.41;0.18;0.41;0.0;0.0;0.0;0.0;0.0;0.0;0.19;0.05;0.06;0.71;0;5;0.02
5823;cal000150;cal;don-pedro;unknown;Don Pedro;MALE;3;19;63;413;0;0;0;0;0.64;0.06;0.31;0.0;0.0;0.0;0.0;0.0;0.0;0.2;0.05;0.09;0.76;1;5;0.04
5824;cal000150;cal;violante;unknown;Violante;FEMALE;3;40;236;929;0;0;0;0;0.4;0.33;0.26;0.0;0.0;0.0;0.0;0.0;0.0;0.42;0.2;0.21;0.71;3;4;0.03
5825;cal000150;cal;don-alonso;unknown;Don Alonso;MALE;3;14;35;112;0;0;0;0;0.18;0.2;0.62;0.0;0.0;0.0;0.0;0.0;0.0;0.15;0.03;0.03;0.71;0;3;0.02
5826;cal000150;cal;don-fernando;unknown;Don Fernando;MALE;3;11;45;197;0;0;0;0;0.7;0.12;0.18;0.0;0.0;0.0;0.0;0.0;0.0;0.12;0.04;0.04;0.71;2;6;0.02
5827;cal000150;cal;tristán;unknown;Tristán;MALE;3;10;27;77;0;0;0;0;0.61;0.03;0.36;0.0;0.0;0.0;0.0;0.0;0.0;0.11;0.02;0.02;0.41;0;1;0.0
5828;cal000150;cal;celio;unknown;Celio;MALE;2;2;3;9;0;0;0;0;0.0;0.78;0.22;0.0;0.0;0.0;0.0;0.0;0.0;0.02;0.0;0.0;0.24;0;2;0.0
5829;cal000150;cal;voces;unknown;UNKNOWN;u;1;1;1;1;0;0;0;0;1.0;0.0;0.0;0.0;0.0;0.0;0.0;0.0;0.0;0.01;0.0;0.0;0.29;0;1;0.0
5830;cal000150;cal;todos;unknown;UNKNOWN;u;2;3;5;5;0;0;0;0;0.8;0.0;0.2;0.0;0.0;0.0;0.0;0.0;0.0;0.03;0.0;0.0;0.53;2;6;0.0
5831;cal000150;cal;don-félix don-juan;unknown;UNKNOWN;u;1;3;3;4;0;0;0;0;0.0;0.0;1.0;0.0;0.0;0.0;0.0;0.0;0.0;0.03;0.0;0.0;0.53;1;1;0.0
5832;cal000054;cal;hombre;unknown;El Hombre;MALE;1;11;46;262;0;0;0;0;1.0;0.0;0.0;0.0;0.0;0.0;0.0;0.0;0.0;0.41;0.11;0.14;0.54;2;2;0.01
5833;cal000054;cal;placer;unknown;El Placer;MALE;1;7;28;225;0;0;0;0;1.0;0.0;0.0;0.0;0.0;0.0;0.0;0.0;0.0;0.26;0.07;0.12;0.54;5;6;0.04
5834;cal000054;cal;baptismo;unknown;El Baptismo;MALE;1;8;19;49;0;0;0;0;1.0;0.0;0.0;0.0;0.0;0.0;0.0;0.0;0.0;0.3;0.04;0.03;0.67;4;4;0.02
5835;cal000054;cal;confirmación;unknown;La Confirmación;FEMALE;1;7;17;47;0;0;0;0;1.0;0.0;0.0;0.0;0.0;0.0;0.0;0.0;0.0;0.26;0.04;0.02;0.67;3;4;0.02
5836;cal000054;cal;penitencia;unknown;La Penitencia;FEMALE;1;6;13;67;0;0;0;0;1.0;0.0;0.0;0.0;0.0;0.0;0.0;0.0;0.0;0.22;0.03;0.03;0.64;2;4;0.02
5837;cal000054;cal;comunión;unknown;La Comunión;FEMALE;1;5;10;32;0;0;0;0;1.0;0.0;0.0;0.0;0.0;0.0;0.0;0.0;0.0;0.19;0.02;0.02;0.62;1;3;0.01
5838;cal000054;cal;orden-sacerdotal;unknown;El Orden Sacerdotal;MALE;1;4;8;35;0;0;0;0;1.0;0.0;0.0;0.0;0.0;0.0;0.0;0.0;0.0;0.15;0.02;0.02;0.62;1;3;0.01
5839;cal000054;cal;matrimonio;unknown;El Matrimonio;MALE;1;3;17;112;0;0;0;0;1.0;0.0;0.0;0.0;0.0;0.0;0.0;0.0;0.0;0.11;0.04;0.06;0.49;1;0;0.0
5840;cal000054;cal;rey;unknown;El Rey;MALE;1;10;30;197;0;0;0;0;1.0;0.0;0.0;0.0;0.0;0.0;0.0;0.0;0.0;0.37;0.07;0.1;0.77;5;4;0.1
5841;cal000054;cal;esposa;unknown;La Esposa;FEMALE;1;2;8;45;0;0;0;0;1.0;0.0;0.0;0.0;0.0;0.0;0.0;0.0;0.0;0.07;0.02;0.02;0.49;3;2;0.0
5842;cal000054;cal;pecado;unknown;El Pecado;MALE;1;12;78;264;0;0;0;0;1.0;0.0;0.0;0.0;0.0;0.0;0.0;0.0;0.0;0.44;0.18;0.14;0.82;3;2;0.11
5843;cal000054;cal;muerte;unknown;La Muerte;FEMALE;1;18;79;473;0;0;0;0;1.0;0.0;0.0;0.0;0.0;0.0;0.0;0.0;0.0;0.67;0.19;0.25;0.92;1;1;0.2
5844;cal000054;cal;música;unknown;Música;UNKNOWN;1;4;8;23;0;0;0;0;1.0;0.0;0.0;0.0;0.0;0.0;0.0;0.0;0.0;0.15;0.02;0.01;0.51;4;3;0.03
5845;cal000054;cal;placer música;unknown;UNKNOWN;u;1;1;1;2;0;0;0;0;1.0;0.0;0.0;0.0;0.0;0.0;0.0;0.0;0.0;0.04;0.0;0.0;0.05;0;0;0.0
5846;cal000054;cal;muerte música;unknown;UNKNOWN;u;1;2;3;6;0;0;0;0;1.0;0.0;0.0;0.0;0.0;0.0;0.0;0.0;0.0;0.07;0.01;0.0;0.05;0;0;0.0
5847;cal000054;cal;pecado muerte;unknown;UNKNOWN;u;1;1;1;1;0;0;0;0;1.0;0.0;0.0;0.0;0.0;0.0;0.0;0.0;0.0;0.04;0.0;0.0;0.08;0;0;0.0
5848;cal000054;cal;matrimonio música;unknown;UNKNOWN;u;1;1;7;10;0;0;0;0;1.0;0.0;0.0;0.0;0.0;0.0;0.0;0.0;0.0;0.04;0.02;0.01;0.13;1;0;0.0
5849;cal000054;cal;muerte pecado;unknown;UNKNOWN;u;1;4;6;8;0;0;0;0;1.0;0.0;0.0;0.0;0.0;0.0;0.0;0.0;0.0;0.15;0.01;0.0;0.13;0;0;0.0
5850;cal000054;cal;baptismo confirmación;unknown;UNKNOWN;u;1;1;1;2;0;0;0;0;1.0;0.0;0.0;0.0;0.0;0.0;0.0;0.0;0.0;0.04;0.0;0.0;0.15;0;0;0.0
5851;cal000054;cal;música hombre baptismo confirmación penitencia comunión orden-sacerdotal;unknown;UNKNOWN;u;1;1;1;1;0;0;0;0;1.0;0.0;0.0;0.0;0.0;0.0;0.0;0.0;0.0;0.04;0.0;0.0;0.18;3;1;0.0
5852;cal000054;cal;hombre pecado placer matrimonio esposa;unknown;UNKNOWN;u;1;1;1;1;0;0;0;0;1.0;0.0;0.0;0.0;0.0;0.0;0.0;0.0;0.0;0.04;0.0;0.0;0.08;0;0;0.0
5853;cal000054;cal;música muerte baptismo confirmación penitencia comunión orden-sacerdotal rey;unknown;UNKNOWN;u;1;1;1;2;0;0;0;0;1.0;0.0;0.0;0.0;0.0;0.0;0.0;0.0;0.0;0.04;0.0;0.0;0.08;0;0;0.0
5854;cal000054;cal;pecado hombre matrimonio esposa;unknown;UNKNOWN;u;1;1;1;1;0;0;0;0;1.0;0.0;0.0;0.0;0.0;0.0;0.0;0.0;0.0;0.04;0.0;0.0;0.08;1;1;0.0
5855;cal000054;cal;música baptismo confirmación penitencia comunión orden-sacerdotal placer;unknown;UNKNOWN;u;1;1;2;3;0;0;0;0;1.0;0.0;0.0;0.0;0.0;0.0;0.0;0.0;0.0;0.04;0.0;0.0;0.03;0;0;0.0
5856;cal000054;cal;pecado hombre muerte esposa matrimonio;unknown;UNKNOWN;u;1;1;1;1;0;0;0;0;1.0;0.0;0.0;0.0;0.0;0.0;0.0;0.0;0.0;0.04;0.0;0.0;0.03;0;0;0.0
5857;cal000054;cal;baptismo comunión;unknown;UNKNOWN;u;1;1;1;1;0;0;0;0;1.0;0.0;0.0;0.0;0.0;0.0;0.0;0.0;0.0;0.04;0.0;0.0;0.15;0;0;0.0
5858;cal000054;cal;confirmación orden-sacerdotal;unknown;UNKNOWN;u;1;1;1;1;0;0;0;0;1.0;0.0;0.0;0.0;0.0;0.0;0.0;0.0;0.0;0.04;0.0;0.0;0.15;0;0;0.0
5859;cal000054;cal;penitencia matrimonio;unknown;UNKNOWN;u;1;1;1;1;0;0;0;0;1.0;0.0;0.0;0.0;0.0;0.0;0.0;0.0;0.0;0.04;0.0;0.0;0.15;0;0;0.0
5860;cal000054;cal;rey muerte;unknown;UNKNOWN;u;1;1;1;1;0;0;0;0;1.0;0.0;0.0;0.0;0.0;0.0;0.0;0.0;0.0;0.04;0.0;0.0;0.15;0;0;0.0
5861;cal000054;cal;baptismo comunión confirmación penitencia orden-sacerdotal matrimonio;unknown;UNKNOWN;u;1;1;1;2;0;0;0;0;1.0;0.0;0.0;0.0;0.0;0.0;0.0;0.0;0.0;0.04;0.0;0.0;0.31;4;4;0.0
5862;cal000054;cal;baptismo comunión confirmación penitencia orden-sacerdotal pecado muerte;unknown;UNKNOWN;u;1;1;2;3;0;0;0;0;1.0;0.0;0.0;0.0;0.0;0.0;0.0;0.0;0.0;0.04;0.0;0.0;0.31;4;1;0.0
5863;cal000054;cal;pecado comunión;unknown;UNKNOWN;u;1;1;1;1;0;0;0;0;1.0;0.0;0.0;0.0;0.0;0.0;0.0;0.0;0.0;0.04;0.0;0.0;0.31;1;0;0.0
5864;cal000054;cal;música esposa;unknown;UNKNOWN;u;1;1;1;1;0;0;0;0;1.0;0.0;0.0;0.0;0.0;0.0;0.0;0.0;0.0;0.04;0.0;0.0;0.31;0;0;0.0
5865;cal000054;cal;placer hombre;unknown;UNKNOWN;u;1;1;1;1;0;0;0;0;1.0;0.0;0.0;0.0;0.0;0.0;0.0;0.0;0.0;0.04;0.0;0.0;0.31;0;0;0.0
5866;cal000054;cal;hombre placer baptismo confirmación penitencia comunión;unknown;UNKNOWN;u;1;1;11;13;0;0;0;0;1.0;0.0;0.0;0.0;0.0;0.0;0.0;0.0;0.0;0.04;0.03;0.01;0.46;5;5;0.0
5867;cal000054;cal;orden-sacerdotal matrimonio rey esposa pecado muerte música;unknown;UNKNOWN;u;1;1;11;14;0;0;0;0;1.0;0.0;0.0;0.0;0.0;0.0;0.0;0.0;0.0;0.04;0.03;0.01;0.46;5;5;0.0
5868;cal000054;cal;hombre placer baptismo confirmación penitencia comunión orden-sacerdotal matrimonio rey esposa pecado muerte música;unknown;UNKNOWN;u;1;1;5;6;0;0;0;0;1.0;0.0;0.0;0.0;0.0;0.0;0.0;0.0;0.0;0.04;0.01;0.0;0.46;5;5;0.0
5869;cal000054;cal;música placer;unknown;UNKNOWN;u;1;1;1;4;0;0;0;0;1.0;0.0;0.0;0.0;0.0;0.0;0.0;0.0;0.0;0.04;0.0;0.0;0.46;0;0;0.0
5870;cal000054;cal;comunión muerte;unknown;UNKNOWN;u;1;1;1;1;0;0;0;0;1.0;0.0;0.0;0.0;0.0;0.0;0.0;0.0;0.0;0.04;0.0;0.0;0.46;0;0;0.0
5871;cal000054;cal;orden-sacerdotal matrimonio;unknown;UNKNOWN;u;1;1;1;1;0;0;0;0;1.0;0.0;0.0;0.0;0.0;0.0;0.0;0.0;0.0;0.04;0.0;0.0;0.46;0;0;0.0
5872;cal000202;cal;acompanamiento;unknown;Voces;UNKNOWN;1;1;1;1;0;0;0;0;1.0;0.0;0.0;0.0;0.0;0.0;0.0;0.0;0.0;0.02;0.0;0.0;0.14;1;0;0.0
5873;cal000202;cal;musicos;unknown;Músicos;UNKNOWN;1;3;3;17;0;0;0;0;1.0;0.0;0.0;0.0;0.0;0.0;0.0;0.0;0.0;0.07;0.01;0.01;0.21;1;0;0.02
5874;cal000202;cal;culpa;unknown;Culpa;FEMALE;1;18;47;491;0;0;0;0;1.0;0.0;0.0;0.0;0.0;0.0;0.0;0.0;0.0;0.39;0.12;0.26;0.76;1;2;0.27
5875;cal000202;cal;mundo;unknown;Mundo;MALE;1;12;24;106;0;0;0;0;1.0;0.0;0.0;0.0;0.0;0.0;0.0;0.0;0.0;0.26;0.06;0.06;0.45;1;4;0.02
5876;cal000202;cal;demonio;unknown;Demonio;MALE;1;10;22;107;0;0;0;0;1.0;0.0;0.0;0.0;0.0;0.0;0.0;0.0;0.0;0.22;0.06;0.06;0.48;1;3;0.04
5877;cal000202;cal;lascivia;unknown;Lascivia;FEMALE;1;9;38;233;0;0;0;0;1.0;0.0;0.0;0.0;0.0;0.0;0.0;0.0;0.0;0.2;0.1;0.12;0.45;1;5;0.03
5878;cal000202;cal;deseo;unknown;Deseo;MALE;1;15;51;194;0;0;0;0;1.0;0.0;0.0;0.0;0.0;0.0;0.0;0.0;0.0;0.33;0.14;0.1;0.55;1;4;0.15
5879;cal000202;cal;hombre;unknown;Hombre;MALE;1;15;69;349;0;0;0;0;1.0;0.0;0.0;0.0;0.0;0.0;0.0;0.0;0.0;0.33;0.18;0.19;0.45;1;0;0.05
5880;cal000202;cal;gracia;unknown;Gracia;FEMALE;1;9;42;87;0;0;0;0;1.0;0.0;0.0;0.0;0.0;0.0;0.0;0.0;0.0;0.2;0.11;0.05;0.48;4;0;0.13
5881;cal000202;cal;levita;unknown;Levita;MALE;1;2;6;37;0;0;0;0;1.0;0.0;0.0;0.0;0.0;0.0;0.0;0.0;0.0;0.04;0.02;0.02;0.03;0;1;0.0
5882;cal000202;cal;sacerdote;unknown;Sacerdote;MALE;1;2;6;39;0;0;0;0;1.0;0.0;0.0;0.0;0.0;0.0;0.0;0.0;0.0;0.04;0.02;0.02;0.03;0;0;0.0
5883;cal000202;cal;noche;unknown;Noche;FEMALE;1;2;5;19;0;0;0;0;1.0;0.0;0.0;0.0;0.0;0.0;0.0;0.0;0.0;0.04;0.01;0.01;0.17;0;0;0.0
5884;cal000202;cal;lucero;unknown;Lucero;MALE;1;2;5;17;0;0;0;0;1.0;0.0;0.0;0.0;0.0;0.0;0.0;0.0;0.0;0.04;0.01;0.01;0.1;2;0;0.0
5885;cal000202;cal;aurora;unknown;Aurora;FEMALE;1;1;5;17;0;0;0;0;1.0;0.0;0.0;0.0;0.0;0.0;0.0;0.0;0.0;0.02;0.01;0.01;0.07;0;0;0.0
5886;cal000202;cal;sol;unknown;Sol;MALE;1;9;29;117;0;0;0;0;1.0;0.0;0.0;0.0;0.0;0.0;0.0;0.0;0.0;0.2;0.08;0.06;0.34;3;1;0.01
5887;cal000202;cal;pedro;unknown;Pedro;MALE;1;2;4;9;0;0;0;0;1.0;0.0;0.0;0.0;0.0;0.0;0.0;0.0;0.0;0.04;0.01;0.0;0.28;1;4;0.0
5888;cal000202;cal;penitencia;unknown;Penitencia;FEMALE;1;1;1;4;0;0;0;0;1.0;0.0;0.0;0.0;0.0;0.0;0.0;0.0;0.0;0.02;0.0;0.0;0.0;0;0;0.0
5889;cal000202;cal;muerte;unknown;Muerte;FEMALE;1;1;1;10;0;0;0;0;1.0;0.0;0.0;0.0;0.0;0.0;0.0;0.0;0.0;0.02;0.0;0.01;0.0;0;0;0.0
5890;cal000202;cal;amor;unknown;Amor;MALE;1;1;1;8;0;0;0;0;1.0;0.0;0.0;0.0;0.0;0.0;0.0;0.0;0.0;0.02;0.0;0.0;0.0;0;0;0.0
5891;cal000202;cal;demonio hombre culpa lascivia deseo;unknown;UNKNOWN;u;1;1;1;1;0;0;0;0;1.0;0.0;0.0;0.0;0.0;0.0;0.0;0.0;0.0;0.02;0.0;0.0;0.21;2;2;0.0
5892;cal000202;cal;mundo demonio lascivia deseo culpa;unknown;UNKNOWN;u;1;1;2;2;0;0;0;0;1.0;0.0;0.0;0.0;0.0;0.0;0.0;0.0;0.0;0.02;0.01;0.0;0.21;0;0;0.0
5893;cal000202;cal;culpa demonio;unknown;UNKNOWN;u;1;1;1;2;0;0;0;0;1.0;0.0;0.0;0.0;0.0;0.0;0.0;0.0;0.0;0.02;0.0;0.0;0.07;0;0;0.0
5894;cal000202;cal;gracia hombre;unknown;UNKNOWN;u;1;1;4;4;0;0;0;0;1.0;0.0;0.0;0.0;0.0;0.0;0.0;0.0;0.0;0.02;0.01;0.0;0.07;0;0;0.0
5895;cal000202;cal;lascivia culpa mundo demonio deseo hombre;unknown;UNKNOWN;u;1;1;1;1;0;0;0;0;1.0;0.0;0.0;0.0;0.0;0.0;0.0;0.0;0.0;0.02;0.0;0.0;0.17;0;0;0.0
5896;cal000202;cal;hombre deseo lascivia demonio mundo culpa;unknown;UNKNOWN;u;1;1;1;2;0;0;0;0;1.0;0.0;0.0;0.0;0.0;0.0;0.0;0.0;0.0;0.02;0.0;0.0;0.21;0;0;0.0
5897;cal000202;cal;culpa gracia;unknown;UNKNOWN;u;1;2;2;2;0;0;0;0;1.0;0.0;0.0;0.0;0.0;0.0;0.0;0.0;0.0;0.04;0.01;0.0;0.17;1;0;0.0
5898;cal000202;cal;noche culpa;unknown;UNKNOWN;u;1;1;1;1;0;0;0;0;1.0;0.0;0.0;0.0;0.0;0.0;0.0;0.0;0.0;0.02;0.0;0.0;0.17;0;0;0.0
5899;cal000202;cal;noche gracia;unknown;UNKNOWN;u;1;1;1;1;0;0;0;0;1.0;0.0;0.0;0.0;0.0;0.0;0.0;0.0;0.0;0.02;0.0;0.0;0.17;0;0;0.0
5900;cal000202;cal;sol culpa;unknown;UNKNOWN;u;1;1;1;1;0;0;0;0;1.0;0.0;0.0;0.0;0.0;0.0;0.0;0.0;0.0;0.02;0.0;0.0;0.1;1;2;0.0
5901;cal000202;cal;aurora musicos gracia lucero levita penitencia noche muerte sacerdote amor lascivia pedro hombre deseo culpa mundo demonio sol;unknown;UNKNOWN;u;1;1;1;4;0;0;0;0;1.0;0.0;0.0;0.0;0.0;0.0;0.0;0.0;0.0;0.02;0.0;0.0;0.28;0;0;0.0
5902;cal000151;cal;federico;unknown;Federico;MALE;3;23;163;829;0;0;0;0;0.25;0.44;0.31;0.0;0.0;0.0;0.0;0.0;0.0;0.37;0.23;0.26;0.69;0;1;0.14
5903;cal000151;cal;flor;unknown;Flor;FEMALE;3;32;147;701;0;0;0;0;0.44;0.31;0.26;0.0;0.0;0.0;0.0;0.0;0.0;0.51;0.21;0.22;0.69;1;4;0.06
5904;cal000151;cal;enrique;unknown;Enrique;MALE;1;5;26;105;0;0;0;0;1.0;0.0;0.0;0.0;0.0;0.0;0.0;0.0;0.0;0.08;0.04;0.03;0.54;3;3;0.02
5905;cal000151;cal;flérida;unknown;Flérida;FEMALE;2;5;20;73;0;0;0;0;0.78;0.0;0.22;0.0;0.0;0.0;0.0;0.0;0.0;0.08;0.03;0.02;0.38;2;0;0.01
5906;cal000151;cal;clotaldo;unknown;Clotaldo;MALE;3;21;75;247;0;0;0;0;0.2;0.3;0.51;0.0;0.0;0.0;0.0;0.0;0.0;0.33;0.1;0.08;0.77;1;6;0.26
5907;cal000151;cal;laura;unknown;Laura;FEMALE;3;9;19;66;0;0;0;0;0.62;0.15;0.23;0.0;0.0;0.0;0.0;0.0;0.0;0.14;0.03;0.02;0.46;0;0;0.02
5908;cal000151;cal;duque;unknown;Duque de Borgoña;MALE;3;17;83;352;0;0;0;0;0.3;0.2;0.5;0.0;0.0;0.0;0.0;0.0;0.0;0.27;0.12;0.11;0.62;0;7;0.08
5909;cal000151;cal;floro;unknown;Floro;MALE;2;6;14;38;0;0;0;0;0.76;0.24;0.0;0.0;0.0;0.0;0.0;0.0;0.0;0.1;0.02;0.01;0.31;2;1;0.0
5910;cal000151;cal;manfredo;unknown;Manfredo;MALE;3;22;83;423;0;0;0;0;0.35;0.27;0.38;0.0;0.0;0.0;0.0;0.0;0.0;0.35;0.12;0.13;0.69;3;2;0.06
5911;cal000151;cal;becoquín;unknown;Becoquín;MALE;3;13;80;289;0;0;0;0;0.2;0.68;0.12;0.0;0.0;0.0;0.0;0.0;0.0;0.21;0.11;0.09;0.54;1;2;0.07
5912;cal000151;cal;criado;unknown;Un Criado del Duque;MALE;1;1;2;6;0;0;0;0;0.0;1.0;0.0;0.0;0.0;0.0;0.0;0.0;0.0;0.02;0.0;0.0;0.23;0;0;0.0
5913;cal000151;cal;valiente-1;unknown;Un Valiente;MALE;1;2;2;6;0;0;0;0;0.0;0.0;1.0;0.0;0.0;0.0;0.0;0.0;0.0;0.03;0.0;0.0;0.23;0;1;0.01
5914;cal000151;cal;valiente-2;unknown;Otro Valiente;MALE;1;1;1;3;0;0;0;0;0.0;0.0;1.0;0.0;0.0;0.0;0.0;0.0;0.0;0.02;0.0;0.0;0.15;0;0;0.0
5915;cal000151;cal;dentro;unknown;UNKNOWN;u;1;1;1;1;0;0;0;0;0.0;1.0;0.0;0.0;0.0;0.0;0.0;0.0;0.0;0.02;0.0;0.0;0.15;0;0;0.0
