;play_id;corpus;character_id;genre;name;gender;acts;scenes;speech turns;lines;tokens;types;tok-types;prologue;act 1;act 2;act 3;act 4;act 5;act 6;act 7;act 8;act 9;scenes (rel);speech turns (rel);lines (rel);degree (rel);female edges;male edges;betweenness
0;dut000242;dutch;cleynmoedighe;unknown;Cleynmoedighe;MALE;1;1;20;103;0;0;0;0;1.0;0.0;0.0;0.0;0.0;0.0;0.0;0.0;0.0;1.0;0.18;0.19;1.0;0;0;0.0
1;dut000242;dutch;gheest-der-waerheyt;unknown;Gheest der waerheyt;MALE;1;1;31;150;0;0;0;0;1.0;0.0;0.0;0.0;0.0;0.0;0.0;0.0;0.0;1.0;0.28;0.28;1.0;0;1;0.0
2;dut000242;dutch;gheloovigh-herte;unknown;Gheloovigh herte;MALE;1;1;29;124;0;0;0;0;1.0;0.0;0.0;0.0;0.0;0.0;0.0;0.0;0.0;1.0;0.26;0.23;1.0;0;3;0.0
3;dut000242;dutch;lovelicke-mondt;unknown;Lovelicke mondt;MALE;1;1;31;152;0;0;0;0;1.0;0.0;0.0;0.0;0.0;0.0;0.0;0.0;0.0;1.0;0.28;0.29;1.0;0;2;0.0
4;dut000243;dutch;hope-der-ghenaden;unknown;Hope der ghenaden;FEMALE;1;1;40;169;0;0;0;0;1.0;0.0;0.0;0.0;0.0;0.0;0.0;0.0;0.0;1.0;0.28;0.29;1.0;0;0;0.0
5;dut000243;dutch;mensche;unknown;De Mensche;MALE;1;1;51;182;0;0;0;0;1.0;0.0;0.0;0.0;0.0;0.0;0.0;0.0;0.0;1.0;0.36;0.31;1.0;1;1;0.0
6;dut000243;dutch;schriftuerlic-troost;unknown;Schrifturelic troost;MALE;1;1;50;239;0;0;0;0;1.0;0.0;0.0;0.0;0.0;0.0;0.0;0.0;0.0;1.0;0.35;0.4;1.0;1;0;0.0
7;dut000118;dutch;goosen;unknown;Goosen;MALE;3;3;7;17;0;0;0;0;0.0;0.06;0.59;0.35;0.0;0.0;0.0;0.0;0.0;0.6;0.2;0.11;1.0;0;0;0.0
8;dut000118;dutch;waerdin;unknown;Waerdin;FEMALE;4;4;13;88;0;0;0;0;0.24;0.7;0.01;0.0;0.05;0.0;0.0;0.0;0.0;0.8;0.37;0.56;1.0;0;2;0.0
9;dut000118;dutch;waerdt;unknown;Waerdt;MALE;3;3;15;46;0;0;0;0;0.61;0.0;0.13;0.0;0.26;0.0;0.0;0.0;0.0;0.6;0.43;0.29;1.0;0;1;0.0
10;dut000119;dutch;andries;unknown;Andries;MALE;1;3;53;84;0;0;0;0;1.0;0.0;0.0;0.0;0.0;0.0;0.0;0.0;0.0;0.23;0.17;0.15;0.71;2;1;0.0
11;dut000119;dutch;geertrui;unknown;Geertrui;FEMALE;1;10;32;54;0;0;0;0;1.0;0.0;0.0;0.0;0.0;0.0;0.0;0.0;0.0;0.77;0.1;0.1;1.0;0;0;0.09
12;dut000119;dutch;griet;unknown;Griet;FEMALE;1;1;7;9;0;0;0;0;1.0;0.0;0.0;0.0;0.0;0.0;0.0;0.0;0.0;0.08;0.02;0.02;0.43;1;2;0.0
13;dut000119;dutch;hans;unknown;Hans;MALE;1;8;76;135;0;0;0;0;1.0;0.0;0.0;0.0;0.0;0.0;0.0;0.0;0.0;0.62;0.24;0.24;1.0;2;1;0.09
14;dut000119;dutch;jacoba;unknown;Jacoba;FEMALE;1;7;24;30;0;0;0;0;1.0;0.0;0.0;0.0;0.0;0.0;0.0;0.0;0.0;0.54;0.08;0.05;0.86;1;0;0.02
15;dut000119;dutch;jan;unknown;Jan;MALE;1;11;103;228;0;0;0;0;1.0;0.0;0.0;0.0;0.0;0.0;0.0;0.0;0.0;0.85;0.33;0.4;1.0;3;1;0.09
16;dut000119;dutch;tryn;unknown;Tryn;FEMALE;1;1;16;17;0;0;0;0;1.0;0.0;0.0;0.0;0.0;0.0;0.0;0.0;0.0;0.08;0.05;0.03;0.57;2;1;0.0
17;dut000119;dutch;jan andries;unknown;UNKNOWN;u;1;1;1;3;0;0;0;0;1.0;0.0;0.0;0.0;0.0;0.0;0.0;0.0;0.0;0.08;0.0;0.01;0.71;0;0;0.0
18;dut000249;dutch;belemmert-herte;unknown;Belemmert herte;MALE;1;1;10;24;0;0;0;0;1.0;0.0;0.0;0.0;0.0;0.0;0.0;0.0;0.0;1.0;0.09;0.05;1.0;0;2;0.0
19;dut000249;dutch;heesscher-des-wets;unknown;Heesscher des wets;MALE;1;1;10;36;0;0;0;0;1.0;0.0;0.0;0.0;0.0;0.0;0.0;0.0;0.0;1.0;0.09;0.07;1.0;0;1;0.0
20;dut000249;dutch;schriftuerlic-troost;unknown;Schriftuerlic troost;MALE;1;1;40;192;0;0;0;0;1.0;0.0;0.0;0.0;0.0;0.0;0.0;0.0;0.0;1.0;0.37;0.38;1.0;0;3;0.0
21;dut000249;dutch;speciale-zalvijnghe;unknown;Speciale zalvijnghe;MALE;1;1;39;218;0;0;0;0;1.0;0.0;0.0;0.0;0.0;0.0;0.0;0.0;0.0;1.0;0.36;0.43;1.0;0;4;0.0
22;dut000249;dutch;wel-ghetroost-herte;unknown;Wel ghetroost herte;MALE;1;1;8;41;0;0;0;0;1.0;0.0;0.0;0.0;0.0;0.0;0.0;0.0;0.0;1.0;0.07;0.08;1.0;0;0;0.0
23;dut000239;dutch;claerckelic-wten;unknown;Claerckelic wten;MALE;1;1;24;156;0;0;0;0;1.0;0.0;0.0;0.0;0.0;0.0;0.0;0.0;0.0;1.0;0.28;0.3;1.0;0;2;0.0
24;dut000239;dutch;dwoordt-der-waerheyt;unknown;Dwoordt der waerheyt;MALE;1;1;31;179;0;0;0;0;1.0;0.0;0.0;0.0;0.0;0.0;0.0;0.0;0.0;1.0;0.36;0.34;1.0;0;1;0.0
25;dut000239;dutch;gheestelicke-verlichtijnghe;unknown;Gheestelicke verlichtijnghe;MALE;1;1;17;112;0;0;0;0;1.0;0.0;0.0;0.0;0.0;0.0;0.0;0.0;0.0;1.0;0.2;0.22;1.0;0;0;0.0
26;dut000239;dutch;menygherande-ingien;unknown;Menigherande ingien;MALE;1;1;13;72;0;0;0;0;1.0;0.0;0.0;0.0;0.0;0.0;0.0;0.0;0.0;1.0;0.15;0.14;1.0;0;3;0.0
27;dut000244;dutch;gheestelic-verstant;unknown;Gheestelic verstant;UNKNOWN;1;1;25;152;0;0;0;0;1.0;0.0;0.0;0.0;0.0;0.0;0.0;0.0;0.0;1.0;0.26;0.31;1.0;0;1;0.0
28;dut000244;dutch;menigh-goet-herte;unknown;Menigh goet herte;MALE;1;1;22;85;0;0;0;0;1.0;0.0;0.0;0.0;0.0;0.0;0.0;0.0;0.0;1.0;0.23;0.17;1.0;0;0;0.0
29;dut000244;dutch;schriftuerlicke-approbacye;unknown;Schriftuerlicke approbacye;UNKNOWN;1;1;24;139;0;0;0;0;1.0;0.0;0.0;0.0;0.0;0.0;0.0;0.0;0.0;1.0;0.25;0.28;1.0;0;1;0.0
30;dut000244;dutch;troostelic-nopen;unknown;Troostelic nopen;UNKNOWN;1;1;24;121;0;0;0;0;1.0;0.0;0.0;0.0;0.0;0.0;0.0;0.0;0.0;1.0;0.25;0.24;1.0;0;1;0.0
31;dut000045;dutch;eerste-soldaet;unknown;1 Soldaet;MALE;1;1;1;1;0;0;0;0;0.0;1.0;0.0;0.0;0.0;0.0;0.0;0.0;0.0;0.05;0.0;0.0;0.2;0;2;0.0
32;dut000045;dutch;tweede-soldaet;unknown;2 Soldaet;MALE;1;2;3;7;0;0;0;0;0.0;1.0;0.0;0.0;0.0;0.0;0.0;0.0;0.0;0.11;0.01;0.0;0.25;0;1;0.05
33;dut000045;dutch;antetus;unknown;Antetus;MALE;1;1;5;7;0;0;0;0;0.0;0.0;0.0;0.0;1.0;0.0;0.0;0.0;0.0;0.05;0.01;0.0;0.25;1;2;0.0
34;dut000045;dutch;antigone;unknown;Antigone;FEMALE;4;8;126;486;0;0;0;0;0.19;0.02;0.58;0.2;0.0;0.0;0.0;0.0;0.0;0.42;0.24;0.22;0.55;2;1;0.31
35;dut000045;dutch;bode;unknown;Bode;MALE;2;4;10;106;0;0;0;0;0.0;0.41;0.59;0.0;0.0;0.0;0.0;0.0;0.0;0.21;0.02;0.05;0.2;2;1;0.0
36;dut000045;dutch;broers-hert;unknown;Broers hert;MALE;3;3;8;41;0;0;0;0;0.0;0.0;0.1;0.85;0.05;0.0;0.0;0.0;0.0;0.16;0.02;0.02;0.45;2;1;0.05
37;dut000045;dutch;cerbo;unknown;Cerbo;MALE;1;2;30;122;0;0;0;0;0.0;0.0;0.0;0.0;1.0;0.0;0.0;0.0;0.0;0.11;0.06;0.05;0.3;1;4;0.0
38;dut000045;dutch;creon;unknown;Creon;MALE;2;2;89;247;0;0;0;0;0.0;0.0;0.0;0.68;0.32;0.0;0.0;0.0;0.0;0.11;0.17;0.11;0.55;2;5;0.13
39;dut000045;dutch;echo;unknown;Echo;FEMALE;1;1;5;13;0;0;0;0;0.0;0.0;1.0;0.0;0.0;0.0;0.0;0.0;0.0;0.05;0.01;0.01;0.2;0;1;0.0
40;dut000045;dutch;edipes;unknown;Edipes;MALE;1;1;14;182;0;0;0;0;1.0;0.0;0.0;0.0;0.0;0.0;0.0;0.0;0.0;0.05;0.03;0.08;0.05;1;0;0.0
41;dut000045;dutch;eteocle;unknown;Eteocle;MALE;1;1;6;18;0;0;0;0;0.0;1.0;0.0;0.0;0.0;0.0;0.0;0.0;0.0;0.05;0.01;0.01;0.1;0;1;0.0
42;dut000045;dutch;galo;unknown;Galo;MALE;1;1;1;1;0;0;0;0;0.0;1.0;0.0;0.0;0.0;0.0;0.0;0.0;0.0;0.05;0.0;0.0;0.2;0;0;0.0
43;dut000045;dutch;hemon;unknown;Hemon;MALE;3;5;40;273;0;0;0;0;0.0;0.17;0.21;0.62;0.0;0.0;0.0;0.0;0.0;0.26;0.08;0.12;0.5;0;0;0.21
44;dut000045;dutch;iocaste;unknown;Iocaste;FEMALE;2;3;29;182;0;0;0;0;0.0;0.53;0.47;0.0;0.0;0.0;0.0;0.0;0.0;0.16;0.06;0.08;0.4;2;6;0.39
45;dut000045;dutch;ismene;unknown;Ismene;FEMALE;2;3;55;108;0;0;0;0;0.0;0.0;0.65;0.35;0.0;0.0;0.0;0.0;0.0;0.16;0.11;0.05;0.35;0;1;0.0
46;dut000045;dutch;koddigert;unknown;Koddigert;MALE;2;2;6;7;0;0;0;0;0.0;0.0;0.86;0.14;0.0;0.0;0.0;0.0;0.0;0.11;0.01;0.0;0.35;2;3;0.0
47;dut000045;dutch;macolphus;unknown;Macolphus;MALE;2;3;13;16;0;0;0;0;0.0;0.0;0.56;0.44;0.0;0.0;0.0;0.0;0.0;0.16;0.02;0.01;0.35;2;2;0.0
48;dut000045;dutch;polenies;unknown;Polenies;MALE;1;2;18;119;0;0;0;0;0.0;1.0;0.0;0.0;0.0;0.0;0.0;0.0;0.0;0.11;0.03;0.05;0.25;0;4;0.05
49;dut000045;dutch;prudentio;unknown;Prudentio;MALE;2;2;32;57;0;0;0;0;0.0;0.0;0.0;0.88;0.12;0.0;0.0;0.0;0.0;0.11;0.06;0.03;0.55;2;4;0.13
50;dut000045;dutch;sitolus;unknown;Sitolus;MALE;2;3;26;98;0;0;0;0;0.0;0.0;0.23;0.0;0.77;0.0;0.0;0.0;0.0;0.16;0.05;0.04;0.3;1;5;0.0
51;dut000045;dutch;vridies;unknown;Vridies;FEMALE;2;2;4;64;0;0;0;0;0.0;0.0;0.0;0.5;0.5;0.0;0.0;0.0;0.0;0.11;0.01;0.03;0.25;0;2;0.0
52;dut000238;dutch;a-verdwaesde-iongheyt;unknown;Dwaze iongheyt;MALE;1;1;61;113;0;0;0;0;1.0;0.0;0.0;0.0;0.0;0.0;0.0;0.0;0.0;1.0;0.25;0.2;1.0;7;1;0.0
53;dut000238;dutch;b-vieryghe-lust;unknown;Vieryghe lust;FEMALE;1;1;60;96;0;0;0;0;1.0;0.0;0.0;0.0;0.0;0.0;0.0;0.0;0.0;1.0;0.24;0.17;1.0;6;1;0.0
54;dut000238;dutch;conscyencye;unknown;Conscyencye;FEMALE;1;1;5;30;0;0;0;0;1.0;0.0;0.0;0.0;0.0;0.0;0.0;0.0;0.0;1.0;0.02;0.05;1.0;3;0;0.0
55;dut000238;dutch;de-mensche;unknown;De mensche;MALE;1;1;54;135;0;0;0;0;1.0;0.0;0.0;0.0;0.0;0.0;0.0;0.0;0.0;1.0;0.22;0.24;1.0;5;0;0.0
56;dut000238;dutch;der-zonden-voetzele;unknown;Der zonden voetzele;FEMALE;1;1;29;49;0;0;0;0;1.0;0.0;0.0;0.0;0.0;0.0;0.0;0.0;0.0;1.0;0.12;0.09;1.0;4;0;0.0
57;dut000238;dutch;gheloove;unknown;Gheloove;FEMALE;1;1;14;45;0;0;0;0;1.0;0.0;0.0;0.0;0.0;0.0;0.0;0.0;0.0;1.0;0.06;0.08;1.0;5;1;0.0
58;dut000238;dutch;hope;unknown;Hope;FEMALE;1;1;10;65;0;0;0;0;1.0;0.0;0.0;0.0;0.0;0.0;0.0;0.0;0.0;1.0;0.04;0.11;1.0;0;0;0.0
59;dut000238;dutch;redene;unknown;Redene;FEMALE;1;1;6;26;0;0;0;0;1.0;0.0;0.0;0.0;0.0;0.0;0.0;0.0;0.0;1.0;0.02;0.05;1.0;1;0;0.0
60;dut000238;dutch;zalyghe-leerijnghe;unknown;Zalyghe leerijnghe;FEMALE;1;1;6;13;0;0;0;0;1.0;0.0;0.0;0.0;0.0;0.0;0.0;0.0;0.0;1.0;0.02;0.02;1.0;2;0;0.0
61;dut000101;dutch;aemilius;unknown;Aemilius;MALE;3;3;5;16;0;0;0;0;0.44;0.0;0.12;0.0;0.44;0.0;0.0;0.0;0.0;0.07;0.01;0.01;0.8;2;3;0.0
62;dut000101;dutch;attilius;unknown;Attilius;MALE;5;10;31;99;0;0;0;0;0.41;0.23;0.01;0.25;0.09;0.0;0.0;0.0;0.0;0.23;0.06;0.05;0.9;1;1;0.01
63;dut000101;dutch;balbinus;unknown;Balbinus;MALE;5;12;46;143;0;0;0;0;0.14;0.4;0.01;0.17;0.28;0.0;0.0;0.0;0.0;0.28;0.09;0.08;1.0;1;2;0.01
64;dut000101;dutch;calisthenes;unknown;Calisthenes;MALE;3;4;12;54;0;0;0;0;0.41;0.0;0.13;0.0;0.46;0.0;0.0;0.0;0.0;0.09;0.02;0.03;0.9;2;4;0.01
65;dut000101;dutch;fabius-severus;unknown;Fabius Severus;MALE;4;11;55;210;0;0;0;0;0.0;0.5;0.18;0.06;0.26;0.0;0.0;0.0;0.0;0.26;0.11;0.11;1.0;2;3;0.01
66;dut000101;dutch;fulvia-faustina;unknown;Fulvia Faustina;FEMALE;4;13;60;296;0;0;0;0;0.12;0.0;0.1;0.47;0.3;0.0;0.0;0.0;0.0;0.3;0.12;0.16;0.9;1;6;0.01
67;dut000101;dutch;julia;unknown;Julia;FEMALE;4;10;33;114;0;0;0;0;0.14;0.38;0.0;0.19;0.29;0.0;0.0;0.0;0.0;0.23;0.07;0.06;1.0;1;3;0.01
68;dut000101;dutch;keizer;unknown;Keizer;MALE;2;14;61;243;0;0;0;0;0.0;0.0;0.66;0.0;0.34;0.0;0.0;0.0;0.0;0.33;0.12;0.13;1.0;2;5;0.01
69;dut000101;dutch;marcellus;unknown;Marcellus;MALE;5;13;51;151;0;0;0;0;0.49;0.17;0.11;0.17;0.07;0.0;0.0;0.0;0.0;0.3;0.1;0.08;0.8;1;2;0.0
70;dut000101;dutch;valerius;unknown;Valerius;MALE;5;19;86;361;0;0;0;0;0.33;0.15;0.21;0.16;0.15;0.0;0.0;0.0;0.0;0.44;0.17;0.19;0.9;1;5;0.01
71;dut000101;dutch;vituria;unknown;Vituria;FEMALE;3;18;55;187;0;0;0;0;0.0;0.24;0.0;0.35;0.41;0.0;0.0;0.0;0.0;0.42;0.11;0.1;1.0;1;2;0.01
72;dut000096;dutch;advokaet;unknown;Advokaet;MALE;1;1;1;4;0;0;0;0;1.0;0.0;0.0;0.0;0.0;0.0;0.0;0.0;0.0;0.12;0.0;0.01;0.45;3;1;0.0
73;dut000096;dutch;droncke-gerritje-procureur;unknown;Droncke Gerritje Procureur;MALE;1;1;1;4;0;0;0;0;1.0;0.0;0.0;0.0;0.0;0.0;0.0;0.0;0.0;0.12;0.0;0.01;0.55;0;0;0.0
74;dut000096;dutch;floris-de-steeboô;unknown;Floris de Steeboô;MALE;1;2;2;2;0;0;0;0;1.0;0.0;0.0;0.0;0.0;0.0;0.0;0.0;0.0;0.25;0.01;0.0;0.64;1;1;0.01
75;dut000096;dutch;gerbrech;unknown;Gerbrech;FEMALE;1;3;33;79;0;0;0;0;1.0;0.0;0.0;0.0;0.0;0.0;0.0;0.0;0.0;0.38;0.15;0.15;0.73;2;2;0.02
76;dut000096;dutch;jannetje-smickbuyls;unknown;Jannetje Smickbuyls;FEMALE;1;4;23;45;0;0;0;0;1.0;0.0;0.0;0.0;0.0;0.0;0.0;0.0;0.0;0.5;0.1;0.09;0.73;3;3;0.02
77;dut000096;dutch;jaspertje;unknown;Jaspertje;FEMALE;1;2;4;5;0;0;0;0;1.0;0.0;0.0;0.0;0.0;0.0;0.0;0.0;0.0;0.25;0.02;0.01;0.36;0;0;0.0
78;dut000096;dutch;knipperdolling;unknown;Knipperdolling;MALE;1;3;8;12;0;0;0;0;1.0;0.0;0.0;0.0;0.0;0.0;0.0;0.0;0.0;0.38;0.04;0.02;0.36;2;1;0.0
79;dut000096;dutch;kolijne;unknown;Kolijne;FEMALE;1;3;28;56;0;0;0;0;1.0;0.0;0.0;0.0;0.0;0.0;0.0;0.0;0.0;0.38;0.13;0.11;0.82;1;1;0.14
80;dut000096;dutch;remmert-lubbertsz;unknown;Remmert Lubbertsz;MALE;1;7;80;224;0;0;0;0;1.0;0.0;0.0;0.0;0.0;0.0;0.0;0.0;0.0;0.88;0.36;0.43;1.0;4;4;0.27
81;dut000096;dutch;rontifon;unknown;Rontifon;MALE;1;4;9;16;0;0;0;0;1.0;0.0;0.0;0.0;0.0;0.0;0.0;0.0;0.0;0.5;0.04;0.03;0.36;2;0;0.0
82;dut000096;dutch;schout;unknown;Schout;MALE;1;1;9;9;0;0;0;0;1.0;0.0;0.0;0.0;0.0;0.0;0.0;0.0;0.0;0.12;0.04;0.02;0.55;3;3;0.0
83;dut000096;dutch;tjemke;unknown;Tjemke;FEMALE;1;4;23;39;0;0;0;0;1.0;0.0;0.0;0.0;0.0;0.0;0.0;0.0;0.0;0.5;0.1;0.07;0.73;1;2;0.02
84;dut000135;dutch;gustaaf;unknown;Gustaaf;MALE;1;4;42;97;0;0;0;0;1.0;0.0;0.0;0.0;0.0;0.0;0.0;0.0;0.0;0.25;0.13;0.1;0.71;3;1;0.0
85;dut000135;dutch;klaret;unknown;Klaret;FEMALE;1;5;20;42;0;0;0;0;1.0;0.0;0.0;0.0;0.0;0.0;0.0;0.0;0.0;0.31;0.06;0.04;1.0;0;0;0.02
86;dut000135;dutch;krispyn;unknown;Krispyn;MALE;1;12;110;431;0;0;0;0;1.0;0.0;0.0;0.0;0.0;0.0;0.0;0.0;0.0;0.75;0.35;0.45;1.0;2;3;0.02
87;dut000135;dutch;lysbeth;unknown;Lysbeth;FEMALE;1;4;30;75;0;0;0;0;1.0;0.0;0.0;0.0;0.0;0.0;0.0;0.0;0.0;0.25;0.1;0.08;1.0;1;1;0.02
88;dut000135;dutch;rudolf;unknown;Rudolf;MALE;1;2;23;70;0;0;0;0;1.0;0.0;0.0;0.0;0.0;0.0;0.0;0.0;0.0;0.12;0.07;0.07;0.86;3;2;0.0
89;dut000135;dutch;rykert;unknown;Rykert;MALE;1;1;3;6;0;0;0;0;1.0;0.0;0.0;0.0;0.0;0.0;0.0;0.0;0.0;0.06;0.01;0.01;0.86;3;1;0.0
90;dut000135;dutch;sofy;unknown;Sofy;FEMALE;1;9;54;150;0;0;0;0;1.0;0.0;0.0;0.0;0.0;0.0;0.0;0.0;0.0;0.56;0.17;0.16;1.0;2;2;0.02
91;dut000135;dutch;valerius;unknown;Valerius;MALE;1;8;33;86;0;0;0;0;1.0;0.0;0.0;0.0;0.0;0.0;0.0;0.0;0.0;0.5;0.1;0.09;1.0;1;1;0.02
92;dut000037;dutch;almijn;unknown;Almijn;MALE;1;2;5;26;0;0;0;0;0.0;0.0;1.0;0.0;0.0;0.0;0.0;0.0;0.0;0.13;0.02;0.01;0.38;1;2;0.0
93;dut000037;dutch;alphonsus;unknown;Alphonsus;MALE;2;5;48;485;0;0;0;0;0.49;0.0;0.51;0.0;0.0;0.0;0.0;0.0;0.0;0.33;0.18;0.17;0.69;2;3;0.06
94;dut000037;dutch;bode;unknown;Bode;MALE;1;1;2;45;0;0;0;0;0.0;0.0;1.0;0.0;0.0;0.0;0.0;0.0;0.0;0.07;0.01;0.02;0.23;0;0;0.0
95;dut000037;dutch;elisabeth;unknown;Elisabeth;FEMALE;3;7;52;684;0;0;0;0;0.17;0.15;0.68;0.0;0.0;0.0;0.0;0.0;0.0;0.47;0.19;0.25;0.92;2;3;0.2
96;dut000037;dutch;geeraldus;unknown;Geeraldus;MALE;1;2;21;118;0;0;0;0;0.0;0.0;1.0;0.0;0.0;0.0;0.0;0.0;0.0;0.13;0.08;0.04;0.54;1;1;0.01
97;dut000037;dutch;griet-smeers;unknown;Griet Smeers;FEMALE;2;2;19;90;0;0;0;0;0.79;0.0;0.21;0.0;0.0;0.0;0.0;0.0;0.0;0.13;0.07;0.03;0.38;0;0;0.0
98;dut000037;dutch;haalna;unknown;Haalna;MALE;1;2;5;23;0;0;0;0;0.0;0.0;1.0;0.0;0.0;0.0;0.0;0.0;0.0;0.13;0.02;0.01;0.38;1;1;0.0
99;dut000037;dutch;kamenier;unknown;Kamenier;FEMALE;1;1;1;1;0;0;0;0;0.0;0.0;1.0;0.0;0.0;0.0;0.0;0.0;0.0;0.07;0.0;0.0;0.38;0;3;0.0
100;dut000037;dutch;koning;unknown;Ferdinandus;MALE;2;3;10;190;0;0;0;0;0.0;0.24;0.76;0.0;0.0;0.0;0.0;0.0;0.0;0.2;0.04;0.07;0.38;1;4;0.01
101;dut000037;dutch;nieuvven-haan;unknown;Nieuvven-Haan;MALE;3;3;34;193;0;0;0;0;0.43;0.24;0.33;0.0;0.0;0.0;0.0;0.0;0.0;0.2;0.13;0.07;0.38;1;1;0.0
102;dut000037;dutch;orondatus;unknown;Orondatus;MALE;1;1;8;27;0;0;0;0;0.0;0.0;1.0;0.0;0.0;0.0;0.0;0.0;0.0;0.07;0.03;0.01;0.38;2;3;0.0
103;dut000037;dutch;pagie;unknown;Pagie;MALE;1;1;1;12;0;0;0;0;0.0;1.0;0.0;0.0;0.0;0.0;0.0;0.0;0.0;0.07;0.0;0.0;0.15;1;1;0.0
104;dut000037;dutch;rodderick;unknown;Rodderick;MALE;3;8;59;498;0;0;0;0;0.32;0.07;0.61;0.0;0.0;0.0;0.0;0.0;0.0;0.53;0.22;0.18;0.92;2;4;0.2
105;dut000037;dutch;chooren;unknown;Chooren;FEMALE;3;4;4;232;0;0;0;0;0.33;0.23;0.44;0.0;0.0;0.0;0.0;0.0;0.0;0.27;0.01;0.08;0.0;0;0;0.0
106;dut000046;dutch;aart;unknown;Aart;MALE;1;1;2;5;0;0;0;0;1.0;0.0;0.0;0.0;0.0;0.0;0.0;0.0;0.0;0.08;0.0;0.0;0.32;0;6;0.0
107;dut000046;dutch;aeuwen;unknown;Aeuwen;MALE;1;1;4;14;0;0;0;0;1.0;0.0;0.0;0.0;0.0;0.0;0.0;0.0;0.0;0.08;0.01;0.01;0.32;0;5;0.0
108;dut000046;dutch;andries-pels;unknown;Andries Pels;MALE;2;2;21;72;0;0;0;0;0.11;0.0;0.89;0.0;0.0;0.0;0.0;0.0;0.0;0.17;0.04;0.03;0.56;3;4;0.04
109;dut000046;dutch;balich;unknown;Balich;MALE;1;1;11;19;0;0;0;0;0.0;0.0;0.0;0.0;0.0;1.0;0.0;0.0;0.0;0.08;0.02;0.01;0.48;2;3;0.0
110;dut000046;dutch;bleecke-an;unknown;Bleecke An;FEMALE;1;2;17;91;0;0;0;0;0.0;1.0;0.0;0.0;0.0;0.0;0.0;0.0;0.0;0.17;0.03;0.04;0.16;1;2;0.0
111;dut000046;dutch;byateris;unknown;Byateris;FEMALE;3;3;32;177;0;0;0;0;0.0;0.0;0.0;0.36;0.44;0.21;0.0;0.0;0.0;0.25;0.06;0.07;0.52;3;7;0.0
112;dut000046;dutch;els-kals;unknown;Els Kals;FEMALE;2;3;12;47;0;0;0;0;0.0;0.0;0.47;0.0;0.0;0.53;0.0;0.0;0.0;0.25;0.02;0.02;0.64;3;5;0.02
113;dut000046;dutch;floris-harmensz;unknown;Floris Harmensz;MALE;1;2;13;114;0;0;0;0;1.0;0.0;0.0;0.0;0.0;0.0;0.0;0.0;0.0;0.17;0.02;0.04;0.4;0;2;0.04
114;dut000046;dutch;gierighe-geeraart;unknown;Gierighe Geeraart;MALE;2;2;46;191;0;0;0;0;0.0;0.0;0.0;0.0;0.67;0.33;0.0;0.0;0.0;0.17;0.09;0.07;0.52;4;7;0.0
115;dut000046;dutch;harmen;unknown;Harmen;MALE;1;1;17;46;0;0;0;0;0.0;0.0;1.0;0.0;0.0;0.0;0.0;0.0;0.0;0.08;0.03;0.02;0.32;3;3;0.0
116;dut000046;dutch;ian-knol;unknown;Ian knol;MALE;3;3;28;121;0;0;0;0;0.25;0.0;0.73;0.0;0.0;0.02;0.0;0.0;0.0;0.25;0.05;0.05;0.88;4;10;0.11
117;dut000046;dutch;iasper;unknown;Iasper;MALE;1;1;11;22;0;0;0;0;0.0;0.0;0.0;0.0;0.0;1.0;0.0;0.0;0.0;0.08;0.02;0.01;0.48;2;2;0.0
118;dut000046;dutch;ierolimo-rodrigo;unknown;Ierolimo Rodrigo;MALE;4;6;90;460;0;0;0;0;0.3;0.39;0.11;0.0;0.21;0.0;0.0;0.0;0.0;0.5;0.17;0.18;0.56;3;9;0.06
119;dut000046;dutch;ioosje;unknown;Ioosje;MALE;2;2;21;43;0;0;0;0;0.44;0.0;0.0;0.0;0.0;0.56;0.0;0.0;0.0;0.17;0.04;0.02;0.56;2;3;0.06
120;dut000046;dutch;iut-ians;unknown;Iut Ians;FEMALE;2;2;6;42;0;0;0;0;0.0;0.0;0.71;0.0;0.0;0.29;0.0;0.0;0.0;0.17;0.01;0.02;0.64;0;0;0.02
121;dut000046;dutch;kontant;unknown;Kontant;MALE;1;1;12;19;0;0;0;0;1.0;0.0;0.0;0.0;0.0;0.0;0.0;0.0;0.0;0.08;0.02;0.01;0.08;0;1;0.0
122;dut000046;dutch;krelis;unknown;Krelis;MALE;1;1;2;3;0;0;0;0;1.0;0.0;0.0;0.0;0.0;0.0;0.0;0.0;0.0;0.08;0.0;0.0;0.32;0;4;0.0
123;dut000046;dutch;notaris;unknown;Notaris;MALE;1;1;16;29;0;0;0;0;0.0;0.0;0.0;0.0;0.0;1.0;0.0;0.0;0.0;0.08;0.03;0.01;0.48;2;6;0.0
124;dut000046;dutch;otje-dickmuyl;unknown;Otje Dickmuyl;MALE;1;1;10;55;0;0;0;0;0.0;0.0;0.0;0.0;0.0;1.0;0.0;0.0;0.0;0.08;0.02;0.02;0.48;2;0;0.0
125;dut000046;dutch;robbeknol;unknown;Robbeknol;MALE;5;9;99;552;0;0;0;0;0.29;0.26;0.27;0.0;0.13;0.04;0.0;0.0;0.0;0.75;0.19;0.21;0.96;5;13;0.19
126;dut000046;dutch;schout;unknown;Schout;MALE;2;2;26;66;0;0;0;0;0.0;0.0;0.03;0.0;0.0;0.97;0.0;0.0;0.0;0.17;0.05;0.03;0.64;4;5;0.02
127;dut000046;dutch;steven;unknown;Steven;MALE;1;1;1;29;0;0;0;0;0.0;0.0;1.0;0.0;0.0;0.0;0.0;0.0;0.0;0.08;0.0;0.01;0.32;3;2;0.0
128;dut000046;dutch;thomas-treck;unknown;Thomas Treck;MALE;1;1;5;8;0;0;0;0;1.0;0.0;0.0;0.0;0.0;0.0;0.0;0.0;0.0;0.08;0.01;0.0;0.32;0;0;0.0
129;dut000046;dutch;trijn-ians;unknown;Trijn Ians;FEMALE;2;4;21;104;0;0;0;0;0.0;0.87;0.0;0.0;0.0;0.13;0.0;0.0;0.0;0.33;0.04;0.04;0.6;3;2;0.02
130;dut000046;dutch;trijn-snaps;unknown;Trijn Snaps;FEMALE;2;3;7;60;0;0;0;0;0.0;0.05;0.95;0.0;0.0;0.0;0.0;0.0;0.0;0.25;0.01;0.02;0.44;1;0;0.01
131;dut000046;dutch;vrouw;unknown;Vrouw;FEMALE;1;1;1;4;0;0;0;0;0.0;0.0;1.0;0.0;0.0;0.0;0.0;0.0;0.0;0.08;0.0;0.0;0.08;0;0;0.0
132;dut000102;dutch;alardus;unknown;Alardus;MALE;1;9;69;212;0;0;0;0;1.0;0.0;0.0;0.0;0.0;0.0;0.0;0.0;0.0;0.6;0.23;0.27;1.0;0;3;0.0
133;dut000102;dutch;bartolomeus;unknown;Bartolomeus;MALE;1;7;42;80;0;0;0;0;1.0;0.0;0.0;0.0;0.0;0.0;0.0;0.0;0.0;0.47;0.14;0.1;1.0;1;2;0.0
134;dut000102;dutch;julia;unknown;Julia;FEMALE;1;3;17;30;0;0;0;0;1.0;0.0;0.0;0.0;0.0;0.0;0.0;0.0;0.0;0.2;0.06;0.04;1.0;0;5;0.0
135;dut000102;dutch;konstant;unknown;Konstant;MALE;1;7;32;93;0;0;0;0;1.0;0.0;0.0;0.0;0.0;0.0;0.0;0.0;0.0;0.47;0.11;0.12;1.0;1;1;0.0
136;dut000102;dutch;krispyn;unknown;Krispyn;MALE;1;8;49;114;0;0;0;0;1.0;0.0;0.0;0.0;0.0;0.0;0.0;0.0;0.0;0.53;0.17;0.14;1.0;0;1;0.0
137;dut000102;dutch;margo;unknown;Margo;FEMALE;1;7;39;82;0;0;0;0;1.0;0.0;0.0;0.0;0.0;0.0;0.0;0.0;0.0;0.47;0.13;0.1;1.0;1;2;0.0
138;dut000102;dutch;nicodemes;unknown;Nicodemes;MALE;1;4;47;174;0;0;0;0;1.0;0.0;0.0;0.0;0.0;0.0;0.0;0.0;0.0;0.27;0.16;0.22;1.0;1;3;0.0
139;dut000073;dutch;chimene;unknown;Chimene;FEMALE;5;15;93;467;0;0;0;0;0.02;0.19;0.28;0.21;0.3;0.0;0.0;0.0;0.0;0.45;0.24;0.24;0.64;0;2;0.18
140;dut000073;dutch;don-alonso;unknown;Don Alonso;MALE;2;2;3;5;0;0;0;0;0.0;0.8;0.0;0.2;0.0;0.0;0.0;0.0;0.0;0.06;0.01;0.0;0.36;0;1;0.0
141;dut000073;dutch;don-arias;unknown;Don Arias;MALE;1;2;14;33;0;0;0;0;0.0;1.0;0.0;0.0;0.0;0.0;0.0;0.0;0.0;0.06;0.04;0.02;0.36;0;2;0.02
142;dut000073;dutch;don-diego;unknown;Don Diego;MALE;5;9;42;242;0;0;0;0;0.4;0.18;0.31;0.1;0.01;0.0;0.0;0.0;0.0;0.27;0.11;0.12;0.55;0;3;0.06
143;dut000073;dutch;don-ferdinando;unknown;Don Ferdinando;MALE;3;7;35;208;0;0;0;0;0.0;0.38;0.0;0.45;0.17;0.0;0.0;0.0;0.0;0.21;0.09;0.11;0.64;0;4;0.16
144;dut000073;dutch;don-gomes;unknown;Don Gomes;MALE;2;4;38;141;0;0;0;0;0.6;0.4;0.0;0.0;0.0;0.0;0.0;0.0;0.0;0.12;0.1;0.07;0.36;0;2;0.03
145;dut000073;dutch;don-rodrigo;unknown;Don Rodrigo;MALE;5;10;57;406;0;0;0;0;0.17;0.06;0.32;0.23;0.22;0.0;0.0;0.0;0.0;0.3;0.15;0.21;0.55;1;1;0.09
146;dut000073;dutch;don-sanche;unknown;Don Sanche;MALE;4;5;12;60;0;0;0;0;0.0;0.3;0.28;0.07;0.35;0.0;0.0;0.0;0.0;0.15;0.03;0.03;0.55;2;1;0.07
147;dut000073;dutch;dona-urraca;unknown;Dona Urraca;FEMALE;4;8;38;242;0;0;0;0;0.31;0.29;0.0;0.16;0.25;0.0;0.0;0.0;0.0;0.24;0.1;0.12;0.45;2;3;0.17
148;dut000073;dutch;elvire;unknown;Elvire;FEMALE;4;8;28;102;0;0;0;0;0.23;0.0;0.31;0.21;0.25;0.0;0.0;0.0;0.0;0.24;0.07;0.05;0.36;1;2;0.02
149;dut000073;dutch;leonora;unknown;Leonora;FEMALE;3;3;16;64;0;0;0;0;0.44;0.16;0.0;0.0;0.41;0.0;0.0;0.0;0.0;0.09;0.04;0.03;0.18;0;1;0.0
150;dut000073;dutch;staatjongen;unknown;Staatjongen;MALE;2;2;4;4;0;0;0;0;0.25;0.75;0.0;0.0;0.0;0.0;0.0;0.0;0.0;0.06;0.01;0.0;0.27;1;0;0.03
151;dut000100;dutch;aegypte;unknown;AEgypte;UNKNOWN;1;1;2;38;0;0;0;0;0.0;0.0;0.0;0.0;0.0;1.0;0.0;0.0;0.0;0.04;0.01;0.02;0.2;0;0;0.0
152;dut000100;dutch;achillas;unknown;Achillas;MALE;2;2;4;87;0;0;0;0;0.6;0.0;0.0;0.4;0.0;0.0;0.0;0.0;0.0;0.08;0.02;0.04;0.2;0;1;0.0
153;dut000100;dutch;achoreus;unknown;Achoreus;MALE;4;4;12;223;0;0;0;0;0.0;0.51;0.31;0.01;0.17;0.0;0.0;0.0;0.0;0.17;0.06;0.11;0.27;2;0;0.03
154;dut000100;dutch;charmione;unknown;Charmione;FEMALE;2;3;10;35;0;0;0;0;0.0;0.51;0.49;0.0;0.0;0.0;0.0;0.0;0.0;0.12;0.05;0.02;0.13;0;0;0.0
155;dut000100;dutch;cleopatra;unknown;Cleopatra;FEMALE;4;10;58;365;0;0;0;0;0.2;0.39;0.0;0.24;0.17;0.0;0.0;0.0;0.0;0.42;0.29;0.18;0.4;2;3;0.1
156;dut000100;dutch;julius-caezar;unknown;Julius Caezar;MALE;3;9;19;295;0;0;0;0;0.0;0.0;0.48;0.33;0.19;0.0;0.0;0.0;0.0;0.38;0.1;0.15;0.47;2;2;0.21
157;dut000100;dutch;kornelia;unknown;Kornelia;FEMALE;3;6;16;266;0;0;0;0;0.0;0.0;0.16;0.23;0.61;0.0;0.0;0.0;0.0;0.25;0.08;0.13;0.33;0;1;0.11
158;dut000100;dutch;lepidus;unknown;Lepidus;MALE;1;1;1;4;0;0;0;0;0.0;0.0;0.0;0.0;1.0;0.0;0.0;0.0;0.0;0.04;0.01;0.0;0.07;0;1;0.0
159;dut000100;dutch;marcus-anthonius;unknown;Marcus Anthonius;MALE;1;1;4;32;0;0;0;0;0.0;0.0;1.0;0.0;0.0;0.0;0.0;0.0;0.0;0.04;0.02;0.02;0.07;0;0;0.0
160;dut000100;dutch;philippus;unknown;Philippus;MALE;1;1;2;52;0;0;0;0;0.0;0.0;0.0;0.0;1.0;0.0;0.0;0.0;0.0;0.04;0.01;0.03;0.07;0;0;0.0
161;dut000100;dutch;photinus;unknown;Photinus;MALE;3;6;13;180;0;0;0;0;0.59;0.26;0.0;0.14;0.0;0.0;0.0;0.0;0.0;0.25;0.07;0.09;0.27;0;2;0.02
162;dut000100;dutch;ptolomeus;unknown;Ptolomeus;MALE;4;9;48;306;0;0;0;0;0.41;0.16;0.17;0.26;0.0;0.0;0.0;0.0;0.0;0.38;0.24;0.15;0.33;0;4;0.04
163;dut000100;dutch;rome;unknown;Rome;UNKNOWN;1;1;3;30;0;0;0;0;0.0;0.0;0.0;0.0;0.0;1.0;0.0;0.0;0.0;0.04;0.02;0.02;0.2;0;0;0.0
164;dut000100;dutch;septimius;unknown;Septimius;MALE;2;2;2;33;0;0;0;0;0.97;0.0;0.03;0.0;0.0;0.0;0.0;0.0;0.0;0.08;0.01;0.02;0.33;1;1;0.06
165;dut000100;dutch;staatkunde;unknown;Staatkunde;UNKNOWN;1;1;2;16;0;0;0;0;0.0;0.0;0.0;0.0;0.0;1.0;0.0;0.0;0.0;0.04;0.01;0.01;0.2;0;0;0.0
166;dut000100;dutch;wysheid;unknown;Wysheid;UNKNOWN;1;1;1;7;0;0;0;0;0.0;0.0;0.0;0.0;0.0;1.0;0.0;0.0;0.0;0.04;0.01;0.0;0.2;0;0;0.0
167;dut000219;dutch;rey-der-priesteren;unknown;Rey der Priesteren;MALE;1;1;1;1;0;0;0;0;0.0;0.0;0.0;0.0;1.0;0.0;0.0;0.0;0.0;0.05;0.0;0.0;0.75;0;7;0.0
168;dut000219;dutch;rey-der-griecken;unknown;Rey der Griecken;MALE;3;3;3;123;0;0;0;0;0.26;0.26;0.48;0.0;0.0;0.0;0.0;0.0;0.0;0.14;0.01;0.06;0.0;0;0;0.0
169;dut000219;dutch;rey-van-diana;unknown;Rey van Diana;UNKNOWN;1;1;1;17;0;0;0;0;0.0;0.0;0.0;0.0;1.0;0.0;0.0;0.0;0.0;0.05;0.0;0.01;0.0;0;0;0.0
170;dut000219;dutch;rey-van-grieckse-papen;unknown;Rey van Grieckse papen;MALE;1;1;1;40;0;0;0;0;0.0;0.0;0.0;1.0;0.0;0.0;0.0;0.0;0.0;0.05;0.0;0.02;0.25;2;2;0.0
171;dut000219;dutch;agamemnon;unknown;Agamemnon;MALE;4;9;63;396;0;0;0;0;0.52;0.0;0.38;0.02;0.08;0.0;0.0;0.0;0.0;0.43;0.18;0.21;0.81;1;7;0.03
172;dut000219;dutch;achilles;unknown;Achilles;MALE;4;5;36;112;0;0;0;0;0.09;0.69;0.21;0.0;0.02;0.0;0.0;0.0;0.0;0.24;0.1;0.06;0.75;0;2;0.0
173;dut000219;dutch;calchas;unknown;Calchas;MALE;4;6;38;181;0;0;0;0;0.61;0.2;0.01;0.0;0.18;0.0;0.0;0.0;0.0;0.29;0.11;0.09;0.75;2;6;0.0
174;dut000219;dutch;clitemnestra;unknown;Clitemnestra;FEMALE;2;4;30;110;0;0;0;0;0.0;0.0;0.0;0.86;0.14;0.0;0.0;0.0;0.0;0.19;0.09;0.06;0.81;1;9;0.02
175;dut000219;dutch;euripylus;unknown;Euripylus;MALE;3;6;38;136;0;0;0;0;0.0;0.0;0.2;0.79;0.01;0.0;0.0;0.0;0.0;0.29;0.11;0.07;0.81;0;5;0.02
176;dut000219;dutch;iphigenia;unknown;Iphigenia;FEMALE;2;5;20;75;0;0;0;0;0.0;0.0;0.0;0.41;0.59;0.0;0.0;0.0;0.0;0.24;0.06;0.04;0.81;0;10;0.02
177;dut000219;dutch;menelaus;unknown;Menelaus;MALE;4;5;16;40;0;0;0;0;0.85;0.03;0.1;0.0;0.03;0.0;0.0;0.0;0.0;0.24;0.05;0.02;0.81;0;3;0.03
178;dut000219;dutch;nestor;unknown;Nestor;MALE;2;4;13;272;0;0;0;0;0.0;0.0;0.43;0.0;0.57;0.0;0.0;0.0;0.0;0.19;0.04;0.14;0.75;0;3;0.0
179;dut000219;dutch;palamedes;unknown;Palamedes;MALE;4;8;18;56;0;0;0;0;0.0;0.18;0.29;0.04;0.5;0.0;0.0;0.0;0.0;0.38;0.05;0.03;0.81;0;5;0.03
180;dut000219;dutch;protesilaus;unknown;Protesilaus;MALE;4;7;45;253;0;0;0;0;0.0;0.78;0.08;0.03;0.11;0.0;0.0;0.0;0.0;0.33;0.13;0.13;0.75;0;5;0.0
181;dut000219;dutch;tersites;unknown;Tersites;MALE;2;2;6;10;0;0;0;0;0.0;0.0;0.9;0.0;0.1;0.0;0.0;0.0;0.0;0.1;0.02;0.01;0.75;0;6;0.0
182;dut000219;dutch;ulysses;unknown;Ulysses;MALE;2;7;22;78;0;0;0;0;0.0;0.0;0.0;0.97;0.03;0.0;0.0;0.0;0.0;0.33;0.06;0.04;0.81;0;6;0.02
183;dut000219;dutch;rey van grieckse soldaten;unknown;UNKNOWN;u;1;1;1;14;0;0;0;0;0.0;0.0;1.0;0.0;0.0;0.0;0.0;0.0;0.0;0.05;0.0;0.01;0.19;0;3;0.0
184;dut000220;dutch;rey-van-hemel-lieden;unknown;Rey van Hemel-lieden;UNKNOWN;1;3;3;160;0;0;0;0;0.0;0.0;0.0;0.0;1.0;0.0;0.0;0.0;0.0;0.14;0.01;0.07;0.08;0;1;0.0
185;dut000220;dutch;boer;unknown;Boer;MALE;1;1;6;7;0;0;0;0;0.0;0.0;1.0;0.0;0.0;0.0;0.0;0.0;0.0;0.05;0.01;0.0;0.33;0;3;0.0
186;dut000220;dutch;doralice;unknown;Doralice;FEMALE;1;3;16;61;0;0;0;0;0.0;1.0;0.0;0.0;0.0;0.0;0.0;0.0;0.0;0.14;0.03;0.03;0.33;0;1;0.01
187;dut000220;dutch;doctor;unknown;Doctor;MALE;3;3;15;25;0;0;0;0;0.0;0.0;0.52;0.12;0.36;0.0;0.0;0.0;0.0;0.14;0.03;0.01;0.5;0;0;0.05
188;dut000220;dutch;isabella;unknown;Isabella;FEMALE;5;10;116;574;0;0;0;0;0.26;0.05;0.32;0.27;0.1;0.0;0.0;0.0;0.0;0.45;0.24;0.26;0.67;1;6;0.2
189;dut000220;dutch;ian-hen;unknown;Ian Hen;MALE;3;5;62;160;0;0;0;0;0.0;0.0;0.62;0.07;0.31;0.0;0.0;0.0;0.0;0.23;0.13;0.07;0.5;0;4;0.05
190;dut000220;dutch;labbe-kack;unknown;Labbe-kack;MALE;2;3;43;84;0;0;0;0;0.0;0.0;0.45;0.0;0.55;0.0;0.0;0.0;0.0;0.14;0.09;0.04;0.33;0;2;0.0
191;dut000220;dutch;mandricard;unknown;Mandricard;MALE;1;2;27;150;0;0;0;0;0.0;1.0;0.0;0.0;0.0;0.0;0.0;0.0;0.0;0.09;0.06;0.07;0.33;1;1;0.01
192;dut000220;dutch;rodomont;unknown;Rodomont;MALE;3;7;55;364;0;0;0;0;0.0;0.0;0.54;0.17;0.3;0.0;0.0;0.0;0.0;0.32;0.12;0.17;0.67;0;2;0.26
193;dut000220;dutch;schilt-cnaap;unknown;Schilt-cnaap;MALE;3;3;4;4;0;0;0;0;0.0;0.25;0.0;0.5;0.25;0.0;0.0;0.0;0.0;0.14;0.01;0.0;0.5;1;2;0.09
194;dut000220;dutch;theophilus;unknown;Theophilus;MALE;3;3;37;146;0;0;0;0;0.27;0.16;0.56;0.0;0.0;0.0;0.0;0.0;0.0;0.14;0.08;0.07;0.25;0;1;0.02
195;dut000220;dutch;zerbiin;unknown;Zerbiin;MALE;3;6;90;285;0;0;0;0;0.64;0.19;0.0;0.18;0.0;0.0;0.0;0.0;0.0;0.27;0.19;0.13;0.33;1;2;0.02
196;dut000220;dutch;min;unknown;Min;MALE;1;1;1;142;0;0;0;0;1.0;0.0;0.0;0.0;0.0;0.0;0.0;0.0;0.0;0.05;0.0;0.07;0.0;0;0;0.0
197;dut000222;dutch;reyen;unknown;Reyen;UNKNOWN;4;5;5;236;0;0;0;0;0.0;0.19;0.19;0.31;0.32;0.0;0.0;0.0;0.0;0.19;0.02;0.12;0.2;1;1;0.0
198;dut000222;dutch;baucis;unknown;Baucis;MALE;3;4;19;165;0;0;0;0;0.0;0.22;0.64;0.15;0.0;0.0;0.0;0.0;0.0;0.15;0.09;0.09;0.3;1;2;0.0
199;dut000222;dutch;caralena;unknown;Caralena;FEMALE;1;2;22;116;0;0;0;0;1.0;0.0;0.0;0.0;0.0;0.0;0.0;0.0;0.0;0.08;0.1;0.06;0.2;1;1;0.0
200;dut000222;dutch;coridon;unknown;Coridon;MALE;1;2;8;10;0;0;0;0;0.0;0.0;0.0;1.0;0.0;0.0;0.0;0.0;0.0;0.08;0.04;0.01;0.4;2;1;0.01
201;dut000222;dutch;daphne;unknown;Daphne;FEMALE;1;2;15;32;0;0;0;0;0.0;0.0;0.0;1.0;0.0;0.0;0.0;0.0;0.0;0.08;0.07;0.02;0.3;1;0;0.0
202;dut000222;dutch;grusella;unknown;Grusella;FEMALE;3;10;40;443;0;0;0;0;0.0;0.51;0.17;0.32;0.0;0.0;0.0;0.0;0.0;0.38;0.18;0.23;0.6;0;1;0.35
203;dut000222;dutch;ithys;unknown;Ithys;MALE;1;1;7;8;0;0;0;0;0.0;0.0;0.0;1.0;0.0;0.0;0.0;0.0;0.0;0.04;0.03;0.0;0.1;0;0;0.0
204;dut000222;dutch;procne;unknown;Procne;FEMALE;4;9;36;386;0;0;0;0;0.0;0.34;0.19;0.23;0.24;0.0;0.0;0.0;0.0;0.35;0.16;0.2;0.5;2;1;0.51
205;dut000222;dutch;silvia;unknown;Silvia;FEMALE;3;4;19;140;0;0;0;0;0.72;0.25;0.03;0.0;0.0;0.0;0.0;0.0;0.0;0.15;0.09;0.07;0.4;1;1;0.14
206;dut000222;dutch;thereus;unknown;Thereus;MALE;3;5;23;208;0;0;0;0;0.03;0.22;0.0;0.0;0.75;0.0;0.0;0.0;0.0;0.19;0.1;0.11;0.2;1;0;0.0
207;dut000222;dutch;tityrus;unknown;Tityrus;MALE;2;4;26;152;0;0;0;0;0.63;0.0;0.0;0.37;0.0;0.0;0.0;0.0;0.0;0.15;0.12;0.08;0.6;1;0;0.12
208;dut000221;dutch;rey-van-trojaanse-vrouwen;unknown;Rey van Trojaanse Vrouwen;FEMALE;1;1;2;70;0;0;0;0;0.0;1.0;0.0;0.0;0.0;0.0;0.0;0.0;0.0;0.03;0.01;0.03;0.07;1;0;0.0
209;dut000221;dutch;rey-van-traciers;unknown;Rey van Traciers;UNKNOWN;2;3;7;19;0;0;0;0;0.47;0.53;0.0;0.0;0.0;0.0;0.0;0.0;0.0;0.09;0.03;0.01;0.14;0;0;0.0
210;dut000221;dutch;rey-van-trojanen;unknown;Rey van Trojanen;UNKNOWN;1;4;6;92;0;0;0;0;0.0;0.0;0.0;0.0;1.0;0.0;0.0;0.0;0.0;0.11;0.02;0.04;0.14;1;1;0.0
211;dut000221;dutch;rey-van-griecken;unknown;Rey van Griecken;UNKNOWN;5;6;7;122;0;0;0;0;0.02;0.02;0.2;0.49;0.27;0.0;0.0;0.0;0.0;0.17;0.03;0.05;0.5;3;1;0.09
212;dut000221;dutch;agamemnon;unknown;Agamemnon;MALE;3;4;24;254;0;0;0;0;0.0;0.31;0.47;0.0;0.22;0.0;0.0;0.0;0.0;0.11;0.09;0.11;0.29;0;1;0.0
213;dut000221;dutch;andromache;unknown;Andromache;FEMALE;1;4;25;94;0;0;0;0;1.0;0.0;0.0;0.0;0.0;0.0;0.0;0.0;0.0;0.11;0.1;0.04;0.36;1;1;0.05
214;dut000221;dutch;astianax;unknown;Astianax;MALE;1;2;3;4;0;0;0;0;1.0;0.0;0.0;0.0;0.0;0.0;0.0;0.0;0.0;0.06;0.01;0.0;0.14;0;1;0.0
215;dut000221;dutch;hecuba;unknown;Hecuba;FEMALE;5;11;42;482;0;0;0;0;0.09;0.05;0.1;0.35;0.41;0.0;0.0;0.0;0.0;0.31;0.16;0.21;0.64;2;1;0.52
216;dut000221;dutch;ibis;unknown;Ibis;FEMALE;3;4;15;68;0;0;0;0;0.49;0.47;0.0;0.0;0.04;0.0;0.0;0.0;0.0;0.11;0.06;0.03;0.29;1;2;0.07
217;dut000221;dutch;mantis;unknown;Mantis;MALE;2;3;12;177;0;0;0;0;0.0;0.59;0.41;0.0;0.0;0.0;0.0;0.0;0.0;0.09;0.05;0.08;0.21;0;1;0.02
218;dut000221;dutch;polydorus;unknown;Polydorus;MALE;4;6;19;183;0;0;0;0;0.68;0.1;0.08;0.14;0.0;0.0;0.0;0.0;0.0;0.17;0.07;0.08;0.29;1;1;0.07
219;dut000221;dutch;polymnestor;unknown;Polymnestor;MALE;3;6;15;211;0;0;0;0;0.54;0.3;0.0;0.0;0.17;0.0;0.0;0.0;0.0;0.17;0.06;0.09;0.36;0;0;0.07
220;dut000221;dutch;polyxena;unknown;Polyxena;FEMALE;3;3;12;120;0;0;0;0;0.03;0.0;0.0;0.57;0.41;0.0;0.0;0.0;0.0;0.09;0.05;0.05;0.43;0;3;0.06
221;dut000221;dutch;pyrrhus;unknown;Pyrrhus;MALE;2;4;14;93;0;0;0;0;0.0;0.0;0.37;0.0;0.63;0.0;0.0;0.0;0.0;0.11;0.05;0.04;0.29;0;0;0.0
222;dut000221;dutch;ulysses;unknown;Ulysses;MALE;4;7;59;325;0;0;0;0;0.14;0.34;0.34;0.18;0.0;0.0;0.0;0.0;0.0;0.2;0.23;0.14;0.57;2;3;0.17
223;dut000103;dutch;augestyn;unknown;Augestyn;MALE;1;13;66;162;0;0;0;0;1.0;0.0;0.0;0.0;0.0;0.0;0.0;0.0;0.0;0.52;0.2;0.14;1.0;0;1;0.0
224;dut000103;dutch;haagse-barent;unknown;Haagse Barent;MALE;1;17;100;362;0;0;0;0;1.0;0.0;0.0;0.0;0.0;0.0;0.0;0.0;0.0;0.68;0.3;0.32;1.0;1;2;0.0
225;dut000103;dutch;izabel;unknown;Izabel;FEMALE;1;6;27;68;0;0;0;0;1.0;0.0;0.0;0.0;0.0;0.0;0.0;0.0;0.0;0.24;0.08;0.06;1.0;0;3;0.0
226;dut000103;dutch;jonker-blyhert;unknown;Jonker Blyhert;MALE;1;12;84;358;0;0;0;0;1.0;0.0;0.0;0.0;0.0;0.0;0.0;0.0;0.0;0.48;0.25;0.32;1.0;0;3;0.0
227;dut000103;dutch;karlofisi;unknown;Karlofisi;MALE;1;9;33;104;0;0;0;0;1.0;0.0;0.0;0.0;0.0;0.0;0.0;0.0;0.0;0.36;0.1;0.09;1.0;1;5;0.0
228;dut000103;dutch;meindert;unknown;Meindert;MALE;1;5;7;12;0;0;0;0;1.0;0.0;0.0;0.0;0.0;0.0;0.0;0.0;0.0;0.2;0.02;0.01;1.0;1;2;0.0
229;dut000103;dutch;schout;unknown;Schout;MALE;1;7;21;44;0;0;0;0;1.0;0.0;0.0;0.0;0.0;0.0;0.0;0.0;0.0;0.28;0.06;0.04;1.0;0;2;0.0
230;dut000104;dutch;anna-maria;unknown;Anna Maria;FEMALE;1;7;22;25;0;0;0;0;1.0;0.0;0.0;0.0;0.0;0.0;0.0;0.0;0.0;0.47;0.06;0.04;1.0;1;1;0.0
231;dut000104;dutch;hendrik;unknown;Hendrik;MALE;1;6;32;45;0;0;0;0;1.0;0.0;0.0;0.0;0.0;0.0;0.0;0.0;0.0;0.4;0.08;0.08;1.0;2;1;0.0
232;dut000104;dutch;jacomo;unknown;Jacomo;MALE;1;7;76;112;0;0;0;0;1.0;0.0;0.0;0.0;0.0;0.0;0.0;0.0;0.0;0.47;0.19;0.19;1.0;2;3;0.0
233;dut000104;dutch;jasper;unknown;Jasper;MALE;1;4;98;147;0;0;0;0;1.0;0.0;0.0;0.0;0.0;0.0;0.0;0.0;0.0;0.27;0.25;0.25;1.0;2;2;0.0
234;dut000104;dutch;joris;unknown;Joris;MALE;1;9;63;89;0;0;0;0;1.0;0.0;0.0;0.0;0.0;0.0;0.0;0.0;0.0;0.6;0.16;0.15;1.0;1;2;0.0
235;dut000104;dutch;karel;unknown;Karel;MALE;1;6;44;84;0;0;0;0;1.0;0.0;0.0;0.0;0.0;0.0;0.0;0.0;0.0;0.4;0.11;0.14;1.0;2;2;0.0
236;dut000104;dutch;marry;unknown;Marry;FEMALE;1;11;56;77;0;0;0;0;1.0;0.0;0.0;0.0;0.0;0.0;0.0;0.0;0.0;0.73;0.14;0.13;1.0;0;0;0.0
237;dut000247;dutch;staervende-mensche;unknown;Staervende mensche;MALE;1;1;30;273;0;0;0;0;1.0;0.0;0.0;0.0;0.0;0.0;0.0;0.0;0.0;1.0;0.26;0.49;1.0;0;4;0.0
238;dut000247;dutch;eerlicke-ionste;unknown;Eerlicke ionste;UNKNOWN;1;1;17;27;0;0;0;0;1.0;0.0;0.0;0.0;0.0;0.0;0.0;0.0;0.0;1.0;0.15;0.05;1.0;0;5;0.0
239;dut000247;dutch;figuerlic-bewijs;unknown;Figuerlic bewijs;MALE;1;1;17;58;0;0;0;0;1.0;0.0;0.0;0.0;0.0;0.0;0.0;0.0;0.0;1.0;0.15;0.1;1.0;0;0;0.0
240;dut000247;dutch;ionstigh-herte;unknown;Ionstigh herte;UNKNOWN;1;1;1;38;0;0;0;0;1.0;0.0;0.0;0.0;0.0;0.0;0.0;0.0;0.0;1.0;0.01;0.07;1.0;0;5;0.0
241;dut000247;dutch;lieflic-begrijp;unknown;Lieflic begrijp;UNKNOWN;1;1;18;26;0;0;0;0;1.0;0.0;0.0;0.0;0.0;0.0;0.0;0.0;0.0;1.0;0.16;0.05;1.0;0;5;0.0
242;dut000247;dutch;schijn-van-heligheyt;unknown;Schijn van heligheyt;MALE;1;1;8;29;0;0;0;0;1.0;0.0;0.0;0.0;0.0;0.0;0.0;0.0;0.0;1.0;0.07;0.05;1.0;0;3;0.0
243;dut000247;dutch;schriftuerlic-zin;unknown;Schriftuerlic zin;MALE;1;1;17;79;0;0;0;0;1.0;0.0;0.0;0.0;0.0;0.0;0.0;0.0;0.0;1.0;0.15;0.14;1.0;0;1;0.0
244;dut000247;dutch;ydel-voortstel;unknown;Ydel voortstel;MALE;1;1;8;25;0;0;0;0;1.0;0.0;0.0;0.0;0.0;0.0;0.0;0.0;0.0;1.0;0.07;0.04;1.0;0;2;0.0
245;dut000253;dutch;lust-om-weten;unknown;Lust om weten;MALE;1;2;28;84;0;0;0;0;1.0;0.0;0.0;0.0;0.0;0.0;0.0;0.0;0.0;0.5;0.08;0.07;0.08;0;1;0.0
246;dut000253;dutch;goet-onderwijs;unknown;Goet onderwijs;MALE;1;2;28;115;0;0;0;0;1.0;0.0;0.0;0.0;0.0;0.0;0.0;0.0;0.0;0.5;0.08;0.1;0.08;0;0;0.0
247;dut000253;dutch;twijfel-der-beloften;unknown;Twijfel der beloften;MALE;1;2;104;215;0;0;0;0;1.0;0.0;0.0;0.0;0.0;0.0;0.0;0.0;0.0;0.5;0.29;0.18;0.83;2;7;0.05
248;dut000253;dutch;temptatie-des-geloofs;unknown;Temtatij des geloofs;FEMALE;1;2;110;240;0;0;0;0;1.0;0.0;0.0;0.0;0.0;0.0;0.0;0.0;0.0;0.5;0.31;0.21;0.83;2;8;0.05
249;dut000253;dutch;sara;unknown;Sara;FEMALE;1;2;10;29;0;0;0;0;1.0;0.0;0.0;0.0;0.0;0.0;0.0;0.0;0.0;0.5;0.03;0.02;0.83;0;6;0.05
250;dut000253;dutch;agar;unknown;Agar;FEMALE;1;1;9;29;0;0;0;0;1.0;0.0;0.0;0.0;0.0;0.0;0.0;0.0;0.0;0.25;0.03;0.02;0.5;1;2;0.0
251;dut000253;dutch;ismael;unknown;Ismael;MALE;1;1;2;2;0;0;0;0;1.0;0.0;0.0;0.0;0.0;0.0;0.0;0.0;0.0;0.25;0.01;0.0;0.5;0;0;0.0
252;dut000253;dutch;godt;unknown;Godt;MALE;1;1;3;26;0;0;0;0;1.0;0.0;0.0;0.0;0.0;0.0;0.0;0.0;0.0;0.25;0.01;0.02;0.5;0;1;0.0
253;dut000253;dutch;isack;unknown;Isack;MALE;1;1;12;47;0;0;0;0;1.0;0.0;0.0;0.0;0.0;0.0;0.0;0.0;0.0;0.25;0.03;0.04;0.58;0;3;0.0
254;dut000253;dutch;dander-knecht;unknown;Dander knecht;MALE;1;1;3;6;0;0;0;0;1.0;0.0;0.0;0.0;0.0;0.0;0.0;0.0;0.0;0.25;0.01;0.01;0.58;0;1;0.0
255;dut000253;dutch;dene-knecht;unknown;Dene knecht;MALE;1;1;3;6;0;0;0;0;1.0;0.0;0.0;0.0;0.0;0.0;0.0;0.0;0.0;0.25;0.01;0.01;0.58;0;2;0.0
256;dut000253;dutch;abraham;unknown;Abraham;MALE;1;2;42;288;0;0;0;0;1.0;0.0;0.0;0.0;0.0;0.0;0.0;0.0;0.0;0.5;0.12;0.25;0.83;2;6;0.05
257;dut000253;dutch;den-engel;unknown;Den engel;MALE;1;1;5;76;0;0;0;0;1.0;0.0;0.0;0.0;0.0;0.0;0.0;0.0;0.0;0.25;0.01;0.07;0.58;0;0;0.0
258;dut000263;dutch;avont;unknown;Avont;MALE;1;2;27;94;0;0;0;0;1.0;0.0;0.0;0.0;0.0;0.0;0.0;0.0;0.0;0.5;0.09;0.09;0.8;0;1;0.0
259;dut000263;dutch;nacht;unknown;Nacht;FEMALE;1;2;34;164;0;0;0;0;1.0;0.0;0.0;0.0;0.0;0.0;0.0;0.0;0.0;0.5;0.11;0.15;0.8;0;2;0.0
260;dut000263;dutch;menijch-mensch;unknown;Menijch mensch;MALE;1;3;75;254;0;0;0;0;1.0;0.0;0.0;0.0;0.0;0.0;0.0;0.0;0.0;0.75;0.24;0.23;1.0;0;0;0.4
261;dut000263;dutch;aeertsch-appetijt;unknown;Aeertsch appetijt;UNKNOWN;1;2;69;174;0;0;0;0;1.0;0.0;0.0;0.0;0.0;0.0;0.0;0.0;0.0;0.5;0.22;0.16;0.8;1;2;0.0
262;dut000263;dutch;ipocrijsie;unknown;Ipocrijsie;MALE;1;2;71;162;0;0;0;0;1.0;0.0;0.0;0.0;0.0;0.0;0.0;0.0;0.0;0.5;0.22;0.15;0.8;1;2;0.0
263;dut000263;dutch;morgenstont;unknown;Morgenstont;FEMALE;1;1;40;241;0;0;0;0;1.0;0.0;0.0;0.0;0.0;0.0;0.0;0.0;0.0;0.25;0.13;0.22;0.2;0;1;0.0
264;dut000274;dutch;abondantie;unknown;Abondantie;FEMALE;1;2;17;47;0;0;0;0;1.0;0.0;0.0;0.0;0.0;0.0;0.0;0.0;0.0;1.0;0.04;0.02;1.0;1;1;0.0
265;dut000274;dutch;aertschen-schadt;unknown;Aertschen Schadt;FEMALE;1;2;28;60;0;0;0;0;1.0;0.0;0.0;0.0;0.0;0.0;0.0;0.0;0.0;1.0;0.06;0.03;1.0;0;1;0.0
266;dut000274;dutch;beijde-kinders-gelijck;unknown;Beijde kinders;UNKNOWN;1;1;1;1;0;0;0;0;1.0;0.0;0.0;0.0;0.0;0.0;0.0;0.0;0.0;0.5;0.0;0.0;0.93;5;5;0.0
267;dut000274;dutch;benaude-armoede;unknown;Benaude Armoede;FEMALE;1;2;21;69;0;0;0;0;1.0;0.0;0.0;0.0;0.0;0.0;0.0;0.0;0.0;1.0;0.05;0.04;1.0;6;6;0.0
268;dut000274;dutch;dander-slecht;unknown;Dander. Slecht;FEMALE;1;2;10;11;0;0;0;0;1.0;0.0;0.0;0.0;0.0;0.0;0.0;0.0;0.0;1.0;0.02;0.01;1.0;5;6;0.0
269;dut000274;dutch;de-genade-goods;unknown;De genade goods;FEMALE;1;2;36;254;0;0;0;0;1.0;0.0;0.0;0.0;0.0;0.0;0.0;0.0;0.0;1.0;0.08;0.13;1.0;2;2;0.0
270;dut000274;dutch;den-aertschen-mensch;unknown;Den Aertschen Mensch;MALE;1;2;56;247;0;0;0;0;1.0;0.0;0.0;0.0;0.0;0.0;0.0;0.0;0.0;1.0;0.12;0.13;1.0;4;3;0.0
271;dut000274;dutch;den-geest-der-waerheijt;unknown;Den geest der waerheijt;MALE;1;2;17;162;0;0;0;0;1.0;0.0;0.0;0.0;0.0;0.0;0.0;0.0;0.0;1.0;0.04;0.09;1.0;2;1;0.0
272;dut000274;dutch;den-onnoselen;unknown;Den Onnoselen;MALE;1;2;28;118;0;0;0;0;1.0;0.0;0.0;0.0;0.0;0.0;0.0;0.0;0.0;1.0;0.06;0.06;1.0;7;6;0.0
273;dut000274;dutch;eijgen-baet;unknown;Eijgen baet;MALE;1;2;82;199;0;0;0;0;1.0;0.0;0.0;0.0;0.0;0.0;0.0;0.0;0.0;1.0;0.18;0.11;1.0;4;2;0.0
274;dut000274;dutch;eijgen-wellust;unknown;Eijgen wellust;FEMALE;1;2;80;210;0;0;0;0;1.0;0.0;0.0;0.0;0.0;0.0;0.0;0.0;0.0;1.0;0.17;0.11;1.0;3;2;0.0
275;dut000274;dutch;schriftuer;unknown;Schriftuer;FEMALE;1;2;38;270;0;0;0;0;1.0;0.0;0.0;0.0;0.0;0.0;0.0;0.0;0.0;1.0;0.08;0.14;1.0;4;4;0.0
276;dut000274;dutch;simpel;unknown;Simpel;MALE;1;2;10;11;0;0;0;0;1.0;0.0;0.0;0.0;0.0;0.0;0.0;0.0;0.0;1.0;0.02;0.01;1.0;5;5;0.0
277;dut000274;dutch;straffe-goods;unknown;Straffe goods;MALE;1;1;3;45;0;0;0;0;1.0;0.0;0.0;0.0;0.0;0.0;0.0;0.0;0.0;0.5;0.01;0.02;0.93;0;0;0.0
278;dut000274;dutch;tgoetwillich-herte;unknown;Tgoetwillich Herte;MALE;1;2;33;186;0;0;0;0;1.0;0.0;0.0;0.0;0.0;0.0;0.0;0.0;0.0;1.0;0.07;0.1;1.0;5;4;0.0
279;dut000254;dutch;twede;unknown;2;UNKNOWN;1;1;23;48;0;0;0;0;1.0;0.0;0.0;0.0;0.0;0.0;0.0;0.0;0.0;0.25;0.06;0.04;0.07;0;0;0.0
280;dut000254;dutch;deerste;unknown;1;UNKNOWN;1;1;23;50;0;0;0;0;1.0;0.0;0.0;0.0;0.0;0.0;0.0;0.0;0.0;0.25;0.06;0.04;0.07;0;0;0.0
281;dut000254;dutch;veelder-leij-sonden;unknown;veelder leij sonden;UNKNOWN;1;1;14;39;0;0;0;0;1.0;0.0;0.0;0.0;0.0;0.0;0.0;0.0;0.0;0.25;0.03;0.03;0.14;0;0;0.0
282;dut000254;dutch;werreltsche-mensch;unknown;werreltsche mensch;MALE;1;2;27;104;0;0;0;0;1.0;0.0;0.0;0.0;0.0;0.0;0.0;0.0;0.0;0.5;0.07;0.09;0.71;0;0;0.05
283;dut000254;dutch;goet-onderwijs;unknown;goet onderwijs;UNKNOWN;1;2;13;73;0;0;0;0;1.0;0.0;0.0;0.0;0.0;0.0;0.0;0.0;0.0;0.5;0.03;0.06;0.71;0;0;0.05
284;dut000254;dutch;hertelijck-medelijden;unknown;hertelijck medelijden;UNKNOWN;1;2;52;117;0;0;0;0;1.0;0.0;0.0;0.0;0.0;0.0;0.0;0.0;0.0;0.5;0.13;0.1;0.79;4;3;0.02
285;dut000254;dutch;punitie-nae-recht;unknown;punitie nae recht;UNKNOWN;1;2;52;97;0;0;0;0;1.0;0.0;0.0;0.0;0.0;0.0;0.0;0.0;0.0;0.5;0.13;0.08;0.79;4;3;0.02
286;dut000254;dutch;de-coninck-proetus;unknown;de coninck proetus;MALE;1;2;10;95;0;0;0;0;1.0;0.0;0.0;0.0;0.0;0.0;0.0;0.0;0.0;0.5;0.02;0.08;0.79;4;2;0.02
287;dut000254;dutch;juno;unknown;Juno;FEMALE;1;1;1;15;0;0;0;0;1.0;0.0;0.0;0.0;0.0;0.0;0.0;0.0;0.0;0.25;0.0;0.01;0.5;0;0;0.0
288;dut000254;dutch;natuerelijcke-wijsheijt;unknown;Natuerelijcke wijsheijt;UNKNOWN;1;1;66;238;0;0;0;0;1.0;0.0;0.0;0.0;0.0;0.0;0.0;0.0;0.0;0.25;0.16;0.2;0.64;3;2;0.0
289;dut000254;dutch;melampus;unknown;Melampus;MALE;1;1;65;152;0;0;0;0;1.0;0.0;0.0;0.0;0.0;0.0;0.0;0.0;0.0;0.25;0.16;0.13;0.64;3;1;0.0
290;dut000254;dutch;eerste-dochter;unknown;1-dochter;FEMALE;1;2;23;52;0;0;0;0;1.0;0.0;0.0;0.0;0.0;0.0;0.0;0.0;0.0;0.5;0.06;0.04;0.79;1;1;0.02
291;dut000254;dutch;tweede-dochter;unknown;2-dochter;FEMALE;1;2;23;49;0;0;0;0;1.0;0.0;0.0;0.0;0.0;0.0;0.0;0.0;0.0;0.5;0.06;0.04;0.79;3;1;0.02
292;dut000254;dutch;derde-dochter;unknown;3-dochter;FEMALE;1;2;20;51;0;0;0;0;1.0;0.0;0.0;0.0;0.0;0.0;0.0;0.0;0.0;0.5;0.05;0.04;0.79;2;1;0.02
293;dut000254;dutch;eerste-dochter tweede-dochter derde-dochter;unknown;UNKNOWN;u;1;1;3;3;0;0;0;0;1.0;0.0;0.0;0.0;0.0;0.0;0.0;0.0;0.0;0.25;0.01;0.0;0.5;4;0;0.0
294;dut000264;dutch;oorspronck-van-desperatie;unknown;Oorspronck van desperatie;UNKNOWN;1;4;96;233;0;0;0;0;1.0;0.0;0.0;0.0;0.0;0.0;0.0;0.0;0.0;0.8;0.34;0.22;0.33;0;0;0.0
295;dut000264;dutch;conciencis-verschricken;unknown;Conciencis verschricken;UNKNOWN;1;4;91;194;0;0;0;0;1.0;0.0;0.0;0.0;0.0;0.0;0.0;0.0;0.0;0.8;0.32;0.19;0.33;0;0;0.0
296;dut000264;dutch;een-wachter;unknown;Een wachter;MALE;1;1;4;20;0;0;0;0;1.0;0.0;0.0;0.0;0.0;0.0;0.0;0.0;0.0;0.2;0.01;0.02;0.67;0;0;0.0
297;dut000264;dutch;crancheijt-des-vleeijsch;unknown;Crancheijt des vleeijsch;MALE;1;2;39;203;0;0;0;0;1.0;0.0;0.0;0.0;0.0;0.0;0.0;0.0;0.0;0.4;0.14;0.2;1.0;0;1;0.53
298;dut000264;dutch;verlichtinge-der-memorie;unknown;Verlichtinge der memorie;UNKNOWN;1;1;14;54;0;0;0;0;1.0;0.0;0.0;0.0;0.0;0.0;0.0;0.0;0.0;0.2;0.05;0.05;0.67;0;0;0.0
299;dut000264;dutch;sterckheijt-des-geest;unknown;Sterckheijt des geest;UNKNOWN;1;1;22;137;0;0;0;0;1.0;0.0;0.0;0.0;0.0;0.0;0.0;0.0;0.0;0.2;0.08;0.13;0.67;0;0;0.0
300;dut000264;dutch;troost-der-schriftueren;unknown;Troost der schriftueren;UNKNOWN;1;1;16;193;0;0;0;0;1.0;0.0;0.0;0.0;0.0;0.0;0.0;0.0;0.0;0.2;0.06;0.19;0.67;0;0;0.0
301;dut000265;dutch;deuchdlijck-betrouwen;unknown;Deuchdlijck betrouwen;UNKNOWN;1;1;53;104;0;0;0;0;1.0;0.0;0.0;0.0;0.0;0.0;0.0;0.0;0.0;1.0;0.23;0.21;1.0;1;4;0.0
302;dut000265;dutch;goet-ront;unknown;Goet Ront;MALE;1;1;73;184;0;0;0;0;1.0;0.0;0.0;0.0;0.0;0.0;0.0;0.0;0.0;1.0;0.32;0.37;1.0;1;4;0.0
303;dut000265;dutch;oons-heer-godt;unknown;Oons heer god;MALE;1;1;3;4;0;0;0;0;1.0;0.0;0.0;0.0;0.0;0.0;0.0;0.0;0.0;1.0;0.01;0.01;1.0;1;3;0.0
304;dut000265;dutch;donversaedige;unknown;Donversaedige;MALE;1;1;15;45;0;0;0;0;1.0;0.0;0.0;0.0;0.0;0.0;0.0;0.0;0.0;1.0;0.07;0.09;1.0;1;2;0.0
305;dut000265;dutch;ongereet-leven;unknown;Ongereet Leven;MALE;1;1;30;48;0;0;0;0;1.0;0.0;0.0;0.0;0.0;0.0;0.0;0.0;0.0;1.0;0.13;0.1;1.0;1;1;0.0
306;dut000265;dutch;jonge-lustige;unknown;Jonge Lustige;FEMALE;1;1;28;55;0;0;0;0;1.0;0.0;0.0;0.0;0.0;0.0;0.0;0.0;0.0;1.0;0.12;0.11;1.0;0;1;0.0
307;dut000265;dutch;de-doot;unknown;De doot;MALE;1;1;16;27;0;0;0;0;1.0;0.0;0.0;0.0;0.0;0.0;0.0;0.0;0.0;1.0;0.07;0.05;1.0;0;0;0.0
308;dut000265;dutch;die-duvel;unknown;Die duvel;UNKNOWN;1;1;7;30;0;0;0;0;1.0;0.0;0.0;0.0;0.0;0.0;0.0;0.0;0.0;1.0;0.03;0.06;1.0;0;0;0.0
309;dut000265;dutch;allegaer-gelijck;unknown;Allegaer gelijck;UNKNOWN;1;1;2;2;0;0;0;0;1.0;0.0;0.0;0.0;0.0;0.0;0.0;0.0;0.0;1.0;0.01;0.0;1.0;0;0;0.0
310;dut000266;dutch;goetwillich-van-herten;unknown;Goetwillich van herten;UNKNOWN;1;1;6;93;0;0;0;0;1.0;0.0;0.0;0.0;0.0;0.0;0.0;0.0;0.0;0.33;0.03;0.1;0.67;3;2;0.0
311;dut000266;dutch;bedeckte-commer;unknown;Bedeckte Commer;MALE;1;2;72;238;0;0;0;0;1.0;0.0;0.0;0.0;0.0;0.0;0.0;0.0;0.0;0.67;0.4;0.25;0.67;3;1;0.0
312;dut000266;dutch;tschoonste-voorwaert;unknown;Tschoonste voorwaert;MALE;1;2;62;141;0;0;0;0;1.0;0.0;0.0;0.0;0.0;0.0;0.0;0.0;0.0;0.67;0.35;0.15;0.67;3;0;0.0
313;dut000266;dutch;schriftuer;unknown;Schriftuer;FEMALE;1;2;24;341;0;0;0;0;1.0;0.0;0.0;0.0;0.0;0.0;0.0;0.0;0.0;0.67;0.13;0.36;0.67;2;0;0.0
314;dut000266;dutch;jootsche-vrou;unknown;Jootsche Vrou;FEMALE;1;2;6;73;0;0;0;0;1.0;0.0;0.0;0.0;0.0;0.0;0.0;0.0;0.0;0.67;0.03;0.08;1.0;1;0;0.5
315;dut000266;dutch;oprechte-inspiratie;unknown;Oprechte Inspiratie;FEMALE;1;1;3;24;0;0;0;0;1.0;0.0;0.0;0.0;0.0;0.0;0.0;0.0;0.0;0.33;0.02;0.03;0.67;0;0;0.0
316;dut000266;dutch;een-discipel;unknown;Een discipel;MALE;1;1;1;4;0;0;0;0;1.0;0.0;0.0;0.0;0.0;0.0;0.0;0.0;0.0;0.33;0.01;0.0;0.33;1;1;0.0
317;dut000266;dutch;meester-petrus-apostel-seijt;unknown;Meester Petrus;MALE;1;1;1;4;0;0;0;0;1.0;0.0;0.0;0.0;0.0;0.0;0.0;0.0;0.0;0.33;0.01;0.0;0.33;1;0;0.0
318;dut000266;dutch;jhesus;unknown;Jhesus;MALE;1;1;2;37;0;0;0;0;1.0;0.0;0.0;0.0;0.0;0.0;0.0;0.0;0.0;0.33;0.01;0.04;0.33;1;2;0.0
319;dut000266;dutch;bedeckte-commer tschoonste-voorwaert;unknown;UNKNOWN;u;1;2;2;2;0;0;0;0;1.0;0.0;0.0;0.0;0.0;0.0;0.0;0.0;0.0;0.67;0.01;0.0;0.67;2;0;0.0
320;dut000285;dutch;arapha;unknown;Arapha;MALE;1;2;19;84;0;0;0;0;1.0;0.0;0.0;0.0;0.0;0.0;0.0;0.0;0.0;0.29;0.07;0.07;0.47;1;6;0.0
321;dut000285;dutch;bittere-spijt;unknown;Bittere spijt;UNKNOWN;1;3;51;147;0;0;0;0;1.0;0.0;0.0;0.0;0.0;0.0;0.0;0.0;0.0;0.43;0.19;0.12;0.27;0;3;0.0
322;dut000285;dutch;calubaij;unknown;Calubaij;MALE;1;2;17;81;0;0;0;0;1.0;0.0;0.0;0.0;0.0;0.0;0.0;0.0;0.0;0.29;0.06;0.07;0.47;1;5;0.0
323;dut000285;dutch;de-leijtsman;unknown;De Leijtsman;MALE;1;1;3;13;0;0;0;0;1.0;0.0;0.0;0.0;0.0;0.0;0.0;0.0;0.0;0.14;0.01;0.01;0.47;0;3;0.0
324;dut000285;dutch;deerste-buerman;unknown;Deerste-buerman;MALE;1;3;28;114;0;0;0;0;1.0;0.0;0.0;0.0;0.0;0.0;0.0;0.0;0.0;0.43;0.1;0.09;0.6;0;6;0.03
325;dut000285;dutch;die-gebooren-blinde;unknown;Die geboren blinde;MALE;1;4;21;156;0;0;0;0;1.0;0.0;0.0;0.0;0.0;0.0;0.0;0.0;0.0;0.57;0.08;0.13;1.0;1;5;0.32
326;dut000285;dutch;die-moeder;unknown;Die moeder;FEMALE;1;1;3;12;0;0;0;0;1.0;0.0;0.0;0.0;0.0;0.0;0.0;0.0;0.0;0.14;0.01;0.01;0.47;0;1;0.0
327;dut000285;dutch;die-vader;unknown;Die vader;MALE;1;1;7;29;0;0;0;0;1.0;0.0;0.0;0.0;0.0;0.0;0.0;0.0;0.0;0.14;0.03;0.02;0.47;1;1;0.0
328;dut000285;dutch;een-dienaer;unknown;Een Diender;MALE;1;2;4;20;0;0;0;0;1.0;0.0;0.0;0.0;0.0;0.0;0.0;0.0;0.0;0.29;0.01;0.02;0.47;1;3;0.0
329;dut000285;dutch;gamaliel;unknown;Gamaliel;MALE;1;2;17;118;0;0;0;0;1.0;0.0;0.0;0.0;0.0;0.0;0.0;0.0;0.0;0.29;0.06;0.1;0.47;1;4;0.0
330;dut000285;dutch;hatige-nijt;unknown;Hatige nijt;UNKNOWN;1;3;51;152;0;0;0;0;1.0;0.0;0.0;0.0;0.0;0.0;0.0;0.0;0.0;0.43;0.19;0.12;0.27;0;3;0.0
331;dut000285;dutch;jesus;unknown;Jesus;MALE;1;2;9;88;0;0;0;0;1.0;0.0;0.0;0.0;0.0;0.0;0.0;0.0;0.0;0.29;0.03;0.07;0.87;0;2;0.17
332;dut000285;dutch;johannes;unknown;Johannes;MALE;1;1;4;22;0;0;0;0;1.0;0.0;0.0;0.0;0.0;0.0;0.0;0.0;0.0;0.14;0.01;0.02;0.47;0;0;0.0
333;dut000285;dutch;petrus;unknown;Petrus;MALE;1;1;5;24;0;0;0;0;1.0;0.0;0.0;0.0;0.0;0.0;0.0;0.0;0.0;0.14;0.02;0.02;0.47;0;1;0.0
334;dut000285;dutch;redelick-verstant;unknown;Redelick verstant;UNKNOWN;1;1;6;37;0;0;0;0;1.0;0.0;0.0;0.0;0.0;0.0;0.0;0.0;0.0;0.14;0.02;0.03;0.47;0;5;0.0
335;dut000285;dutch;tweede-buerman;unknown;Tweede buerman;MALE;1;3;27;113;0;0;0;0;1.0;0.0;0.0;0.0;0.0;0.0;0.0;0.0;0.0;0.43;0.1;0.09;0.6;0;5;0.03
336;dut000275;dutch;annanijas;unknown;Annanijas;MALE;1;1;27;56;0;0;0;0;1.0;0.0;0.0;0.0;0.0;0.0;0.0;0.0;0.0;0.5;0.11;0.05;1.0;1;3;0.0
337;dut000275;dutch;dander-jode;unknown;Dander jode;MALE;1;1;39;111;0;0;0;0;1.0;0.0;0.0;0.0;0.0;0.0;0.0;0.0;0.0;0.5;0.16;0.11;1.0;1;6;0.0
338;dut000275;dutch;dander-knecht;unknown;Dander knecht;MALE;1;1;8;25;0;0;0;0;1.0;0.0;0.0;0.0;0.0;0.0;0.0;0.0;0.0;0.5;0.03;0.02;1.0;1;1;0.0
339;dut000275;dutch;deen-jode;unknown;Deen jode;MALE;1;1;38;178;0;0;0;0;1.0;0.0;0.0;0.0;0.0;0.0;0.0;0.0;0.0;0.5;0.15;0.17;1.0;1;7;0.0
340;dut000275;dutch;deen-knecht;unknown;Deen knecht;MALE;1;1;10;18;0;0;0;0;1.0;0.0;0.0;0.0;0.0;0.0;0.0;0.0;0.0;0.5;0.04;0.02;1.0;1;2;0.0
341;dut000275;dutch;den-siecken;unknown;Den siecken;MALE;1;1;7;40;0;0;0;0;1.0;0.0;0.0;0.0;0.0;0.0;0.0;0.0;0.0;0.5;0.03;0.04;1.0;1;10;0.0
342;dut000275;dutch;een-pharaseeus;unknown;Een pharaseeus;UNKNOWN;1;1;32;89;0;0;0;0;1.0;0.0;0.0;0.0;0.0;0.0;0.0;0.0;0.0;0.5;0.13;0.09;1.0;1;6;0.0
343;dut000275;dutch;een-schriftgeleerde;unknown;Een schriftgeleerde;MALE;1;1;36;115;0;0;0;0;1.0;0.0;0.0;0.0;0.0;0.0;0.0;0.0;0.0;0.5;0.15;0.11;1.0;1;8;0.0
344;dut000275;dutch;jhesus;unknown;Jhesus;MALE;1;1;26;243;0;0;0;0;1.0;0.0;0.0;0.0;0.0;0.0;0.0;0.0;0.0;0.5;0.1;0.23;1.0;1;9;0.0
345;dut000275;dutch;nickodemus;unknown;Nickodemus;MALE;1;1;1;4;0;0;0;0;1.0;0.0;0.0;0.0;0.0;0.0;0.0;0.0;0.0;0.5;0.0;0.0;1.0;1;0;0.0
346;dut000275;dutch;sint-jacob;unknown;Sint Jacop;MALE;1;1;10;28;0;0;0;0;1.0;0.0;0.0;0.0;0.0;0.0;0.0;0.0;0.0;0.5;0.04;0.03;1.0;1;4;0.0
347;dut000275;dutch;sint-phillipus;unknown;Sint Phillipus;MALE;1;1;11;25;0;0;0;0;1.0;0.0;0.0;0.0;0.0;0.0;0.0;0.0;0.0;0.5;0.04;0.02;1.0;1;5;0.0
348;dut000275;dutch;tvrouwken;unknown;Tvrouwken;FEMALE;1;1;1;1;0;0;0;0;1.0;0.0;0.0;0.0;0.0;0.0;0.0;0.0;0.0;0.5;0.0;0.0;1.0;0;0;0.0
349;dut000275;dutch;unknown;unknown;UNKNOWN;u;1;2;2;99;0;0;0;0;1.0;0.0;0.0;0.0;0.0;0.0;0.0;0.0;0.0;1.0;0.01;0.09;1.0;0;0;0.0
350;dut000276;dutch;de-heijlige-kerck;unknown;De heijlige kerck;FEMALE;1;4;49;201;0;0;0;0;1.0;0.0;0.0;0.0;0.0;0.0;0.0;0.0;0.0;0.36;0.11;0.11;0.43;1;2;0.02
351;dut000276;dutch;de-wachter;unknown;Een wachter;MALE;1;2;6;76;0;0;0;0;1.0;0.0;0.0;0.0;0.0;0.0;0.0;0.0;0.0;0.18;0.01;0.04;0.43;0;0;0.0
352;dut000276;dutch;hertneckich-hert;unknown;Hertneckich hert;UNKNOWN;1;4;94;224;0;0;0;0;1.0;0.0;0.0;0.0;0.0;0.0;0.0;0.0;0.0;0.36;0.22;0.12;0.71;0;3;0.03
353;dut000276;dutch;schriftuerlijcke-hoede;unknown;Schriftuerlijcke hoede;MALE;1;4;47;336;0;0;0;0;1.0;0.0;0.0;0.0;0.0;0.0;0.0;0.0;0.0;0.36;0.11;0.18;1.0;0;2;0.37
354;dut000276;dutch;selfs-goetduncken;unknown;Selfs goetduncken;MALE;1;2;58;228;0;0;0;0;1.0;0.0;0.0;0.0;0.0;0.0;0.0;0.0;0.0;0.18;0.13;0.12;0.57;1;1;0.0
355;dut000276;dutch;simpel-gelovige;unknown;Simpel gelovige;FEMALE;1;4;67;302;0;0;0;0;1.0;0.0;0.0;0.0;0.0;0.0;0.0;0.0;0.0;0.36;0.15;0.16;0.71;1;1;0.07
356;dut000276;dutch;tminnende-hert;unknown;Tminnende Hert;MALE;1;3;13;250;0;0;0;0;1.0;0.0;0.0;0.0;0.0;0.0;0.0;0.0;0.0;0.27;0.03;0.13;0.29;0;0;0.0
357;dut000276;dutch;verblinde-wille;unknown;Verblinde wille;FEMALE;1;4;99;240;0;0;0;0;1.0;0.0;0.0;0.0;0.0;0.0;0.0;0.0;0.0;0.36;0.23;0.13;0.71;0;3;0.03
358;dut000261;dutch;deerste-duvel;unknown;deerste duvel;MALE;1;1;2;12;0;0;0;0;1.0;0.0;0.0;0.0;0.0;0.0;0.0;0.0;0.0;1.0;0.13;0.02;1.0;0;5;0.0
359;dut000261;dutch;de-twede-duvel;unknown;de twede duvel;MALE;1;1;2;17;0;0;0;0;1.0;0.0;0.0;0.0;0.0;0.0;0.0;0.0;0.0;1.0;0.13;0.03;1.0;0;4;0.0
360;dut000261;dutch;de-derde-duvel;unknown;de derde duvel;MALE;1;1;2;12;0;0;0;0;1.0;0.0;0.0;0.0;0.0;0.0;0.0;0.0;0.0;1.0;0.13;0.02;1.0;0;3;0.0
361;dut000261;dutch;de-vierde-duvel;unknown;de vierde duvel;MALE;1;1;2;12;0;0;0;0;1.0;0.0;0.0;0.0;0.0;0.0;0.0;0.0;0.0;1.0;0.13;0.02;1.0;0;2;0.0
362;dut000261;dutch;de-vijfste-duvel;unknown;de vijfste duvel;MALE;1;1;2;11;0;0;0;0;1.0;0.0;0.0;0.0;0.0;0.0;0.0;0.0;0.0;1.0;0.13;0.02;1.0;0;1;0.0
363;dut000261;dutch;lucifer;unknown;lucifer;MALE;1;1;4;553;0;0;0;0;1.0;0.0;0.0;0.0;0.0;0.0;0.0;0.0;0.0;1.0;0.27;0.89;1.0;0;6;0.0
364;dut000261;dutch;den-secretaris;unknown;den secretaris;MALE;1;1;1;2;0;0;0;0;1.0;0.0;0.0;0.0;0.0;0.0;0.0;0.0;0.0;1.0;0.07;0.0;1.0;0;0;0.0
365;dut000277;dutch;anthiochius-de-coninck;unknown;Anthiochius;MALE;1;1;6;57;0;0;0;0;1.0;0.0;0.0;0.0;0.0;0.0;0.0;0.0;0.0;1.0;0.04;0.05;1.0;1;18;0.0
366;dut000277;dutch;christus;unknown;Christus;MALE;1;1;4;14;0;0;0;0;1.0;0.0;0.0;0.0;0.0;0.0;0.0;0.0;0.0;1.0;0.02;0.01;1.0;0;8;0.0
367;dut000277;dutch;dander-ouder;unknown;Dander ouder;UNKNOWN;1;1;1;4;0;0;0;0;1.0;0.0;0.0;0.0;0.0;0.0;0.0;0.0;0.0;1.0;0.01;0.0;1.0;0;1;0.0
368;dut000277;dutch;dander-verwinner-oock-een-kint;unknown;Dander verwinner Oock een kint;UNKNOWN;1;1;1;2;0;0;0;0;1.0;0.0;0.0;0.0;0.0;0.0;0.0;0.0;0.0;1.0;0.01;0.0;1.0;0;1;0.0
369;dut000277;dutch;de-moeder;unknown;De Moeder;FEMALE;1;1;5;43;0;0;0;0;1.0;0.0;0.0;0.0;0.0;0.0;0.0;0.0;0.0;1.0;0.03;0.04;1.0;0;12;0.0
370;dut000277;dutch;de-werrelt;unknown;De werrelt;FEMALE;1;1;21;144;0;0;0;0;1.0;0.0;0.0;0.0;0.0;0.0;0.0;0.0;0.0;1.0;0.13;0.13;1.0;1;19;0.0
371;dut000277;dutch;deerste-verwinmer-een-kint;unknown;Deerste verwinmer een kint;UNKNOWN;1;1;1;2;0;0;0;0;1.0;0.0;0.0;0.0;0.0;0.0;0.0;0.0;0.0;1.0;0.01;0.0;1.0;0;1;0.0
372;dut000277;dutch;den-derden;unknown;Den derden;MALE;1;1;1;7;0;0;0;0;1.0;0.0;0.0;0.0;0.0;0.0;0.0;0.0;0.0;1.0;0.01;0.01;1.0;1;15;0.0
373;dut000277;dutch;den-joncksten;unknown;Den joncksten;MALE;1;1;3;18;0;0;0;0;1.0;0.0;0.0;0.0;0.0;0.0;0.0;0.0;0.0;1.0;0.02;0.02;1.0;0;11;0.0
374;dut000277;dutch;den-mensch;unknown;Den mensch;MALE;1;1;38;273;0;0;0;0;1.0;0.0;0.0;0.0;0.0;0.0;0.0;0.0;0.0;1.0;0.23;0.24;1.0;2;21;0.0
375;dut000277;dutch;den-philistijn;unknown;Den philistijn;MALE;1;1;1;4;0;0;0;0;1.0;0.0;0.0;0.0;0.0;0.0;0.0;0.0;0.0;1.0;0.01;0.0;1.0;0;10;0.0
376;dut000277;dutch;den-sesten;unknown;Den sesten;MALE;1;1;1;10;0;0;0;0;1.0;0.0;0.0;0.0;0.0;0.0;0.0;0.0;0.0;1.0;0.01;0.01;1.0;1;12;0.0
377;dut000277;dutch;den-tweden;unknown;Den tweden;MALE;1;1;1;7;0;0;0;0;1.0;0.0;0.0;0.0;0.0;0.0;0.0;0.0;0.0;1.0;0.01;0.01;1.0;1;16;0.0
378;dut000277;dutch;den-vierden;unknown;Den vierden;MALE;1;1;1;7;0;0;0;0;1.0;0.0;0.0;0.0;0.0;0.0;0.0;0.0;0.0;1.0;0.01;0.01;1.0;1;14;0.0
379;dut000277;dutch;den-vijfsten;unknown;Den vijfsten;MALE;1;1;1;11;0;0;0;0;1.0;0.0;0.0;0.0;0.0;0.0;0.0;0.0;0.0;1.0;0.01;0.01;1.0;1;13;0.0
380;dut000277;dutch;dinspiratie;unknown;Dinspiratie;MALE;1;1;28;176;0;0;0;0;1.0;0.0;0.0;0.0;0.0;0.0;0.0;0.0;0.0;1.0;0.17;0.16;1.0;2;19;0.0
381;dut000277;dutch;doutste-broeder;unknown;doutste broeder;MALE;1;1;1;5;0;0;0;0;1.0;0.0;0.0;0.0;0.0;0.0;0.0;0.0;0.0;1.0;0.01;0.0;1.0;1;17;0.0
382;dut000277;dutch;een-engel;unknown;der geest der propheten;MALE;1;1;3;11;0;0;0;0;1.0;0.0;0.0;0.0;0.0;0.0;0.0;0.0;0.0;1.0;0.02;0.01;1.0;0;7;0.0
383;dut000277;dutch;een-ouder;unknown;Een Ouder;MALE;1;1;1;6;0;0;0;0;1.0;0.0;0.0;0.0;0.0;0.0;0.0;0.0;0.0;1.0;0.01;0.01;1.0;0;1;0.0
384;dut000277;dutch;een-waerachtige-stemme-goods;unknown;Een waerachtige stemme goods;MALE;1;1;1;46;0;0;0;0;1.0;0.0;0.0;0.0;0.0;0.0;0.0;0.0;0.0;1.0;0.01;0.04;1.0;0;0;0.0
385;dut000277;dutch;gelovige-danckbaerheijt;unknown;Gelovige danckbaerheijt;UNKNOWN;1;1;1;8;0;0;0;0;1.0;0.0;0.0;0.0;0.0;0.0;0.0;0.0;0.0;1.0;0.01;0.01;1.0;0;8;0.0
386;dut000277;dutch;jacobus;unknown;Jacobus;MALE;1;1;1;2;0;0;0;0;1.0;0.0;0.0;0.0;0.0;0.0;0.0;0.0;0.0;1.0;0.01;0.0;1.0;0;4;0.0
387;dut000277;dutch;johannus;unknown;Johannus;MALE;1;1;1;2;0;0;0;0;1.0;0.0;0.0;0.0;0.0;0.0;0.0;0.0;0.0;1.0;0.01;0.0;1.0;0;2;0.0
388;dut000277;dutch;levende-waerheijt;unknown;Levende waerheijt;UNKNOWN;1;1;1;4;0;0;0;0;1.0;0.0;0.0;0.0;0.0;0.0;0.0;0.0;0.0;1.0;0.01;0.0;1.0;0;3;0.0
389;dut000277;dutch;paulus;unknown;Paulus;MALE;1;1;1;2;0;0;0;0;1.0;0.0;0.0;0.0;0.0;0.0;0.0;0.0;0.0;1.0;0.01;0.0;1.0;0;5;0.0
390;dut000277;dutch;petrus;unknown;Petrus;MALE;1;1;1;11;0;0;0;0;1.0;0.0;0.0;0.0;0.0;0.0;0.0;0.0;0.0;1.0;0.01;0.01;1.0;0;3;0.0
391;dut000277;dutch;sampson;unknown;Sampson;MALE;1;1;1;6;0;0;0;0;1.0;0.0;0.0;0.0;0.0;0.0;0.0;0.0;0.0;1.0;0.01;0.01;1.0;0;9;0.0
392;dut000277;dutch;stephanus-knielende;unknown;Stephanus;MALE;1;1;1;2;0;0;0;0;1.0;0.0;0.0;0.0;0.0;0.0;0.0;0.0;0.0;1.0;0.01;0.0;1.0;0;6;0.0
393;dut000277;dutch;theijlich-woort-goods;unknown;Theijlich woort goods;MALE;1;1;32;224;0;0;0;0;1.0;0.0;0.0;0.0;0.0;0.0;0.0;0.0;0.0;1.0;0.2;0.2;1.0;2;20;0.0
394;dut000277;dutch;unknown;unknown;UNKNOWN;u;1;1;2;9;0;0;0;0;1.0;0.0;0.0;0.0;0.0;0.0;0.0;0.0;0.0;1.0;0.01;0.01;1.0;0;8;0.0
395;dut000255;dutch;heijn;unknown;heijn;MALE;1;1;82;247;0;0;0;0;1.0;0.0;0.0;0.0;0.0;0.0;0.0;0.0;0.0;1.0;0.32;0.41;1.0;3;1;0.0
396;dut000255;dutch;roel;unknown;roel;MALE;1;1;55;102;0;0;0;0;1.0;0.0;0.0;0.0;0.0;0.0;0.0;0.0;0.0;1.0;0.22;0.17;1.0;3;0;0.0
397;dut000255;dutch;dander;unknown;dander;FEMALE;1;1;51;110;0;0;0;0;1.0;0.0;0.0;0.0;0.0;0.0;0.0;0.0;0.0;1.0;0.2;0.18;1.0;1;0;0.0
398;dut000255;dutch;deen;unknown;deen;FEMALE;1;1;51;100;0;0;0;0;1.0;0.0;0.0;0.0;0.0;0.0;0.0;0.0;0.0;1.0;0.2;0.16;1.0;2;0;0.0
399;dut000255;dutch;tvroetwijf;unknown;tvroetwijf;FEMALE;1;1;16;44;0;0;0;0;1.0;0.0;0.0;0.0;0.0;0.0;0.0;0.0;0.0;1.0;0.06;0.07;1.0;0;0;0.0
400;dut000267;dutch;doodende-letter;unknown;Doodende letter;FEMALE;1;2;94;209;0;0;0;0;1.0;0.0;0.0;0.0;0.0;0.0;0.0;0.0;0.0;1.0;0.2;0.14;1.0;1;7;0.0
401;dut000267;dutch;misbruijck;unknown;Misbruijck;MALE;1;2;97;189;0;0;0;0;1.0;0.0;0.0;0.0;0.0;0.0;0.0;0.0;0.0;1.0;0.2;0.13;1.0;1;6;0.0
402;dut000267;dutch;waenende-weten;unknown;Waenende weten;MALE;1;2;27;70;0;0;0;0;1.0;0.0;0.0;0.0;0.0;0.0;0.0;0.0;0.0;1.0;0.06;0.05;1.0;1;4;0.0
403;dut000267;dutch;eijgen-vernuft;unknown;Eijgen vernuft;MALE;1;2;50;147;0;0;0;0;1.0;0.0;0.0;0.0;0.0;0.0;0.0;0.0;0.0;1.0;0.1;0.1;1.0;1;5;0.0
404;dut000267;dutch;menich-onnosel-mensch;unknown;Menich onnosel mensch;MALE;1;1;45;133;0;0;0;0;1.0;0.0;0.0;0.0;0.0;0.0;0.0;0.0;0.0;0.5;0.09;0.09;1.0;2;7;0.0
405;dut000267;dutch;simpel-trouwe;unknown;Simpel Trouwe;UNKNOWN;1;1;37;105;0;0;0;0;1.0;0.0;0.0;0.0;0.0;0.0;0.0;0.0;0.0;0.5;0.08;0.07;1.0;2;7;0.0
406;dut000267;dutch;waenende--weten;unknown;Waenende weten;MALE;1;1;1;1;0;0;0;0;1.0;0.0;0.0;0.0;0.0;0.0;0.0;0.0;0.0;0.5;0.0;0.0;1.0;1;3;0.0
407;dut000267;dutch;geestelijck-begrijp;unknown;Geestelijck begrijp;MALE;1;1;50;214;0;0;0;0;1.0;0.0;0.0;0.0;0.0;0.0;0.0;0.0;0.0;0.5;0.1;0.15;1.0;1;2;0.0
408;dut000267;dutch;schriftuerlijcke-zin;unknown;Schriftuerlijcke Zin;MALE;1;1;66;338;0;0;0;0;1.0;0.0;0.0;0.0;0.0;0.0;0.0;0.0;0.0;0.5;0.14;0.23;1.0;1;1;0.0
409;dut000267;dutch;hertneckich;unknown;Hertneckich;UNKNOWN;1;1;7;14;0;0;0;0;1.0;0.0;0.0;0.0;0.0;0.0;0.0;0.0;0.0;0.5;0.01;0.01;1.0;1;1;0.0
410;dut000267;dutch;gabriel;unknown;Gabriel;MALE;1;1;4;26;0;0;0;0;1.0;0.0;0.0;0.0;0.0;0.0;0.0;0.0;0.0;0.5;0.01;0.02;1.0;1;0;0.0
411;dut000267;dutch;maria;unknown;Maria;FEMALE;1;1;2;4;0;0;0;0;1.0;0.0;0.0;0.0;0.0;0.0;0.0;0.0;0.0;0.5;0.0;0.0;1.0;0;0;0.0
412;dut000256;dutch;in-simpelheijt-des-herten-godt-soecken;unknown;In simpelheijt des herten Godt soecken;UNKNOWN;1;1;39;169;0;0;0;0;1.0;0.0;0.0;0.0;0.0;0.0;0.0;0.0;0.0;0.5;0.13;0.13;0.25;0;1;0.0
413;dut000256;dutch;in-goetheijt-van-godt-gevoelen;unknown;In Goetheijt van godt gevoelen;UNKNOWN;1;1;38;147;0;0;0;0;1.0;0.0;0.0;0.0;0.0;0.0;0.0;0.0;0.0;0.5;0.12;0.11;0.25;0;1;0.0
414;dut000256;dutch;dronckaert;unknown;dronckaert;MALE;1;1;29;85;0;0;0;0;1.0;0.0;0.0;0.0;0.0;0.0;0.0;0.0;0.0;0.5;0.09;0.07;0.25;0;0;0.0
415;dut000256;dutch;alderhande-gebreck;unknown;alderhande gebreck;FEMALE;1;1;43;103;0;0;0;0;1.0;0.0;0.0;0.0;0.0;0.0;0.0;0.0;0.0;0.5;0.14;0.08;0.62;1;3;0.0
416;dut000256;dutch;volck;unknown;volck;MALE;1;1;53;137;0;0;0;0;1.0;0.0;0.0;0.0;0.0;0.0;0.0;0.0;0.0;0.5;0.17;0.11;0.62;2;3;0.0
417;dut000256;dutch;sodt;unknown;sodt;MALE;1;1;50;299;0;0;0;0;1.0;0.0;0.0;0.0;0.0;0.0;0.0;0.0;0.0;0.5;0.16;0.23;0.62;1;2;0.0
418;dut000256;dutch;goet-ingeven;unknown;goet ingeven;MALE;1;1;37;196;0;0;0;0;1.0;0.0;0.0;0.0;0.0;0.0;0.0;0.0;0.0;0.5;0.12;0.15;0.62;1;1;0.0
419;dut000256;dutch;wraecke-van-sonden;unknown;wraecke van sonden;MALE;1;1;14;87;0;0;0;0;1.0;0.0;0.0;0.0;0.0;0.0;0.0;0.0;0.0;0.5;0.05;0.07;0.62;1;0;0.0
420;dut000256;dutch;der-genaden-moeder;unknown;der genaden moeder;FEMALE;1;1;8;58;0;0;0;0;1.0;0.0;0.0;0.0;0.0;0.0;0.0;0.0;0.0;0.5;0.03;0.05;0.62;0;0;0.0
421;dut000278;dutch;anna;unknown;Anna;FEMALE;1;3;15;83;0;0;0;0;1.0;0.0;0.0;0.0;0.0;0.0;0.0;0.0;0.0;0.6;0.05;0.06;1.0;4;5;0.0
422;dut000278;dutch;benijdende-vree;unknown;Benijdende vree;MALE;1;2;60;123;0;0;0;0;1.0;0.0;0.0;0.0;0.0;0.0;0.0;0.0;0.0;0.4;0.19;0.09;1.0;4;3;0.0
423;dut000278;dutch;de-bode;unknown;Bode;MALE;1;1;1;12;0;0;0;0;1.0;0.0;0.0;0.0;0.0;0.0;0.0;0.0;0.0;0.2;0.0;0.01;0.86;5;5;0.0
424;dut000278;dutch;de-cnaep-vanden-huijse;unknown;Een knecht vanden Ouden Tobijas;MALE;1;2;4;15;0;0;0;0;1.0;0.0;0.0;0.0;0.0;0.0;0.0;0.0;0.0;0.4;0.01;0.01;0.86;3;5;0.0
425;dut000278;dutch;de-soon-van-tobias;unknown;Jonge Tobijas;MALE;1;4;45;216;0;0;0;0;1.0;0.0;0.0;0.0;0.0;0.0;0.0;0.0;0.0;0.8;0.15;0.16;1.0;4;4;0.0
426;dut000278;dutch;den-engel-raphael;unknown;Den Engel Raphael;MALE;1;3;27;164;0;0;0;0;1.0;0.0;0.0;0.0;0.0;0.0;0.0;0.0;0.0;0.6;0.09;0.12;1.0;3;2;0.0
427;dut000278;dutch;den-ouden-tobijas;unknown;Den Ouden Tobijas;MALE;1;4;36;287;0;0;0;0;1.0;0.0;0.0;0.0;0.0;0.0;0.0;0.0;0.0;0.8;0.12;0.21;1.0;5;7;0.0
428;dut000278;dutch;een-jonckwijf;unknown;Een Jonckwijf;FEMALE;1;2;3;11;0;0;0;0;1.0;0.0;0.0;0.0;0.0;0.0;0.0;0.0;0.0;0.4;0.01;0.01;0.86;1;5;0.0
429;dut000278;dutch;gabelus;unknown;Gabelus;MALE;1;2;7;43;0;0;0;0;1.0;0.0;0.0;0.0;0.0;0.0;0.0;0.0;0.0;0.4;0.02;0.03;1.0;5;6;0.0
430;dut000278;dutch;martha;unknown;Martha;FEMALE;1;2;5;22;0;0;0;0;1.0;0.0;0.0;0.0;0.0;0.0;0.0;0.0;0.0;0.4;0.02;0.02;1.0;3;2;0.0
431;dut000278;dutch;raguel;unknown;Raguel;MALE;1;3;21;88;0;0;0;0;1.0;0.0;0.0;0.0;0.0;0.0;0.0;0.0;0.0;0.6;0.07;0.06;1.0;3;1;0.0
432;dut000278;dutch;raguels-huijsvrou-met-haer-dochter;unknown;Raguelsh uijsvrou met haer dochter;FEMALE;1;1;1;8;0;0;0;0;1.0;0.0;0.0;0.0;0.0;0.0;0.0;0.0;0.0;0.2;0.0;0.01;0.86;1;0;0.0
433;dut000278;dutch;raguels-wijf;unknown;Hanna;FEMALE;1;3;11;64;0;0;0;0;1.0;0.0;0.0;0.0;0.0;0.0;0.0;0.0;0.0;0.6;0.04;0.05;1.0;1;1;0.0
434;dut000278;dutch;sara;unknown;Sara;FEMALE;1;3;13;75;0;0;0;0;1.0;0.0;0.0;0.0;0.0;0.0;0.0;0.0;0.0;0.6;0.04;0.06;1.0;4;3;0.0
435;dut000278;dutch;tijtelijcke-vreucht;unknown;Tijtelijcke vreucht;MALE;1;2;59;144;0;0;0;0;1.0;0.0;0.0;0.0;0.0;0.0;0.0;0.0;0.0;0.4;0.19;0.11;1.0;4;2;0.0
436;dut000268;dutch;verachter-der-const;unknown;verachter der Const;UNKNOWN;1;1;12;31;0;0;0;0;1.0;0.0;0.0;0.0;0.0;0.0;0.0;0.0;0.0;0.2;0.06;0.03;0.13;0;0;0.0
437;dut000268;dutch;rethorica;unknown;rethorica;UNKNOWN;1;1;13;77;0;0;0;0;1.0;0.0;0.0;0.0;0.0;0.0;0.0;0.0;0.0;0.2;0.06;0.08;0.13;0;0;0.0
438;dut000268;dutch;joriam-coninck-van-israel;unknown;Joriam Coninck van Israel;MALE;1;2;14;76;0;0;0;0;1.0;0.0;0.0;0.0;0.0;0.0;0.0;0.0;0.0;0.4;0.07;0.08;0.67;1;9;0.01
439;dut000268;dutch;deerst-camerlinck;unknown;Deerst Camerlinck;MALE;1;1;3;41;0;0;0;0;1.0;0.0;0.0;0.0;0.0;0.0;0.0;0.0;0.0;0.2;0.01;0.04;0.53;1;5;0.0
440;dut000268;dutch;dander-camerlinck;unknown;Dander Camerlinck;MALE;1;1;1;18;0;0;0;0;1.0;0.0;0.0;0.0;0.0;0.0;0.0;0.0;0.0;0.2;0.0;0.02;0.53;1;4;0.0
441;dut000268;dutch;gehasij;unknown;Gehasij;MALE;1;2;15;144;0;0;0;0;1.0;0.0;0.0;0.0;0.0;0.0;0.0;0.0;0.0;0.4;0.07;0.15;0.67;1;8;0.01
442;dut000268;dutch;de-sunamitinne;unknown;De Sunamitinne;FEMALE;1;1;3;19;0;0;0;0;1.0;0.0;0.0;0.0;0.0;0.0;0.0;0.0;0.0;0.2;0.01;0.02;0.53;0;4;0.0
443;dut000268;dutch;naman-van-sijrien;unknown;Naman van sijrien;MALE;1;2;15;74;0;0;0;0;1.0;0.0;0.0;0.0;0.0;0.0;0.0;0.0;0.0;0.4;0.07;0.08;0.67;0;5;0.01
444;dut000268;dutch;gijericheijt;unknown;Gijericheijt;MALE;1;3;52;176;0;0;0;0;1.0;0.0;0.0;0.0;0.0;0.0;0.0;0.0;0.0;0.6;0.25;0.18;0.67;0;4;0.01
445;dut000268;dutch;afgoderij;unknown;Afgoderije;MALE;1;3;51;164;0;0;0;0;1.0;0.0;0.0;0.0;0.0;0.0;0.0;0.0;0.0;0.6;0.25;0.17;0.67;0;3;0.01
446;dut000268;dutch;deerst-dienaer;unknown;Deerst dienaer;MALE;1;1;4;9;0;0;0;0;1.0;0.0;0.0;0.0;0.0;0.0;0.0;0.0;0.0;0.2;0.02;0.01;0.47;0;2;0.0
447;dut000268;dutch;twede-dienaer;unknown;twede dienaer;MALE;1;1;3;18;0;0;0;0;1.0;0.0;0.0;0.0;0.0;0.0;0.0;0.0;0.0;0.2;0.01;0.02;0.47;0;1;0.0
448;dut000268;dutch;eliseus;unknown;Eliseus;MALE;1;2;9;44;0;0;0;0;1.0;0.0;0.0;0.0;0.0;0.0;0.0;0.0;0.0;0.4;0.04;0.04;0.67;0;0;0.01
449;dut000268;dutch;eerste;unknown;Eerste Retrosijn;MALE;1;1;4;18;0;0;0;0;1.0;0.0;0.0;0.0;0.0;0.0;0.0;0.0;0.0;0.2;0.02;0.02;0.07;0;1;0.0
450;dut000268;dutch;tweede;unknown;Tweede Retrosijn;MALE;1;1;4;16;0;0;0;0;1.0;0.0;0.0;0.0;0.0;0.0;0.0;0.0;0.0;0.2;0.02;0.02;0.07;0;0;0.0
451;dut000268;dutch;rethorica verachter-der-const;unknown;UNKNOWN;u;1;1;1;45;0;0;0;0;1.0;0.0;0.0;0.0;0.0;0.0;0.0;0.0;0.0;0.2;0.0;0.05;0.13;0;0;0.0
452;dut000284;dutch;eerste;unknown;Deerste;UNKNOWN;1;1;11;24;0;0;0;0;1.0;0.0;0.0;0.0;0.0;0.0;0.0;0.0;0.0;0.25;0.05;0.04;0.07;0;0;0.0
453;dut000284;dutch;tweede;unknown;Tweede;UNKNOWN;1;1;10;27;0;0;0;0;1.0;0.0;0.0;0.0;0.0;0.0;0.0;0.0;0.0;0.25;0.05;0.04;0.07;0;0;0.0
454;dut000284;dutch;abraham;unknown;Abraham;MALE;1;1;4;29;0;0;0;0;1.0;0.0;0.0;0.0;0.0;0.0;0.0;0.0;0.0;0.25;0.02;0.04;0.4;0;0;0.0
455;dut000284;dutch;barmhertigheijt;unknown;Barmhertigheijt;UNKNOWN;1;2;17;48;0;0;0;0;1.0;0.0;0.0;0.0;0.0;0.0;0.0;0.0;0.0;0.5;0.08;0.07;0.8;0;1;0.0
456;dut000284;dutch;begeerlijckheijt;unknown;Begeerlijckheijt;UNKNOWN;1;3;16;56;0;0;0;0;1.0;0.0;0.0;0.0;0.0;0.0;0.0;0.0;0.0;0.75;0.08;0.09;0.87;0;4;0.02
457;dut000284;dutch;deenvoudige-mensch;unknown;Deenvoudige mensch;MALE;1;2;23;49;0;0;0;0;1.0;0.0;0.0;0.0;0.0;0.0;0.0;0.0;0.0;0.5;0.11;0.07;0.8;0;2;0.0
458;dut000284;dutch;gerson;unknown;Gerson;MALE;1;2;14;27;0;0;0;0;1.0;0.0;0.0;0.0;0.0;0.0;0.0;0.0;0.0;0.5;0.07;0.04;0.8;0;3;0.01
459;dut000284;dutch;hooftmeester;unknown;Hooftmeester;MALE;1;2;11;33;0;0;0;0;1.0;0.0;0.0;0.0;0.0;0.0;0.0;0.0;0.0;0.5;0.05;0.05;0.8;0;5;0.01
460;dut000284;dutch;hoveerdich-gemoet;unknown;Hoveerdich gemoet;UNKNOWN;1;3;8;20;0;0;0;0;1.0;0.0;0.0;0.0;0.0;0.0;0.0;0.0;0.0;0.75;0.04;0.03;0.87;0;1;0.02
461;dut000284;dutch;lazarus;unknown;Lazarus;MALE;1;2;21;90;0;0;0;0;1.0;0.0;0.0;0.0;0.0;0.0;0.0;0.0;0.0;0.5;0.1;0.14;0.8;0;1;0.0
462;dut000284;dutch;lieft;unknown;Lieft;UNKNOWN;1;2;32;83;0;0;0;0;1.0;0.0;0.0;0.0;0.0;0.0;0.0;0.0;0.0;0.5;0.15;0.13;0.8;0;3;0.0
463;dut000284;dutch;patiencie;unknown;Patiencie;UNKNOWN;1;1;9;30;0;0;0;0;1.0;0.0;0.0;0.0;0.0;0.0;0.0;0.0;0.0;0.25;0.04;0.05;0.53;0;1;0.0
464;dut000284;dutch;rijckeman;unknown;Rijckeman;MALE;1;3;25;104;0;0;0;0;1.0;0.0;0.0;0.0;0.0;0.0;0.0;0.0;0.0;0.75;0.12;0.16;0.87;0;2;0.02
465;dut000284;dutch;wellust-des-vleijsch;unknown;Wellust des vleijsch;UNKNOWN;1;3;10;25;0;0;0;0;1.0;0.0;0.0;0.0;0.0;0.0;0.0;0.0;0.0;0.75;0.05;0.04;0.87;0;1;0.02
466;dut000284;dutch;hoveerdich-gemoet begeerlijckheijt;unknown;UNKNOWN;u;1;1;1;8;0;0;0;0;1.0;0.0;0.0;0.0;0.0;0.0;0.0;0.0;0.0;0.25;0.0;0.01;0.73;0;2;0.0
467;dut000284;dutch;deenvoudige-mensch barmhertigheijt lieft;unknown;UNKNOWN;u;1;1;1;1;0;0;0;0;1.0;0.0;0.0;0.0;0.0;0.0;0.0;0.0;0.0;0.25;0.0;0.0;0.73;0;1;0.0
468;dut000286;dutch;derde-bowman;unknown;Derde bowman;MALE;1;5;18;70;0;0;0;0;1.0;0.0;0.0;0.0;0.0;0.0;0.0;0.0;0.0;0.42;0.07;0.06;0.6;0;3;0.0
469;dut000286;dutch;die-eerste-bouman;unknown;Die eerste bouman;MALE;1;6;35;145;0;0;0;0;1.0;0.0;0.0;0.0;0.0;0.0;0.0;0.0;0.0;0.5;0.14;0.13;0.7;0;5;0.06
470;dut000286;dutch;die-huisvader;unknown;Die huisvader;MALE;1;3;15;124;0;0;0;0;1.0;0.0;0.0;0.0;0.0;0.0;0.0;0.0;0.0;0.25;0.06;0.11;0.6;0;6;0.0
471;dut000286;dutch;goe-informacij;unknown;Goe Informacij;MALE;1;4;28;138;0;0;0;0;1.0;0.0;0.0;0.0;0.0;0.0;0.0;0.0;0.0;0.33;0.11;0.12;0.6;0;2;0.0
472;dut000286;dutch;helsche-nijdicheijt;unknown;Helsche Nijdicheijt;UNKNOWN;1;2;27;83;0;0;0;0;1.0;0.0;0.0;0.0;0.0;0.0;0.0;0.0;0.0;0.17;0.11;0.07;0.1;0;0;0.0
473;dut000286;dutch;menich-goet-mensch;unknown;Menich goet mensch;MALE;1;4;29;130;0;0;0;0;1.0;0.0;0.0;0.0;0.0;0.0;0.0;0.0;0.0;0.33;0.11;0.11;0.6;0;0;0.0
474;dut000286;dutch;redelick-gevoelen;unknown;Redelick gevoelen;UNKNOWN;1;1;9;57;0;0;0;0;1.0;0.0;0.0;0.0;0.0;0.0;0.0;0.0;0.0;0.08;0.04;0.05;0.2;0;0;0.0
475;dut000286;dutch;schriftuers-onderwijs;unknown;schriftuers onderwijs;MALE;1;4;25;116;0;0;0;0;1.0;0.0;0.0;0.0;0.0;0.0;0.0;0.0;0.0;0.33;0.1;0.1;0.6;0;1;0.0
476;dut000286;dutch;smenschen-viant;unknown;smenschen viant;MALE;1;2;30;97;0;0;0;0;1.0;0.0;0.0;0.0;0.0;0.0;0.0;0.0;0.0;0.17;0.12;0.08;0.1;0;0;0.0
477;dut000286;dutch;tweede-bouman;unknown;tweede bouman;MALE;1;6;36;150;0;0;0;0;1.0;0.0;0.0;0.0;0.0;0.0;0.0;0.0;0.0;0.5;0.14;0.13;0.7;0;4;0.06
478;dut000286;dutch;unknown;unknown;UNKNOWN;u;1;1;1;24;0;0;0;0;1.0;0.0;0.0;0.0;0.0;0.0;0.0;0.0;0.0;0.08;0.0;0.02;0.0;0;0;0.0
479;dut000279;dutch;barmhartich;unknown;Barmhartich;UNKNOWN;1;1;11;27;0;0;0;0;1.0;0.0;0.0;0.0;0.0;0.0;0.0;0.0;0.0;0.1;0.03;0.03;0.05;0;0;0.0
480;dut000279;dutch;cloeck-verstant;unknown;Cloeck verstant;UNKNOWN;1;4;69;114;0;0;0;0;1.0;0.0;0.0;0.0;0.0;0.0;0.0;0.0;0.0;0.4;0.21;0.11;0.42;0;0;0.0
481;dut000279;dutch;de-vreemden-gast;unknown;De / vreemden gast;MALE;1;1;1;2;0;0;0;0;1.0;0.0;0.0;0.0;0.0;0.0;0.0;0.0;0.0;0.1;0.0;0.0;0.26;0;0;0.0
482;dut000279;dutch;de-mensch;unknown;De mensch;MALE;1;7;53;204;0;0;0;0;1.0;0.0;0.0;0.0;0.0;0.0;0.0;0.0;0.0;0.7;0.16;0.2;0.74;0;2;0.17
483;dut000279;dutch;de-naeckten;unknown;Den naeckten;UNKNOWN;1;1;1;2;0;0;0;0;1.0;0.0;0.0;0.0;0.0;0.0;0.0;0.0;0.0;0.1;0.0;0.0;0.26;0;1;0.0
484;dut000279;dutch;de-reden;unknown;De Reden;UNKNOWN;1;2;11;31;0;0;0;0;1.0;0.0;0.0;0.0;0.0;0.0;0.0;0.0;0.0;0.2;0.03;0.03;0.26;0;0;0.0
485;dut000279;dutch;deerste;unknown;Deerste;UNKNOWN;1;1;17;34;0;0;0;0;1.0;0.0;0.0;0.0;0.0;0.0;0.0;0.0;0.0;0.1;0.05;0.03;0.05;0;0;0.0
486;dut000279;dutch;den-crancken;unknown;Den Crancken;UNKNOWN;1;1;1;2;0;0;0;0;1.0;0.0;0.0;0.0;0.0;0.0;0.0;0.0;0.0;0.1;0.0;0.0;0.16;0;0;0.0
487;dut000279;dutch;den-dorstigen;unknown;Den dorstigen;UNKNOWN;1;1;1;2;0;0;0;0;1.0;0.0;0.0;0.0;0.0;0.0;0.0;0.0;0.0;0.1;0.0;0.0;0.26;0;2;0.0
488;dut000279;dutch;de-hongerige;unknown;De hongerige;UNKNOWN;1;1;1;2;0;0;0;0;1.0;0.0;0.0;0.0;0.0;0.0;0.0;0.0;0.0;0.1;0.0;0.0;0.26;0;2;0.0
489;dut000279;dutch;eijgen-vernuft;unknown;Eijgen vernuft;UNKNOWN;1;4;79;152;0;0;0;0;1.0;0.0;0.0;0.0;0.0;0.0;0.0;0.0;0.0;0.4;0.24;0.15;0.42;0;0;0.0
490;dut000279;dutch;liefde;unknown;Liefde;UNKNOWN;1;1;12;27;0;0;0;0;1.0;0.0;0.0;0.0;0.0;0.0;0.0;0.0;0.0;0.1;0.04;0.03;0.05;0;0;0.0
491;dut000279;dutch;schijnende-lieft;unknown;Schijnende lieft;UNKNOWN;1;3;16;35;0;0;0;0;1.0;0.0;0.0;0.0;0.0;0.0;0.0;0.0;0.0;0.3;0.05;0.03;0.42;0;1;0.0
492;dut000279;dutch;tsgeests-inspiratie;unknown;Tgeests inspiratie;UNKNOWN;1;1;12;66;0;0;0;0;1.0;0.0;0.0;0.0;0.0;0.0;0.0;0.0;0.0;0.1;0.04;0.07;0.37;0;0;0.0
493;dut000279;dutch;twaerachtich-woort-goots;unknown;Twaerachtich woort goots;UNKNOWN;1;1;23;182;0;0;0;0;1.0;0.0;0.0;0.0;0.0;0.0;0.0;0.0;0.0;0.1;0.07;0.18;0.37;0;0;0.0
494;dut000279;dutch;tweede;unknown;Tweede;UNKNOWN;1;1;18;40;0;0;0;0;1.0;0.0;0.0;0.0;0.0;0.0;0.0;0.0;0.0;0.1;0.05;0.04;0.05;0;0;0.0
495;dut000279;dutch;wachter;unknown;Wachter;MALE;1;4;7;70;0;0;0;0;1.0;0.0;0.0;0.0;0.0;0.0;0.0;0.0;0.0;0.4;0.02;0.07;0.68;0;1;0.13
496;dut000279;dutch;eijgen-vernuft cloeck-verstant;unknown;UNKNOWN;u;1;2;2;2;0;0;0;0;1.0;0.0;0.0;0.0;0.0;0.0;0.0;0.0;0.0;0.2;0.01;0.0;0.42;0;0;0.0
497;dut000279;dutch;de-gevangen-spreeckt;unknown;UNKNOWN;u;1;1;1;2;0;0;0;0;1.0;0.0;0.0;0.0;0.0;0.0;0.0;0.0;0.0;0.1;0.0;0.0;0.16;0;1;0.0
498;dut000280;dutch;begeerte-van-hoocheijt;unknown;Begeerte van hoocheijt;MALE;1;1;59;160;0;0;0;0;1.0;0.0;0.0;0.0;0.0;0.0;0.0;0.0;0.0;0.5;0.24;0.17;1.0;0;6;0.0
499;dut000280;dutch;dander-phariseeus;unknown;Dander Phariseeus;MALE;1;1;20;47;0;0;0;0;1.0;0.0;0.0;0.0;0.0;0.0;0.0;0.0;0.0;0.5;0.08;0.05;1.0;0;1;0.0
500;dut000280;dutch;deen-phariseeus;unknown;Deen Phariseeus;MALE;1;1;20;50;0;0;0;0;1.0;0.0;0.0;0.0;0.0;0.0;0.0;0.0;0.0;0.5;0.08;0.05;1.0;0;2;0.0
501;dut000280;dutch;die-garen-tbeste-dade;unknown;Die garen tbeste dade;UNKNOWN;1;2;25;146;0;0;0;0;1.0;0.0;0.0;0.0;0.0;0.0;0.0;0.0;0.0;1.0;0.1;0.15;1.0;0;1;0.0
502;dut000280;dutch;jacobus;unknown;Jacobus;MALE;1;1;2;3;0;0;0;0;1.0;0.0;0.0;0.0;0.0;0.0;0.0;0.0;0.0;0.5;0.01;0.0;1.0;0;3;0.0
503;dut000280;dutch;jesus;unknown;Jesus;MALE;1;1;12;150;0;0;0;0;1.0;0.0;0.0;0.0;0.0;0.0;0.0;0.0;0.0;0.5;0.05;0.15;1.0;0;5;0.0
504;dut000280;dutch;matheus;unknown;Matheus;MALE;1;1;6;94;0;0;0;0;1.0;0.0;0.0;0.0;0.0;0.0;0.0;0.0;0.0;0.5;0.02;0.1;1.0;0;8;0.0
505;dut000280;dutch;petrus;unknown;Petrus;MALE;1;1;6;13;0;0;0;0;1.0;0.0;0.0;0.0;0.0;0.0;0.0;0.0;0.0;0.5;0.02;0.01;1.0;0;4;0.0
506;dut000280;dutch;schriftuerlijcke-troost;unknown;Schriftuerlijcke troost;MALE;1;2;24;143;0;0;0;0;1.0;0.0;0.0;0.0;0.0;0.0;0.0;0.0;0.0;1.0;0.1;0.15;1.0;0;0;0.0
507;dut000280;dutch;uuijt-om-winnenge;unknown;Uuijt om winnenge;MALE;1;1;60;131;0;0;0;0;1.0;0.0;0.0;0.0;0.0;0.0;0.0;0.0;0.0;0.5;0.25;0.14;1.0;0;7;0.0
508;dut000280;dutch;uuijt-om-winnenge begeerte-van-hoocheijt;unknown;UNKNOWN;u;1;1;5;18;0;0;0;0;1.0;0.0;0.0;0.0;0.0;0.0;0.0;0.0;0.0;0.5;0.02;0.02;1.0;0;6;0.0
509;dut000280;dutch;begeerte-van-hoocheijt uuijt-om-winnenge;unknown;UNKNOWN;u;1;1;3;11;0;0;0;0;1.0;0.0;0.0;0.0;0.0;0.0;0.0;0.0;0.0;0.5;0.01;0.01;1.0;0;6;0.0
510;dut000257;dutch;eerste;unknown;1;UNKNOWN;1;1;30;66;0;0;0;0;1.0;0.0;0.0;0.0;0.0;0.0;0.0;0.0;0.0;0.5;0.06;0.05;0.06;0;0;0.0
511;dut000257;dutch;tweede;unknown;2;UNKNOWN;1;1;30;61;0;0;0;0;1.0;0.0;0.0;0.0;0.0;0.0;0.0;0.0;0.0;0.5;0.06;0.04;0.06;0;0;0.0
512;dut000257;dutch;quaet-gelove;unknown;Quaet gelove;UNKNOWN;1;1;135;269;0;0;0;0;1.0;0.0;0.0;0.0;0.0;0.0;0.0;0.0;0.0;0.5;0.25;0.18;0.89;4;6;0.0
513;dut000257;dutch;vleijschelijcke-sin;unknown;Vleijschelijcke sin;UNKNOWN;1;1;132;241;0;0;0;0;1.0;0.0;0.0;0.0;0.0;0.0;0.0;0.0;0.0;0.5;0.24;0.16;0.89;4;6;0.0
514;dut000257;dutch;de-wellustige-mensch;unknown;De wellustige mensch;MALE;1;1;57;190;0;0;0;0;1.0;0.0;0.0;0.0;0.0;0.0;0.0;0.0;0.0;0.5;0.11;0.13;0.89;4;6;0.0
515;dut000257;dutch;eertsche-solaesheijt;unknown;Eertsche solaesheijt;FEMALE;1;1;33;70;0;0;0;0;1.0;0.0;0.0;0.0;0.0;0.0;0.0;0.0;0.0;0.5;0.06;0.05;0.89;3;6;0.0
516;dut000257;dutch;daegelijckse-predicata;unknown;Dagelijckse predicatie;MALE;1;1;2;108;0;0;0;0;1.0;0.0;0.0;0.0;0.0;0.0;0.0;0.0;0.0;0.5;0.0;0.07;0.89;3;5;0.0
517;dut000257;dutch;begeerlijcheijt-van-ogen;unknown;Begeerlijcheijt van ogen;UNKNOWN;1;1;10;15;0;0;0;0;1.0;0.0;0.0;0.0;0.0;0.0;0.0;0.0;0.0;0.5;0.02;0.01;0.89;3;5;0.0
518;dut000257;dutch;eergiericheijt;unknown;Eegiericheijt ;FEMALE;1;1;20;22;0;0;0;0;1.0;0.0;0.0;0.0;0.0;0.0;0.0;0.0;0.0;0.5;0.04;0.02;0.89;2;5;0.0
519;dut000257;dutch;luxurie;unknown;Luxurie;FEMALE;1;1;11;19;0;0;0;0;1.0;0.0;0.0;0.0;0.0;0.0;0.0;0.0;0.0;0.5;0.02;0.01;0.89;1;5;0.0
520;dut000257;dutch;overdaet;unknown;Overdaet;FEMALE;1;1;13;22;0;0;0;0;1.0;0.0;0.0;0.0;0.0;0.0;0.0;0.0;0.0;0.5;0.02;0.02;0.89;0;5;0.0
521;dut000257;dutch;deerste-samblant;unknown;Deerste samblant;UNKNOWN;1;1;18;28;0;0;0;0;1.0;0.0;0.0;0.0;0.0;0.0;0.0;0.0;0.0;0.5;0.03;0.02;0.89;0;5;0.0
522;dut000257;dutch;de-tweede-samblant;unknown;Tweede samblant;UNKNOWN;1;1;14;26;0;0;0;0;1.0;0.0;0.0;0.0;0.0;0.0;0.0;0.0;0.0;0.5;0.03;0.02;0.89;0;5;0.0
523;dut000257;dutch;corte-weelde;unknown;Corte weelde;MALE;1;1;5;72;0;0;0;0;1.0;0.0;0.0;0.0;0.0;0.0;0.0;0.0;0.0;0.5;0.01;0.05;0.89;0;4;0.0
524;dut000257;dutch;eerstsche-mensch;unknown;Eerstsche mensch;MALE;1;1;1;1;0;0;0;0;1.0;0.0;0.0;0.0;0.0;0.0;0.0;0.0;0.0;0.5;0.0;0.0;0.89;0;2;0.0
525;dut000257;dutch;den-dach-van-triubulatie;unknown;Den dach van triubulatie;MALE;1;1;5;9;0;0;0;0;1.0;0.0;0.0;0.0;0.0;0.0;0.0;0.0;0.0;0.5;0.01;0.01;0.89;0;1;0.0
526;dut000257;dutch;gramschap-goods;unknown;Gramschap goods;MALE;1;1;13;103;0;0;0;0;1.0;0.0;0.0;0.0;0.0;0.0;0.0;0.0;0.0;0.5;0.02;0.07;0.89;0;3;0.0
527;dut000257;dutch;de-gratie-goods;unknown;gratie goods;MALE;1;1;9;104;0;0;0;0;1.0;0.0;0.0;0.0;0.0;0.0;0.0;0.0;0.0;0.5;0.02;0.07;0.89;0;0;0.0
528;dut000257;dutch;dopperste-mogenheijt;unknown;Dopperste mogentheijt;UNKNOWN;1;1;2;30;0;0;0;0;1.0;0.0;0.0;0.0;0.0;0.0;0.0;0.0;0.0;0.5;0.0;0.02;0.89;0;4;0.0
529;dut000258;dutch;griet;unknown;griet;FEMALE;1;2;70;173;0;0;0;0;1.0;0.0;0.0;0.0;0.0;0.0;0.0;0.0;0.0;1.0;0.2;0.22;1.0;0;1;0.0
530;dut000258;dutch;baert;unknown;baert;FEMALE;1;2;74;124;0;0;0;0;1.0;0.0;0.0;0.0;0.0;0.0;0.0;0.0;0.0;1.0;0.21;0.16;1.0;1;1;0.0
531;dut000258;dutch;nout;unknown;nout;MALE;1;2;126;319;0;0;0;0;1.0;0.0;0.0;0.0;0.0;0.0;0.0;0.0;0.0;1.0;0.35;0.41;1.0;0;1;0.0
532;dut000258;dutch;plonis;unknown;plonis;MALE;1;1;43;73;0;0;0;0;1.0;0.0;0.0;0.0;0.0;0.0;0.0;0.0;0.0;0.5;0.12;0.09;1.0;2;2;0.0
533;dut000258;dutch;molder;unknown;molder;MALE;1;1;40;90;0;0;0;0;1.0;0.0;0.0;0.0;0.0;0.0;0.0;0.0;0.0;0.5;0.11;0.11;1.0;2;0;0.0
534;dut000258;dutch;baert griet;unknown;UNKNOWN;u;1;1;3;3;0;0;0;0;1.0;0.0;0.0;0.0;0.0;0.0;0.0;0.0;0.0;0.5;0.01;0.0;1.0;0;0;0.0
535;dut000281;dutch;de-eerste;unknown;De eerste;UNKNOWN;1;1;4;14;0;0;0;0;1.0;0.0;0.0;0.0;0.0;0.0;0.0;0.0;0.0;0.25;0.01;0.01;0.06;0;0;0.0
536;dut000281;dutch;de-tweede;unknown;De tweede;UNKNOWN;1;1;4;18;0;0;0;0;1.0;0.0;0.0;0.0;0.0;0.0;0.0;0.0;0.0;0.25;0.01;0.02;0.06;0;0;0.0
537;dut000281;dutch;de-eerste-raetsheer;unknown;Deen Raetsheer 1.;MALE;1;1;4;25;0;0;0;0;1.0;0.0;0.0;0.0;0.0;0.0;0.0;0.0;0.0;0.25;0.01;0.02;0.71;0;7;0.0
538;dut000281;dutch;de-tweede-raetsheer;unknown;Dander Raetsheer. 2.;MALE;1;1;3;19;0;0;0;0;1.0;0.0;0.0;0.0;0.0;0.0;0.0;0.0;0.0;0.25;0.01;0.02;0.71;0;6;0.0
539;dut000281;dutch;allen;unknown;Allen;UNKNOWN;1;1;1;19;0;0;0;0;1.0;0.0;0.0;0.0;0.0;0.0;0.0;0.0;0.0;0.25;0.0;0.02;0.35;0;1;0.0
540;dut000281;dutch;de-propheet-jonas;unknown;De propheet Jonas;MALE;1;3;10;95;0;0;0;0;1.0;0.0;0.0;0.0;0.0;0.0;0.0;0.0;0.0;0.75;0.03;0.09;0.88;0;2;0.04
541;dut000281;dutch;den-burgers-jongen;unknown;Den burgers Jongen;MALE;1;1;2;3;0;0;0;0;1.0;0.0;0.0;0.0;0.0;0.0;0.0;0.0;0.0;0.25;0.01;0.0;0.71;0;4;0.0
542;dut000281;dutch;den-coninck;unknown;Een Coninck;MALE;1;1;1;41;0;0;0;0;1.0;0.0;0.0;0.0;0.0;0.0;0.0;0.0;0.0;0.25;0.0;0.04;0.71;0;5;0.0
543;dut000281;dutch;die-stem-goods;unknown;Die Stem gods;MALE;1;2;4;26;0;0;0;0;1.0;0.0;0.0;0.0;0.0;0.0;0.0;0.0;0.0;0.5;0.01;0.02;0.82;0;1;0.02
544;dut000281;dutch;een-burger;unknown;Een Burger;MALE;1;3;42;135;0;0;0;0;1.0;0.0;0.0;0.0;0.0;0.0;0.0;0.0;0.0;0.75;0.14;0.12;0.88;0;9;0.04
545;dut000281;dutch;een-waert;unknown;Een waert / genaempt sonder goods vresen.;MALE;1;2;10;37;0;0;0;0;1.0;0.0;0.0;0.0;0.0;0.0;0.0;0.0;0.0;0.5;0.03;0.03;0.41;0;0;0.0
546;dut000281;dutch;eijgen-quellagie;unknown;Eijgen quellagie;MALE;1;1;49;150;0;0;0;0;1.0;0.0;0.0;0.0;0.0;0.0;0.0;0.0;0.0;0.25;0.17;0.14;0.71;0;2;0.0
547;dut000281;dutch;goods-genaede;unknown;De genade gods;UNKNOWN;1;1;1;9;0;0;0;0;1.0;0.0;0.0;0.0;0.0;0.0;0.0;0.0;0.0;0.25;0.0;0.01;0.71;0;4;0.0
548;dut000281;dutch;hooch-geacht-voor-die-werrelt;unknown;Hooch geacht voor die werrelt;UNKNOWN;1;3;53;161;0;0;0;0;1.0;0.0;0.0;0.0;0.0;0.0;0.0;0.0;0.0;0.75;0.18;0.15;0.88;0;10;0.04
549;dut000281;dutch;tgemeen-volck;unknown;Tgemeen volck;UNKNOWN;1;3;40;131;0;0;0;0;1.0;0.0;0.0;0.0;0.0;0.0;0.0;0.0;0.0;0.75;0.14;0.12;0.88;0;9;0.04
550;dut000281;dutch;tschijn-van-wangunst;unknown;Tschijn van wangust;MALE;1;1;48;112;0;0;0;0;1.0;0.0;0.0;0.0;0.0;0.0;0.0;0.0;0.0;0.25;0.16;0.1;0.71;0;3;0.0
551;dut000281;dutch;veelderleij-sondt;unknown;veelderleij Sondt;UNKNOWN;1;2;18;61;0;0;0;0;1.0;0.0;0.0;0.0;0.0;0.0;0.0;0.0;0.0;0.5;0.06;0.06;0.41;0;3;0.0
552;dut000281;dutch;unknown;unknown;UNKNOWN;u;1;1;1;22;0;0;0;0;1.0;0.0;0.0;0.0;0.0;0.0;0.0;0.0;0.0;0.25;0.0;0.02;0.71;0;5;0.0
553;dut000259;dutch;eerste;unknown;1;UNKNOWN;1;1;12;37;0;0;0;0;1.0;0.0;0.0;0.0;0.0;0.0;0.0;0.0;0.0;0.1;0.04;0.02;0.07;0;0;0.0
554;dut000259;dutch;tweede;unknown;2;UNKNOWN;1;1;12;43;0;0;0;0;1.0;0.0;0.0;0.0;0.0;0.0;0.0;0.0;0.0;0.1;0.04;0.03;0.07;0;0;0.0
555;dut000259;dutch;goetheijt-goods;unknown;Goetheijt goods;UNKNOWN;1;4;10;251;0;0;0;0;1.0;0.0;0.0;0.0;0.0;0.0;0.0;0.0;0.0;0.4;0.03;0.15;0.57;0;5;0.07
556;dut000259;dutch;twoort-goods;unknown;Twoort goods;MALE;1;5;20;258;0;0;0;0;1.0;0.0;0.0;0.0;0.0;0.0;0.0;0.0;0.0;0.5;0.07;0.16;0.79;0;7;0.36
557;dut000259;dutch;begeerte-van-hoocheijt;unknown;Begeerte van hoocheijt;MALE;1;4;97;250;0;0;0;0;1.0;0.0;0.0;0.0;0.0;0.0;0.0;0.0;0.0;0.4;0.32;0.15;0.5;1;5;0.0
558;dut000259;dutch;vleijschelijcke-wellust;unknown;Vleijschelijcke wellust;FEMALE;1;4;97;285;0;0;0;0;1.0;0.0;0.0;0.0;0.0;0.0;0.0;0.0;0.0;0.4;0.32;0.17;0.5;0;5;0.0
559;dut000259;dutch;aertsche-mensch;unknown;Aertsche mensch;MALE;1;1;2;16;0;0;0;0;1.0;0.0;0.0;0.0;0.0;0.0;0.0;0.0;0.0;0.1;0.01;0.01;0.21;0;2;0.0
560;dut000259;dutch;donbekende;unknown;Onbekende;MALE;1;1;4;17;0;0;0;0;1.0;0.0;0.0;0.0;0.0;0.0;0.0;0.0;0.0;0.1;0.01;0.01;0.21;0;1;0.0
561;dut000259;dutch;vleijschelijcke-mensch;unknown;#vleijschelijcke-mensch;MALE;1;1;4;14;0;0;0;0;1.0;0.0;0.0;0.0;0.0;0.0;0.0;0.0;0.0;0.1;0.01;0.01;0.21;0;0;0.0
562;dut000259;dutch;een-schamel-man-die-behoeftige;unknown;Behoeftige;MALE;1;1;1;13;0;0;0;0;1.0;0.0;0.0;0.0;0.0;0.0;0.0;0.0;0.0;0.1;0.0;0.01;0.5;0;3;0.0
563;dut000259;dutch;een-crepel;unknown;Crepel;MALE;1;1;1;14;0;0;0;0;1.0;0.0;0.0;0.0;0.0;0.0;0.0;0.0;0.0;0.1;0.0;0.01;0.5;0;2;0.0
564;dut000259;dutch;een-lammen;unknown;Lamme;MALE;1;1;1;13;0;0;0;0;1.0;0.0;0.0;0.0;0.0;0.0;0.0;0.0;0.0;0.1;0.0;0.01;0.5;0;1;0.0
565;dut000259;dutch;een-blinde;unknown;Blinde;MALE;1;1;1;19;0;0;0;0;1.0;0.0;0.0;0.0;0.0;0.0;0.0;0.0;0.0;0.1;0.0;0.01;0.5;0;0;0.0
566;dut000259;dutch;een-ijegelijck;unknown;Een ijegelijck;MALE;1;2;22;138;0;0;0;0;1.0;0.0;0.0;0.0;0.0;0.0;0.0;0.0;0.0;0.2;0.07;0.08;0.21;0;2;0.12
567;dut000259;dutch;oprechte-beduijtsel;unknown;Oprecht beduijtsel;MALE;1;1;21;257;0;0;0;0;1.0;0.0;0.0;0.0;0.0;0.0;0.0;0.0;0.0;0.1;0.07;0.16;0.07;0;0;0.0
568;dut000287;dutch;bedelaer;unknown;Bedelaer;MALE;1;5;12;54;0;0;0;0;1.0;0.0;0.0;0.0;0.0;0.0;0.0;0.0;0.0;0.38;0.05;0.04;0.71;1;0;0.0
569;dut000287;dutch;de-officier;unknown;De Officier;MALE;1;1;1;10;0;0;0;0;1.0;0.0;0.0;0.0;0.0;0.0;0.0;0.0;0.0;0.08;0.0;0.01;0.14;1;1;0.0
570;dut000287;dutch;deerste-buerman;unknown;Deerste buerman;MALE;1;1;11;41;0;0;0;0;1.0;0.0;0.0;0.0;0.0;0.0;0.0;0.0;0.0;0.08;0.05;0.03;0.14;0;1;0.0
571;dut000287;dutch;die-burger;unknown;Die burger;MALE;1;5;13;66;0;0;0;0;1.0;0.0;0.0;0.0;0.0;0.0;0.0;0.0;0.0;0.38;0.06;0.05;0.71;1;4;0.0
572;dut000287;dutch;die-coninck;unknown;Die Coninck;MALE;1;5;18;105;0;0;0;0;1.0;0.0;0.0;0.0;0.0;0.0;0.0;0.0;0.0;0.38;0.08;0.08;0.71;1;7;0.0
573;dut000287;dutch;die-coopman;unknown;Coopman;MALE;1;5;11;43;0;0;0;0;1.0;0.0;0.0;0.0;0.0;0.0;0.0;0.0;0.0;0.38;0.05;0.03;0.71;1;2;0.0
574;dut000287;dutch;die-lantman;unknown;Lantman;MALE;1;5;11;50;0;0;0;0;1.0;0.0;0.0;0.0;0.0;0.0;0.0;0.0;0.0;0.38;0.05;0.04;0.71;1;3;0.0
575;dut000287;dutch;die-magestraet;unknown;Magestraet;MALE;1;5;17;82;0;0;0;0;1.0;0.0;0.0;0.0;0.0;0.0;0.0;0.0;0.0;0.38;0.07;0.06;0.71;1;5;0.0
576;dut000287;dutch;die-slaeff;unknown;slaeff;MALE;1;6;16;60;0;0;0;0;1.0;0.0;0.0;0.0;0.0;0.0;0.0;0.0;0.0;0.46;0.07;0.05;0.71;1;1;0.0
577;dut000287;dutch;officier;unknown;Officier;MALE;1;5;13;69;0;0;0;0;1.0;0.0;0.0;0.0;0.0;0.0;0.0;0.0;0.0;0.38;0.06;0.05;0.79;0;6;0.06
578;dut000287;dutch;goodts-ordonancij;unknown;Goodts Ordonancij;UNKNOWN;1;3;38;296;0;0;0;0;1.0;0.0;0.0;0.0;0.0;0.0;0.0;0.0;0.0;0.23;0.17;0.23;0.64;0;9;0.0
579;dut000287;dutch;heer-omnes;unknown;heer omnes;MALE;1;2;2;3;0;0;0;0;1.0;0.0;0.0;0.0;0.0;0.0;0.0;0.0;0.0;0.15;0.01;0.0;0.64;0;8;0.0
580;dut000287;dutch;lust-tot-cunst;unknown;Lust Tot cunst;UNKNOWN;1;1;12;38;0;0;0;0;1.0;0.0;0.0;0.0;0.0;0.0;0.0;0.0;0.0;0.08;0.05;0.03;0.14;0;0;0.0
581;dut000287;dutch;reden;unknown;Reden;FEMALE;1;8;43;317;0;0;0;0;1.0;0.0;0.0;0.0;0.0;0.0;0.0;0.0;0.0;0.62;0.19;0.25;0.64;0;1;0.04
582;dut000287;dutch;tweede-buerman;unknown;Tweede buerman;MALE;1;1;10;37;0;0;0;0;1.0;0.0;0.0;0.0;0.0;0.0;0.0;0.0;0.0;0.08;0.04;0.03;0.14;0;0;0.0
583;dut000273;dutch;martha;unknown;Martha;FEMALE;1;3;24;123;0;0;0;0;1.0;0.0;0.0;0.0;0.0;0.0;0.0;0.0;0.0;0.38;0.09;0.11;0.47;1;5;0.0
584;dut000273;dutch;lazarus;unknown;Lazarus;MALE;1;3;7;41;0;0;0;0;1.0;0.0;0.0;0.0;0.0;0.0;0.0;0.0;0.0;0.38;0.03;0.04;0.67;2;2;0.05
585;dut000273;dutch;een-bode;unknown;Een bode;MALE;1;2;6;26;0;0;0;0;1.0;0.0;0.0;0.0;0.0;0.0;0.0;0.0;0.0;0.25;0.02;0.02;0.47;0;4;0.0
586;dut000273;dutch;deerste-jode;unknown;Deen Jode;MALE;1;6;78;214;0;0;0;0;1.0;0.0;0.0;0.0;0.0;0.0;0.0;0.0;0.0;0.75;0.31;0.2;0.87;1;7;0.2
587;dut000273;dutch;dander-jode;unknown;Dander Jode;MALE;1;6;69;180;0;0;0;0;1.0;0.0;0.0;0.0;0.0;0.0;0.0;0.0;0.0;0.75;0.27;0.17;0.87;1;6;0.2
588;dut000273;dutch;petrus;unknown;Petrus;MALE;1;2;4;16;0;0;0;0;1.0;0.0;0.0;0.0;0.0;0.0;0.0;0.0;0.0;0.25;0.02;0.01;0.6;0;3;0.01
589;dut000273;dutch;jesus;unknown;Jesus;MALE;1;3;20;186;0;0;0;0;1.0;0.0;0.0;0.0;0.0;0.0;0.0;0.0;0.0;0.38;0.08;0.17;0.73;1;5;0.07
590;dut000273;dutch;jacobus;unknown;Jacobus;MALE;1;2;3;12;0;0;0;0;1.0;0.0;0.0;0.0;0.0;0.0;0.0;0.0;0.0;0.25;0.01;0.01;0.6;0;1;0.05
591;dut000273;dutch;thomas;unknown;Thomas;MALE;1;1;1;5;0;0;0;0;1.0;0.0;0.0;0.0;0.0;0.0;0.0;0.0;0.0;0.12;0.0;0.0;0.33;0;0;0.0
592;dut000273;dutch;magdelena;unknown;Magdelena;FEMALE;1;4;15;114;0;0;0;0;1.0;0.0;0.0;0.0;0.0;0.0;0.0;0.0;0.0;0.5;0.06;0.1;0.67;0;6;0.05
593;dut000273;dutch;de-derde-jode;unknown;De derde Jode;MALE;1;2;8;35;0;0;0;0;1.0;0.0;0.0;0.0;0.0;0.0;0.0;0.0;0.0;0.25;0.03;0.03;0.33;1;0;0.0
594;dut000273;dutch;caijphas-bischop;unknown;Caijphas bischop;MALE;1;1;7;32;0;0;0;0;1.0;0.0;0.0;0.0;0.0;0.0;0.0;0.0;0.0;0.12;0.03;0.03;0.33;1;4;0.0
595;dut000273;dutch;annanias;unknown;Annanias;MALE;1;1;6;26;0;0;0;0;1.0;0.0;0.0;0.0;0.0;0.0;0.0;0.0;0.0;0.12;0.02;0.02;0.33;1;3;0.0
596;dut000273;dutch;een-deurwaerder;unknown;Een deurwaerder;FEMALE;1;1;1;38;0;0;0;0;1.0;0.0;0.0;0.0;0.0;0.0;0.0;0.0;0.0;0.12;0.0;0.03;0.33;0;0;0.0
597;dut000273;dutch;judas-ijscharioth;unknown;Judas ijscharioth;MALE;1;1;3;34;0;0;0;0;1.0;0.0;0.0;0.0;0.0;0.0;0.0;0.0;0.0;0.12;0.01;0.03;0.33;0;2;0.0
598;dut000273;dutch;jacobus thomas petrus;unknown;UNKNOWN;u;1;1;1;1;0;0;0;0;1.0;0.0;0.0;0.0;0.0;0.0;0.0;0.0;0.0;0.12;0.0;0.0;0.33;0;2;0.0
599;dut000288;dutch;ceremonijen;unknown;Ceremonijen;MALE;1;1;12;137;0;0;0;0;1.0;0.0;0.0;0.0;0.0;0.0;0.0;0.0;0.0;0.5;0.09;0.15;1.0;3;0;0.0
600;dut000288;dutch;de-tweede-buerman;unknown;de tweede buerman;MALE;1;2;8;32;0;0;0;0;1.0;0.0;0.0;0.0;0.0;0.0;0.0;0.0;0.0;1.0;0.06;0.04;1.0;3;4;0.0
601;dut000288;dutch;deerste-buerman;unknown;deerste buerman;MALE;1;2;10;40;0;0;0;0;1.0;0.0;0.0;0.0;0.0;0.0;0.0;0.0;0.0;1.0;0.08;0.04;1.0;3;5;0.0
602;dut000288;dutch;eenvoudich-verstant;unknown;Eenvoudige verstant;MALE;1;1;37;166;0;0;0;0;1.0;0.0;0.0;0.0;0.0;0.0;0.0;0.0;0.0;0.5;0.28;0.19;1.0;3;2;0.0
603;dut000288;dutch;ghelooff;unknown;Ghelooff;FEMALE;1;1;12;87;0;0;0;0;1.0;0.0;0.0;0.0;0.0;0.0;0.0;0.0;0.0;0.5;0.09;0.1;1.0;2;0;0.0
604;dut000288;dutch;hoop;unknown;hoop;FEMALE;1;1;12;70;0;0;0;0;1.0;0.0;0.0;0.0;0.0;0.0;0.0;0.0;0.0;0.5;0.09;0.08;1.0;1;0;0.0
605;dut000288;dutch;liefde;unknown;liefde;FEMALE;1;1;5;74;0;0;0;0;1.0;0.0;0.0;0.0;0.0;0.0;0.0;0.0;0.0;0.5;0.04;0.08;1.0;0;0;0.0
606;dut000288;dutch;redelick-gevoelen;unknown;Redelick gevoelen;MALE;1;1;2;12;0;0;0;0;1.0;0.0;0.0;0.0;0.0;0.0;0.0;0.0;0.0;0.5;0.02;0.01;1.0;3;3;0.0
607;dut000288;dutch;schriftuer;unknown;schriftuer;MALE;1;1;8;67;0;0;0;0;1.0;0.0;0.0;0.0;0.0;0.0;0.0;0.0;0.0;0.5;0.06;0.08;1.0;3;1;0.0
608;dut000288;dutch;schriftuerlijke-sin;unknown;schriftuerlijke sin;UNKNOWN;1;1;24;202;0;0;0;0;1.0;0.0;0.0;0.0;0.0;0.0;0.0;0.0;0.0;0.5;0.18;0.23;1.0;3;0;0.0
609;dut000260;dutch;de-eerste;unknown;De eerste;UNKNOWN;1;1;17;38;0;0;0;0;1.0;0.0;0.0;0.0;0.0;0.0;0.0;0.0;0.0;0.25;0.03;0.02;0.05;0;0;0.0
610;dut000260;dutch;de-twede;unknown;De twede;UNKNOWN;1;1;17;40;0;0;0;0;1.0;0.0;0.0;0.0;0.0;0.0;0.0;0.0;0.0;0.25;0.03;0.02;0.05;0;0;0.0
611;dut000260;dutch;hertelijck-medogen;unknown;Hertelijck medogen;UNKNOWN;1;2;38;121;0;0;0;0;1.0;0.0;0.0;0.0;0.0;0.0;0.0;0.0;0.0;0.5;0.08;0.06;0.86;0;2;0.02
612;dut000260;dutch;redelijck-mensch;unknown;Redelijck mensch;MALE;1;2;38;111;0;0;0;0;1.0;0.0;0.0;0.0;0.0;0.0;0.0;0.0;0.0;0.5;0.08;0.06;0.86;0;1;0.02
613;dut000260;dutch;veel-volckx;unknown;Veel volckx;UNKNOWN;1;1;3;9;0;0;0;0;1.0;0.0;0.0;0.0;0.0;0.0;0.0;0.0;0.0;0.25;0.01;0.0;0.14;0;1;0.0
614;dut000260;dutch;verkeerde-waerheijt;unknown;Verkeerde waerheijt;UNKNOWN;1;2;128;408;0;0;0;0;1.0;0.0;0.0;0.0;0.0;0.0;0.0;0.0;0.0;0.5;0.25;0.21;0.86;0;5;0.01
615;dut000260;dutch;schijn-van-recht;unknown;Schijn van recht;UNKNOWN;1;2;130;393;0;0;0;0;1.0;0.0;0.0;0.0;0.0;0.0;0.0;0.0;0.0;0.5;0.26;0.2;0.86;0;5;0.01
616;dut000260;dutch;coninck;unknown;Coninck;MALE;1;3;31;177;0;0;0;0;1.0;0.0;0.0;0.0;0.0;0.0;0.0;0.0;0.0;0.75;0.06;0.09;0.91;0;3;0.03
617;dut000260;dutch;eerste-hellebardier;unknown;1 hellebardier;MALE;1;2;5;14;0;0;0;0;1.0;0.0;0.0;0.0;0.0;0.0;0.0;0.0;0.0;0.5;0.01;0.01;0.86;0;3;0.01
618;dut000260;dutch;tweede-hellebardier;unknown;2 hellebardier;MALE;1;2;4;10;0;0;0;0;1.0;0.0;0.0;0.0;0.0;0.0;0.0;0.0;0.0;0.5;0.01;0.01;0.86;0;2;0.01
619;dut000260;dutch;eleasar;unknown;Eleasar;MALE;1;1;11;73;0;0;0;0;1.0;0.0;0.0;0.0;0.0;0.0;0.0;0.0;0.0;0.25;0.02;0.04;0.32;0;0;0.0
620;dut000260;dutch;eerste-dienaer;unknown;1 dienaer;UNKNOWN;1;2;8;27;0;0;0;0;1.0;0.0;0.0;0.0;0.0;0.0;0.0;0.0;0.0;0.5;0.02;0.01;0.86;0;1;0.01
621;dut000260;dutch;tweede-dienaer;unknown;2 dienaer;UNKNOWN;1;2;8;26;0;0;0;0;1.0;0.0;0.0;0.0;0.0;0.0;0.0;0.0;0.0;0.5;0.02;0.01;0.86;0;1;0.01
622;dut000260;dutch;de-outste-soon;unknown;De outste soon;MALE;1;1;8;44;0;0;0;0;1.0;0.0;0.0;0.0;0.0;0.0;0.0;0.0;0.0;0.25;0.02;0.02;0.82;0;10;0.0
623;dut000260;dutch;tweede-soon;unknown;2 soon;MALE;1;1;5;25;0;0;0;0;1.0;0.0;0.0;0.0;0.0;0.0;0.0;0.0;0.0;0.25;0.01;0.01;0.82;0;9;0.0
624;dut000260;dutch;derde-soon;unknown;3 soon;MALE;1;1;4;20;0;0;0;0;1.0;0.0;0.0;0.0;0.0;0.0;0.0;0.0;0.0;0.25;0.01;0.01;0.82;0;8;0.0
625;dut000260;dutch;vierde-soon;unknown;4 soon;MALE;1;1;4;16;0;0;0;0;1.0;0.0;0.0;0.0;0.0;0.0;0.0;0.0;0.0;0.25;0.01;0.01;0.82;0;7;0.0
626;dut000260;dutch;vijfde-soon;unknown;5 soon;MALE;1;1;4;24;0;0;0;0;1.0;0.0;0.0;0.0;0.0;0.0;0.0;0.0;0.0;0.25;0.01;0.01;0.82;0;6;0.0
627;dut000260;dutch;zesde-soon;unknown;6 soon;MALE;1;1;5;32;0;0;0;0;1.0;0.0;0.0;0.0;0.0;0.0;0.0;0.0;0.0;0.25;0.01;0.02;0.82;0;5;0.0
628;dut000260;dutch;zevende-soon;unknown;7 soon;MALE;1;1;8;67;0;0;0;0;1.0;0.0;0.0;0.0;0.0;0.0;0.0;0.0;0.0;0.25;0.02;0.03;0.82;0;4;0.0
629;dut000260;dutch;de-moeder;unknown;De moeder;FEMALE;1;1;16;201;0;0;0;0;1.0;0.0;0.0;0.0;0.0;0.0;0.0;0.0;0.0;0.25;0.03;0.1;0.82;0;11;0.0
630;dut000260;dutch;loon-nae-werck;unknown;Loon nae werck;UNKNOWN;1;1;5;16;0;0;0;0;1.0;0.0;0.0;0.0;0.0;0.0;0.0;0.0;0.0;0.25;0.01;0.01;0.82;0;1;0.0
631;dut000260;dutch;goet-jonstich-hert;unknown;Goet Jonstich hert;UNKNOWN;1;1;6;23;0;0;0;0;1.0;0.0;0.0;0.0;0.0;0.0;0.0;0.0;0.0;0.25;0.01;0.01;0.82;0;0;0.0
632;dut000289;dutch;dander;unknown;dander;UNKNOWN;1;1;10;20;0;0;0;0;1.0;0.0;0.0;0.0;0.0;0.0;0.0;0.0;0.0;0.25;0.04;0.02;0.1;0;0;0.0
633;dut000289;dutch;deen;unknown;deen;UNKNOWN;1;1;11;27;0;0;0;0;1.0;0.0;0.0;0.0;0.0;0.0;0.0;0.0;0.0;0.25;0.05;0.03;0.1;0;0;0.0
634;dut000289;dutch;diere-tijt;unknown;Diere Tijt;MALE;1;1;17;60;0;0;0;0;1.0;0.0;0.0;0.0;0.0;0.0;0.0;0.0;0.0;0.25;0.07;0.07;0.6;1;2;0.0
635;dut000289;dutch;fors-en-gewelt;unknown;fors en gewelt;MALE;1;1;7;15;0;0;0;0;1.0;0.0;0.0;0.0;0.0;0.0;0.0;0.0;0.0;0.25;0.03;0.02;0.6;1;3;0.0
636;dut000289;dutch;meest-al;unknown;Meest al;MALE;1;2;60;265;0;0;0;0;1.0;0.0;0.0;0.0;0.0;0.0;0.0;0.0;0.0;0.5;0.25;0.29;0.8;2;5;0.11
637;dut000289;dutch;neering;unknown;Neering;FEMALE;1;1;14;75;0;0;0;0;1.0;0.0;0.0;0.0;0.0;0.0;0.0;0.0;0.0;0.25;0.06;0.08;0.3;1;2;0.0
638;dut000289;dutch;nering-bedervinge;unknown;Nering bedervinge;MALE;1;2;46;136;0;0;0;0;1.0;0.0;0.0;0.0;0.0;0.0;0.0;0.0;0.0;0.5;0.19;0.15;0.6;1;1;0.0
639;dut000289;dutch;oorloch;unknown;Oorloch;MALE;1;2;9;53;0;0;0;0;1.0;0.0;0.0;0.0;0.0;0.0;0.0;0.0;0.0;0.5;0.04;0.06;0.8;1;4;0.11
640;dut000289;dutch;reden;unknown;Reden;MALE;1;1;21;139;0;0;0;0;1.0;0.0;0.0;0.0;0.0;0.0;0.0;0.0;0.0;0.25;0.09;0.15;0.6;0;0;0.0
641;dut000289;dutch;welvaert;unknown;Welvaert;FEMALE;1;1;3;9;0;0;0;0;1.0;0.0;0.0;0.0;0.0;0.0;0.0;0.0;0.0;0.25;0.01;0.01;0.3;0;1;0.0
642;dut000289;dutch;welvaerts-benijdinge;unknown;Welvaerts benijdinge;FEMALE;1;2;46;116;0;0;0;0;1.0;0.0;0.0;0.0;0.0;0.0;0.0;0.0;0.0;0.5;0.19;0.13;0.6;0;1;0.0
643;dut000269;dutch;paulus;unknown;Paulus;MALE;1;4;16;237;0;0;0;0;1.0;0.0;0.0;0.0;0.0;0.0;0.0;0.0;0.0;0.8;0.07;0.25;0.85;0;9;0.02
644;dut000269;dutch;barnabas;unknown;Barnabas;MALE;1;4;13;98;0;0;0;0;1.0;0.0;0.0;0.0;0.0;0.0;0.0;0.0;0.0;0.8;0.06;0.11;0.85;0;9;0.02
645;dut000269;dutch;deuchdlijck-schijn;unknown;Deuchdlijck. schijn;MALE;1;4;60;168;0;0;0;0;1.0;0.0;0.0;0.0;0.0;0.0;0.0;0.0;0.0;0.8;0.26;0.18;1.0;0;2;0.15
646;dut000269;dutch;bedeckte-valscheijt;unknown;Bedeckte valscheijt;MALE;1;4;62;186;0;0;0;0;1.0;0.0;0.0;0.0;0.0;0.0;0.0;0.0;0.0;0.8;0.27;0.2;1.0;0;3;0.15
647;dut000269;dutch;deerste-schriftgeleerde;unknown;Deerste schriftgeleerde;MALE;1;1;6;51;0;0;0;0;1.0;0.0;0.0;0.0;0.0;0.0;0.0;0.0;0.0;0.2;0.03;0.05;0.23;0;3;0.0
648;dut000269;dutch;twede-schriftgeleerde;unknown;Twede schriftgeleerde;MALE;1;1;5;30;0;0;0;0;1.0;0.0;0.0;0.0;0.0;0.0;0.0;0.0;0.0;0.2;0.02;0.03;0.23;0;2;0.0
649;dut000269;dutch;een-crepel;unknown;Een Crepel;UNKNOWN;1;1;2;12;0;0;0;0;1.0;0.0;0.0;0.0;0.0;0.0;0.0;0.0;0.0;0.2;0.01;0.01;0.77;0;8;0.0
650;dut000269;dutch;derste-heijden;unknown;Derste-heijden;MALE;1;1;20;27;0;0;0;0;1.0;0.0;0.0;0.0;0.0;0.0;0.0;0.0;0.0;0.2;0.09;0.03;0.77;0;7;0.0
651;dut000269;dutch;twede-heijden;unknown;Twede heijden;MALE;1;1;19;25;0;0;0;0;1.0;0.0;0.0;0.0;0.0;0.0;0.0;0.0;0.0;0.2;0.08;0.03;0.77;0;6;0.0
652;dut000269;dutch;de-priester;unknown;De priester;MALE;1;1;2;6;0;0;0;0;1.0;0.0;0.0;0.0;0.0;0.0;0.0;0.0;0.0;0.2;0.01;0.01;0.77;0;5;0.0
653;dut000269;dutch;derde-heijden;unknown;Derde heijden;MALE;1;1;1;8;0;0;0;0;1.0;0.0;0.0;0.0;0.0;0.0;0.0;0.0;0.0;0.2;0.0;0.01;0.77;0;4;0.0
654;dut000269;dutch;eerste-jode;unknown;1 jode;MALE;1;1;7;11;0;0;0;0;1.0;0.0;0.0;0.0;0.0;0.0;0.0;0.0;0.0;0.2;0.03;0.01;0.77;0;2;0.0
655;dut000269;dutch;tweede-jode;unknown;2 jode;MALE;1;1;6;11;0;0;0;0;1.0;0.0;0.0;0.0;0.0;0.0;0.0;0.0;0.0;0.2;0.03;0.01;0.77;0;1;0.0
656;dut000269;dutch;een-discipel;unknown;Een discipel;MALE;1;2;8;56;0;0;0;0;1.0;0.0;0.0;0.0;0.0;0.0;0.0;0.0;0.0;0.4;0.04;0.06;0.31;0;1;0.0
657;dut000270;dutch;sinnelijcke-genegenheijt;unknown;Sinnelijcke genegenheijt;UNKNOWN;1;1;98;153;0;0;0;0;1.0;0.0;0.0;0.0;0.0;0.0;0.0;0.0;0.0;0.5;0.35;0.23;1.0;1;2;0.0
658;dut000270;dutch;hertelijcke-lust;unknown;Hertelijcke Lust;UNKNOWN;1;1;97;147;0;0;0;0;1.0;0.0;0.0;0.0;0.0;0.0;0.0;0.0;0.0;0.5;0.34;0.22;1.0;1;2;0.0
659;dut000270;dutch;amoreuse;unknown;Damoreuse;UNKNOWN;1;2;25;82;0;0;0;0;1.0;0.0;0.0;0.0;0.0;0.0;0.0;0.0;0.0;1.0;0.09;0.12;1.0;1;2;0.0
660;dut000270;dutch;poetelijck-geest;unknown;Poetelijck geest;MALE;1;2;22;128;0;0;0;0;1.0;0.0;0.0;0.0;0.0;0.0;0.0;0.0;0.0;1.0;0.08;0.19;1.0;1;1;0.0
661;dut000270;dutch;piramus;unknown;Piramus;MALE;1;1;19;82;0;0;0;0;1.0;0.0;0.0;0.0;0.0;0.0;0.0;0.0;0.0;0.5;0.07;0.12;1.0;1;0;0.0
662;dut000270;dutch;thisbe;unknown;Thisbe;FEMALE;1;1;21;79;0;0;0;0;1.0;0.0;0.0;0.0;0.0;0.0;0.0;0.0;0.0;0.5;0.07;0.12;1.0;0;0;0.0
663;dut000282;dutch;mars;unknown;Mars;MALE;1;1;20;60;0;0;0;0;1.0;0.0;0.0;0.0;0.0;0.0;0.0;0.0;0.0;1.0;0.15;0.11;1.0;1;4;0.0
664;dut000282;dutch;gewelt;unknown;Gewelt;MALE;1;1;26;44;0;0;0;0;1.0;0.0;0.0;0.0;0.0;0.0;0.0;0.0;0.0;1.0;0.2;0.08;1.0;1;2;0.0
665;dut000282;dutch;justicia;unknown;Justicia;FEMALE;1;1;6;64;0;0;0;0;1.0;0.0;0.0;0.0;0.0;0.0;0.0;0.0;0.0;1.0;0.05;0.12;1.0;1;5;0.0
666;dut000282;dutch;liefhebber-der-const;unknown;Lijefhebber Der const;MALE;1;1;13;53;0;0;0;0;1.0;0.0;0.0;0.0;0.0;0.0;0.0;0.0;0.0;1.0;0.1;0.1;1.0;1;0;0.0
667;dut000282;dutch;onnoselen;unknown;Onnoselen;MALE;1;1;9;62;0;0;0;0;1.0;0.0;0.0;0.0;0.0;0.0;0.0;0.0;0.0;1.0;0.07;0.12;1.0;1;1;0.0
668;dut000282;dutch;paeijs;unknown;Paeijs;FEMALE;1;1;16;92;0;0;0;0;1.0;0.0;0.0;0.0;0.0;0.0;0.0;0.0;0.0;1.0;0.12;0.18;1.0;0;0;0.0
669;dut000282;dutch;retorijka;unknown;Retorijka;FEMALE;1;1;12;98;0;0;0;0;1.0;0.0;0.0;0.0;0.0;0.0;0.0;0.0;0.0;1.0;0.09;0.19;1.0;2;5;0.0
670;dut000282;dutch;tijrannie;unknown;Tijrannie;MALE;1;1;27;47;0;0;0;0;1.0;0.0;0.0;0.0;0.0;0.0;0.0;0.0;0.0;1.0;0.21;0.09;1.0;1;3;0.0
671;dut000282;dutch;justicia retorijka;unknown;UNKNOWN;u;1;1;1;1;0;0;0;0;1.0;0.0;0.0;0.0;0.0;0.0;0.0;0.0;0.0;1.0;0.01;0.0;1.0;1;4;0.0
672;dut000290;dutch;david;unknown;David;MALE;1;6;35;123;0;0;0;0;1.0;0.0;0.0;0.0;0.0;0.0;0.0;0.0;0.0;0.5;0.17;0.2;0.82;1;5;0.07
673;dut000290;dutch;deerste-propheet;unknown;Deerste propheet;MALE;1;1;8;8;0;0;0;0;1.0;0.0;0.0;0.0;0.0;0.0;0.0;0.0;0.0;0.08;0.04;0.01;0.45;0;4;0.0
674;dut000290;dutch;sergant;unknown;Deerste serjant;MALE;1;6;27;61;0;0;0;0;1.0;0.0;0.0;0.0;0.0;0.0;0.0;0.0;0.0;0.5;0.13;0.1;0.73;0;3;0.05
675;dut000290;dutch;een-kint-off-jongen;unknown;Een kint off jongen;MALE;1;3;13;22;0;0;0;0;1.0;0.0;0.0;0.0;0.0;0.0;0.0;0.0;0.0;0.25;0.06;0.04;0.82;0;2;0.09
676;dut000290;dutch;jonatas;unknown;Jonatas;MALE;1;5;21;73;0;0;0;0;1.0;0.0;0.0;0.0;0.0;0.0;0.0;0.0;0.0;0.42;0.1;0.12;0.55;0;0;0.02
677;dut000290;dutch;michel;unknown;Michel;FEMALE;1;5;20;60;0;0;0;0;1.0;0.0;0.0;0.0;0.0;0.0;0.0;0.0;0.0;0.42;0.1;0.1;0.55;0;3;0.02
678;dut000290;dutch;samuel;unknown;Samuel;MALE;1;1;4;7;0;0;0;0;1.0;0.0;0.0;0.0;0.0;0.0;0.0;0.0;0.0;0.08;0.02;0.01;0.45;0;4;0.0
679;dut000290;dutch;saul;unknown;Saul;MALE;1;8;48;181;0;0;0;0;1.0;0.0;0.0;0.0;0.0;0.0;0.0;0.0;0.0;0.67;0.23;0.3;1.0;1;6;0.18
680;dut000290;dutch;tweede-propheet;unknown;Twede propheet;MALE;1;1;8;8;0;0;0;0;1.0;0.0;0.0;0.0;0.0;0.0;0.0;0.0;0.0;0.08;0.04;0.01;0.45;0;3;0.0
681;dut000290;dutch;tweede-serjant;unknown;Tweede serjant;MALE;1;5;15;26;0;0;0;0;1.0;0.0;0.0;0.0;0.0;0.0;0.0;0.0;0.0;0.42;0.07;0.04;0.73;0;2;0.05
682;dut000290;dutch;derden-serjant;unknown;Derden serjant;MALE;1;1;6;11;0;0;0;0;1.0;0.0;0.0;0.0;0.0;0.0;0.0;0.0;0.0;0.08;0.03;0.02;0.36;1;1;0.0
683;dut000290;dutch;een-kint-off-jongen saul;unknown;UNKNOWN;u;1;1;1;1;0;0;0;0;1.0;0.0;0.0;0.0;0.0;0.0;0.0;0.0;0.0;0.08;0.0;0.0;0.36;0;0;0.0
684;dut000271;dutch;ipocrisie;unknown;Ipocrisie;FEMALE;1;3;87;152;0;0;0;0;1.0;0.0;0.0;0.0;0.0;0.0;0.0;0.0;0.0;0.33;0.25;0.16;0.07;0;1;0.0
685;dut000271;dutch;fortsich-laboer;unknown;Fortsich laboer;MALE;1;3;87;172;0;0;0;0;1.0;0.0;0.0;0.0;0.0;0.0;0.0;0.0;0.0;0.33;0.25;0.18;0.07;0;0;0.0
686;dut000271;dutch;uurias;unknown;Uurias;MALE;1;2;27;79;0;0;0;0;1.0;0.0;0.0;0.0;0.0;0.0;0.0;0.0;0.0;0.22;0.08;0.08;0.33;0;0;0.0
687;dut000271;dutch;aron;unknown;Aron;MALE;1;2;27;74;0;0;0;0;1.0;0.0;0.0;0.0;0.0;0.0;0.0;0.0;0.0;0.22;0.08;0.08;0.33;0;1;0.0
688;dut000271;dutch;saulus;unknown;Saulus;MALE;1;3;27;154;0;0;0;0;1.0;0.0;0.0;0.0;0.0;0.0;0.0;0.0;0.0;0.33;0.08;0.16;0.67;0;7;0.1
689;dut000271;dutch;eerste-dienaer;unknown;1 dienaer;MALE;1;3;14;26;0;0;0;0;1.0;0.0;0.0;0.0;0.0;0.0;0.0;0.0;0.0;0.33;0.04;0.03;0.67;0;5;0.1
690;dut000271;dutch;tweede-dienaer;unknown;2 dienaer;MALE;1;2;12;24;0;0;0;0;1.0;0.0;0.0;0.0;0.0;0.0;0.0;0.0;0.0;0.22;0.03;0.03;0.53;0;4;0.03
691;dut000271;dutch;een-phariseus;unknown;Een phariseus;MALE;1;1;3;14;0;0;0;0;1.0;0.0;0.0;0.0;0.0;0.0;0.0;0.0;0.0;0.11;0.01;0.01;0.2;0;3;0.0
692;dut000271;dutch;eeen-bisschop;unknown;Een bisschop;MALE;1;1;3;14;0;0;0;0;1.0;0.0;0.0;0.0;0.0;0.0;0.0;0.0;0.0;0.11;0.01;0.01;0.2;0;2;0.0
693;dut000271;dutch;jesus;unknown;Jesus;MALE;1;1;6;22;0;0;0;0;1.0;0.0;0.0;0.0;0.0;0.0;0.0;0.0;0.0;0.11;0.02;0.02;0.33;0;4;0.0
694;dut000271;dutch;ananias;unknown;Ananius;MALE;1;1;9;50;0;0;0;0;1.0;0.0;0.0;0.0;0.0;0.0;0.0;0.0;0.0;0.11;0.03;0.05;0.33;0;1;0.0
695;dut000271;dutch;die-knecht-vanden-huijs;unknown;Een knecht vanden huijs;MALE;1;1;3;7;0;0;0;0;1.0;0.0;0.0;0.0;0.0;0.0;0.0;0.0;0.0;0.11;0.01;0.01;0.33;0;0;0.0
696;dut000271;dutch;paulus;unknown;Paulus;MALE;1;1;1;82;0;0;0;0;1.0;0.0;0.0;0.0;0.0;0.0;0.0;0.0;0.0;0.11;0.0;0.09;0.0;0;0;0.0
697;dut000271;dutch;eerste-jode;unknown;1 jode;UNKNOWN;1;1;21;36;0;0;0;0;1.0;0.0;0.0;0.0;0.0;0.0;0.0;0.0;0.0;0.11;0.06;0.04;0.07;0;0;0.0
698;dut000271;dutch;tweede-jode;unknown;2 jode;UNKNOWN;1;1;20;37;0;0;0;0;1.0;0.0;0.0;0.0;0.0;0.0;0.0;0.0;0.0;0.11;0.06;0.04;0.07;0;0;0.0
699;dut000271;dutch;aron uurias;unknown;UNKNOWN;u;1;1;1;1;0;0;0;0;1.0;0.0;0.0;0.0;0.0;0.0;0.0;0.0;0.0;0.11;0.0;0.0;0.33;0;0;0.0
700;dut000283;dutch;die-doodt;unknown;die Doodt;UNKNOWN;1;1;1;4;0;0;0;0;1.0;0.0;0.0;0.0;0.0;0.0;0.0;0.0;0.0;1.0;0.01;0.0;1.0;0;0;0.0
701;dut000283;dutch;die-genade-gods;unknown;Die genade Gods;UNKNOWN;1;1;3;16;0;0;0;0;1.0;0.0;0.0;0.0;0.0;0.0;0.0;0.0;0.0;1.0;0.02;0.01;1.0;0;0;0.0
702;dut000283;dutch;gemeen-burger;unknown;gemeen burger;MALE;1;1;41;332;0;0;0;0;1.0;0.0;0.0;0.0;0.0;0.0;0.0;0.0;0.0;1.0;0.21;0.21;1.0;0;0;0.0
703;dut000283;dutch;goet-onderwijs;unknown;Goet onderwijs;UNKNOWN;1;1;30;344;0;0;0;0;1.0;0.0;0.0;0.0;0.0;0.0;0.0;0.0;0.0;1.0;0.15;0.22;1.0;0;0;0.0
704;dut000283;dutch;nering;unknown;nering;UNKNOWN;1;1;5;28;0;0;0;0;1.0;0.0;0.0;0.0;0.0;0.0;0.0;0.0;0.0;1.0;0.03;0.02;1.0;0;0;0.0
705;dut000283;dutch;redelijck-verstant;unknown;Redelijck verstant;UNKNOWN;1;1;23;179;0;0;0;0;1.0;0.0;0.0;0.0;0.0;0.0;0.0;0.0;0.0;1.0;0.12;0.12;1.0;0;0;0.0
706;dut000283;dutch;sommich-cleijnmoedich-mens;unknown;Sommich Cleijnmoedich mens;MALE;1;1;14;124;0;0;0;0;1.0;0.0;0.0;0.0;0.0;0.0;0.0;0.0;0.0;1.0;0.07;0.08;1.0;0;1;0.0
707;dut000283;dutch;veel-mens;unknown;veel mens;UNKNOWN;1;1;44;244;0;0;0;0;1.0;0.0;0.0;0.0;0.0;0.0;0.0;0.0;0.0;1.0;0.23;0.16;1.0;0;0;0.0
708;dut000283;dutch;weijnich-volckx;unknown;Weijnich volckx;UNKNOWN;1;1;34;281;0;0;0;0;1.0;0.0;0.0;0.0;0.0;0.0;0.0;0.0;0.0;1.0;0.17;0.18;1.0;0;0;0.0
709;dut000272;dutch;eerste;unknown;Eerste;UNKNOWN;1;2;20;40;0;0;0;0;1.0;0.0;0.0;0.0;0.0;0.0;0.0;0.0;0.0;0.29;0.06;0.03;0.5;0;0;0.14
710;dut000272;dutch;tweede;unknown;Tweede;UNKNOWN;1;1;19;40;0;0;0;0;1.0;0.0;0.0;0.0;0.0;0.0;0.0;0.0;0.0;0.14;0.06;0.03;0.07;0;0;0.0
711;dut000272;dutch;weijger-geest;unknown;Weijger geest;MALE;1;3;66;142;0;0;0;0;1.0;0.0;0.0;0.0;0.0;0.0;0.0;0.0;0.0;0.43;0.2;0.12;0.43;2;3;0.0
712;dut000272;dutch;verdraijt-sinneken;unknown;Verdraijt sinneken;MALE;1;3;63;131;0;0;0;0;1.0;0.0;0.0;0.0;0.0;0.0;0.0;0.0;0.0;0.43;0.19;0.11;0.43;2;2;0.0
713;dut000272;dutch;verlaeten-kennis;unknown;Verlaeten kennis;MALE;1;5;45;287;0;0;0;0;1.0;0.0;0.0;0.0;0.0;0.0;0.0;0.0;0.0;0.71;0.13;0.25;0.71;2;4;0.54
714;dut000272;dutch;verblintheijt-in-sonden;unknown;Verblintheijt in sonden;FEMALE;1;2;17;87;0;0;0;0;1.0;0.0;0.0;0.0;0.0;0.0;0.0;0.0;0.0;0.29;0.05;0.08;0.43;1;0;0.0
715;dut000272;dutch;vleijsselijcke-wellust;unknown;Vleijsselijcke wellust;FEMALE;1;2;4;17;0;0;0;0;1.0;0.0;0.0;0.0;0.0;0.0;0.0;0.0;0.0;0.29;0.01;0.01;0.43;0;0;0.0
716;dut000272;dutch;versteent-hert;unknown;Versteent hert;MALE;1;2;28;91;0;0;0;0;1.0;0.0;0.0;0.0;0.0;0.0;0.0;0.0;0.0;0.29;0.08;0.08;0.43;2;0;0.0
717;dut000272;dutch;godlijcke-waerschouwinge;unknown;Godlijcke waerschouwinge;MALE;1;1;18;98;0;0;0;0;1.0;0.0;0.0;0.0;0.0;0.0;0.0;0.0;0.0;0.14;0.05;0.09;0.29;0;4;0.0
718;dut000272;dutch;deuchdlijck-vermaen;unknown;Deuchdlijck vermaen;MALE;1;1;17;63;0;0;0;0;1.0;0.0;0.0;0.0;0.0;0.0;0.0;0.0;0.0;0.14;0.05;0.05;0.29;0;3;0.0
719;dut000272;dutch;god;unknown;Goods stemme;MALE;1;1;1;20;0;0;0;0;1.0;0.0;0.0;0.0;0.0;0.0;0.0;0.0;0.0;0.14;0.0;0.02;0.29;0;2;0.0
720;dut000272;dutch;leetwesen;unknown;Leetwesen;MALE;1;2;13;20;0;0;0;0;1.0;0.0;0.0;0.0;0.0;0.0;0.0;0.0;0.0;0.29;0.04;0.02;0.5;0;2;0.16
721;dut000272;dutch;eijgen-schult;unknown;Eijgen schult;MALE;1;2;11;34;0;0;0;0;1.0;0.0;0.0;0.0;0.0;0.0;0.0;0.0;0.0;0.29;0.03;0.03;0.5;0;1;0.16
722;dut000272;dutch;schriftuerlijcke-troost;unknown;Schriftuerlijcke Troost;MALE;1;1;12;73;0;0;0;0;1.0;0.0;0.0;0.0;0.0;0.0;0.0;0.0;0.0;0.14;0.04;0.06;0.29;0;0;0.0
723;dut000272;dutch;eijgen-schult leetwesen;unknown;UNKNOWN;u;1;1;1;1;0;0;0;0;1.0;0.0;0.0;0.0;0.0;0.0;0.0;0.0;0.0;0.14;0.0;0.0;0.29;0;1;0.0
724;dut000291;dutch;deerste;unknown;deerste;UNKNOWN;1;1;8;16;0;0;0;0;1.0;0.0;0.0;0.0;0.0;0.0;0.0;0.0;0.0;0.25;0.07;0.03;0.33;0;0;0.0
725;dut000291;dutch;derde;unknown;derde;UNKNOWN;1;1;8;16;0;0;0;0;1.0;0.0;0.0;0.0;0.0;0.0;0.0;0.0;0.0;0.25;0.07;0.03;0.33;0;0;0.0
726;dut000291;dutch;loon-nae-werken;unknown;Loon nae werken;MALE;1;1;13;125;0;0;0;0;1.0;0.0;0.0;0.0;0.0;0.0;0.0;0.0;0.0;0.25;0.12;0.26;0.17;0;0;0.0
727;dut000291;dutch;ongeordonneert-leven;unknown;Ongeordonneert Leven;UNKNOWN;1;1;11;47;0;0;0;0;1.0;0.0;0.0;0.0;0.0;0.0;0.0;0.0;0.0;0.25;0.1;0.1;0.33;1;0;0.0
728;dut000291;dutch;tgemeen-volck;unknown;Tgemeen volck;UNKNOWN;1;3;42;167;0;0;0;0;1.0;0.0;0.0;0.0;0.0;0.0;0.0;0.0;0.0;0.75;0.39;0.34;0.5;1;1;0.13
729;dut000291;dutch;tweede;unknown;tweede;UNKNOWN;1;1;8;13;0;0;0;0;1.0;0.0;0.0;0.0;0.0;0.0;0.0;0.0;0.0;0.25;0.07;0.03;0.33;0;0;0.0
730;dut000291;dutch;vrow-lorts;unknown;vrow lorts;FEMALE;1;2;18;102;0;0;0;0;1.0;0.0;0.0;0.0;0.0;0.0;0.0;0.0;0.0;0.5;0.17;0.21;0.33;0;0;0.0
731;dut000262;dutch;jonggetgens;unknown;2 oft 3 Jonggetgens;MALE;1;1;1;10;0;0;0;0;1.0;0.0;0.0;0.0;0.0;0.0;0.0;0.0;0.0;0.33;0.01;0.01;1.0;0;2;0.0
732;dut000262;dutch;beswaerde-consiencie;unknown;Beswaerde Consiencie;MALE;1;3;39;235;0;0;0;0;1.0;0.0;0.0;0.0;0.0;0.0;0.0;0.0;0.0;1.0;0.21;0.25;1.0;2;5;0.0
733;dut000262;dutch;wanhoop;unknown;Wanhoop;FEMALE;1;2;49;129;0;0;0;0;1.0;0.0;0.0;0.0;0.0;0.0;0.0;0.0;0.0;0.67;0.26;0.14;1.0;1;3;0.0
734;dut000262;dutch;twijfel;unknown;Twijfel;MALE;1;2;49;132;0;0;0;0;1.0;0.0;0.0;0.0;0.0;0.0;0.0;0.0;0.0;0.67;0.26;0.14;1.0;2;3;0.0
735;dut000262;dutch;troost-der-schriftueren;unknown;Troost der schriftueren;MALE;1;1;25;251;0;0;0;0;1.0;0.0;0.0;0.0;0.0;0.0;0.0;0.0;0.0;0.33;0.13;0.27;1.0;2;4;0.0
736;dut000262;dutch;post-der-genaden;unknown;Post der genaden;MALE;1;1;13;97;0;0;0;0;1.0;0.0;0.0;0.0;0.0;0.0;0.0;0.0;0.0;0.33;0.07;0.1;1.0;2;6;0.0
737;dut000262;dutch;werrelt;unknown;Werrelt;FEMALE;1;1;9;61;0;0;0;0;1.0;0.0;0.0;0.0;0.0;0.0;0.0;0.0;0.0;0.33;0.05;0.07;1.0;0;3;0.0
738;dut000262;dutch;de-vader;unknown;De vader;MALE;1;1;1;7;0;0;0;0;1.0;0.0;0.0;0.0;0.0;0.0;0.0;0.0;0.0;0.33;0.01;0.01;1.0;0;1;0.0
739;dut000262;dutch;de-soon;unknown;De soon;MALE;1;1;2;11;0;0;0;0;1.0;0.0;0.0;0.0;0.0;0.0;0.0;0.0;0.0;0.33;0.01;0.01;1.0;0;0;0.0
740;dut000248;dutch;schriftuerlic-woordt;unknown;Schriftuerlic woordt;MALE;1;1;39;188;0;0;0;0;1.0;0.0;0.0;0.0;0.0;0.0;0.0;0.0;0.0;1.0;0.39;0.37;1.0;0;1;0.0
741;dut000248;dutch;sgheests-cracht;unknown;Sgheests cracht;MALE;1;1;37;183;0;0;0;0;1.0;0.0;0.0;0.0;0.0;0.0;0.0;0.0;0.0;1.0;0.37;0.36;1.0;0;2;0.0
742;dut000248;dutch;staervende-mensche;unknown;Staervende mensche;MALE;1;1;25;141;0;0;0;0;1.0;0.0;0.0;0.0;0.0;0.0;0.0;0.0;0.0;1.0;0.25;0.27;1.0;0;0;0.0
743;dut000236;dutch;christus-an-tcruce;unknown;Christus ant cruce;MALE;1;1;1;21;0;0;0;0;1.0;0.0;0.0;0.0;0.0;0.0;0.0;0.0;0.0;1.0;0.01;0.04;1.0;0;0;0.0
744;dut000236;dutch;daude-serpent;unknown;aude serpent;MALE;1;1;18;67;0;0;0;0;1.0;0.0;0.0;0.0;0.0;0.0;0.0;0.0;0.0;1.0;0.15;0.13;1.0;0;4;0.0
745;dut000236;dutch;dlevende-woordt;unknown;tlevende Woordt;UNKNOWN;1;1;18;141;0;0;0;0;1.0;0.0;0.0;0.0;0.0;0.0;0.0;0.0;0.0;1.0;0.15;0.27;1.0;0;1;0.0
746;dut000236;dutch;gheestelic-zin;unknown;gheestelic zin;MALE;1;1;12;61;0;0;0;0;1.0;0.0;0.0;0.0;0.0;0.0;0.0;0.0;0.0;1.0;0.1;0.12;1.0;0;5;0.0
747;dut000236;dutch;gheloove;unknown;gheloove;UNKNOWN;1;1;4;14;0;0;0;0;1.0;0.0;0.0;0.0;0.0;0.0;0.0;0.0;0.0;1.0;0.03;0.03;1.0;0;0;0.0
748;dut000236;dutch;god-de-vader;unknown;God de vader;MALE;1;1;3;25;0;0;0;0;1.0;0.0;0.0;0.0;0.0;0.0;0.0;0.0;0.0;1.0;0.03;0.05;1.0;0;1;0.0
749;dut000236;dutch;hope;unknown;hope;UNKNOWN;1;1;4;9;0;0;0;0;1.0;0.0;0.0;0.0;0.0;0.0;0.0;0.0;0.0;1.0;0.03;0.02;1.0;0;0;0.0
750;dut000236;dutch;liefde;unknown;liefde;UNKNOWN;1;1;4;7;0;0;0;0;1.0;0.0;0.0;0.0;0.0;0.0;0.0;0.0;0.0;1.0;0.03;0.01;1.0;0;0;0.0
751;dut000236;dutch;menschelic-verstandt;unknown;menschelick verstandt;MALE;1;1;13;43;0;0;0;0;1.0;0.0;0.0;0.0;0.0;0.0;0.0;0.0;0.0;1.0;0.11;0.08;1.0;0;6;0.0
752;dut000236;dutch;staervende-mensche;unknown;staervende mensche;MALE;1;1;35;112;0;0;0;0;1.0;0.0;0.0;0.0;0.0;0.0;0.0;0.0;0.0;1.0;0.29;0.22;1.0;0;3;0.0
753;dut000236;dutch;vernuftigh-succours;unknown;vernuftigh succours;MALE;1;1;7;16;0;0;0;0;1.0;0.0;0.0;0.0;0.0;0.0;0.0;0.0;0.0;1.0;0.06;0.03;1.0;0;2;0.0
754;dut000246;dutch;de-mensche;unknown;De mensche;MALE;1;1;29;141;0;0;0;0;1.0;0.0;0.0;0.0;0.0;0.0;0.0;0.0;0.0;1.0;0.27;0.24;1.0;0;2;0.0
755;dut000246;dutch;goddelicke-waerheyt;unknown;Goddelicke waerheyt;MALE;1;1;40;240;0;0;0;0;1.0;0.0;0.0;0.0;0.0;0.0;0.0;0.0;0.0;1.0;0.38;0.41;1.0;0;1;0.0
756;dut000246;dutch;wtvloyende-claergye;unknown;Wtvloyende claergye;MALE;1;1;37;208;0;0;0;0;1.0;0.0;0.0;0.0;0.0;0.0;0.0;0.0;0.0;1.0;0.35;0.35;1.0;0;0;0.0
757;dut000086;dutch;apollo;unknown;Apollo;MALE;2;3;22;182;0;0;0;0;0.0;0.0;0.57;0.43;0.0;0.0;0.0;0.0;0.0;0.08;0.06;0.08;0.14;1;1;0.0
758;dut000086;dutch;aurora;unknown;Aurora;FEMALE;2;2;5;41;0;0;0;0;0.0;0.0;0.2;0.8;0.0;0.0;0.0;0.0;0.0;0.05;0.01;0.02;0.14;1;1;0.0
759;dut000086;dutch;cephalus;unknown;Cephalus;MALE;2;5;22;126;0;0;0;0;0.0;0.33;0.0;0.0;0.0;0.67;0.0;0.0;0.0;0.13;0.06;0.06;0.57;1;2;0.07
760;dut000086;dutch;diana;unknown;Diana;FEMALE;5;18;115;578;0;0;0;0;0.0;0.19;0.15;0.06;0.29;0.3;0.0;0.0;0.0;0.47;0.32;0.26;0.79;2;4;0.32
761;dut000086;dutch;endimion;unknown;Endimion;MALE;4;16;74;485;0;0;0;0;0.0;0.24;0.15;0.48;0.13;0.0;0.0;0.0;0.0;0.42;0.2;0.22;0.43;0;1;0.04
762;dut000086;dutch;ganimeed;unknown;Ganimeed;MALE;1;1;3;39;0;0;0;0;1.0;0.0;0.0;0.0;0.0;0.0;0.0;0.0;0.0;0.03;0.01;0.02;0.14;0;0;0.0
763;dut000086;dutch;iris;unknown;Iris;FEMALE;1;1;11;70;0;0;0;0;0.0;0.0;0.0;0.0;1.0;0.0;0.0;0.0;0.0;0.03;0.03;0.03;0.14;2;0;0.0
764;dut000086;dutch;kupido;unknown;Kupido;MALE;2;6;10;143;0;0;0;0;0.72;0.0;0.28;0.0;0.0;0.0;0.0;0.0;0.0;0.16;0.03;0.07;0.14;0;1;0.0
765;dut000086;dutch;merkuur;unknown;Merkuur;MALE;3;4;15;68;0;0;0;0;0.0;0.0;0.0;0.15;0.66;0.19;0.0;0.0;0.0;0.11;0.04;0.03;0.5;2;2;0.01
766;dut000086;dutch;nacht;unknown;Nacht;UNKNOWN;5;9;35;101;0;0;0;0;0.0;0.44;0.3;0.16;0.03;0.08;0.0;0.0;0.0;0.24;0.1;0.05;0.5;0;2;0.01
767;dut000086;dutch;pallas;unknown;Pallas;FEMALE;2;12;32;187;0;0;0;0;0.0;0.0;0.0;0.0;0.83;0.17;0.0;0.0;0.0;0.32;0.09;0.09;0.57;1;0;0.09
768;dut000086;dutch;rey-van-harders;unknown;Rey van Harders;MALE;1;1;2;2;0;0;0;0;0.0;0.0;0.0;0.0;0.0;1.0;0.0;0.0;0.0;0.03;0.01;0.0;0.43;1;0;0.0
769;dut000086;dutch;rey-van-nimfen;unknown;Rey van Nimfen;FEMALE;1;1;1;1;0;0;0;0;0.0;0.0;0.0;0.0;0.0;1.0;0.0;0.0;0.0;0.03;0.0;0.0;0.43;1;2;0.0
770;dut000086;dutch;venus;unknown;Venus;FEMALE;3;5;18;158;0;0;0;0;0.48;0.0;0.0;0.0;0.22;0.3;0.0;0.0;0.0;0.13;0.05;0.07;0.36;1;3;0.24
771;dut000245;dutch;de-mestroostighe-mensche;unknown;De mestroostighe mensche;MALE;1;1;27;130;0;0;0;0;1.0;0.0;0.0;0.0;0.0;0.0;0.0;0.0;0.0;1.0;0.33;0.25;1.0;1;2;0.0
772;dut000245;dutch;evangelische-leeraer;unknown;Evangelische leeraer;MALE;1;1;20;137;0;0;0;0;1.0;0.0;0.0;0.0;0.0;0.0;0.0;0.0;0.0;1.0;0.25;0.26;1.0;1;0;0.0
773;dut000245;dutch;gheloove-metter-liefde-ghecleedt;unknown;Gheloove metter liefde ghecleedt;FEMALE;1;1;11;86;0;0;0;0;1.0;0.0;0.0;0.0;0.0;0.0;0.0;0.0;0.0;1.0;0.14;0.17;1.0;0;0;0.0
774;dut000245;dutch;schriftuerlic-troost;unknown;Schriftuerlic troost;MALE;1;1;23;166;0;0;0;0;1.0;0.0;0.0;0.0;0.0;0.0;0.0;0.0;0.0;1.0;0.28;0.32;1.0;1;1;0.0
775;dut000092;dutch;agis;unknown;Agis;MALE;2;3;6;10;0;0;0;0;0.0;0.0;0.0;0.1;0.9;0.0;0.0;0.0;0.0;0.19;0.01;0.01;0.81;0;1;0.0
776;dut000092;dutch;albanen;unknown;Albanen;UNKNOWN;1;1;2;22;0;0;0;0;0.0;0.0;0.0;0.0;1.0;0.0;0.0;0.0;0.0;0.06;0.0;0.01;0.75;0;1;0.0
777;dut000092;dutch;alcinea;unknown;Alcinea;FEMALE;5;7;81;308;0;0;0;0;0.07;0.26;0.11;0.32;0.24;0.0;0.0;0.0;0.0;0.44;0.16;0.17;0.88;0;9;0.02
778;dut000092;dutch;arthabasus;unknown;Arthabasus;MALE;4;4;19;64;0;0;0;0;0.67;0.17;0.0;0.05;0.11;0.0;0.0;0.0;0.0;0.25;0.04;0.03;0.88;0;7;0.01
779;dut000092;dutch;claudius;unknown;Claudius;MALE;3;3;8;8;0;0;0;0;0.25;0.25;0.0;0.0;0.5;0.0;0.0;0.0;0.0;0.19;0.02;0.0;0.88;0;5;0.01
780;dut000092;dutch;hanise;unknown;Hanise;MALE;1;1;11;29;0;0;0;0;0.0;0.0;0.0;0.0;1.0;0.0;0.0;0.0;0.0;0.06;0.02;0.02;0.75;2;7;0.0
781;dut000092;dutch;karismont;unknown;Karismont;MALE;4;5;83;360;0;0;0;0;0.11;0.24;0.0;0.38;0.27;0.0;0.0;0.0;0.0;0.31;0.17;0.2;0.94;2;4;0.03
782;dut000092;dutch;klarimeen;unknown;Klarimeen;MALE;5;11;118;560;0;0;0;0;0.21;0.23;0.19;0.22;0.16;0.0;0.0;0.0;0.0;0.69;0.24;0.31;1.0;2;9;0.08
783;dut000092;dutch;marcellus;unknown;Marcellus;MALE;3;3;11;12;0;0;0;0;0.25;0.17;0.0;0.0;0.58;0.0;0.0;0.0;0.0;0.19;0.02;0.01;0.88;0;4;0.01
784;dut000092;dutch;nisus;unknown;Nisus;MALE;3;3;9;9;0;0;0;0;0.33;0.11;0.0;0.0;0.56;0.0;0.0;0.0;0.0;0.19;0.02;0.0;0.88;0;6;0.01
785;dut000092;dutch;octavia;unknown;Octavia;FEMALE;4;5;9;22;0;0;0;0;0.09;0.41;0.18;0.32;0.0;0.0;0.0;0.0;0.0;0.31;0.02;0.01;0.38;2;1;0.01
786;dut000092;dutch;pagie;unknown;Pagie;MALE;1;1;1;3;0;0;0;0;1.0;0.0;0.0;0.0;0.0;0.0;0.0;0.0;0.0;0.06;0.0;0.0;0.19;0;0;0.0
787;dut000092;dutch;philon;unknown;Philon;MALE;4;5;51;157;0;0;0;0;0.0;0.05;0.34;0.32;0.29;0.0;0.0;0.0;0.0;0.31;0.1;0.09;0.88;1;7;0.01
788;dut000092;dutch;polimia;unknown;Polimia;FEMALE;5;9;56;158;0;0;0;0;0.11;0.27;0.39;0.05;0.18;0.0;0.0;0.0;0.0;0.56;0.11;0.09;0.94;1;6;0.06
789;dut000092;dutch;polinesso;unknown;Polinesso;MALE;2;2;5;8;0;0;0;0;0.88;0.12;0.0;0.0;0.0;0.0;0.0;0.0;0.0;0.12;0.01;0.0;0.5;0;2;0.0
790;dut000092;dutch;rey-van-wichelaers;unknown;Rey van Wiggelaers;UNKNOWN;1;1;3;4;0;0;0;0;0.0;0.0;0.0;0.0;1.0;0.0;0.0;0.0;0.0;0.06;0.01;0.0;0.75;0;6;0.0
791;dut000092;dutch;sidion;unknown;Sidion;MALE;3;6;21;64;0;0;0;0;0.0;0.44;0.53;0.0;0.03;0.0;0.0;0.0;0.0;0.38;0.04;0.03;0.75;2;1;0.02
792;dut000237;dutch;gheestelic-bewijs;unknown;Gheestelic bewijs;MALE;1;1;43;188;0;0;0;0;1.0;0.0;0.0;0.0;0.0;0.0;0.0;0.0;0.0;1.0;0.32;0.36;1.0;0;0;0.0
793;dut000237;dutch;redelic-ghevoelen;unknown;Redelic ghevoelen;MALE;1;1;26;77;0;0;0;0;1.0;0.0;0.0;0.0;0.0;0.0;0.0;0.0;0.0;1.0;0.2;0.15;1.0;0;3;0.0
794;dut000237;dutch;schriftuerlic-troost;unknown;Schriftuerlic troost;MALE;1;1;35;179;0;0;0;0;1.0;0.0;0.0;0.0;0.0;0.0;0.0;0.0;0.0;1.0;0.26;0.34;1.0;0;1;0.0
795;dut000237;dutch;twijffelic-zin;unknown;Twijfelic zin;MALE;1;1;29;78;0;0;0;0;1.0;0.0;0.0;0.0;0.0;0.0;0.0;0.0;0.0;1.0;0.22;0.15;1.0;0;2;0.0
796;dut000218;dutch;rei-van-joffrouwen;unknown;Rei van joffrouwen;FEMALE;5;5;20;332;0;0;0;0;0.37;0.11;0.13;0.3;0.09;0.0;0.0;0.0;0.0;1.0;0.07;0.21;1.0;0;2;0.21
797;dut000218;dutch;rei-van-nonnen;unknown;Rei van nonnen;FEMALE;3;3;21;89;0;0;0;0;0.0;0.54;0.0;0.42;0.04;0.0;0.0;0.0;0.0;0.6;0.07;0.06;0.79;3;4;0.01
798;dut000218;dutch;rei-van-soldaten;unknown;Rei van soldaten;MALE;1;1;3;3;0;0;0;0;0.0;0.0;0.0;0.0;1.0;0.0;0.0;0.0;0.0;0.2;0.01;0.0;0.5;0;0;0.0
799;dut000218;dutch;baeto;unknown;Baeto;MALE;4;4;50;259;0;0;0;0;0.0;0.01;0.46;0.28;0.25;0.0;0.0;0.0;0.0;0.8;0.18;0.16;0.79;1;6;0.01
800;dut000218;dutch;burgerhart;unknown;Burgerhart;MALE;3;3;31;61;0;0;0;0;0.0;0.0;0.28;0.41;0.31;0.0;0.0;0.0;0.0;0.6;0.11;0.04;0.79;5;5;0.01
801;dut000218;dutch;catmeer;unknown;Catmeer;MALE;2;2;10;34;0;0;0;0;0.0;0.47;0.53;0.0;0.0;0.0;0.0;0.0;0.0;0.4;0.04;0.02;0.64;1;0;0.0
802;dut000218;dutch;circe;unknown;Circe;FEMALE;1;1;7;27;0;0;0;0;1.0;0.0;0.0;0.0;0.0;0.0;0.0;0.0;0.0;0.2;0.02;0.02;0.29;1;0;0.0
803;dut000218;dutch;hes;unknown;Hes;MALE;1;1;1;1;0;0;0;0;0.0;0.0;0.0;0.0;1.0;0.0;0.0;0.0;0.0;0.2;0.0;0.0;0.5;0;1;0.0
804;dut000218;dutch;luidewijk;unknown;Luidewijk;MALE;2;2;24;47;0;0;0;0;0.0;0.0;0.43;0.57;0.0;0.0;0.0;0.0;0.0;0.4;0.08;0.03;0.64;5;2;0.0
805;dut000218;dutch;medea;unknown;Medea;FEMALE;1;1;9;74;0;0;0;0;1.0;0.0;0.0;0.0;0.0;0.0;0.0;0.0;0.0;0.2;0.03;0.05;0.29;2;0;0.0
806;dut000218;dutch;ot;unknown;Ot;MALE;2;2;20;54;0;0;0;0;0.0;0.0;0.72;0.28;0.0;0.0;0.0;0.0;0.0;0.4;0.07;0.03;0.64;4;1;0.0
807;dut000218;dutch;penta;unknown;Penta;FEMALE;4;4;42;281;0;0;0;0;0.48;0.04;0.17;0.31;0.0;0.0;0.0;0.0;0.0;0.8;0.15;0.18;0.86;5;2;0.13
808;dut000218;dutch;proserpina;unknown;Proserpina;FEMALE;1;1;8;23;0;0;0;0;1.0;0.0;0.0;0.0;0.0;0.0;0.0;0.0;0.0;0.2;0.03;0.01;0.29;3;0;0.0
809;dut000218;dutch;rycheldin;unknown;Rycheldin;FEMALE;3;3;13;72;0;0;0;0;0.0;0.1;0.24;0.0;0.67;0.0;0.0;0.0;0.0;0.6;0.05;0.05;0.79;1;5;0.01
810;dut000218;dutch;zegemond;unknown;Zegemond;FEMALE;3;3;25;231;0;0;0;0;0.0;0.77;0.0;0.21;0.02;0.0;0.0;0.0;0.0;0.6;0.09;0.14;0.79;4;4;0.01
811;dut000214;dutch;rei-van-amstellandse-jofferen;unknown;REI VAN AMSTELLANDSE JOFFEREN;FEMALE;5;6;8;330;0;0;0;0;0.22;0.21;0.22;0.15;0.21;0.0;0.0;0.0;0.0;0.29;0.03;0.18;0.63;0;0;0.6
812;dut000214;dutch;rei-van-hemellieden;unknown;REI VAN HEMELLIEDEN;UNKNOWN;1;1;2;22;0;0;0;0;0.0;1.0;0.0;0.0;0.0;0.0;0.0;0.0;0.0;0.05;0.01;0.01;0.11;1;0;0.0
813;dut000214;dutch;rei-van-naarders;unknown;REI VAN NAARDERS;UNKNOWN;1;1;1;54;0;0;0;0;0.0;0.0;0.0;0.0;1.0;0.0;0.0;0.0;0.0;0.05;0.0;0.03;0.05;0;0;0.0
814;dut000214;dutch;bedrog;unknown;BEDROG;UNKNOWN;1;1;11;35;0;0;0;0;1.0;0.0;0.0;0.0;0.0;0.0;0.0;0.0;0.0;0.05;0.04;0.02;0.16;1;0;0.0
815;dut000214;dutch;de-vecht;unknown;DE VECHT;MALE;1;1;1;266;0;0;0;0;0.0;0.0;0.0;0.0;1.0;0.0;0.0;0.0;0.0;0.05;0.0;0.15;0.05;1;0;0.0
816;dut000214;dutch;eendracht;unknown;EENDRACHT;UNKNOWN;1;2;3;45;0;0;0;0;0.0;1.0;0.0;0.0;0.0;0.0;0.0;0.0;0.0;0.1;0.01;0.02;0.21;1;0;0.2
817;dut000214;dutch;geeraerdt-van-velsen;unknown;GEERAERDT VAN VELSEN;MALE;3;11;73;181;0;0;0;0;0.0;0.39;0.29;0.32;0.0;0.0;0.0;0.0;0.0;0.52;0.26;0.1;0.42;1;5;0.19
818;dut000214;dutch;geest-van-velsen;unknown;DE GEEST VAN VELSEN;MALE;1;1;1;20;0;0;0;0;0.0;0.0;0.0;1.0;0.0;0.0;0.0;0.0;0.0;0.05;0.0;0.01;0.05;0;1;0.0
819;dut000214;dutch;geweld;unknown;GEWELD;UNKNOWN;1;1;5;49;0;0;0;0;1.0;0.0;0.0;0.0;0.0;0.0;0.0;0.0;0.0;0.05;0.02;0.03;0.16;1;0;0.0
820;dut000214;dutch;gijsbert-van-aemstel;unknown;GIJSBERT VAN AEMSTEL;MALE;3;4;30;122;0;0;0;0;0.0;0.46;0.47;0.07;0.0;0.0;0.0;0.0;0.0;0.19;0.11;0.07;0.21;0;2;0.01
821;dut000214;dutch;graaf-floris;unknown;GRAAF FLORIS;MALE;3;5;31;122;0;0;0;0;0.0;0.2;0.0;0.57;0.23;0.0;0.0;0.0;0.0;0.24;0.11;0.07;0.32;0;1;0.21
822;dut000214;dutch;harman-van-woerden;unknown;HARMAN VAN WOERDEN;MALE;3;4;28;89;0;0;0;0;0.0;0.36;0.55;0.09;0.0;0.0;0.0;0.0;0.0;0.19;0.1;0.05;0.21;0;3;0.01
823;dut000214;dutch;helse-geest;unknown;HELSE GEEST;UNKNOWN;1;1;3;7;0;0;0;0;0.0;0.0;1.0;0.0;0.0;0.0;0.0;0.0;0.0;0.05;0.01;0.0;0.16;1;2;0.0
824;dut000214;dutch;machtelt-van-velsen;unknown;MACHTELT VAN VELSEN;FEMALE;5;5;28;195;0;0;0;0;0.7;0.09;0.06;0.04;0.11;0.0;0.0;0.0;0.0;0.24;0.1;0.11;0.32;1;4;0.03
825;dut000214;dutch;onnozelheid;unknown;ONNOZELHEID;UNKNOWN;1;1;1;3;0;0;0;0;0.0;1.0;0.0;0.0;0.0;0.0;0.0;0.0;0.0;0.05;0.0;0.0;0.11;0;0;0.0
826;dut000214;dutch;schildknaap;unknown;SCHILDKNAAP;MALE;3;8;23;106;0;0;0;0;0.0;0.04;0.87;0.09;0.0;0.0;0.0;0.0;0.0;0.38;0.08;0.06;0.42;1;2;0.1
827;dut000214;dutch;timon;unknown;TIMON;MALE;1;3;15;67;0;0;0;0;0.0;0.0;1.0;0.0;0.0;0.0;0.0;0.0;0.0;0.14;0.05;0.04;0.26;1;0;0.01
828;dut000214;dutch;trompetter;unknown;TROMPETTER;MALE;2;3;6;42;0;0;0;0;0.0;0.0;0.0;0.36;0.64;0.0;0.0;0.0;0.0;0.14;0.02;0.02;0.26;1;1;0.1
829;dut000214;dutch;trouw;unknown;TROUW;UNKNOWN;1;1;1;6;0;0;0;0;0.0;1.0;0.0;0.0;0.0;0.0;0.0;0.0;0.0;0.05;0.0;0.0;0.11;0;0;0.0
830;dut000214;dutch;twist;unknown;TWIST;UNKNOWN;1;2;11;56;0;0;0;0;1.0;0.0;0.0;0.0;0.0;0.0;0.0;0.0;0.0;0.1;0.04;0.03;0.21;1;0;0.01
831;dut000213;dutch;antonio;unknown;Sr. Anthonio;MALE;5;5;20;103;0;0;0;0;0.07;0.51;0.14;0.18;0.1;0.0;0.0;0.0;0.0;0.62;0.06;0.04;1.0;0;5;0.04
832;dut000213;dutch;cinthia;unknown;Cinthia;FEMALE;5;6;64;414;0;0;0;0;0.41;0.13;0.27;0.04;0.15;0.0;0.0;0.0;0.0;0.75;0.18;0.16;1.0;2;11;0.04
833;dut000213;dutch;de-knecht;unknown;Den Knecht;MALE;1;1;2;5;0;0;0;0;0.0;1.0;0.0;0.0;0.0;0.0;0.0;0.0;0.0;0.12;0.01;0.0;0.47;0;0;0.0
834;dut000213;dutch;de-mom;unknown;De mom;MALE;1;1;4;11;0;0;0;0;0.0;0.0;1.0;0.0;0.0;0.0;0.0;0.0;0.0;0.12;0.01;0.0;0.53;0;0;0.0
835;dut000213;dutch;de-waert;unknown;Den waert;MALE;2;2;10;22;0;0;0;0;0.82;0.0;0.0;0.0;0.18;0.0;0.0;0.0;0.0;0.25;0.03;0.01;0.68;1;4;0.01
836;dut000213;dutch;delio;unknown;Delio;MALE;5;5;48;368;0;0;0;0;0.25;0.23;0.2;0.17;0.15;0.0;0.0;0.0;0.0;0.62;0.14;0.14;1.0;3;9;0.04
837;dut000213;dutch;rijchaert;unknown;Rijchaert;MALE;2;2;12;151;0;0;0;0;0.0;0.5;0.0;0.0;0.5;0.0;0.0;0.0;0.0;0.25;0.03;0.06;0.74;1;6;0.01
838;dut000213;dutch;dondalfado;unknown;Dondalfado;MALE;3;3;19;150;0;0;0;0;0.39;0.3;0.0;0.0;0.31;0.0;0.0;0.0;0.0;0.38;0.05;0.06;0.74;3;10;0.01
839;dut000213;dutch;edelman;unknown;Edelman;MALE;1;1;1;6;0;0;0;0;0.0;0.0;1.0;0.0;0.0;0.0;0.0;0.0;0.0;0.12;0.0;0.0;0.53;1;8;0.0
840;dut000213;dutch;gerucht;unknown;T'gherucht;FEMALE;3;3;3;61;0;0;0;0;0.0;0.25;0.0;0.3;0.46;0.0;0.0;0.0;0.0;0.38;0.01;0.02;0.68;1;5;0.0
841;dut000213;dutch;kamenier;unknown;De Cameniere;MALE;2;2;9;17;0;0;0;0;0.0;0.0;0.65;0.35;0.0;0.0;0.0;0.0;0.0;0.25;0.03;0.01;0.68;0;2;0.01
842;dut000213;dutch;laselva;unknown;Laselva;MALE;5;5;49;469;0;0;0;0;0.08;0.4;0.12;0.38;0.02;0.0;0.0;0.0;0.0;0.62;0.14;0.18;0.95;3;9;0.03
843;dut000213;dutch;laurentia;unknown;Laurentia;FEMALE;3;3;20;136;0;0;0;0;0.0;0.16;0.0;0.3;0.54;0.0;0.0;0.0;0.0;0.38;0.06;0.05;0.79;1;9;0.01
844;dut000213;dutch;maeght;unknown;Colette;FEMALE;1;1;1;1;0;0;0;0;0.0;1.0;0.0;0.0;0.0;0.0;0.0;0.0;0.0;0.12;0.0;0.0;0.47;1;5;0.0
845;dut000213;dutch;mariole;unknown;Sr. Mariole;MALE;1;1;17;67;0;0;0;0;0.0;0.0;1.0;0.0;0.0;0.0;0.0;0.0;0.0;0.12;0.05;0.03;0.53;1;9;0.0
846;dut000213;dutch;mesisterna;unknown;Mesisterna;MALE;4;5;16;26;0;0;0;0;0.62;0.0;0.08;0.08;0.23;0.0;0.0;0.0;0.0;0.62;0.05;0.01;0.89;0;6;0.03
847;dut000213;dutch;rodrigo;unknown;Signoor Rodrigo;MALE;5;5;29;123;0;0;0;0;0.11;0.15;0.27;0.19;0.28;0.0;0.0;0.0;0.0;0.62;0.08;0.05;1.0;1;4;0.04
848;dut000213;dutch;sargeant;unknown;Sargeant Mayoor;MALE;3;3;23;69;0;0;0;0;0.3;0.0;0.0;0.28;0.42;0.0;0.0;0.0;0.0;0.38;0.06;0.03;0.74;0;3;0.01
849;dut000213;dutch;unknown;unknown;unknown;UNKNOWN;2;2;2;55;0;0;0;0;0.56;0.44;0.0;0.0;0.0;0.0;0.0;0.0;0.0;0.25;0.01;0.02;0.37;1;6;0.0
850;dut000213;dutch;wachter;unknown;Thoren-Wachter;MALE;3;3;5;40;0;0;0;0;0.0;0.0;0.2;0.3;0.5;0.0;0.0;0.0;0.0;0.38;0.01;0.02;0.84;1;7;0.02
851;dut000212;dutch;oproerighe-ghemeent;unknown;Oproerighe Ghemeent;UNKNOWN;1;2;8;41;0;0;0;0;0.0;0.0;1.0;0.0;0.0;0.0;0.0;0.0;0.0;0.22;0.04;0.01;0.78;1;2;0.02
852;dut000212;dutch;belgica;unknown;Belgica;FEMALE;1;1;1;78;0;0;0;0;1.0;0.0;0.0;0.0;0.0;0.0;0.0;0.0;0.0;0.11;0.0;0.03;0.0;0;0;0.0
853;dut000212;dutch;bloedtdorstich-ghewelt;unknown;Bloedtdorstich Ghewelt;MALE;4;5;22;194;0;0;0;0;0.0;0.23;0.32;0.41;0.03;0.0;0.0;0.0;0.0;0.56;0.1;0.06;0.91;2;6;0.04
854;dut000212;dutch;heer-van-barleymont;unknown;Heer van Barleymont;MALE;3;3;8;76;0;0;0;0;0.0;0.0;0.41;0.09;0.5;0.0;0.0;0.0;0.0;0.33;0.04;0.02;0.78;2;6;0.02
855;dut000212;dutch;heer-brederode;unknown;Heer Heyndrick van Brederoode;MALE;2;3;8;200;0;0;0;0;0.0;0.0;0.74;0.26;0.0;0.0;0.0;0.0;0.0;0.33;0.04;0.06;0.87;1;7;0.03
856;dut000212;dutch;grave-van-cvylenbvrch;unknown;Grave van Cvylenbvrch;MALE;1;1;4;34;0;0;0;0;0.0;0.0;1.0;0.0;0.0;0.0;0.0;0.0;0.0;0.11;0.02;0.01;0.65;1;12;0.0
857;dut000212;dutch;de-ouder;unknown;d'Ouder;UNKNOWN;1;1;11;116;0;0;0;0;0.0;0.0;1.0;0.0;0.0;0.0;0.0;0.0;0.0;0.11;0.05;0.04;0.65;1;2;0.0
858;dut000212;dutch;duck-d-alba;unknown;D'uck D'alba;MALE;2;2;8;226;0;0;0;0;0.0;0.0;0.0;0.15;0.85;0.0;0.0;0.0;0.0;0.22;0.04;0.07;0.7;1;2;0.0
859;dut000212;dutch;den-tydt;unknown;Den Tydt;UNKNOWN;1;1;1;208;0;0;0;0;0.0;0.0;0.0;0.0;1.0;0.0;0.0;0.0;0.0;0.11;0.0;0.07;0.04;0;0;0.0
860;dut000212;dutch;grave-van-egmont;unknown;Grave van Egmont;MALE;4;4;21;304;0;0;0;0;0.0;0.5;0.3;0.08;0.12;0.0;0.0;0.0;0.0;0.44;0.1;0.1;0.87;3;13;0.01
861;dut000212;dutch;graef-lodewyck;unknown;Graef Lodewyck van Nassouwen;MALE;3;3;6;57;0;0;0;0;0.0;0.02;0.81;0.18;0.0;0.0;0.0;0.0;0.0;0.33;0.03;0.02;0.87;3;11;0.01
862;dut000212;dutch;grave-van-hooghstraten;unknown;Grave van Hooghstraten;MALE;4;4;7;147;0;0;0;0;0.0;0.12;0.27;0.47;0.14;0.0;0.0;0.0;0.0;0.44;0.03;0.05;0.87;3;10;0.01
863;dut000212;dutch;grave-van-hoorn;unknown;Grave van Hoorn;MALE;3;3;6;90;0;0;0;0;0.0;0.67;0.24;0.0;0.09;0.0;0.0;0.0;0.0;0.33;0.03;0.03;0.74;1;1;0.0
864;dut000212;dutch;grave-van-megen;unknown;Grave van Megen;MALE;2;3;5;83;0;0;0;0;0.0;0.0;0.45;0.55;0.0;0.0;0.0;0.0;0.0;0.33;0.02;0.03;0.87;2;6;0.03
865;dut000212;dutch;heer-gysbert-van-batenbvrch;unknown;Heer Gysbert van Batenbvrch;MALE;2;2;4;122;0;0;0;0;0.0;0.0;0.52;0.48;0.0;0.0;0.0;0.0;0.0;0.22;0.02;0.04;0.83;2;11;0.01
866;dut000212;dutch;dirck-van-batenburch;unknown;Heer Dirck van Batenbvrch;MALE;1;1;1;24;0;0;0;0;0.0;0.0;0.0;1.0;0.0;0.0;0.0;0.0;0.0;0.11;0.0;0.01;0.52;1;11;0.0
867;dut000212;dutch;lantman;unknown;Lantman;MALE;2;2;22;122;0;0;0;0;0.0;0.0;0.6;0.0;0.4;0.0;0.0;0.0;0.0;0.22;0.1;0.04;0.74;0;0;0.0
868;dut000212;dutch;madame-de-parma;unknown;Madame de Parma;FEMALE;2;2;8;82;0;0;0;0;0.0;0.0;0.6;0.4;0.0;0.0;0.0;0.0;0.0;0.22;0.04;0.03;0.61;0;3;0.01
869;dut000212;dutch;meest-elck-een;unknown;Meest Elck Een;MALE;3;3;10;144;0;0;0;0;0.0;0.58;0.12;0.0;0.29;0.0;0.0;0.0;0.0;0.33;0.05;0.05;0.78;2;5;0.01
870;dut000212;dutch;meest-elck-eens-vrouwe;unknown;Meest Elck Eens Vrouwe;FEMALE;1;1;2;37;0;0;0;0;0.0;1.0;0.0;0.0;0.0;0.0;0.0;0.0;0.0;0.11;0.01;0.01;0.3;0;1;0.0
871;dut000212;dutch;prince-van-oraengien;unknown;Prince van Oraengien;MALE;3;3;11;209;0;0;0;0;0.0;0.05;0.44;0.51;0.0;0.0;0.0;0.0;0.0;0.33;0.05;0.07;0.87;2;5;0.01
872;dut000212;dutch;sabyna-van-beyeren;unknown;Sabyna van Beyeren;FEMALE;2;2;4;89;0;0;0;0;0.0;0.0;0.13;0.0;0.87;0.0;0.0;0.0;0.0;0.22;0.02;0.03;0.74;0;1;0.0
873;dut000212;dutch;voorlezer;unknown;Voorlezer;UNKNOWN;2;3;3;42;0;0;0;0;0.0;0.0;0.02;0.0;0.98;0.0;0.0;0.0;0.0;0.33;0.01;0.01;0.3;0;0;0.08
874;dut000212;dutch;vals-hypocrisie;unknown;Vals Hypocrisie;MALE;4;4;35;178;0;0;0;0;0.0;0.22;0.37;0.08;0.33;0.0;0.0;0.0;0.0;0.44;0.16;0.06;0.87;3;8;0.01
875;dut000209;dutch;achab;unknown;Achab;MALE;3;6;21;245;0;0;0;0;0.0;0.24;0.47;0.28;0.0;0.0;0.0;0.0;0.0;0.17;0.05;0.1;0.54;1;17;0.05
876;dut000209;dutch;adna;unknown;Adna;MALE;1;1;2;18;0;0;0;0;0.0;0.0;1.0;0.0;0.0;0.0;0.0;0.0;0.0;0.03;0.01;0.01;0.06;0;1;0.0
877;dut000209;dutch;amanus;unknown;Amanus;MALE;2;3;3;12;0;0;0;0;0.0;0.0;0.0;0.67;0.33;0.0;0.0;0.0;0.0;0.08;0.01;0.0;0.34;1;1;0.01
878;dut000209;dutch;amon;unknown;Amon;MALE;3;3;4;15;0;0;0;0;0.0;0.4;0.0;0.53;0.07;0.0;0.0;0.0;0.0;0.08;0.01;0.01;0.26;0;4;0.0
879;dut000209;dutch;arpharad;unknown;Arpharad;MALE;3;5;10;38;0;0;0;0;0.0;0.21;0.74;0.05;0.0;0.0;0.0;0.0;0.0;0.14;0.03;0.02;0.4;1;9;0.11
880;dut000209;dutch;baésa;unknown;Baesa;MALE;2;4;4;12;0;0;0;0;0.0;0.0;0.0;0.67;0.33;0.0;0.0;0.0;0.0;0.11;0.01;0.0;0.34;1;2;0.01
881;dut000209;dutch;benhadad;unknown;Benhadat;MALE;2;2;4;118;0;0;0;0;0.0;0.0;0.0;0.41;0.59;0.0;0.0;0.0;0.0;0.06;0.01;0.05;0.11;0;4;0.0
882;dut000209;dutch;boer;unknown;Kuythaen;MALE;1;1;2;32;0;0;0;0;0.0;0.0;0.0;0.0;1.0;0.0;0.0;0.0;0.0;0.03;0.01;0.01;0.06;0;0;0.0
883;dut000209;dutch;capiteyn;unknown;Capiteyn;MALE;1;1;1;5;0;0;0;0;0.0;0.0;0.0;0.0;1.0;0.0;0.0;0.0;0.0;0.03;0.0;0.0;0.0;0;0;0.0
884;dut000209;dutch;dwaes-vooornemen;unknown;Dwaes voornemen;MALE;3;5;55;158;0;0;0;0;0.0;0.26;0.65;0.09;0.0;0.0;0.0;0.0;0.0;0.14;0.14;0.06;0.31;0;5;0.01
885;dut000209;dutch;fame;unknown;Fame;FEMALE;3;3;16;120;0;0;0;0;0.0;0.4;0.3;0.0;0.3;0.0;0.0;0.0;0.0;0.08;0.04;0.05;0.0;0;0;0.0
886;dut000209;dutch;elida;unknown;Herault Elida;MALE;2;3;5;36;0;0;0;0;0.0;0.0;0.36;0.64;0.0;0.0;0.0;0.0;0.0;0.08;0.01;0.01;0.46;1;1;0.03
887;dut000209;dutch;gerechticheyt;unknown;Gherechticheyt;FEMALE;4;4;23;144;0;0;0;0;0.22;0.22;0.17;0.0;0.39;0.0;0.0;0.0;0.0;0.11;0.06;0.06;0.03;0;0;0.0
888;dut000209;dutch;hasaél;unknown;Hasael;MALE;2;4;8;45;0;0;0;0;0.0;0.0;0.0;0.89;0.11;0.0;0.0;0.0;0.0;0.11;0.02;0.02;0.34;1;3;0.01
889;dut000209;dutch;heman;unknown;Heman;MALE;1;2;5;8;0;0;0;0;0.0;0.0;1.0;0.0;0.0;0.0;0.0;0.0;0.0;0.06;0.01;0.0;0.26;0;3;0.0
890;dut000209;dutch;iesabel;unknown;Iesebel;FEMALE;2;3;10;236;0;0;0;0;0.0;0.0;0.0;0.73;0.27;0.0;0.0;0.0;0.0;0.08;0.03;0.09;0.46;0;5;0.04
891;dut000209;dutch;ioas;unknown;Ioas;MALE;1;1;2;12;0;0;0;0;0.0;0.0;0.0;1.0;0.0;0.0;0.0;0.0;0.0;0.03;0.01;0.0;0.14;0;3;0.0
892;dut000209;dutch;iohanan;unknown;Iohanam;MALE;1;1;2;13;0;0;0;0;0.0;0.0;1.0;0.0;0.0;0.0;0.0;0.0;0.0;0.03;0.01;0.01;0.06;0;0;0.0
893;dut000209;dutch;iosaphat;unknown;Iosophat;MALE;3;7;16;182;0;0;0;0;0.0;0.62;0.27;0.11;0.0;0.0;0.0;0.0;0.0;0.19;0.04;0.07;0.51;1;8;0.04
894;dut000209;dutch;leech-waghen;unknown;Leegh-waghen;MALE;1;2;8;16;0;0;0;0;0.0;1.0;0.0;0.0;0.0;0.0;0.0;0.0;0.0;0.06;0.02;0.01;0.09;0;2;0.0
895;dut000209;dutch;licht-mis;unknown;Lichtmis;MALE;3;5;29;79;0;0;0;0;0.0;0.29;0.0;0.48;0.23;0.0;0.0;0.0;0.0;0.14;0.07;0.03;0.11;0;1;0.0
896;dut000209;dutch;mathanja;unknown;Mathania;MALE;1;2;4;5;0;0;0;0;0.0;0.0;1.0;0.0;0.0;0.0;0.0;0.0;0.0;0.06;0.01;0.0;0.26;0;4;0.0
897;dut000209;dutch;meladon;unknown;Meladon;MALE;3;3;4;16;0;0;0;0;0.0;0.38;0.5;0.12;0.0;0.0;0.0;0.0;0.0;0.08;0.01;0.01;0.37;1;8;0.01
898;dut000209;dutch;micha;unknown;Micha;MALE;2;3;10;103;0;0;0;0;0.0;0.0;0.41;0.59;0.0;0.0;0.0;0.0;0.0;0.08;0.03;0.04;0.34;0;7;0.01
899;dut000209;dutch;naéman;unknown;Naeman;MALE;2;4;9;46;0;0;0;0;0.0;0.0;0.0;0.91;0.09;0.0;0.0;0.0;0.0;0.11;0.02;0.02;0.34;1;4;0.01
900;dut000209;dutch;onrust;unknown;Onrust;MALE;1;1;2;13;0;0;0;0;0.0;1.0;0.0;0.0;0.0;0.0;0.0;0.0;0.0;0.03;0.01;0.01;0.09;0;3;0.0
901;dut000209;dutch;quist-goedt;unknown;Quist-goedt;MALE;3;5;21;40;0;0;0;0;0.0;0.25;0.0;0.47;0.28;0.0;0.0;0.0;0.0;0.14;0.05;0.02;0.11;0;2;0.0
902;dut000209;dutch;ripa;unknown;Ripa;MALE;1;2;4;11;0;0;0;0;0.0;0.0;1.0;0.0;0.0;0.0;0.0;0.0;0.0;0.06;0.01;0.0;0.26;0;2;0.0
903;dut000209;dutch;rust-zoeckende-oudtheyt;unknown;Rust zoeckende oudtheyt;MALE;1;2;5;60;0;0;0;0;0.0;0.0;1.0;0.0;0.0;0.0;0.0;0.0;0.0;0.06;0.01;0.02;0.03;0;0;0.0
904;dut000209;dutch;sedekia;unknown;Zedekia;MALE;1;2;7;46;0;0;0;0;0.0;0.0;1.0;0.0;0.0;0.0;0.0;0.0;0.0;0.06;0.02;0.02;0.26;0;5;0.0
905;dut000209;dutch;sophar;unknown;Sophar;MALE;3;4;7;40;0;0;0;0;0.0;0.05;0.9;0.05;0.0;0.0;0.0;0.0;0.0;0.11;0.02;0.02;0.37;1;8;0.01
906;dut000209;dutch;vals-gheest;unknown;Valsche Gheest;UNKNOWN;2;2;2;100;0;0;0;0;0.0;0.4;0.6;0.0;0.0;0.0;0.0;0.0;0.0;0.06;0.01;0.04;0.0;0;0;0.0
907;dut000209;dutch;verkeert-oordeel;unknown;Verkeert oordeel;MALE;3;6;59;177;0;0;0;0;0.0;0.24;0.57;0.19;0.0;0.0;0.0;0.0;0.0;0.17;0.15;0.07;0.4;0;6;0.01
908;dut000209;dutch;voorsichticheyt;unknown;Voorzichticheyt;FEMALE;4;4;18;104;0;0;0;0;0.31;0.31;0.27;0.0;0.12;0.0;0.0;0.0;0.0;0.11;0.05;0.04;0.03;1;0;0.0
909;dut000209;dutch;hador;unknown;UNKNOWN;u;3;4;7;42;0;0;0;0;0.0;0.1;0.86;0.05;0.0;0.0;0.0;0.0;0.0;0.11;0.02;0.02;0.37;1;8;0.01
910;dut000210;dutch;chooren;unknown;Chooren;UNKNOWN;3;5;5;255;0;0;0;0;0.22;0.53;0.25;0.0;0.0;0.0;0.0;0.0;0.0;0.1;0.02;0.1;0.0;0;0;0.0
911;dut000210;dutch;rey;unknown;Israel Rey;UNKNOWN;3;10;17;92;0;0;0;0;0.47;0.27;0.26;0.0;0.0;0.0;0.0;0.0;0.0;0.19;0.06;0.04;0.29;2;2;0.05
912;dut000210;dutch;ammon;unknown;Ammon;MALE;2;6;15;256;0;0;0;0;0.53;0.47;0.0;0.0;0.0;0.0;0.0;0.0;0.0;0.12;0.05;0.1;0.25;1;3;0.07
913;dut000210;dutch;bode;unknown;Bode;MALE;2;3;5;31;0;0;0;0;0.0;0.58;0.42;0.0;0.0;0.0;0.0;0.0;0.0;0.06;0.02;0.01;0.29;2;5;0.15
914;dut000210;dutch;derde-gesant;unknown;Derde gesant;MALE;1;1;1;33;0;0;0;0;0.0;1.0;0.0;0.0;0.0;0.0;0.0;0.0;0.0;0.02;0.0;0.01;0.12;0;0;0.0
915;dut000210;dutch;eerste-gesant;unknown;Eerste gesant;MALE;2;6;19;78;0;0;0;0;0.0;0.95;0.05;0.0;0.0;0.0;0.0;0.0;0.0;0.12;0.07;0.03;0.29;0;4;0.09
916;dut000210;dutch;eerst-maeghd;unknown;Eerste maeghd;FEMALE;1;6;8;19;0;0;0;0;0.0;0.0;1.0;0.0;0.0;0.0;0.0;0.0;0.0;0.12;0.03;0.01;0.12;1;0;0.0
917;dut000210;dutch;faem;unknown;Fame;FEMALE;1;1;1;44;0;0;0;0;0.0;0.0;1.0;0.0;0.0;0.0;0.0;0.0;0.0;0.02;0.0;0.02;0.0;0;0;0.0
918;dut000210;dutch;gevanghen;unknown;Gevanghen;MALE;1;1;2;8;0;0;0;0;1.0;0.0;0.0;0.0;0.0;0.0;0.0;0.0;0.0;0.02;0.01;0.0;0.08;0;0;0.0
919;dut000210;dutch;herder;unknown;Herder;MALE;1;2;5;65;0;0;0;0;0.0;0.0;1.0;0.0;0.0;0.0;0.0;0.0;0.0;0.04;0.02;0.03;0.08;2;0;0.0
920;dut000210;dutch;iephthah;unknown;Iephthah;MALE;3;16;56;536;0;0;0;0;0.24;0.44;0.32;0.0;0.0;0.0;0.0;0.0;0.0;0.31;0.2;0.21;0.42;1;4;0.23
921;dut000210;dutch;knecht;unknown;Knecht;MALE;2;3;6;11;0;0;0;0;0.55;0.0;0.45;0.0;0.0;0.0;0.0;0.0;0.0;0.06;0.02;0.0;0.21;0;4;0.01
922;dut000210;dutch;levyt;unknown;Levyt;MALE;1;1;12;44;0;0;0;0;0.0;0.0;1.0;0.0;0.0;0.0;0.0;0.0;0.0;0.02;0.04;0.02;0.04;0;1;0.0
923;dut000210;dutch;miria;unknown;Miria;FEMALE;2;13;33;484;0;0;0;0;0.11;0.0;0.89;0.0;0.0;0.0;0.0;0.0;0.0;0.25;0.12;0.19;0.5;2;3;0.37
924;dut000210;dutch;propheet;unknown;Propheet;MALE;1;1;1;19;0;0;0;0;1.0;0.0;0.0;0.0;0.0;0.0;0.0;0.0;0.0;0.02;0.0;0.01;0.17;1;2;0.0
925;dut000210;dutch;serah;unknown;Serach;FEMALE;2;2;4;31;0;0;0;0;0.61;0.39;0.0;0.0;0.0;0.0;0.0;0.0;0.0;0.04;0.01;0.01;0.08;0;0;0.0
926;dut000210;dutch;silpa;unknown;Silpa;FEMALE;2;2;5;51;0;0;0;0;0.18;0.0;0.82;0.0;0.0;0.0;0.0;0.0;0.0;0.04;0.02;0.02;0.04;1;0;0.0
927;dut000210;dutch;sinesivs;unknown;Sinesivs;MALE;2;5;19;197;0;0;0;0;0.22;0.78;0.0;0.0;0.0;0.0;0.0;0.0;0.0;0.1;0.07;0.08;0.17;1;1;0.02
928;dut000210;dutch;thola;unknown;Thola;MALE;3;9;20;80;0;0;0;0;0.76;0.2;0.04;0.0;0.0;0.0;0.0;0.0;0.0;0.17;0.07;0.03;0.29;1;2;0.05
929;dut000210;dutch;trochaevs;unknown;Trochaevs;MALE;1;1;1;8;0;0;0;0;0.0;0.0;1.0;0.0;0.0;0.0;0.0;0.0;0.0;0.02;0.0;0.0;0.08;0;0;0.0
930;dut000210;dutch;twee-gesant;unknown;Tweede gesant;MALE;2;6;13;48;0;0;0;0;0.0;0.98;0.02;0.0;0.0;0.0;0.0;0.0;0.0;0.12;0.05;0.02;0.29;0;1;0.09
931;dut000210;dutch;twee-maeghd;unknown;Tweede maeghd;FEMALE;1;4;6;7;0;0;0;0;0.0;0.0;1.0;0.0;0.0;0.0;0.0;0.0;0.0;0.08;0.02;0.0;0.21;0;2;0.01
932;dut000210;dutch;vrou;unknown;Ivda;FEMALE;1;2;2;15;0;0;0;0;1.0;0.0;0.0;0.0;0.0;0.0;0.0;0.0;0.0;0.04;0.01;0.01;0.17;0;2;0.0
933;dut000210;dutch;zarezar;unknown;Zarezar;MALE;3;9;12;57;0;0;0;0;0.54;0.37;0.09;0.0;0.0;0.0;0.0;0.0;0.0;0.17;0.04;0.02;0.29;1;0;0.05
934;dut000210;dutch;ziziphvs;unknown;Ziziphvs;MALE;1;3;14;39;0;0;0;0;0.0;1.0;0.0;0.0;0.0;0.0;0.0;0.0;0.0;0.06;0.05;0.02;0.08;0;0;0.0
935;dut000211;dutch;rey-der-ioodtsche;unknown;Rey der Ioodsche;UNKNOWN;2;3;3;129;0;0;0;0;0.33;0.0;0.67;0.0;0.0;0.0;0.0;0.0;0.0;0.12;0.01;0.05;0.38;0;0;0.0
936;dut000211;dutch;rey-der-phylistynsche;unknown;Rey der Phylistynsche;UNKNOWN;3;4;5;143;0;0;0;0;0.29;0.34;0.37;0.0;0.0;0.0;0.0;0.0;0.0;0.16;0.01;0.06;0.77;0;1;0.0
937;dut000211;dutch;ahvsath;unknown;Ahvsath;MALE;3;11;39;73;0;0;0;0;0.34;0.26;0.4;0.0;0.0;0.0;0.0;0.0;0.0;0.44;0.08;0.03;0.92;0;5;0.03
938;dut000211;dutch;amri;unknown;Amri;MALE;3;5;11;25;0;0;0;0;0.24;0.08;0.68;0.0;0.0;0.0;0.0;0.0;0.0;0.2;0.02;0.01;0.77;2;7;0.0
939;dut000211;dutch;barnevs;unknown;Barnevs;MALE;1;1;10;54;0;0;0;0;0.0;1.0;0.0;0.0;0.0;0.0;0.0;0.0;0.0;0.04;0.02;0.02;0.23;2;1;0.0
940;dut000211;dutch;boer;unknown;Heyntje;MALE;3;7;29;91;0;0;0;0;0.3;0.35;0.35;0.0;0.0;0.0;0.0;0.0;0.0;0.28;0.06;0.04;0.77;0;1;0.0
941;dut000211;dutch;delila;unknown;Delila;FEMALE;3;15;97;617;0;0;0;0;0.47;0.52;0.01;0.0;0.0;0.0;0.0;0.0;0.0;0.6;0.21;0.24;0.85;0;6;0.03
942;dut000211;dutch;hilla;unknown;Hilla;FEMALE;2;8;26;56;0;0;0;0;0.43;0.57;0.0;0.0;0.0;0.0;0.0;0.0;0.0;0.32;0.06;0.02;0.85;1;6;0.03
943;dut000211;dutch;phicol;unknown;Phicol;MALE;3;11;37;70;0;0;0;0;0.34;0.33;0.33;0.0;0.0;0.0;0.0;0.0;0.0;0.44;0.08;0.03;0.92;0;2;0.03
944;dut000211;dutch;rehob;unknown;Rehob;MALE;3;11;34;49;0;0;0;0;0.43;0.24;0.33;0.0;0.0;0.0;0.0;0.0;0.0;0.44;0.07;0.02;0.92;0;4;0.03
945;dut000211;dutch;simson;unknown;Simson;MALE;3;16;76;678;0;0;0;0;0.52;0.31;0.17;0.0;0.0;0.0;0.0;0.0;0.0;0.64;0.16;0.27;0.77;1;0;0.0
946;dut000211;dutch;sobab;unknown;Sobab;MALE;3;11;36;55;0;0;0;0;0.44;0.27;0.29;0.0;0.0;0.0;0.0;0.0;0.0;0.44;0.08;0.02;0.92;0;3;0.03
947;dut000211;dutch;thimniters-geest;unknown;Thimniters Geest;MALE;1;1;1;24;0;0;0;0;0.0;1.0;0.0;0.0;0.0;0.0;0.0;0.0;0.0;0.04;0.0;0.01;0.38;0;5;0.0
948;dut000211;dutch;thoy;unknown;Thoy;MALE;3;12;60;268;0;0;0;0;0.55;0.27;0.18;0.0;0.0;0.0;0.0;0.0;0.0;0.48;0.13;0.11;1.0;1;6;0.09
949;dut000151;dutch;eigenbaat;unknown;EIGENBAAT;MALE;3;18;57;283;0;0;0;0;0.0;0.51;0.24;0.0;0.25;0.0;0.0;0.0;0.0;0.45;0.18;0.17;0.81;2;3;0.07
950;dut000151;dutch;arglistigheid;unknown;ARGLISTIGHEID;FEMALE;4;12;26;140;0;0;0;0;0.29;0.25;0.05;0.0;0.41;0.0;0.0;0.0;0.0;0.3;0.08;0.08;0.81;1;4;0.07
951;dut000151;dutch;bedrog;unknown;BEDROG;MALE;5;14;42;179;0;0;0;0;0.29;0.34;0.12;0.25;0.01;0.0;0.0;0.0;0.0;0.35;0.13;0.11;0.81;4;5;0.03
952;dut000151;dutch;misvertrouwen;unknown;MISVERTROUWEN;MALE;3;7;21;113;0;0;0;0;0.42;0.43;0.14;0.0;0.0;0.0;0.0;0.0;0.0;0.17;0.07;0.07;0.44;2;2;0.02
953;dut000151;dutch;ondeugd;unknown;ONDEUGD;MALE;3;6;10;123;0;0;0;0;0.0;0.0;0.96;0.03;0.01;0.0;0.0;0.0;0.0;0.15;0.03;0.07;0.69;2;4;0.02
954;dut000151;dutch;kwaadaard;unknown;KWAADAARD;MALE;2;6;15;149;0;0;0;0;0.0;0.0;0.61;0.0;0.39;0.0;0.0;0.0;0.0;0.15;0.05;0.09;0.62;2;3;0.0
955;dut000151;dutch;edelhart;unknown;EDELHART;MALE;2;11;37;130;0;0;0;0;0.0;0.0;0.0;0.95;0.05;0.0;0.0;0.0;0.0;0.28;0.12;0.08;0.75;1;4;0.01
956;dut000151;dutch;vermoogen;unknown;VERMOOGEN;MALE;2;2;3;45;0;0;0;0;0.0;0.0;0.0;0.91;0.09;0.0;0.0;0.0;0.0;0.05;0.01;0.03;0.75;2;1;0.01
957;dut000151;dutch;burgerhart;unknown;BURGERHART;UNKNOWN;2;6;15;82;0;0;0;0;0.0;0.0;0.0;0.96;0.04;0.0;0.0;0.0;0.0;0.15;0.05;0.05;0.69;2;2;0.01
958;dut000151;dutch;waarheid;unknown;WAARHEID;FEMALE;3;6;17;80;0;0;0;0;0.68;0.0;0.0;0.29;0.04;0.0;0.0;0.0;0.0;0.15;0.05;0.05;0.88;2;4;0.02
959;dut000151;dutch;rechtvaardigheid;unknown;RECHTVAARDIGHEID;MALE;2;4;9;22;0;0;0;0;0.0;0.0;0.0;0.64;0.36;0.0;0.0;0.0;0.0;0.1;0.03;0.01;0.88;3;3;0.02
960;dut000151;dutch;oprechtheid;unknown;OPRECHTHEID;FEMALE;2;4;8;34;0;0;0;0;0.0;0.0;0.0;0.88;0.12;0.0;0.0;0.0;0.0;0.1;0.03;0.02;0.88;1;2;0.02
961;dut000151;dutch;zuiveretrouw;unknown;ZUIVERETROUW;FEMALE;3;7;22;137;0;0;0;0;0.29;0.0;0.0;0.47;0.24;0.0;0.0;0.0;0.0;0.17;0.07;0.08;0.81;2;3;0.02
962;dut000151;dutch;onnoozelheid;unknown;ONNOOZELHEID;MALE;1;2;3;3;0;0;0;0;0.0;0.0;0.0;0.0;1.0;0.0;0.0;0.0;0.0;0.05;0.01;0.0;0.62;0;0;0.0
963;dut000151;dutch;rei-van-zinnen;unknown;REI VAN ZINNEN;UNKNOWN;2;7;20;89;0;0;0;0;0.89;0.0;0.0;0.0;0.11;0.0;0.0;0.0;0.0;0.17;0.06;0.05;0.75;1;2;0.02
964;dut000151;dutch;tydingbrenger;unknown;TYDINGBRENGER;UNKNOWN;2;3;8;68;0;0;0;0;0.0;0.46;0.0;0.0;0.54;0.0;0.0;0.0;0.0;0.07;0.03;0.04;0.19;1;1;0.0
965;dut000151;dutch;krygswachten;unknown;KRYGSWACHTEN;UNKNOWN;1;3;3;3;0;0;0;0;0.0;0.0;0.0;1.0;0.0;0.0;0.0;0.0;0.0;0.07;0.01;0.0;0.5;0;0;0.0
966;dut000074;dutch;allen;unknown;ALLEN;UNKNOWN;1;1;1;12;0;0;0;0;0.0;0.0;0.0;1.0;0.0;0.0;0.0;0.0;0.0;0.1;0.0;0.01;0.57;0;1;0.0
967;dut000074;dutch;alcip;unknown;ALCIP;MALE;5;6;102;543;0;0;0;0;0.27;0.3;0.12;0.09;0.22;0.0;0.0;0.0;0.0;0.6;0.34;0.35;0.93;2;5;0.24
968;dut000074;dutch;alfonsus;unknown;ALFONSUS;MALE;2;2;12;56;0;0;0;0;0.0;0.0;0.62;0.38;0.0;0.0;0.0;0.0;0.0;0.2;0.04;0.04;0.64;0;4;0.01
969;dut000074;dutch;amarillis;unknown;AMARILLIS;FEMALE;3;3;31;229;0;0;0;0;0.24;0.16;0.0;0.0;0.6;0.0;0.0;0.0;0.0;0.3;0.1;0.15;0.21;0;0;0.0
970;dut000074;dutch;amasis;unknown;AMASIS;FEMALE;2;2;4;11;0;0;0;0;0.0;0.0;0.55;0.45;0.0;0.0;0.0;0.0;0.0;0.2;0.01;0.01;0.64;0;6;0.01
971;dut000074;dutch;cleante;unknown;CLEANTE;MALE;2;2;13;84;0;0;0;0;0.85;0.0;0.0;0.15;0.0;0.0;0.0;0.0;0.0;0.2;0.04;0.05;0.71;1;0;0.04
972;dut000074;dutch;clindor;unknown;KLINDOR;MALE;3;4;42;166;0;0;0;0;0.38;0.33;0.29;0.0;0.0;0.0;0.0;0.0;0.0;0.4;0.14;0.11;0.79;3;4;0.22
973;dut000074;dutch;dienaer;unknown;DIENAER;MALE;1;1;1;4;0;0;0;0;0.0;0.0;0.0;1.0;0.0;0.0;0.0;0.0;0.0;0.1;0.0;0.0;0.57;1;2;0.0
974;dut000074;dutch;gabrina;unknown;GABRINA;FEMALE;1;2;38;124;0;0;0;0;0.0;1.0;0.0;0.0;0.0;0.0;0.0;0.0;0.0;0.2;0.12;0.08;0.29;1;2;0.0
975;dut000074;dutch;leon;unknown;LEON;MALE;1;1;1;6;0;0;0;0;0.0;0.0;0.0;1.0;0.0;0.0;0.0;0.0;0.0;0.1;0.0;0.0;0.57;1;3;0.0
976;dut000074;dutch;lucia;unknown;LUCIA;FEMALE;1;2;10;29;0;0;0;0;0.0;1.0;0.0;0.0;0.0;0.0;0.0;0.0;0.0;0.2;0.03;0.02;0.36;0;1;0.02
977;dut000074;dutch;marcellus;unknown;MARCELLUS;MALE;1;1;16;28;0;0;0;0;0.0;1.0;0.0;0.0;0.0;0.0;0.0;0.0;0.0;0.1;0.05;0.02;0.14;1;1;0.0
978;dut000074;dutch;piemander;unknown;PIEMANDER;MALE;2;2;26;216;0;0;0;0;0.0;0.0;0.34;0.66;0.0;0.0;0.0;0.0;0.0;0.2;0.09;0.14;0.64;0;7;0.01
979;dut000074;dutch;rodrigo;unknown;RODRIGO;MALE;2;2;4;11;0;0;0;0;0.0;0.0;0.27;0.73;0.0;0.0;0.0;0.0;0.0;0.2;0.01;0.01;0.64;0;3;0.01
980;dut000074;dutch;wraek;unknown;WRAEK;MALE;1;1;3;12;0;0;0;0;0.0;1.0;0.0;0.0;0.0;0.0;0.0;0.0;0.0;0.1;0.01;0.01;0.29;0;0;0.0
981;dut000066;dutch;cloris;unknown;CLORIS;MALE;5;5;101;628;0;0;0;0;0.04;0.22;0.26;0.27;0.21;0.0;0.0;0.0;0.0;1.0;0.26;0.29;1.0;2;2;0.03
982;dut000066;dutch;koning;unknown;KONING;MALE;3;3;58;371;0;0;0;0;0.14;0.0;0.0;0.19;0.67;0.0;0.0;0.0;0.0;0.6;0.15;0.17;0.8;2;2;0.0
983;dut000066;dutch;lerinde;unknown;LERINDE;FEMALE;4;4;45;143;0;0;0;0;0.33;0.38;0.13;0.0;0.17;0.0;0.0;0.0;0.0;0.8;0.12;0.07;1.0;0;0;0.03
984;dut000066;dutch;philander;unknown;PHILANDER;MALE;5;5;67;366;0;0;0;0;0.19;0.25;0.12;0.23;0.2;0.0;0.0;0.0;0.0;1.0;0.18;0.17;1.0;1;1;0.03
985;dut000066;dutch;philida;unknown;PHILIDA;FEMALE;5;5;102;612;0;0;0;0;0.08;0.12;0.17;0.15;0.47;0.0;0.0;0.0;0.0;1.0;0.27;0.28;1.0;1;2;0.03
986;dut000066;dutch;thirsus;unknown;THIRSUS;MALE;1;1;9;44;0;0;0;0;0.0;0.0;1.0;0.0;0.0;0.0;0.0;0.0;0.0;0.2;0.02;0.02;0.8;1;0;0.0
987;dut000068;dutch;rey-van-heydensche-toveressen;unknown;REY van Heydensche Toveressen;FEMALE;1;1;1;20;0;0;0;0;1.0;0.0;0.0;0.0;0.0;0.0;0.0;0.0;0.0;0.2;0.0;0.01;0.4;1;1;0.0
988;dut000068;dutch;eerste-rechter;unknown;Eerste Rechter;MALE;1;1;11;19;0;0;0;0;0.0;0.0;0.0;0.0;1.0;0.0;0.0;0.0;0.0;0.2;0.02;0.01;0.4;2;1;0.0
989;dut000068;dutch;tweede-rechter;unknown;Tweede Rechter;MALE;1;1;7;8;0;0;0;0;0.0;0.0;0.0;0.0;1.0;0.0;0.0;0.0;0.0;0.2;0.01;0.0;0.4;2;0;0.0
990;dut000068;dutch;allerdus;unknown;ALLERDUS;MALE;3;3;23;81;0;0;0;0;0.09;0.51;0.0;0.41;0.0;0.0;0.0;0.0;0.0;0.6;0.05;0.04;0.87;2;3;0.1
991;dut000068;dutch;cecilia;unknown;CECILIA;FEMALE;4;4;83;378;0;0;0;0;0.0;0.28;0.28;0.34;0.1;0.0;0.0;0.0;0.0;0.8;0.16;0.18;0.8;1;6;0.06
992;dut000068;dutch;coridon;unknown;CORIDON;MALE;1;1;2;23;0;0;0;0;0.0;1.0;0.0;0.0;0.0;0.0;0.0;0.0;0.0;0.2;0.0;0.01;0.4;2;3;0.0
993;dut000068;dutch;diana;unknown;DIANA;FEMALE;3;3;67;322;0;0;0;0;0.42;0.0;0.42;0.0;0.16;0.0;0.0;0.0;0.0;0.6;0.13;0.15;0.73;2;5;0.05
994;dut000068;dutch;eremyt;unknown;EREMYT;MALE;2;2;25;121;0;0;0;0;0.0;0.0;0.69;0.31;0.0;0.0;0.0;0.0;0.0;0.4;0.05;0.06;0.47;0;0;0.0
995;dut000068;dutch;florentius;unknown;FLORENTIUS;MALE;5;5;116;335;0;0;0;0;0.19;0.31;0.05;0.23;0.22;0.0;0.0;0.0;0.0;1.0;0.23;0.16;1.0;2;8;0.15
996;dut000068;dutch;floriaen;unknown;FLORIAEN;MALE;4;4;95;455;0;0;0;0;0.0;0.35;0.18;0.18;0.29;0.0;0.0;0.0;0.0;0.8;0.19;0.22;0.8;3;9;0.06
997;dut000068;dutch;kol;unknown;Kol;FEMALE;1;1;6;42;0;0;0;0;1.0;0.0;0.0;0.0;0.0;0.0;0.0;0.0;0.0;0.2;0.01;0.02;0.4;0;1;0.0
998;dut000068;dutch;koning;unknown;KONING van Grieken;MALE;3;3;33;125;0;0;0;0;0.39;0.0;0.0;0.36;0.25;0.0;0.0;0.0;0.0;0.6;0.07;0.06;0.8;2;6;0.06
999;dut000068;dutch;laura;unknown;LAURA;FEMALE;1;1;9;17;0;0;0;0;0.0;1.0;0.0;0.0;0.0;0.0;0.0;0.0;0.0;0.2;0.02;0.01;0.4;1;3;0.0
1000;dut000068;dutch;pagie;unknown;PAGIE;MALE;1;1;1;7;0;0;0;0;0.0;0.0;0.0;1.0;0.0;0.0;0.0;0.0;0.0;0.2;0.0;0.0;0.4;0;1;0.0
1001;dut000068;dutch;pluto;unknown;PLUTO;MALE;1;1;3;14;0;0;0;0;1.0;0.0;0.0;0.0;0.0;0.0;0.0;0.0;0.0;0.2;0.01;0.01;0.4;0;0;0.0
1002;dut000068;dutch;rodrigo;unknown;RODRIGO;MALE;1;1;23;56;0;0;0;0;0.0;1.0;0.0;0.0;0.0;0.0;0.0;0.0;0.0;0.2;0.05;0.03;0.4;0;1;0.0
1003;dut000097;dutch;calista;unknown;CALISTA;FEMALE;4;4;63;281;0;0;0;0;0.0;0.64;0.0;0.2;0.14;0.03;0.0;0.0;0.0;0.67;0.16;0.17;0.89;3;3;0.12
1004;dut000097;dutch;cantisa;unknown;CANTISA;FEMALE;1;1;32;60;0;0;0;0;0.0;1.0;0.0;0.0;0.0;0.0;0.0;0.0;0.0;0.17;0.08;0.04;0.22;0;1;0.0
1005;dut000097;dutch;casterna;unknown;CASTERNA;FEMALE;2;2;35;92;0;0;0;0;0.0;0.0;0.0;0.0;0.1;0.9;0.0;0.0;0.0;0.33;0.09;0.05;0.67;0;4;0.0
1006;dut000097;dutch;constantinus;unknown;CONSTANTINUS;MALE;5;5;96;385;0;0;0;0;0.23;0.0;0.37;0.19;0.08;0.12;0.0;0.0;0.0;0.83;0.25;0.23;0.89;2;3;0.12
1007;dut000097;dutch;dienaar;unknown;DIENAAR;MALE;1;1;1;1;0;0;0;0;0.0;0.0;1.0;0.0;0.0;0.0;0.0;0.0;0.0;0.17;0.0;0.0;0.22;0;1;0.0
1008;dut000097;dutch;faustina;unknown;FAUSTINA;MALE;5;5;116;661;0;0;0;0;0.34;0.0;0.13;0.25;0.02;0.26;0.0;0.0;0.0;0.83;0.3;0.39;0.89;1;3;0.12
1009;dut000097;dutch;ferdinandus;unknown;FERDINANDUS;MALE;3;3;35;157;0;0;0;0;0.0;0.48;0.0;0.46;0.0;0.06;0.0;0.0;0.0;0.5;0.09;0.09;0.89;1;2;0.12
1010;dut000097;dutch;heydin;unknown;2. HEYDINNEN;FEMALE;1;1;5;27;0;0;0;0;0.0;0.0;0.0;1.0;0.0;0.0;0.0;0.0;0.0;0.17;0.01;0.02;0.44;0;0;0.0
1011;dut000097;dutch;rechter;unknown;2. RECHTERS;MALE;1;1;5;7;0;0;0;0;0.0;0.0;0.0;0.0;0.0;1.0;0.0;0.0;0.0;0.17;0.01;0.0;0.67;1;2;0.0
1012;dut000097;dutch;scherprechter;unknown;SCHERP-RECHTER;MALE;1;1;1;1;0;0;0;0;0.0;0.0;0.0;0.0;0.0;1.0;0.0;0.0;0.0;0.17;0.0;0.0;0.67;1;1;0.0
1013;dut000064;dutch;cassandra;unknown;CASSANDRA;FEMALE;4;4;38;179;0;0;0;0;0.36;0.06;0.49;0.1;0.0;0.0;0.0;0.0;0.0;0.8;0.13;0.12;1.0;1;1;0.13
1014;dut000064;dutch;elizabeth;unknown;ELIZABETH;FEMALE;3;3;56;289;0;0;0;0;0.23;0.08;0.0;0.69;0.0;0.0;0.0;0.0;0.0;0.6;0.2;0.2;0.83;3;1;0.0
1015;dut000064;dutch;helena;unknown;HELENA;FEMALE;4;4;64;270;0;0;0;0;0.24;0.32;0.0;0.2;0.24;0.0;0.0;0.0;0.0;0.8;0.22;0.19;0.83;1;1;0.0
1016;dut000064;dutch;karel;unknown;KAREL;MALE;4;4;60;340;0;0;0;0;0.28;0.15;0.19;0.38;0.0;0.0;0.0;0.0;0.0;0.8;0.21;0.23;1.0;3;1;0.13
1017;dut000064;dutch;lucia;unknown;LUCIA;FEMALE;1;1;5;5;0;0;0;0;0.0;0.0;0.0;1.0;0.0;0.0;0.0;0.0;0.0;0.2;0.02;0.0;0.83;2;2;0.0
1018;dut000064;dutch;rogier;unknown;ROGIER;MALE;4;4;59;336;0;0;0;0;0.15;0.39;0.0;0.18;0.28;0.0;0.0;0.0;0.0;0.8;0.21;0.23;0.83;0;0;0.0
1019;dut000064;dutch;toveres;unknown;TOVERES;FEMALE;1;1;5;14;0;0;0;0;0.0;0.0;1.0;0.0;0.0;0.0;0.0;0.0;0.0;0.2;0.02;0.01;0.33;0;1;0.0
1020;dut000069;dutch;amarillis;unknown;AMARILLIS;FEMALE;2;2;26;92;0;0;0;0;0.39;0.61;0.0;0.0;0.0;0.0;0.0;0.0;0.0;1.0;0.11;0.09;1.0;5;4;0.01
1021;dut000069;dutch;apollonia;unknown;APOLLONIA;FEMALE;1;1;24;54;0;0;0;0;0.0;1.0;0.0;0.0;0.0;0.0;0.0;0.0;0.0;0.5;0.1;0.05;0.89;0;0;0.0
1022;dut000069;dutch;claudiaen;unknown;CLAUDIAEN;MALE;2;2;42;229;0;0;0;0;0.52;0.48;0.0;0.0;0.0;0.0;0.0;0.0;0.0;1.0;0.18;0.23;1.0;1;0;0.01
1023;dut000069;dutch;coridon;unknown;CORIDON;MALE;2;2;33;91;0;0;0;0;0.57;0.43;0.0;0.0;0.0;0.0;0.0;0.0;0.0;1.0;0.14;0.09;1.0;3;3;0.01
1024;dut000069;dutch;grusella;unknown;GRUSELLA;FEMALE;2;2;22;83;0;0;0;0;0.27;0.73;0.0;0.0;0.0;0.0;0.0;0.0;0.0;1.0;0.09;0.08;1.0;4;3;0.01
1025;dut000069;dutch;marcellus;unknown;MARCELLUS;MALE;1;1;2;2;0;0;0;0;1.0;0.0;0.0;0.0;0.0;0.0;0.0;0.0;0.0;0.5;0.01;0.0;0.67;0;1;0.0
1026;dut000069;dutch;juliana;unknown;JULIANA;FEMALE;2;2;48;272;0;0;0;0;0.44;0.56;0.0;0.0;0.0;0.0;0.0;0.0;0.0;1.0;0.21;0.27;1.0;1;3;0.01
1027;dut000069;dutch;philomenus;unknown;PHILOMENUS;MALE;2;2;31;130;0;0;0;0;0.12;0.88;0.0;0.0;0.0;0.0;0.0;0.0;0.0;1.0;0.13;0.13;1.0;1;2;0.01
1028;dut000069;dutch;musyk;unknown;MUSYK;FEMALE;1;1;3;19;0;0;0;0;0.0;1.0;0.0;0.0;0.0;0.0;0.0;0.0;0.0;0.5;0.01;0.02;0.89;2;3;0.0
1029;dut000069;dutch;pallas;unknown;PALLAS;FEMALE;1;1;3;26;0;0;0;0;0.0;1.0;0.0;0.0;0.0;0.0;0.0;0.0;0.0;0.5;0.01;0.03;0.89;3;3;0.0
1030;dut000085;dutch;argire;unknown;ARGIRE;FEMALE;1;1;22;67;0;0;0;0;0.0;0.0;0.0;0.0;1.0;0.0;0.0;0.0;0.0;0.11;0.07;0.04;0.69;1;0;0.0
1031;dut000085;dutch;arionthe;unknown;ARIONTHE;MALE;1;1;1;17;0;0;0;0;1.0;0.0;0.0;0.0;0.0;0.0;0.0;0.0;0.0;0.11;0.0;0.01;0.38;1;2;0.0
1032;dut000085;dutch;bellinde;unknown;BELLINDE;FEMALE;2;2;2;20;0;0;0;0;0.0;0.0;0.1;0.9;0.0;0.0;0.0;0.0;0.0;0.22;0.01;0.01;0.46;1;1;0.0
1033;dut000085;dutch;celiodant;unknown;CELIODANT;MALE;4;5;39;220;0;0;0;0;0.11;0.17;0.43;0.0;0.28;0.0;0.0;0.0;0.0;0.56;0.12;0.13;0.92;3;7;0.08
1034;dut000085;dutch;cephise;unknown;CEPHISE;FEMALE;3;3;10;67;0;0;0;0;0.0;0.0;0.42;0.51;0.07;0.0;0.0;0.0;0.0;0.33;0.03;0.04;0.77;0;1;0.01
1035;dut000085;dutch;erguntvs;unknown;ERGUNTVS;MALE;2;4;11;77;0;0;0;0;0.22;0.78;0.0;0.0;0.0;0.0;0.0;0.0;0.0;0.44;0.03;0.05;0.46;1;0;0.01
1036;dut000085;dutch;hoveling;unknown;HOVELING;MALE;1;1;4;9;0;0;0;0;0.0;0.0;0.0;0.0;1.0;0.0;0.0;0.0;0.0;0.11;0.01;0.01;0.69;2;0;0.0
1037;dut000085;dutch;policander;unknown;POLICANDER;MALE;4;5;70;197;0;0;0;0;0.11;0.04;0.0;0.34;0.51;0.0;0.0;0.0;0.0;0.56;0.22;0.12;1.0;4;5;0.1
1038;dut000085;dutch;oronte;unknown;ORONTE;MALE;3;3;28;77;0;0;0;0;0.0;0.0;0.9;0.01;0.09;0.0;0.0;0.0;0.0;0.33;0.09;0.05;0.77;4;3;0.01
1039;dut000085;dutch;raeds-heer;unknown;RAEDS-HEER;MALE;2;2;6;89;0;0;0;0;0.0;0.0;0.0;0.54;0.46;0.0;0.0;0.0;0.0;0.22;0.02;0.05;0.77;4;3;0.01
1040;dut000085;dutch;rosaniere;unknown;ROSANIERE;FEMALE;5;6;56;319;0;0;0;0;0.26;0.19;0.06;0.33;0.16;0.0;0.0;0.0;0.0;0.67;0.18;0.19;1.0;3;3;0.1
1041;dut000085;dutch;rosilion;unknown;ROSILION;MALE;4;6;63;504;0;0;0;0;0.0;0.25;0.06;0.21;0.48;0.0;0.0;0.0;0.0;0.67;0.2;0.3;0.85;1;7;0.03
1042;dut000085;dutch;schild-wacht;unknown;SCHILD-WACHT;MALE;1;1;1;2;0;0;0;0;1.0;0.0;0.0;0.0;0.0;0.0;0.0;0.0;0.0;0.11;0.0;0.0;0.38;1;3;0.0
1043;dut000085;dutch;verance;unknown;VERANCE;MALE;1;1;21;95;0;0;0;0;0.0;0.0;0.0;0.0;1.0;0.0;0.0;0.0;0.0;0.11;0.07;0.06;0.69;2;1;0.0
1044;dut000067;dutch;celestina;unknown;CELESTINA;FEMALE;5;5;55;226;0;0;0;0;0.18;0.4;0.35;0.03;0.04;0.0;0.0;0.0;0.0;1.0;0.15;0.16;1.0;1;1;0.08
1045;dut000067;dutch;cupido;unknown;CUPIDO;MALE;1;1;28;80;0;0;0;0;0.0;0.0;0.0;1.0;0.0;0.0;0.0;0.0;0.0;0.2;0.08;0.06;0.57;1;1;0.0
1046;dut000067;dutch;cypriaen;unknown;CYPRIAEN;MALE;4;4;67;313;0;0;0;0;0.26;0.39;0.12;0.0;0.23;0.0;0.0;0.0;0.0;0.8;0.18;0.22;0.86;2;1;0.04
1047;dut000067;dutch;margriet;unknown;MARGRIET;FEMALE;2;2;9;30;0;0;0;0;0.0;0.0;0.8;0.2;0.0;0.0;0.0;0.0;0.0;0.4;0.02;0.02;0.71;1;3;0.01
1048;dut000067;dutch;raniclis;unknown;RANICLIS;MALE;5;5;85;392;0;0;0;0;0.23;0.38;0.07;0.31;0.01;0.0;0.0;0.0;0.0;1.0;0.23;0.28;1.0;0;0;0.08
1049;dut000067;dutch;rozemond;unknown;ROZEMOND;FEMALE;5;5;120;347;0;0;0;0;0.14;0.16;0.24;0.44;0.01;0.0;0.0;0.0;0.0;1.0;0.33;0.25;1.0;1;2;0.08
1050;dut000067;dutch;"die-volgd-geen-liefde-maer-een-redelooze-gril;";unknown;UNKNOWN;u;1;1;1;2;0;0;0;0;1.0;0.0;0.0;0.0;0.0;0.0;0.0;0.0;0.0;0.2;0.0;0.0;0.57;0;1;0.0
1051;dut000067;dutch;rozemonde;unknown;UNKNOWN;u;1;1;2;4;0;0;0;0;0.0;0.0;0.0;0.0;1.0;0.0;0.0;0.0;0.0;0.2;0.01;0.0;0.57;0;1;0.0
1052;dut000070;dutch;augustinus;unknown;AUGUSTINUS;MALE;1;1;10;99;0;0;0;0;0.0;0.0;0.0;0.0;1.0;0.0;0.0;0.0;0.0;0.17;0.04;0.07;0.38;1;1;0.0
1053;dut000070;dutch;celestina;unknown;CELESTINA;FEMALE;1;1;2;4;0;0;0;0;0.0;0.0;0.0;1.0;0.0;0.0;0.0;0.0;0.0;0.17;0.01;0.0;0.62;1;2;0.0
1054;dut000070;dutch;dianira;unknown;DIANIRA;FEMALE;4;4;93;511;0;0;0;0;0.16;0.0;0.14;0.23;0.47;0.0;0.0;0.0;0.0;0.67;0.4;0.36;0.88;2;3;0.08
1055;dut000070;dutch;emmerens;unknown;EMMERENS;FEMALE;1;1;5;15;0;0;0;0;0.0;0.0;0.0;1.0;0.0;0.0;0.0;0.0;0.0;0.17;0.02;0.01;0.62;0;2;0.0
1056;dut000070;dutch;florentius;unknown;FLORENTIUS;MALE;1;1;5;15;0;0;0;0;0.0;0.0;0.0;1.0;0.0;0.0;0.0;0.0;0.0;0.17;0.02;0.01;0.62;3;2;0.0
1057;dut000070;dutch;nydigheyd;unknown;NYDIGHEYD;MALE;1;1;1;28;0;0;0;0;0.0;1.0;0.0;0.0;0.0;0.0;0.0;0.0;0.0;0.17;0.0;0.02;0.0;0;0;0.0
1058;dut000070;dutch;gustavius;unknown;GUSTAVIUS;MALE;4;4;39;203;0;0;0;0;0.29;0.17;0.0;0.29;0.26;0.0;0.0;0.0;0.0;0.67;0.17;0.14;0.88;0;1;0.08
1059;dut000070;dutch;heraklius;unknown;HERAKLIUS;MALE;1;1;8;57;0;0;0;0;1.0;0.0;0.0;0.0;0.0;0.0;0.0;0.0;0.0;0.17;0.03;0.04;0.38;0;0;0.0
1060;dut000070;dutch;theodorus;unknown;THEODORUS;MALE;4;4;68;457;0;0;0;0;0.16;0.0;0.19;0.2;0.45;0.0;0.0;0.0;0.0;0.67;0.29;0.32;0.88;0;3;0.08
1061;dut000250;dutch;ghetughe-des-gheests;unknown;Ghetughe des Gheests;MALE;1;1;20;159;0;0;0;0;1.0;0.0;0.0;0.0;0.0;0.0;0.0;0.0;0.0;1.0;0.22;0.3;1.0;0;0;0.0
1062;dut000250;dutch;kaercke;unknown;Kaercke;UNKNOWN;1;1;16;85;0;0;0;0;1.0;0.0;0.0;0.0;0.0;0.0;0.0;0.0;0.0;1.0;0.18;0.16;1.0;0;1;0.0
1063;dut000250;dutch;mensche;unknown;Mensche;MALE;1;1;35;207;0;0;0;0;1.0;0.0;0.0;0.0;0.0;0.0;0.0;0.0;0.0;1.0;0.39;0.38;1.0;0;1;0.0
1064;dut000250;dutch;ontfaermhertigheyt;unknown;Ontfaermhertigheyt;UNKNOWN;1;1;18;86;0;0;0;0;1.0;0.0;0.0;0.0;0.0;0.0;0.0;0.0;0.0;1.0;0.2;0.16;1.0;0;1;0.0
1065;dut000204;dutch;ariadne;unknown;ARIADNE;FEMALE;4;19;94;889;0;0;0;0;0.0;0.24;0.25;0.24;0.27;0.0;0.0;0.0;0.0;0.7;0.36;0.46;1.0;1;1;0.18
1066;dut000204;dutch;arkas;unknown;ARKAS;MALE;2;2;6;31;0;0;0;0;0.94;0.0;0.0;0.0;0.06;0.0;0.0;0.0;0.0;0.07;0.02;0.02;0.5;1;1;0.0
1067;dut000204;dutch;enarus;unknown;ENARUS;MALE;4;7;26;248;0;0;0;0;0.42;0.37;0.0;0.17;0.05;0.0;0.0;0.0;0.0;0.26;0.1;0.13;1.0;3;3;0.18
1068;dut000204;dutch;nerine;unknown;NERINE;FEMALE;3;7;22;59;0;0;0;0;0.0;0.31;0.12;0.0;0.58;0.0;0.0;0.0;0.0;0.26;0.08;0.03;0.33;1;0;0.0
1069;dut000204;dutch;phedra;unknown;PHEDRA;FEMALE;4;7;31;228;0;0;0;0;0.27;0.03;0.25;0.44;0.0;0.0;0.0;0.0;0.0;0.26;0.12;0.12;0.67;0;0;0.0
1070;dut000204;dutch;pirithoüs;unknown;PIRITHOÜS;MALE;4;8;36;171;0;0;0;0;0.34;0.2;0.36;0.0;0.1;0.0;0.0;0.0;0.0;0.3;0.14;0.09;0.83;1;1;0.04
1071;dut000204;dutch;thezeus;unknown;THEZEUS;MALE;4;7;46;272;0;0;0;0;0.55;0.1;0.18;0.17;0.0;0.0;0.0;0.0;0.0;0.26;0.18;0.14;0.67;2;0;0.0
1072;dut000199;dutch;amilkar;unknown;Amilkar;MALE;2;2;5;13;0;0;0;0;0.0;0.0;0.0;0.08;0.92;0.0;0.0;0.0;0.0;0.05;0.02;0.01;0.3;2;1;0.0
1073;dut000199;dutch;camille;unknown;Camille;FEMALE;2;2;3;4;0;0;0;0;0.75;0.25;0.0;0.0;0.0;0.0;0.0;0.0;0.0;0.05;0.01;0.0;0.2;0;0;0.0
1074;dut000199;dutch;de-keizerin-eudoxe;unknown;De Keizerin Eudoxe;FEMALE;3;10;37;288;0;0;0;0;0.0;0.53;0.0;0.37;0.1;0.0;0.0;0.0;0.0;0.25;0.12;0.14;0.7;2;2;0.13
1075;dut000199;dutch;de-jonge-prinses-eudoxe;unknown;De Jonge Prinses Eudoxe;FEMALE;4;13;44;258;0;0;0;0;0.4;0.06;0.26;0.28;0.0;0.0;0.0;0.0;0.0;0.33;0.14;0.13;0.7;1;1;0.14
1076;dut000199;dutch;genserik;unknown;Genserik;MALE;4;16;59;383;0;0;0;0;0.0;0.46;0.18;0.06;0.3;0.0;0.0;0.0;0.0;0.4;0.19;0.19;0.8;3;3;0.16
1077;dut000199;dutch;hunnerik;unknown;Hunnerik;MALE;3;5;18;67;0;0;0;0;0.0;0.21;0.0;0.57;0.22;0.0;0.0;0.0;0.0;0.12;0.06;0.03;0.4;0;0;0.02
1078;dut000199;dutch;ispar;unknown;Ispar;MALE;4;7;14;85;0;0;0;0;0.15;0.14;0.0;0.26;0.45;0.0;0.0;0.0;0.0;0.17;0.05;0.04;0.5;0;1;0.03
1079;dut000199;dutch;justine;unknown;Justinne;FEMALE;3;4;16;111;0;0;0;0;0.23;0.04;0.0;0.0;0.74;0.0;0.0;0.0;0.0;0.1;0.05;0.05;0.3;0;2;0.0
1080;dut000199;dutch;narbal;unknown;Narbal;MALE;2;4;6;13;0;0;0;0;0.69;0.0;0.31;0.0;0.0;0.0;0.0;0.0;0.0;0.1;0.02;0.01;0.1;0;0;0.0
1081;dut000199;dutch;sophronia;unknown;Sophronia;FEMALE;5;10;40;331;0;0;0;0;0.44;0.08;0.2;0.11;0.19;0.0;0.0;0.0;0.0;0.25;0.13;0.16;0.6;3;1;0.07
1082;dut000199;dutch;trasimond;unknown;Trasimond;MALE;4;13;66;429;0;0;0;0;0.29;0.0;0.43;0.23;0.05;0.0;0.0;0.0;0.0;0.33;0.21;0.21;0.6;2;2;0.21
1083;dut000202;dutch;agis;unknown;Agis;MALE;1;1;2;10;0;0;0;0;1.0;0.0;0.0;0.0;0.0;0.0;0.0;0.0;0.0;0.03;0.01;0.01;0.25;0;2;0.0
1084;dut000202;dutch;dianira;unknown;Dianira;FEMALE;4;9;41;475;0;0;0;0;0.0;0.23;0.33;0.18;0.26;0.0;0.0;0.0;0.0;0.29;0.17;0.27;0.62;2;2;0.1
1085;dut000202;dutch;dirce;unknown;Dirce;FEMALE;1;3;4;13;0;0;0;0;0.0;0.0;0.0;1.0;0.0;0.0;0.0;0.0;0.0;0.1;0.02;0.01;0.12;0;0;0.0
1086;dut000202;dutch;herkules;unknown;Herkules;MALE;5;18;72;486;0;0;0;0;0.3;0.35;0.16;0.03;0.15;0.0;0.0;0.0;0.0;0.58;0.3;0.28;0.75;0;2;0.18
1087;dut000202;dutch;iöle;unknown;Iölé;FEMALE;4;10;44;252;0;0;0;0;0.19;0.13;0.14;0.53;0.0;0.0;0.0;0.0;0.0;0.32;0.18;0.14;0.5;1;2;0.25
1088;dut000202;dutch;kleon;unknown;Kleon;MALE;2;2;4;13;0;0;0;0;0.15;0.0;0.0;0.0;0.85;0.0;0.0;0.0;0.0;0.06;0.02;0.01;0.25;0;1;0.0
1089;dut000202;dutch;lichas;unknown;Lichas;MALE;3;6;19;93;0;0;0;0;0.77;0.05;0.17;0.0;0.0;0.0;0.0;0.0;0.0;0.19;0.08;0.05;0.38;0;1;0.0
1090;dut000202;dutch;phenice;unknown;Phenice;FEMALE;2;4;9;25;0;0;0;0;0.0;0.0;0.44;0.0;0.56;0.0;0.0;0.0;0.0;0.13;0.04;0.01;0.25;0;0;0.0
1091;dut000202;dutch;philoctetes;unknown;Philoctetes;MALE;5;12;45;319;0;0;0;0;0.26;0.17;0.09;0.28;0.2;0.0;0.0;0.0;0.0;0.39;0.19;0.18;0.88;2;1;0.33
1092;dut000200;dutch;alexandra;unknown;Alexandra;FEMALE;1;3;9;55;0;0;0;0;0.0;0.0;0.0;1.0;0.0;0.0;0.0;0.0;0.0;0.09;0.03;0.03;0.27;1;1;0.0
1093;dut000200;dutch;benjamin;unknown;Benjamin;MALE;1;3;7;20;0;0;0;0;0.0;0.0;0.0;1.0;0.0;0.0;0.0;0.0;0.0;0.09;0.02;0.01;0.27;0;0;0.0
1094;dut000200;dutch;sipier;unknown;Sipier;MALE;1;1;2;8;0;0;0;0;0.0;0.0;0.0;1.0;0.0;0.0;0.0;0.0;0.0;0.03;0.01;0.0;0.07;1;0;0.0
1095;dut000200;dutch;dina;unknown;Dina;FEMALE;2;2;11;58;0;0;0;0;0.0;0.98;0.0;0.02;0.0;0.0;0.0;0.0;0.0;0.06;0.03;0.03;0.27;0;1;0.0
1096;dut000200;dutch;twee-raadsheeren;unknown;Twee Raadsheeren;MALE;1;1;2;4;0;0;0;0;0.0;0.0;1.0;0.0;0.0;0.0;0.0;0.0;0.0;0.03;0.01;0.0;0.33;0;0;0.0
1097;dut000200;dutch;herodes;unknown;Herodes;MALE;5;22;103;980;0;0;0;0;0.25;0.07;0.28;0.08;0.32;0.0;0.0;0.0;0.0;0.67;0.3;0.45;0.67;1;5;0.22
1098;dut000200;dutch;jozef;unknown;Jozef;MALE;1;1;1;3;0;0;0;0;0.0;1.0;0.0;0.0;0.0;0.0;0.0;0.0;0.0;0.03;0.0;0.0;0.2;1;2;0.0
1099;dut000200;dutch;judas;unknown;Judas;MALE;2;3;9;42;0;0;0;0;0.0;0.81;0.19;0.0;0.0;0.0;0.0;0.0;0.0;0.09;0.03;0.02;0.4;1;2;0.02
1100;dut000200;dutch;mariamne;unknown;Mariamne;FEMALE;3;8;54;349;0;0;0;0;0.0;0.38;0.25;0.37;0.0;0.0;0.0;0.0;0.0;0.24;0.16;0.16;0.67;3;4;0.3
1101;dut000200;dutch;narbal;unknown;Narbal;MALE;1;3;19;112;0;0;0;0;0.0;0.0;0.0;0.0;1.0;0.0;0.0;0.0;0.0;0.09;0.05;0.05;0.27;0;3;0.0
1102;dut000200;dutch;nicanor;unknown;Nicanor;MALE;1;1;1;4;0;0;0;0;0.0;0.0;1.0;0.0;0.0;0.0;0.0;0.0;0.0;0.03;0.0;0.0;0.07;0;0;0.0
1103;dut000200;dutch;pheroras;unknown;Pheroras;MALE;5;8;27;102;0;0;0;0;0.43;0.02;0.02;0.39;0.14;0.0;0.0;0.0;0.0;0.24;0.08;0.05;0.53;0;1;0.04
1104;dut000200;dutch;salomé;unknown;Salomé;FEMALE;5;14;73;273;0;0;0;0;0.19;0.56;0.01;0.18;0.07;0.0;0.0;0.0;0.0;0.42;0.21;0.13;0.67;1;6;0.22
1105;dut000200;dutch;sohemus;unknown;Sohemus;MALE;2;3;11;52;0;0;0;0;0.19;0.0;0.81;0.0;0.0;0.0;0.0;0.0;0.0;0.09;0.03;0.02;0.2;0;1;0.0
1106;dut000200;dutch;thamar;unknown;Thamar;FEMALE;1;2;5;21;0;0;0;0;0.0;1.0;0.0;0.0;0.0;0.0;0.0;0.0;0.0;0.06;0.01;0.01;0.07;0;0;0.0
1107;dut000200;dutch;thares;unknown;Thares;MALE;5;6;12;39;0;0;0;0;0.03;0.03;0.03;0.23;0.69;0.0;0.0;0.0;0.0;0.18;0.03;0.02;0.53;3;3;0.13
1108;dut000198;dutch;agamemnon;unknown;Agamemnon;MALE;4;17;56;501;0;0;0;0;0.0;0.29;0.4;0.18;0.14;0.0;0.0;0.0;0.0;0.45;0.21;0.25;0.62;0;1;0.26
1109;dut000198;dutch;arbas;unknown;Arbas;MALE;3;3;7;25;0;0;0;0;0.0;0.72;0.12;0.0;0.16;0.0;0.0;0.0;0.0;0.08;0.03;0.01;0.12;0;0;0.0
1110;dut000198;dutch;doride;unknown;Doride;FEMALE;3;4;13;28;0;0;0;0;0.71;0.21;0.0;0.07;0.0;0.0;0.0;0.0;0.0;0.11;0.05;0.01;0.12;0;0;0.0
1111;dut000198;dutch;euribates;unknown;Euribates;MALE;5;8;22;129;0;0;0;0;0.14;0.26;0.11;0.17;0.32;0.0;0.0;0.0;0.0;0.21;0.08;0.06;0.38;1;2;0.0
1112;dut000198;dutch;ismene;unknown;Ismene;FEMALE;4;5;19;70;0;0;0;0;0.0;0.23;0.07;0.09;0.61;0.0;0.0;0.0;0.0;0.13;0.07;0.03;0.25;0;0;0.0
1113;dut000198;dutch;kassandra;unknown;Kassanda;FEMALE;4;9;44;442;0;0;0;0;0.0;0.27;0.2;0.21;0.32;0.0;0.0;0.0;0.0;0.24;0.17;0.22;0.5;1;1;0.07
1114;dut000198;dutch;klytemnestra;unknown;Klytemnestra;FEMALE;5;10;38;346;0;0;0;0;0.54;0.06;0.2;0.16;0.04;0.0;0.0;0.0;0.0;0.26;0.14;0.17;0.62;2;2;0.26
1115;dut000198;dutch;orestes;unknown;Orestes;MALE;5;13;56;446;0;0;0;0;0.33;0.14;0.15;0.24;0.15;0.0;0.0;0.0;0.0;0.34;0.21;0.22;0.75;2;2;0.37
1116;dut000198;dutch;pylades;unknown;Pylades;MALE;3;3;11;35;0;0;0;0;0.66;0.0;0.0;0.29;0.06;0.0;0.0;0.0;0.0;0.08;0.04;0.02;0.12;0;0;0.0
1117;dut000203;dutch;araspes;unknown;Araspes;MALE;3;3;9;39;0;0;0;0;0.0;0.79;0.08;0.0;0.13;0.0;0.0;0.0;0.0;0.09;0.03;0.02;0.71;1;3;0.0
1118;dut000203;dutch;arsinoë;unknown;Arsinoë;FEMALE;4;14;65;384;0;0;0;0;0.28;0.0;0.12;0.27;0.33;0.0;0.0;0.0;0.0;0.44;0.19;0.18;1.0;1;2;0.13
1119;dut000203;dutch;attalus;unknown;Attalus;MALE;4;13;52;239;0;0;0;0;0.24;0.0;0.26;0.22;0.29;0.0;0.0;0.0;0.0;0.41;0.15;0.11;0.86;1;2;0.01
1120;dut000203;dutch;cleone;unknown;Cleone;FEMALE;2;2;5;17;0;0;0;0;0.71;0.0;0.0;0.0;0.29;0.0;0.0;0.0;0.0;0.06;0.01;0.01;0.29;1;1;0.0
1121;dut000203;dutch;flaminius;unknown;Flaminius;MALE;4;11;36;241;0;0;0;0;0.0;0.32;0.29;0.19;0.21;0.0;0.0;0.0;0.0;0.34;0.11;0.11;1.0;1;2;0.13
1122;dut000203;dutch;laodise;unknown;Laodise;FEMALE;3;10;38;343;0;0;0;0;0.34;0.0;0.43;0.0;0.22;0.0;0.0;0.0;0.0;0.31;0.11;0.16;0.71;0;1;0.0
1123;dut000203;dutch;nicomedes;unknown;Nicomedes;MALE;5;13;83;567;0;0;0;0;0.27;0.28;0.13;0.24;0.08;0.0;0.0;0.0;0.0;0.41;0.24;0.26;0.86;1;0;0.01
1124;dut000203;dutch;prusias;unknown;Prusias;MALE;4;13;54;308;0;0;0;0;0.0;0.54;0.11;0.22;0.13;0.0;0.0;0.0;0.0;0.41;0.16;0.14;0.86;2;3;0.01
1125;dut000201;dutch;alexander;unknown;Alexander;MALE;3;6;24;144;0;0;0;0;0.17;0.24;0.58;0.0;0.0;0.0;0.0;0.0;0.0;0.14;0.07;0.07;0.62;1;3;0.0
1126;dut000201;dutch;frederik;unknown;Frederik;MALE;4;13;50;269;0;0;0;0;0.05;0.0;0.57;0.01;0.36;0.0;0.0;0.0;0.0;0.3;0.15;0.13;0.62;1;0;0.0
1127;dut000201;dutch;izabelle;unknown;Izabelle;FEMALE;3;3;3;24;0;0;0;0;0.0;0.12;0.0;0.54;0.33;0.0;0.0;0.0;0.0;0.07;0.01;0.01;0.12;0;0;0.0
1128;dut000201;dutch;kassandra;unknown;Kassandra;FEMALE;4;8;33;267;0;0;0;0;0.0;0.35;0.1;0.44;0.1;0.0;0.0;0.0;0.0;0.19;0.1;0.13;0.75;0;4;0.02
1129;dut000201;dutch;ladislaus;unknown;Ladislaus;MALE;5;19;79;608;0;0;0;0;0.19;0.29;0.15;0.22;0.14;0.0;0.0;0.0;0.0;0.44;0.24;0.3;0.75;2;1;0.02
1130;dut000201;dutch;leonoor;unknown;Leonoor;FEMALE;1;1;2;4;0;0;0;0;0.0;1.0;0.0;0.0;0.0;0.0;0.0;0.0;0.0;0.02;0.01;0.0;0.12;1;0;0.0
1131;dut000201;dutch;octavius;unknown;Octavius;MALE;3;6;9;48;0;0;0;0;0.52;0.0;0.0;0.21;0.27;0.0;0.0;0.0;0.0;0.14;0.03;0.02;0.5;1;1;0.0
1132;dut000201;dutch;theodora;unknown;Theodora;FEMALE;3;14;50;215;0;0;0;0;0.0;0.47;0.0;0.17;0.36;0.0;0.0;0.0;0.0;0.33;0.15;0.11;1.0;2;1;0.48
1133;dut000201;dutch;wenseslaus;unknown;Wenseslaus;MALE;4;22;80;431;0;0;0;0;0.4;0.0;0.08;0.2;0.31;0.0;0.0;0.0;0.0;0.51;0.24;0.21;0.75;0;3;0.02
1134;dut000084;dutch;antiochus;unknown;Antiochus;MALE;1;2;9;28;0;0;0;0;0.0;0.0;1.0;0.0;0.0;0.0;0.0;0.0;0.0;0.06;0.02;0.01;0.28;0;3;0.0
1135;dut000084;dutch;appollonius;unknown;Appollonius;MALE;4;19;139;596;0;0;0;0;0.38;0.0;0.29;0.24;0.09;0.0;0.0;0.0;0.0;0.58;0.32;0.3;0.89;1;9;0.39
1136;dut000084;dutch;areta;unknown;Areta;FEMALE;1;1;11;109;0;0;0;0;0.0;0.0;1.0;0.0;0.0;0.0;0.0;0.0;0.0;0.03;0.03;0.05;0.28;0;5;0.0
1137;dut000084;dutch;argus;unknown;Argus;MALE;1;1;5;36;0;0;0;0;1.0;0.0;0.0;0.0;0.0;0.0;0.0;0.0;0.0;0.03;0.01;0.02;0.06;0;1;0.0
1138;dut000084;dutch;archippus;unknown;Archippus;MALE;2;6;39;217;0;0;0;0;0.0;0.68;0.0;0.0;0.32;0.0;0.0;0.0;0.0;0.18;0.09;0.11;0.28;1;4;0.0
1139;dut000084;dutch;archistratus;unknown;Archistratus;MALE;3;6;34;112;0;0;0;0;0.0;0.36;0.0;0.42;0.22;0.0;0.0;0.0;0.0;0.18;0.08;0.06;0.39;1;5;0.01
1140;dut000084;dutch;bargas;unknown;Bargas;MALE;2;2;6;8;0;0;0;0;0.0;0.75;0.0;0.0;0.25;0.0;0.0;0.0;0.0;0.06;0.01;0.0;0.28;0;0;0.0
1141;dut000084;dutch;dardan;unknown;Dardan;MALE;3;10;20;55;0;0;0;0;0.69;0.0;0.04;0.27;0.0;0.0;0.0;0.0;0.0;0.3;0.05;0.03;0.61;0;0;0.08
1142;dut000084;dutch;eldad;unknown;Eldad;MALE;2;3;9;13;0;0;0;0;0.54;0.0;0.46;0.0;0.0;0.0;0.0;0.0;0.0;0.09;0.02;0.01;0.28;0;3;0.0
1143;dut000084;dutch;elise;unknown;Elise;FEMALE;3;11;62;328;0;0;0;0;0.0;0.26;0.0;0.24;0.5;0.0;0.0;0.0;0.0;0.33;0.14;0.16;0.44;1;4;0.12
1144;dut000084;dutch;hadad;unknown;Hadad;MALE;2;3;13;42;0;0;0;0;0.52;0.0;0.48;0.0;0.0;0.0;0.0;0.0;0.0;0.09;0.03;0.02;0.28;0;4;0.0
1145;dut000084;dutch;kratillus;unknown;Kratillus;MALE;1;1;1;9;0;0;0;0;1.0;0.0;0.0;0.0;0.0;0.0;0.0;0.0;0.0;0.03;0.0;0.0;0.11;0;2;0.0
1146;dut000084;dutch;licoris;unknown;Licoris;FEMALE;2;3;8;20;0;0;0;0;0.0;0.65;0.0;0.0;0.35;0.0;0.0;0.0;0.0;0.09;0.02;0.01;0.06;0;0;0.0
1147;dut000084;dutch;polidamia;unknown;Polidamia;FEMALE;2;2;15;70;0;0;0;0;0.61;0.0;0.0;0.39;0.0;0.0;0.0;0.0;0.0;0.06;0.03;0.04;0.17;0;3;0.0
1148;dut000084;dutch;ptolomeus;unknown;Ptolomeus;MALE;1;2;6;18;0;0;0;0;0.0;0.0;1.0;0.0;0.0;0.0;0.0;0.0;0.0;0.06;0.01;0.01;0.28;0;2;0.0
1149;dut000084;dutch;pymaglion;unknown;Pymaglion;MALE;3;11;22;66;0;0;0;0;0.52;0.0;0.12;0.36;0.0;0.0;0.0;0.0;0.0;0.33;0.05;0.03;0.67;0;2;0.11
1150;dut000084;dutch;rey-van-tyriers;unknown;Rey van Tyriers;UNKNOWN;4;4;4;148;0;0;0;0;0.28;0.31;0.16;0.24;0.0;0.0;0.0;0.0;0.0;0.12;0.01;0.07;0.0;0;0;0.0
1151;dut000084;dutch;straguilo;unknown;Straguilo;MALE;2;2;8;12;0;0;0;0;0.0;0.83;0.0;0.0;0.17;0.0;0.0;0.0;0.0;0.06;0.02;0.01;0.28;0;1;0.0
1152;dut000084;dutch;sichaeus;unknown;Sichaeus;MALE;1;4;19;39;0;0;0;0;1.0;0.0;0.0;0.0;0.0;0.0;0.0;0.0;0.0;0.12;0.04;0.02;0.28;0;1;0.0
1153;dut000111;dutch;ariarates;unknown;Ariarates;FEMALE;2;2;7;22;0;0;0;0;0.91;0.09;0.0;0.0;0.0;0.0;0.0;0.0;0.0;0.06;0.03;0.01;0.2;1;1;0.0
1154;dut000111;dutch;atis;unknown;Atis;MALE;1;1;2;8;0;0;0;0;0.0;0.0;0.0;1.0;0.0;0.0;0.0;0.0;0.0;0.03;0.01;0.0;0.2;1;1;0.0
1155;dut000111;dutch;attalus;unknown;Attalus;MALE;5;8;34;206;0;0;0;0;0.15;0.27;0.38;0.18;0.02;0.0;0.0;0.0;0.0;0.22;0.14;0.11;0.5;2;0;0.06
1156;dut000111;dutch;axiane;unknown;Axiane;FEMALE;3;11;34;223;0;0;0;0;0.0;0.21;0.43;0.0;0.36;0.0;0.0;0.0;0.0;0.31;0.14;0.12;0.6;2;0;0.3
1157;dut000111;dutch;cleomenes;unknown;Cleomenes;MALE;4;5;20;242;0;0;0;0;0.47;0.26;0.21;0.0;0.07;0.0;0.0;0.0;0.0;0.14;0.08;0.13;0.4;1;0;0.06
1158;dut000111;dutch;didos;unknown;Didos;MALE;3;8;34;323;0;0;0;0;0.33;0.0;0.0;0.43;0.23;0.0;0.0;0.0;0.0;0.22;0.14;0.17;0.3;0;2;0.0
1159;dut000111;dutch;dorine;unknown;Dorine;FEMALE;1;2;6;28;0;0;0;0;0.0;0.0;1.0;0.0;0.0;0.0;0.0;0.0;0.0;0.06;0.03;0.01;0.1;0;0;0.0
1160;dut000111;dutch;evander;unknown;Evander;MALE;3;7;12;36;0;0;0;0;0.0;0.0;0.03;0.69;0.28;0.0;0.0;0.0;0.0;0.19;0.05;0.02;0.4;1;1;0.01
1161;dut000111;dutch;gentius;unknown;Gentius;MALE;4;12;38;319;0;0;0;0;0.15;0.0;0.25;0.31;0.29;0.0;0.0;0.0;0.0;0.33;0.16;0.17;0.7;2;4;0.21
1162;dut000111;dutch;laodice;unknown;Laodice;FEMALE;2;3;8;20;0;0;0;0;0.0;0.8;0.0;0.0;0.2;0.0;0.0;0.0;0.0;0.08;0.03;0.01;0.1;1;0;0.0
1163;dut000111;dutch;theoxena;unknown;Theoxena;FEMALE;4;14;45;389;0;0;0;0;0.0;0.47;0.06;0.23;0.24;0.0;0.0;0.0;0.0;0.39;0.19;0.21;0.7;0;1;0.31
1164;dut000112;dutch;eerste-dienaar;unknown;1 Dienaar;MALE;1;1;1;2;0;0;0;0;0.0;1.0;0.0;0.0;0.0;0.0;0.0;0.0;0.0;0.04;0.0;0.0;0.5;0;1;0.0
1165;dut000112;dutch;tweede-dienaar;unknown;2 Dienaar;MALE;1;1;1;1;0;0;0;0;0.0;1.0;0.0;0.0;0.0;0.0;0.0;0.0;0.0;0.04;0.0;0.0;0.5;0;0;0.0
1166;dut000112;dutch;agata;unknown;Agata;FEMALE;1;4;8;17;0;0;0;0;0.0;1.0;0.0;0.0;0.0;0.0;0.0;0.0;0.0;0.16;0.02;0.01;0.5;1;1;0.0
1167;dut000112;dutch;bely;unknown;Bely;FEMALE;2;7;33;73;0;0;0;0;0.32;0.0;0.68;0.0;0.0;0.0;0.0;0.0;0.0;0.28;0.07;0.06;0.5;1;3;0.0
1168;dut000112;dutch;dirk;unknown;Dirk;MALE;1;2;12;60;0;0;0;0;0.0;0.0;1.0;0.0;0.0;0.0;0.0;0.0;0.0;0.08;0.03;0.05;0.5;2;1;0.0
1169;dut000112;dutch;filibert;unknown;Filibert;MALE;3;11;102;287;0;0;0;0;0.41;0.18;0.4;0.0;0.0;0.0;0.0;0.0;0.0;0.44;0.23;0.25;1.0;2;5;0.13
1170;dut000112;dutch;geertruy;unknown;Geertruy;FEMALE;3;18;97;261;0;0;0;0;0.41;0.26;0.33;0.0;0.0;0.0;0.0;0.0;0.0;0.72;0.22;0.23;0.83;1;3;0.06
1171;dut000112;dutch;joris;unknown;Joris;MALE;3;8;51;126;0;0;0;0;0.71;0.13;0.16;0.0;0.0;0.0;0.0;0.0;0.0;0.32;0.12;0.11;0.92;3;5;0.06
1172;dut000112;dutch;kniertje;unknown;Kniertje;FEMALE;1;7;27;66;0;0;0;0;0.0;1.0;0.0;0.0;0.0;0.0;0.0;0.0;0.0;0.28;0.06;0.06;0.75;1;2;0.02
1173;dut000112;dutch;kristoffel;unknown;Kristoffel;MALE;1;5;15;37;0;0;0;0;0.0;1.0;0.0;0.0;0.0;0.0;0.0;0.0;0.0;0.2;0.03;0.03;0.75;2;2;0.02
1174;dut000112;dutch;schout;unknown;Schout;MALE;2;3;23;68;0;0;0;0;0.0;0.25;0.75;0.0;0.0;0.0;0.0;0.0;0.0;0.12;0.05;0.06;0.83;1;7;0.04
1175;dut000112;dutch;volkert;unknown;Volkert;MALE;3;12;69;136;0;0;0;0;0.26;0.57;0.17;0.0;0.0;0.0;0.0;0.0;0.0;0.48;0.16;0.12;0.83;3;2;0.06
1176;dut000112;dutch;filibert geertry;unknown;UNKNOWN;u;1;1;1;1;0;0;0;0;1.0;0.0;0.0;0.0;0.0;0.0;0.0;0.0;0.0;0.04;0.0;0.0;0.25;0;0;0.0
1177;dut000123;dutch;arbaces;unknown;Arbaces;MALE;1;1;3;33;0;0;0;0;0.0;0.0;0.0;0.0;1.0;0.0;0.0;0.0;0.0;0.04;0.02;0.02;0.57;2;2;0.0
1178;dut000123;dutch;attalia;unknown;Attalia;FEMALE;4;6;14;169;0;0;0;0;0.34;0.0;0.1;0.37;0.19;0.0;0.0;0.0;0.0;0.24;0.08;0.09;0.86;0;2;0.07
1179;dut000123;dutch;belus;unknown;Belus;MALE;3;6;25;253;0;0;0;0;0.43;0.57;0.0;0.0;0.01;0.0;0.0;0.0;0.0;0.24;0.14;0.14;0.71;0;1;0.01
1180;dut000123;dutch;hypermis;unknown;Hypermis;FEMALE;4;5;10;54;0;0;0;0;0.0;0.22;0.37;0.24;0.17;0.0;0.0;0.0;0.0;0.2;0.06;0.03;0.29;1;0;0.0
1181;dut000123;dutch;ninias;unknown;Ninias;MALE;4;9;44;331;0;0;0;0;0.27;0.21;0.2;0.0;0.32;0.0;0.0;0.0;0.0;0.36;0.25;0.18;0.71;0;1;0.01
1182;dut000123;dutch;porus;unknown;Porus;MALE;4;7;10;110;0;0;0;0;0.14;0.0;0.33;0.32;0.22;0.0;0.0;0.0;0.0;0.28;0.06;0.06;0.86;3;1;0.13
1183;dut000123;dutch;salomena;unknown;Salomena;FEMALE;5;17;54;604;0;0;0;0;0.1;0.13;0.38;0.21;0.18;0.0;0.0;0.0;0.0;0.68;0.3;0.33;1.0;1;2;0.21
1184;dut000123;dutch;sardanapalus;unknown;Sardanapalus;MALE;2;5;19;221;0;0;0;0;0.0;0.31;0.0;0.69;0.0;0.0;0.0;0.0;0.0;0.2;0.11;0.12;0.43;2;1;0.0
1185;dut000225;dutch;billard;unknown;Billard;MALE;5;14;41;118;0;0;0;0;0.58;0.11;0.19;0.04;0.08;0.0;0.0;0.0;0.0;0.38;0.1;0.07;1.0;0;2;0.02
1186;dut000225;dutch;cadet;unknown;Cadet;MALE;5;13;23;117;0;0;0;0;0.31;0.22;0.32;0.07;0.09;0.0;0.0;0.0;0.0;0.35;0.06;0.07;1.0;0;5;0.02
1187;dut000225;dutch;catinat;unknown;Catinat;MALE;5;13;37;119;0;0;0;0;0.17;0.24;0.23;0.05;0.31;0.0;0.0;0.0;0.0;0.35;0.09;0.07;0.78;0;1;0.0
1188;dut000225;dutch;cavalier;unknown;Cavalier;MALE;5;34;138;682;0;0;0;0;0.18;0.15;0.27;0.17;0.23;0.0;0.0;0.0;0.0;0.92;0.35;0.39;1.0;1;6;0.02
1189;dut000225;dutch;charles;unknown;Charles;MALE;2;7;14;70;0;0;0;0;0.0;0.0;0.0;0.41;0.59;0.0;0.0;0.0;0.0;0.19;0.04;0.04;1.0;0;4;0.02
1190;dut000225;dutch;charlotte;unknown;Charlotte;FEMALE;5;13;32;141;0;0;0;0;0.02;0.77;0.02;0.09;0.11;0.0;0.0;0.0;0.0;0.35;0.08;0.08;1.0;0;7;0.02
1191;dut000225;dutch;la-lande;unknown;La Lande;MALE;3;5;17;47;0;0;0;0;0.0;0.0;0.87;0.02;0.11;0.0;0.0;0.0;0.0;0.14;0.04;0.03;0.78;0;1;0.0
1192;dut000225;dutch;marianne;unknown;Marianne;FEMALE;5;16;32;152;0;0;0;0;0.1;0.14;0.03;0.62;0.11;0.0;0.0;0.0;0.0;0.43;0.08;0.09;1.0;1;8;0.02
1193;dut000225;dutch;ravanel;unknown;Ravanel;MALE;5;7;29;148;0;0;0;0;0.43;0.04;0.11;0.36;0.05;0.0;0.0;0.0;0.0;0.19;0.07;0.08;0.78;0;3;0.0
1194;dut000225;dutch;villars;unknown;Valmal;MALE;3;7;35;164;0;0;0;0;0.0;0.0;0.17;0.51;0.32;0.0;0.0;0.0;0.0;0.19;0.09;0.09;0.78;0;2;0.0
1195;dut000231;dutch;rei-priesteren-priesterinnen;unknown;Rei van priesteren en priesterinnen van Minerva;UNKNOWN;1;1;1;7;0;0;0;0;0.0;0.0;0.0;0.0;1.0;0.0;0.0;0.0;0.0;0.03;0.0;0.0;0.14;0;0;0.0
1196;dut000231;dutch;rei-van-priesteren;unknown;Rei van priesteren;MALE;2;2;2;50;0;0;0;0;0.86;0.0;0.0;0.0;0.14;0.0;0.0;0.0;0.0;0.05;0.0;0.03;0.14;0;0;0.0
1197;dut000231;dutch;archidamas;unknown;Archimadas;MALE;4;20;54;182;0;0;0;0;0.0;0.31;0.18;0.16;0.35;0.0;0.0;0.0;0.0;0.51;0.13;0.11;0.71;1;4;0.02
1198;dut000231;dutch;eurimedon;unknown;Eurimedon;MALE;3;3;19;83;0;0;0;0;0.0;0.39;0.0;0.54;0.07;0.0;0.0;0.0;0.0;0.08;0.05;0.05;0.5;2;4;0.0
1199;dut000231;dutch;gelonide;unknown;Gelonide;FEMALE;4;19;102;362;0;0;0;0;0.31;0.0;0.31;0.27;0.1;0.0;0.0;0.0;0.0;0.49;0.24;0.22;0.64;0;4;0.0
1200;dut000231;dutch;hezione;unknown;Hezioné;FEMALE;5;14;37;139;0;0;0;0;0.39;0.14;0.28;0.06;0.12;0.0;0.0;0.0;0.0;0.36;0.09;0.09;0.64;1;3;0.0
1201;dut000231;dutch;hippomedon;unknown;Hippomedon;MALE;2;4;7;17;0;0;0;0;0.0;0.41;0.59;0.0;0.0;0.0;0.0;0.0;0.0;0.1;0.02;0.01;0.36;0;3;0.0
1202;dut000231;dutch;iphidamas;unknown;Iphidamas;MALE;3;11;33;122;0;0;0;0;0.33;0.0;0.33;0.0;0.34;0.0;0.0;0.0;0.0;0.28;0.08;0.08;0.57;2;3;0.0
1203;dut000231;dutch;leotichides;unknown;Leotichides;MALE;5;13;62;270;0;0;0;0;0.14;0.23;0.1;0.3;0.23;0.0;0.0;0.0;0.0;0.33;0.15;0.17;0.64;1;6;0.0
1204;dut000231;dutch;melanthus;unknown;Melanthus;MALE;3;7;20;57;0;0;0;0;0.82;0.12;0.05;0.0;0.0;0.0;0.0;0.0;0.0;0.18;0.05;0.04;0.64;2;2;0.01
1205;dut000231;dutch;myronides;unknown;Myronides;MALE;4;13;34;123;0;0;0;0;0.0;0.42;0.18;0.35;0.05;0.0;0.0;0.0;0.0;0.33;0.08;0.08;0.71;0;3;0.02
1206;dut000231;dutch;philocles;unknown;Philocles;MALE;3;10;33;141;0;0;0;0;0.0;0.59;0.4;0.0;0.01;0.0;0.0;0.0;0.0;0.26;0.08;0.09;0.71;1;4;0.02
1207;dut000231;dutch;timoleon;unknown;Timoleon;MALE;2;5;12;35;0;0;0;0;0.0;0.86;0.14;0.0;0.0;0.0;0.0;0.0;0.0;0.13;0.03;0.02;0.57;0;1;0.01
1208;dut000231;dutch;rei-van priesterinnen;unknown;UNKNOWN;u;1;1;1;7;0;0;0;0;0.0;0.0;0.0;0.0;1.0;0.0;0.0;0.0;0.0;0.03;0.0;0.0;0.14;0;0;0.0
1209;dut000226;dutch;boisot;unknown;Lodewyk van Boisot;MALE;1;1;6;30;0;0;0;0;0.0;0.0;0.0;0.0;1.0;0.0;0.0;0.0;0.0;0.03;0.02;0.02;0.33;1;3;0.0
1210;dut000226;dutch;de-valdez;unknown;Don Francisco de Valdez;MALE;2;3;36;121;0;0;0;0;0.0;0.41;0.59;0.0;0.0;0.0;0.0;0.0;0.0;0.07;0.09;0.07;0.42;2;3;0.0
1211;dut000226;dutch;weesjongen;unknown;Een Weesjongen;MALE;2;2;2;13;0;0;0;0;0.0;0.0;0.0;0.31;0.69;0.0;0.0;0.0;0.0;0.05;0.01;0.01;0.33;2;1;0.0
1212;dut000226;dutch;eerste-burger;unknown;Eerste Burger;MALE;1;1;8;38;0;0;0;0;0.0;0.0;0.0;1.0;0.0;0.0;0.0;0.0;0.0;0.03;0.02;0.02;0.17;0;2;0.0
1213;dut000226;dutch;elizabeth-van-der-werf;unknown;Elizabeth van der Werf;FEMALE;5;19;56;231;0;0;0;0;0.31;0.07;0.15;0.29;0.18;0.0;0.0;0.0;0.0;0.47;0.15;0.13;0.75;1;6;0.03
1214;dut000226;dutch;magdalena;unknown;Magdalena Moons;FEMALE;5;22;69;312;0;0;0;0;0.21;0.33;0.25;0.07;0.13;0.0;0.0;0.0;0.0;0.55;0.18;0.17;0.83;0;3;0.05
1215;dut000226;dutch;tweede-burger;unknown;Tweede Burger;MALE;1;1;7;22;0;0;0;0;0.0;0.0;0.0;1.0;0.0;0.0;0.0;0.0;0.0;0.03;0.02;0.01;0.17;0;1;0.0
1216;dut000226;dutch;van-baarsdorp;unknown;Jan Jansz van Baarsdorp;MALE;2;4;9;13;0;0;0;0;0.77;0.0;0.23;0.0;0.0;0.0;0.0;0.0;0.0;0.1;0.02;0.01;0.58;0;3;0.0
1217;dut000226;dutch;van-der-does;unknown;Jongkheer Jan van der Does;MALE;4;9;26;99;0;0;0;0;0.24;0.0;0.44;0.27;0.04;0.0;0.0;0.0;0.0;0.23;0.07;0.05;0.75;1;5;0.03
1218;dut000226;dutch;van-der-werf;unknown;Pieter Adriaansz. van der Werf;MALE;5;25;85;480;0;0;0;0;0.15;0.14;0.22;0.36;0.13;0.0;0.0;0.0;0.0;0.62;0.22;0.27;1.0;1;5;0.36
1219;dut000226;dutch;van-hout;unknown;Jan van Hout;MALE;4;16;50;312;0;0;0;0;0.36;0.22;0.12;0.0;0.29;0.0;0.0;0.0;0.0;0.4;0.13;0.17;0.83;1;2;0.05
1220;dut000226;dutch;van-noorden;unknown;Cornelis van Noorden;MALE;3;7;16;38;0;0;0;0;0.39;0.0;0.29;0.0;0.32;0.0;0.0;0.0;0.0;0.17;0.04;0.02;0.58;0;0;0.0
1221;dut000226;dutch;van-zwieten;unknown;Cornelis Claasz. van Zwieten;MALE;3;6;13;21;0;0;0;0;0.48;0.0;0.33;0.0;0.19;0.0;0.0;0.0;0.0;0.15;0.03;0.01;0.58;0;1;0.0
1222;dut000227;dutch;alfonzo;unknown;Alfonzo;MALE;2;5;20;38;0;0;0;0;0.0;0.79;0.21;0.0;0.0;0.0;0.0;0.0;0.0;0.12;0.04;0.02;0.56;0;3;0.02
1223;dut000227;dutch;augulo;unknown;Don Ozorio de Augulo;MALE;5;12;41;166;0;0;0;0;0.25;0.13;0.2;0.2;0.21;0.0;0.0;0.0;0.0;0.3;0.09;0.09;0.78;1;0;0.1
1224;dut000227;dutch;bovadilla;unknown;Don Francisco de Bovadilla;MALE;3;7;20;90;0;0;0;0;0.0;0.54;0.03;0.0;0.42;0.0;0.0;0.0;0.0;0.17;0.04;0.05;0.33;0;0;0.0
1225;dut000227;dutch;de-ryk;unknown;Jacob Simonszoon de Ryk;MALE;4;9;74;416;0;0;0;0;0.0;0.35;0.18;0.23;0.24;0.0;0.0;0.0;0.0;0.23;0.16;0.22;0.89;2;3;0.1
1226;dut000227;dutch;elvire;unknown;Donna Elvire de Moncada;FEMALE;5;21;56;220;0;0;0;0;0.41;0.07;0.13;0.3;0.09;0.0;0.0;0.0;0.0;0.53;0.12;0.12;0.78;1;2;0.1
1227;dut000227;dutch;henrico;unknown;Henrico;MALE;2;2;3;7;0;0;0;0;0.86;0.0;0.0;0.14;0.0;0.0;0.0;0.0;0.0;0.05;0.01;0.0;0.22;1;1;0.0
1228;dut000227;dutch;nicolaas-hooft;unknown;Nicolaas Nicolaaszoon Hooft;MALE;4;15;65;162;0;0;0;0;0.24;0.0;0.41;0.33;0.02;0.0;0.0;0.0;0.0;0.38;0.14;0.09;0.78;2;2;0.03
1229;dut000227;dutch;margareta-hooft;unknown;Margareta Hooft;FEMALE;4;15;72;303;0;0;0;0;0.47;0.0;0.29;0.23;0.01;0.0;0.0;0.0;0.0;0.38;0.16;0.16;0.78;0;1;0.03
1230;dut000227;dutch;mondragon;unknown;Christoffel Mondragon;MALE;2;6;33;124;0;0;0;0;0.0;0.0;0.0;0.51;0.49;0.0;0.0;0.0;0.0;0.15;0.07;0.07;0.67;2;3;0.0
1231;dut000227;dutch;requesens;unknown;Don Louis de Requesens;MALE;3;14;67;249;0;0;0;0;0.0;0.41;0.0;0.18;0.41;0.0;0.0;0.0;0.0;0.35;0.15;0.13;0.89;1;5;0.1
1232;dut000229;dutch;fransche-en-amerikaansche-krygslieden;unknown;Fransche en Amerikaansche Krygslieden;MALE;1;1;1;1;0;0;0;0;0.0;1.0;0.0;0.0;0.0;0.0;0.0;0.0;0.0;0.03;0.0;0.0;0.33;0;1;0.0
1233;dut000229;dutch;adusta;unknown;Adusta;MALE;5;12;67;233;0;0;0;0;0.25;0.04;0.01;0.53;0.17;0.0;0.0;0.0;0.0;0.35;0.11;0.13;0.67;0;3;0.15
1234;dut000229;dutch;cipiere;unknown;Cipiere;MALE;3;4;13;16;0;0;0;0;0.0;0.38;0.56;0.0;0.06;0.0;0.0;0.0;0.0;0.12;0.02;0.01;0.6;0;3;0.01
1235;dut000229;dutch;du-bree;unknown;Du Bree;MALE;5;16;78;252;0;0;0;0;0.18;0.04;0.23;0.23;0.33;0.0;0.0;0.0;0.0;0.47;0.13;0.14;0.8;1;10;0.04
1236;dut000229;dutch;gourges;unknown;Dominicus de Gourges;MALE;3;15;102;344;0;0;0;0;0.0;0.47;0.32;0.0;0.2;0.0;0.0;0.0;0.0;0.44;0.17;0.19;0.87;1;8;0.17
1237;dut000229;dutch;hoya;unknown;Hoya;MALE;1;1;12;48;0;0;0;0;0.0;0.0;0.0;1.0;0.0;0.0;0.0;0.0;0.0;0.03;0.02;0.03;0.07;0;0;0.0
1238;dut000229;dutch;joinville;unknown;Joinville;MALE;1;1;3;7;0;0;0;0;0.0;1.0;0.0;0.0;0.0;0.0;0.0;0.0;0.0;0.03;0.0;0.0;0.07;0;1;0.0
1239;dut000229;dutch;la-val;unknown;La Val;MALE;3;4;16;29;0;0;0;0;0.0;0.62;0.24;0.0;0.14;0.0;0.0;0.0;0.0;0.12;0.03;0.02;0.6;0;2;0.01
1240;dut000229;dutch;la-vigne;unknown;La Vigne;MALE;3;4;15;71;0;0;0;0;0.0;0.08;0.03;0.0;0.89;0.0;0.0;0.0;0.0;0.12;0.02;0.04;0.53;1;2;0.0
1241;dut000229;dutch;louize;unknown;Louize;FEMALE;4;12;78;255;0;0;0;0;0.41;0.0;0.15;0.24;0.19;0.0;0.0;0.0;0.0;0.35;0.13;0.14;0.53;1;5;0.01
1242;dut000229;dutch;oades;unknown;Oades;MALE;1;1;1;2;0;0;0;0;1.0;0.0;0.0;0.0;0.0;0.0;0.0;0.0;0.0;0.03;0.0;0.0;0.07;0;1;0.0
1243;dut000229;dutch;olinde;unknown;Olinde;FEMALE;4;15;67;135;0;0;0;0;0.24;0.06;0.0;0.41;0.3;0.0;0.0;0.0;0.0;0.44;0.11;0.07;0.67;0;7;0.02
1244;dut000229;dutch;otocara;unknown;Otocara;MALE;4;15;76;229;0;0;0;0;0.45;0.14;0.27;0.0;0.14;0.0;0.0;0.0;0.0;0.44;0.13;0.13;0.73;0;4;0.03
1245;dut000229;dutch;satouria;unknown;Satouria;MALE;4;12;57;143;0;0;0;0;0.17;0.41;0.15;0.0;0.26;0.0;0.0;0.0;0.0;0.35;0.09;0.08;0.8;1;6;0.15
1246;dut000229;dutch;stalame;unknown;Stalame;MALE;4;4;7;32;0;0;0;0;0.84;0.09;0.03;0.0;0.03;0.0;0.0;0.0;0.0;0.12;0.01;0.02;0.53;0;2;0.01
1247;dut000229;dutch;vesti;unknown;Vesti;MALE;1;3;10;21;0;0;0;0;0.0;1.0;0.0;0.0;0.0;0.0;0.0;0.0;0.0;0.09;0.02;0.01;0.67;0;4;0.03
1248;dut000228;dutch;adolf-gelder;unknown;Adolf;MALE;5;14;78;363;0;0;0;0;0.15;0.25;0.05;0.3;0.25;0.0;0.0;0.0;0.0;0.38;0.19;0.21;0.78;2;5;0.04
1249;dut000228;dutch;bernard;unknown;Bernard;MALE;1;1;1;13;0;0;0;0;0.0;0.0;0.0;0.0;1.0;0.0;0.0;0.0;0.0;0.03;0.0;0.01;0.22;1;0;0.0
1250;dut000228;dutch;campobasse;unknown;Nicolaas van Anjouk;MALE;4;7;20;57;0;0;0;0;0.0;0.6;0.05;0.09;0.26;0.0;0.0;0.0;0.0;0.19;0.05;0.03;0.78;1;3;0.04
1251;dut000228;dutch;diderik;unknown;Didrik van Montvoort;MALE;3;3;3;23;0;0;0;0;0.09;0.61;0.3;0.0;0.0;0.0;0.0;0.0;0.0;0.08;0.01;0.01;0.33;2;1;0.0
1252;dut000228;dutch;guido;unknown;Guido;MALE;1;4;11;38;0;0;0;0;0.0;0.0;0.0;0.0;1.0;0.0;0.0;0.0;0.0;0.11;0.03;0.02;0.44;1;1;0.03
1253;dut000228;dutch;margareta;unknown;Margareta van Jork;FEMALE;5;20;75;255;0;0;0;0;0.33;0.06;0.32;0.27;0.02;0.0;0.0;0.0;0.0;0.54;0.18;0.15;0.78;0;0;0.04
1254;dut000228;dutch;maria;unknown;Maria van Bourgondiën;FEMALE;4;26;119;512;0;0;0;0;0.3;0.24;0.0;0.26;0.21;0.0;0.0;0.0;0.0;0.7;0.29;0.3;1.0;1;2;0.27
1255;dut000228;dutch;adolf-ravestein;unknown;Adolf;MALE;4;17;56;189;0;0;0;0;0.21;0.2;0.38;0.0;0.22;0.0;0.0;0.0;0.0;0.46;0.14;0.11;0.78;2;1;0.04
1256;dut000228;dutch;saint-paul;unknown;Pieter van Luxemburg;MALE;5;12;40;230;0;0;0;0;0.2;0.11;0.42;0.16;0.11;0.0;0.0;0.0;0.0;0.32;0.1;0.13;0.67;2;0;0.0
1257;dut000228;dutch;willem;unknown;Willem van der Mark;MALE;3;4;8;22;0;0;0;0;0.0;0.41;0.32;0.27;0.0;0.0;0.0;0.0;0.0;0.11;0.02;0.01;0.67;1;3;0.0
1258;dut000230;dutch;agnes;unknown;Agnes;FEMALE;1;3;6;14;0;0;0;0;0.0;1.0;0.0;0.0;0.0;0.0;0.0;0.0;0.0;0.09;0.01;0.01;0.54;1;0;0.0
1259;dut000230;dutch;elize;unknown;Elize;FEMALE;3;12;19;42;0;0;0;0;0.14;0.26;0.0;0.6;0.0;0.0;0.0;0.0;0.0;0.34;0.05;0.02;0.69;0;0;0.02
1260;dut000230;dutch;eustatius;unknown;Eustatius;MALE;2;8;20;63;0;0;0;0;0.0;0.65;0.0;0.35;0.0;0.0;0.0;0.0;0.0;0.23;0.05;0.04;0.54;3;1;0.0
1261;dut000230;dutch;heraclius;unknown;Heraclious;MALE;2;8;24;108;0;0;0;0;0.55;0.45;0.0;0.0;0.0;0.0;0.0;0.0;0.0;0.23;0.06;0.06;0.69;5;2;0.02
1262;dut000230;dutch;humfrei;unknown;Humfrei van Thoron;MALE;4;15;44;213;0;0;0;0;0.42;0.2;0.0;0.38;0.01;0.0;0.0;0.0;0.0;0.43;0.11;0.12;0.92;5;1;0.09
1263;dut000230;dutch;lusignan;unknown;Gui van Lusignan;MALE;2;6;41;163;0;0;0;0;0.0;0.0;0.0;0.8;0.2;0.0;0.0;0.0;0.0;0.17;0.1;0.09;0.54;3;0;0.01
1264;dut000230;dutch;matilde;unknown;Matilde;FEMALE;1;4;6;12;0;0;0;0;0.0;1.0;0.0;0.0;0.0;0.0;0.0;0.0;0.0;0.11;0.01;0.01;0.62;2;0;0.01
1265;dut000230;dutch;melizende;unknown;Melizende;FEMALE;4;13;21;47;0;0;0;0;0.19;0.34;0.0;0.45;0.02;0.0;0.0;0.0;0.0;0.37;0.05;0.03;0.85;3;1;0.06
1266;dut000230;dutch;omar;unknown;Omar;MALE;3;6;17;92;0;0;0;0;0.0;0.0;0.33;0.01;0.66;0.0;0.0;0.0;0.0;0.17;0.04;0.05;0.54;2;4;0.02
1267;dut000230;dutch;raimond;unknown;Raimond van Toulouze;MALE;4;5;27;122;0;0;0;0;0.0;0.42;0.24;0.15;0.2;0.0;0.0;0.0;0.0;0.14;0.07;0.07;0.62;2;5;0.01
1268;dut000230;dutch;saladyn;unknown;Saladyn;MALE;2;11;66;303;0;0;0;0;0.0;0.0;0.57;0.0;0.43;0.0;0.0;0.0;0.0;0.31;0.16;0.17;0.54;2;3;0.02
1269;dut000230;dutch;sebille;unknown;Sebille van Anjou;FEMALE;5;22;108;525;0;0;0;0;0.29;0.21;0.08;0.27;0.15;0.0;0.0;0.0;0.0;0.63;0.26;0.3;1.0;4;3;0.19
1270;dut000230;dutch;sirakon;unknown;Sirakon;MALE;2;6;13;40;0;0;0;0;0.0;0.0;0.4;0.0;0.6;0.0;0.0;0.0;0.0;0.17;0.03;0.02;0.23;1;0;0.0
1271;dut000230;dutch;theodorik;unknown;Theodorik;MALE;1;1;1;7;0;0;0;0;0.0;1.0;0.0;0.0;0.0;0.0;0.0;0.0;0.0;0.03;0.0;0.0;0.31;1;2;0.0
1272;dut000126;dutch;barlovento;unknown;Barlovento;MALE;5;8;46;202;0;0;0;0;0.17;0.31;0.3;0.06;0.15;0.0;0.0;0.0;0.0;0.23;0.08;0.09;1.0;2;8;0.05
1273;dut000126;dutch;claudio;unknown;Claudio;MALE;1;1;1;8;0;0;0;0;1.0;0.0;0.0;0.0;0.0;0.0;0.0;0.0;0.0;0.03;0.0;0.0;0.59;0;3;0.0
1274;dut000126;dutch;ernesto;unknown;Ernesto;MALE;2;3;5;9;0;0;0;0;0.0;0.89;0.0;0.0;0.11;0.0;0.0;0.0;0.0;0.09;0.01;0.0;0.76;1;6;0.0
1275;dut000126;dutch;fabritio;unknown;Fabritio;MALE;2;2;4;4;0;0;0;0;0.75;0.0;0.0;0.0;0.25;0.0;0.0;0.0;0.0;0.06;0.01;0.0;0.82;0;3;0.0
1276;dut000126;dutch;floro;unknown;Floro;MALE;4;8;20;93;0;0;0;0;0.74;0.19;0.04;0.0;0.02;0.0;0.0;0.0;0.0;0.23;0.04;0.04;0.88;1;4;0.02
1277;dut000126;dutch;frederico;unknown;Frederico;MALE;5;14;49;152;0;0;0;0;0.45;0.25;0.21;0.02;0.07;0.0;0.0;0.0;0.0;0.4;0.09;0.07;1.0;1;7;0.05
1278;dut000126;dutch;helena;unknown;Helena;FEMALE;3;6;15;50;0;0;0;0;0.0;0.58;0.32;0.0;0.1;0.0;0.0;0.0;0.0;0.17;0.03;0.02;0.82;1;10;0.01
1279;dut000126;dutch;henriko;unknown;Henriko;MALE;4;12;68;271;0;0;0;0;0.0;0.34;0.48;0.03;0.15;0.0;0.0;0.0;0.0;0.34;0.12;0.12;0.82;2;10;0.01
1280;dut000126;dutch;herault;unknown;Herault;MALE;1;1;1;4;0;0;0;0;0.0;1.0;0.0;0.0;0.0;0.0;0.0;0.0;0.0;0.03;0.0;0.0;0.24;1;2;0.0
1281;dut000126;dutch;karel;unknown;Karel;MALE;5;17;133;615;0;0;0;0;0.28;0.26;0.11;0.12;0.23;0.0;0.0;0.0;0.0;0.49;0.24;0.28;0.94;1;7;0.03
1282;dut000126;dutch;libio;unknown;Libio;MALE;3;6;16;47;0;0;0;0;0.66;0.3;0.0;0.0;0.04;0.0;0.0;0.0;0.0;0.17;0.03;0.02;0.82;0;2;0.0
1283;dut000126;dutch;lisardus;unknown;Lisardus;MALE;1;5;22;116;0;0;0;0;0.0;0.0;0.0;0.0;1.0;0.0;0.0;0.0;0.0;0.14;0.04;0.05;0.76;1;7;0.0
1284;dut000126;dutch;ludovicus;unknown;Ludovicus;MALE;1;1;5;19;0;0;0;0;0.0;0.0;0.0;1.0;0.0;0.0;0.0;0.0;0.0;0.03;0.01;0.01;0.35;0;4;0.0
1285;dut000126;dutch;matilde;unknown;Matilde;FEMALE;5;16;87;310;0;0;0;0;0.25;0.38;0.06;0.2;0.12;0.0;0.0;0.0;0.0;0.46;0.16;0.14;0.94;2;11;0.03
1286;dut000126;dutch;octavio;unknown;Octavio;MALE;4;6;10;21;0;0;0;0;0.57;0.05;0.29;0.0;0.1;0.0;0.0;0.0;0.0;0.17;0.02;0.01;0.82;0;1;0.0
1287;dut000126;dutch;pagie;unknown;Pagie;MALE;2;3;5;5;0;0;0;0;0.0;0.0;0.6;0.4;0.0;0.0;0.0;0.0;0.0;0.09;0.01;0.0;0.47;0;0;0.0
1288;dut000126;dutch;pompeo;unknown;Pompeo;MALE;4;13;35;87;0;0;0;0;0.32;0.29;0.09;0.0;0.3;0.0;0.0;0.0;0.0;0.37;0.06;0.04;0.82;2;10;0.0
1289;dut000126;dutch;porsia;unknown;Porsia;FEMALE;5;11;37;107;0;0;0;0;0.23;0.42;0.19;0.15;0.01;0.0;0.0;0.0;0.0;0.31;0.07;0.05;1.0;0;8;0.05
1290;dut000093;dutch;anne-pieters;unknown;Anne Pieters;FEMALE;1;4;37;95;0;0;0;0;1.0;0.0;0.0;0.0;0.0;0.0;0.0;0.0;0.0;0.8;0.19;0.17;1.0;1;3;0.12
1291;dut000093;dutch;beatrix;unknown;Beatrix;FEMALE;1;1;6;15;0;0;0;0;1.0;0.0;0.0;0.0;0.0;0.0;0.0;0.0;0.0;0.2;0.03;0.03;0.75;1;2;0.0
1292;dut000093;dutch;diewer;unknown;Diewer;FEMALE;1;1;24;50;0;0;0;0;1.0;0.0;0.0;0.0;0.0;0.0;0.0;0.0;0.0;0.2;0.12;0.09;0.75;2;3;0.0
1293;dut000093;dutch;grietje;unknown;Grietje;FEMALE;1;2;17;57;0;0;0;0;1.0;0.0;0.0;0.0;0.0;0.0;0.0;0.0;0.0;0.4;0.09;0.1;0.33;2;1;0.0
1294;dut000093;dutch;hans;unknown;Hans;MALE;1;2;2;2;0;0;0;0;1.0;0.0;0.0;0.0;0.0;0.0;0.0;0.0;0.0;0.4;0.01;0.0;0.83;0;1;0.04
1295;dut000093;dutch;iochem;unknown;Iochem;MALE;1;1;1;1;0;0;0;0;1.0;0.0;0.0;0.0;0.0;0.0;0.0;0.0;0.0;0.2;0.01;0.0;0.25;0;0;0.0
1296;dut000093;dutch;ioost;unknown;Ioost;MALE;1;1;2;2;0;0;0;0;1.0;0.0;0.0;0.0;0.0;0.0;0.0;0.0;0.0;0.2;0.01;0.0;0.75;2;2;0.0
1297;dut000093;dutch;iurien;unknown;Iurien;MALE;1;1;2;3;0;0;0;0;1.0;0.0;0.0;0.0;0.0;0.0;0.0;0.0;0.0;0.2;0.01;0.01;0.75;0;1;0.0
1298;dut000093;dutch;leander;unknown;Leander;MALE;1;4;61;175;0;0;0;0;1.0;0.0;0.0;0.0;0.0;0.0;0.0;0.0;0.0;0.8;0.31;0.31;1.0;4;4;0.12
1299;dut000093;dutch;pleuntje-jans;unknown;Pleuntje Jans;FEMALE;1;2;27;64;0;0;0;0;1.0;0.0;0.0;0.0;0.0;0.0;0.0;0.0;0.0;0.4;0.14;0.11;0.33;0;0;0.0
1300;dut000093;dutch;unknown;unknown;UNKNOWN;u;1;2;4;23;0;0;0;0;1.0;0.0;0.0;0.0;0.0;0.0;0.0;0.0;0.0;0.4;0.02;0.04;0.92;4;3;0.07
1301;dut000093;dutch;machtelt;unknown;UNKNOWN;u;1;1;10;42;0;0;0;0;1.0;0.0;0.0;0.0;0.0;0.0;0.0;0.0;0.0;0.2;0.05;0.07;0.75;3;4;0.0
1302;dut000093;dutch;leander diewer;unknown;UNKNOWN;u;1;1;1;16;0;0;0;0;1.0;0.0;0.0;0.0;0.0;0.0;0.0;0.0;0.0;0.2;0.01;0.03;0.75;2;2;0.0
1303;dut000240;dutch;fraey-figuracye;unknown;Fraey figuracye;MALE;1;1;7;50;0;0;0;0;1.0;0.0;0.0;0.0;0.0;0.0;0.0;0.0;0.0;1.0;0.12;0.1;1.0;1;1;0.0
1304;dut000240;dutch;gods-gheestigh-verstaercken;unknown;Gods gheestigh verstaercken;UNKNOWN;1;1;12;130;0;0;0;0;1.0;0.0;0.0;0.0;0.0;0.0;0.0;0.0;0.0;1.0;0.2;0.26;1.0;1;3;0.0
1305;dut000240;dutch;levende-hope;unknown;Levende hope;FEMALE;1;1;6;55;0;0;0;0;1.0;0.0;0.0;0.0;0.0;0.0;0.0;0.0;0.0;1.0;0.1;0.11;1.0;0;1;0.0
1306;dut000240;dutch;menschelicke-crancheyt;unknown;Menschlicke crancheyt;MALE;1;1;19;93;0;0;0;0;1.0;0.0;0.0;0.0;0.0;0.0;0.0;0.0;0.0;1.0;0.32;0.18;1.0;1;3;0.0
1307;dut000240;dutch;stephanus-zeght;unknown;Stephanus;MALE;1;1;1;5;0;0;0;0;1.0;0.0;0.0;0.0;0.0;0.0;0.0;0.0;0.0;1.0;0.02;0.01;1.0;0;0;0.0
1308;dut000240;dutch;troost-der-schriftueren;unknown;Troost der schriftueren;MALE;1;1;14;169;0;0;0;0;1.0;0.0;0.0;0.0;0.0;0.0;0.0;0.0;0.0;1.0;0.24;0.34;1.0;1;2;0.0
1309;dut000139;dutch;lavinia;unknown;LAVINIA;FEMALE;5;14;65;414;0;0;0;0;0.22;0.1;0.09;0.32;0.27;0.0;0.0;0.0;0.0;0.56;0.22;0.22;0.6;2;1;0.16
1310;dut000139;dutch;albina;unknown;ALBINA;FEMALE;3;8;38;225;0;0;0;0;0.11;0.86;0.0;0.0;0.03;0.0;0.0;0.0;0.0;0.32;0.13;0.12;0.4;0;0;0.18
1311;dut000139;dutch;kamilla;unknown;KAMILLA;FEMALE;1;1;1;4;0;0;0;0;0.0;0.0;0.0;0.0;1.0;0.0;0.0;0.0;0.0;0.04;0.0;0.0;0.2;0;0;0.0
1312;dut000139;dutch;julia;unknown;JULIA;FEMALE;1;1;9;17;0;0;0;0;0.0;1.0;0.0;0.0;0.0;0.0;0.0;0.0;0.0;0.04;0.03;0.01;0.1;1;0;0.0
1313;dut000139;dutch;mezensius;unknown;MEZENSIUS;MALE;3;8;36;263;0;0;0;0;0.2;0.0;0.71;0.09;0.0;0.0;0.0;0.0;0.0;0.32;0.12;0.14;0.4;0;1;0.01
1314;dut000139;dutch;faustus;unknown;FAUSTUS;MALE;2;4;10;103;0;0;0;0;0.0;0.0;0.18;0.0;0.82;0.0;0.0;0.0;0.0;0.16;0.03;0.05;0.4;2;2;0.04
1315;dut000139;dutch;tirrenus;unknown;TIRRENUS;MALE;5;12;70;421;0;0;0;0;0.31;0.09;0.1;0.31;0.19;0.0;0.0;0.0;0.0;0.48;0.24;0.22;0.7;2;3;0.21
1316;dut000139;dutch;agrippa;unknown;AGRIPPA;MALE;5;8;59;381;0;0;0;0;0.18;0.15;0.18;0.35;0.13;0.0;0.0;0.0;0.0;0.32;0.2;0.2;0.6;2;2;0.12
1317;dut000139;dutch;lauzus;unknown;LAUZUS;MALE;1;1;1;1;0;0;0;0;0.0;0.0;0.0;1.0;0.0;0.0;0.0;0.0;0.0;0.04;0.0;0.0;0.3;0;2;0.0
1318;dut000139;dutch;atis;unknown;ATIS;MALE;1;1;1;1;0;0;0;0;0.0;0.0;0.0;1.0;0.0;0.0;0.0;0.0;0.0;0.04;0.0;0.0;0.3;0;0;0.0
1319;dut000142;dutch;orestes;unknown;ORESTES;MALE;5;11;53;436;0;0;0;0;0.29;0.17;0.17;0.12;0.24;0.0;0.0;0.0;0.0;0.39;0.21;0.23;0.57;1;2;0.29
1320;dut000142;dutch;pyladés;unknown;PYLADÉS;MALE;3;3;19;132;0;0;0;0;0.45;0.0;0.31;0.0;0.24;0.0;0.0;0.0;0.0;0.11;0.08;0.07;0.14;0;0;0.0
1321;dut000142;dutch;pyrrhus;unknown;PYRRHUS;MALE;4;9;41;338;0;0;0;0;0.43;0.28;0.15;0.15;0.0;0.0;0.0;0.0;0.0;0.32;0.17;0.18;0.71;3;0;0.19
1322;dut000142;dutch;phoenix;unknown;PHOENIX;MALE;4;4;13;31;0;0;0;0;0.13;0.65;0.06;0.16;0.0;0.0;0.0;0.0;0.0;0.14;0.05;0.02;0.43;2;1;0.0
1323;dut000142;dutch;andromaché;unknown;ANDROMACHÉ;FEMALE;4;7;34;262;0;0;0;0;0.21;0.0;0.47;0.22;0.1;0.0;0.0;0.0;0.0;0.25;0.14;0.14;0.71;2;0;0.19
1324;dut000142;dutch;cephise;unknown;CEPHISE;FEMALE;2;4;17;49;0;0;0;0;0.0;0.0;0.49;0.51;0.0;0.0;0.0;0.0;0.0;0.14;0.07;0.03;0.43;0;0;0.0
1325;dut000142;dutch;hermioné;unknown;HERMIONÉ;FEMALE;4;12;52;423;0;0;0;0;0.0;0.3;0.09;0.35;0.26;0.0;0.0;0.0;0.0;0.43;0.21;0.22;0.57;1;1;0.29
1326;dut000142;dutch;kléoné;unknown;KLÉONÉ;FEMALE;4;5;18;88;0;0;0;0;0.0;0.31;0.09;0.24;0.36;0.0;0.0;0.0;0.0;0.18;0.07;0.05;0.14;0;0;0.0
1327;dut000162;dutch;agenor;unknown;AGENOR;MALE;3;6;33;231;0;0;0;0;0.4;0.19;0.41;0.0;0.0;0.0;0.0;0.0;0.0;0.26;0.1;0.13;0.5;1;2;0.21
1328;dut000162;dutch;astrate;unknown;ASTRATE;MALE;5;13;116;487;0;0;0;0;0.1;0.17;0.3;0.26;0.16;0.0;0.0;0.0;0.0;0.57;0.34;0.28;0.7;1;0;0.32
1329;dut000162;dutch;nerbal;unknown;NERBAL;MALE;1;1;3;3;0;0;0;0;1.0;0.0;0.0;0.0;0.0;0.0;0.0;0.0;0.0;0.04;0.01;0.0;0.1;0;1;0.0
1330;dut000162;dutch;sicheus;unknown;SICHEUS;MALE;4;10;72;315;0;0;0;0;0.3;0.0;0.22;0.23;0.25;0.0;0.0;0.0;0.0;0.43;0.21;0.18;0.6;0;3;0.27
1331;dut000162;dutch;bazore;unknown;BAZORE;MALE;2;2;3;22;0;0;0;0;0.23;0.0;0.0;0.77;0.0;0.0;0.0;0.0;0.0;0.09;0.01;0.01;0.1;0;0;0.0
1332;dut000162;dutch;elize;unknown;ELIZE;FEMALE;4;10;71;502;0;0;0;0;0.21;0.46;0.0;0.12;0.22;0.0;0.0;0.0;0.0;0.43;0.21;0.29;0.6;1;1;0.16
1333;dut000162;dutch;orakel;unknown;ORAKEL;UNKNOWN;1;1;1;4;0;0;0;0;0.0;1.0;0.0;0.0;0.0;0.0;0.0;0.0;0.0;0.04;0.0;0.0;0.2;1;0;0.0
1334;dut000162;dutch;corisbe;unknown;CORISBE;FEMALE;3;5;30;98;0;0;0;0;0.0;0.5;0.41;0.0;0.09;0.0;0.0;0.0;0.0;0.22;0.09;0.06;0.4;0;2;0.06
1335;dut000162;dutch;belus;unknown;BELUS;MALE;1;1;2;12;0;0;0;0;0.0;0.0;1.0;0.0;0.0;0.0;0.0;0.0;0.0;0.04;0.01;0.01;0.1;0;1;0.0
1336;dut000162;dutch;geraste;unknown;GERASTE;MALE;2;2;7;25;0;0;0;0;0.0;0.0;0.56;0.44;0.0;0.0;0.0;0.0;0.0;0.09;0.02;0.01;0.3;1;1;0.0
1337;dut000162;dutch;nicogenes;unknown;NICOGENES;MALE;1;1;2;6;0;0;0;0;0.0;0.0;0.0;0.0;1.0;0.0;0.0;0.0;0.0;0.04;0.01;0.0;0.2;0;2;0.0
1338;dut000146;dutch;oktavius-césar-augustus;unknown;OKTAVIUS CÉSAR AUGUSTUS;MALE;3;7;33;427;0;0;0;0;0.0;0.19;0.0;0.35;0.47;0.0;0.0;0.0;0.0;0.35;0.15;0.23;0.75;2;4;0.21
1339;dut000146;dutch;livia;unknown;LIVIA;FEMALE;2;3;13;63;0;0;0;0;0.0;0.0;0.0;0.65;0.35;0.0;0.0;0.0;0.0;0.15;0.06;0.03;0.5;1;1;0.0
1340;dut000146;dutch;emilia;unknown;EMILIA;FEMALE;4;10;54;435;0;0;0;0;0.4;0.0;0.23;0.19;0.17;0.0;0.0;0.0;0.0;0.5;0.25;0.23;0.75;1;2;0.27
1341;dut000146;dutch;fulvia;unknown;FULVIA;FEMALE;3;3;8;53;0;0;0;0;0.53;0.0;0.09;0.38;0.0;0.0;0.0;0.0;0.0;0.15;0.04;0.03;0.12;0;0;0.0
1342;dut000146;dutch;cinna;unknown;CINNA;MALE;4;10;50;547;0;0;0;0;0.27;0.33;0.31;0.0;0.09;0.0;0.0;0.0;0.0;0.5;0.23;0.29;0.62;0;1;0.02
1343;dut000146;dutch;maximus;unknown;MAXIMUS;MALE;4;7;44;284;0;0;0;0;0.0;0.35;0.27;0.27;0.12;0.0;0.0;0.0;0.0;0.35;0.2;0.15;0.75;1;2;0.07
1344;dut000146;dutch;eufórbus;unknown;EUFÓRBUS;MALE;2;2;10;62;0;0;0;0;0.0;0.0;0.6;0.4;0.0;0.0;0.0;0.0;0.0;0.1;0.05;0.03;0.5;0;1;0.06
1345;dut000146;dutch;polyklétes;unknown;POLYKLÉTES;MALE;1;1;1;2;0;0;0;0;0.0;0.0;0.0;1.0;0.0;0.0;0.0;0.0;0.0;0.05;0.0;0.0;0.25;0;0;0.0
1346;dut000146;dutch;evander;unknown;EVANDER;MALE;2;2;4;11;0;0;0;0;0.55;0.0;0.45;0.0;0.0;0.0;0.0;0.0;0.0;0.1;0.02;0.01;0.5;1;2;0.04
1347;dut000157;dutch;knypaart;unknown;KNYPAART;MALE;3;22;125;221;0;0;0;0;0.41;0.11;0.48;0.0;0.0;0.0;0.0;0.0;0.0;0.65;0.25;0.2;1.0;2;7;0.1
1348;dut000157;dutch;griet;unknown;GRIET;FEMALE;2;5;12;48;0;0;0;0;0.19;0.0;0.81;0.0;0.0;0.0;0.0;0.0;0.0;0.15;0.02;0.04;0.33;0;2;0.0
1349;dut000157;dutch;jórden;unknown;JÓRDEN;MALE;2;5;10;29;0;0;0;0;0.31;0.0;0.69;0.0;0.0;0.0;0.0;0.0;0.0;0.15;0.02;0.03;0.5;1;1;0.01
1350;dut000157;dutch;flip;unknown;FLIP;MALE;3;12;95;262;0;0;0;0;0.32;0.16;0.52;0.0;0.0;0.0;0.0;0.0;0.0;0.35;0.19;0.24;1.0;2;7;0.1
1351;dut000157;dutch;goedaart;unknown;GOEDAART;MALE;3;13;71;152;0;0;0;0;0.3;0.53;0.18;0.0;0.0;0.0;0.0;0.0;0.0;0.38;0.14;0.14;0.42;2;1;0.0
1352;dut000157;dutch;karel;unknown;KAREL;MALE;3;12;72;122;0;0;0;0;0.57;0.11;0.32;0.0;0.0;0.0;0.0;0.0;0.0;0.35;0.14;0.11;0.83;1;5;0.04
1353;dut000157;dutch;izabelle;unknown;IZABELLE;FEMALE;2;14;42;83;0;0;0;0;0.0;0.78;0.22;0.0;0.0;0.0;0.0;0.0;0.0;0.41;0.08;0.08;0.5;1;0;0.01
1354;dut000157;dutch;katryn;unknown;KATRYN;FEMALE;2;12;58;152;0;0;0;0;0.0;0.81;0.19;0.0;0.0;0.0;0.0;0.0;0.0;0.35;0.12;0.14;0.83;0;2;0.04
1355;dut000157;dutch;hoenderschrik;unknown;HOENDERSCHRIK;MALE;1;1;1;1;0;0;0;0;0.0;0.0;1.0;0.0;0.0;0.0;0.0;0.0;0.0;0.03;0.0;0.0;0.67;1;0;0.0
1356;dut000157;dutch;sansquartier;unknown;SANSQUARTIER;MALE;1;1;4;4;0;0;0;0;0.0;0.0;1.0;0.0;0.0;0.0;0.0;0.0;0.0;0.03;0.01;0.0;0.67;1;6;0.0
1357;dut000157;dutch;breekal;unknown;BREEKAL;MALE;1;2;5;7;0;0;0;0;0.0;0.0;1.0;0.0;0.0;0.0;0.0;0.0;0.0;0.06;0.01;0.01;0.75;1;3;0.02
1358;dut000157;dutch;dondervéld;unknown;DONDERVÉLD;MALE;1;2;3;4;0;0;0;0;0.0;0.0;1.0;0.0;0.0;0.0;0.0;0.0;0.0;0.06;0.01;0.0;0.83;2;4;0.05
1359;dut000157;dutch;bliksemstein;unknown;BLIKSEMSTEIN;MALE;1;1;1;1;0;0;0;0;0.0;0.0;1.0;0.0;0.0;0.0;0.0;0.0;0.0;0.03;0.0;0.0;0.67;1;1;0.0
1360;dut000144;dutch;altezaamen;unknown;ALTEZAAMEN;UNKNOWN;1;1;1;2;0;0;0;0;1.0;0.0;0.0;0.0;0.0;0.0;0.0;0.0;0.0;0.09;0.0;0.0;0.7;0;0;0.0
1361;dut000144;dutch;goverd;unknown;GOVERD;MALE;1;7;63;146;0;0;0;0;1.0;0.0;0.0;0.0;0.0;0.0;0.0;0.0;0.0;0.64;0.22;0.17;1.0;2;2;0.03
1362;dut000144;dutch;johanna;unknown;JOHANNA;FEMALE;1;5;18;100;0;0;0;0;1.0;0.0;0.0;0.0;0.0;0.0;0.0;0.0;0.0;0.45;0.06;0.12;0.9;2;0;0.01
1363;dut000144;dutch;fréderik;unknown;FRÉDERIK;MALE;1;7;79;206;0;0;0;0;1.0;0.0;0.0;0.0;0.0;0.0;0.0;0.0;0.0;0.64;0.28;0.24;1.0;2;3;0.03
1364;dut000144;dutch;jonker-goudschalk;unknown;JONKER GOUDSCHALK;MALE;1;7;65;230;0;0;0;0;1.0;0.0;0.0;0.0;0.0;0.0;0.0;0.0;0.0;0.64;0.23;0.27;1.0;1;3;0.03
1365;dut000144;dutch;niesje;unknown;NIESJE;FEMALE;1;3;13;24;0;0;0;0;1.0;0.0;0.0;0.0;0.0;0.0;0.0;0.0;0.0;0.27;0.05;0.03;1.0;2;4;0.03
1366;dut000144;dutch;katryn;unknown;KATRYN;FEMALE;1;3;16;41;0;0;0;0;1.0;0.0;0.0;0.0;0.0;0.0;0.0;0.0;0.0;0.27;0.06;0.05;0.8;0;5;0.0
1367;dut000144;dutch;jasper;unknown;JASPER;MALE;1;5;18;65;0;0;0;0;1.0;0.0;0.0;0.0;0.0;0.0;0.0;0.0;0.0;0.45;0.06;0.08;1.0;1;2;0.03
1368;dut000144;dutch;dirk;unknown;DIRK;MALE;1;3;5;15;0;0;0;0;1.0;0.0;0.0;0.0;0.0;0.0;0.0;0.0;0.0;0.27;0.02;0.02;0.8;1;3;0.0
1369;dut000144;dutch;jan;unknown;JAN;MALE;1;1;1;1;0;0;0;0;1.0;0.0;0.0;0.0;0.0;0.0;0.0;0.0;0.0;0.09;0.0;0.0;0.7;2;1;0.0
1370;dut000144;dutch;klaartje;unknown;KLAARTJE;FEMALE;1;1;2;4;0;0;0;0;1.0;0.0;0.0;0.0;0.0;0.0;0.0;0.0;0.0;0.09;0.01;0.0;0.7;1;4;0.0
1371;dut000155;dutch;eelhart;unknown;EELHART;MALE;1;3;10;39;0;0;0;0;1.0;0.0;0.0;0.0;0.0;0.0;0.0;0.0;0.0;0.15;0.04;0.04;0.75;2;4;0.05
1372;dut000155;dutch;beatris;unknown;BEATRIS;FEMALE;1;6;14;77;0;0;0;0;1.0;0.0;0.0;0.0;0.0;0.0;0.0;0.0;0.0;0.3;0.05;0.08;0.88;1;3;0.03
1373;dut000155;dutch;daan;unknown;DAAN;MALE;1;1;2;2;0;0;0;0;1.0;0.0;0.0;0.0;0.0;0.0;0.0;0.0;0.0;0.05;0.01;0.0;0.38;0;2;0.0
1374;dut000155;dutch;benárd;unknown;BENÁRD;MALE;1;13;103;274;0;0;0;0;1.0;0.0;0.0;0.0;0.0;0.0;0.0;0.0;0.0;0.65;0.37;0.29;1.0;2;2;0.11
1375;dut000155;dutch;broershart;unknown;BROERSHART;MALE;1;14;79;290;0;0;0;0;1.0;0.0;0.0;0.0;0.0;0.0;0.0;0.0;0.0;0.7;0.28;0.31;0.75;1;1;0.02
1376;dut000155;dutch;windbuil;unknown;WINDBUIL;MALE;1;8;21;71;0;0;0;0;1.0;0.0;0.0;0.0;0.0;0.0;0.0;0.0;0.0;0.4;0.07;0.07;0.88;0;3;0.08
1377;dut000155;dutch;hartloop;unknown;HARTLOOP;MALE;1;7;13;23;0;0;0;0;1.0;0.0;0.0;0.0;0.0;0.0;0.0;0.0;0.0;0.35;0.05;0.02;0.62;0;0;0.0
1378;dut000155;dutch;dr-brabbelaar;unknown;Dr. BRABBELAAR;MALE;1;5;36;147;0;0;0;0;1.0;0.0;0.0;0.0;0.0;0.0;0.0;0.0;0.0;0.25;0.13;0.16;0.88;2;4;0.03
1379;dut000155;dutch;angelika;unknown;ANGELIKA;FEMALE;1;4;4;12;0;0;0;0;1.0;0.0;0.0;0.0;0.0;0.0;0.0;0.0;0.0;0.2;0.01;0.01;0.62;0;0;0.01
1380;dut000150;dutch;herman;unknown;HERMAN;MALE;1;10;65;154;0;0;0;0;1.0;0.0;0.0;0.0;0.0;0.0;0.0;0.0;0.0;0.5;0.11;0.13;0.82;3;3;0.04
1381;dut000150;dutch;willem;unknown;WILLEM;MALE;1;11;67;115;0;0;0;0;1.0;0.0;0.0;0.0;0.0;0.0;0.0;0.0;0.0;0.55;0.12;0.1;1.0;3;2;0.21
1382;dut000150;dutch;eelhart;unknown;EELHART;MALE;1;13;128;277;0;0;0;0;1.0;0.0;0.0;0.0;0.0;0.0;0.0;0.0;0.0;0.65;0.22;0.24;0.91;1;0;0.13
1383;dut000150;dutch;olóf-harmansz-própdarm;unknown;OLÓF HARMANSZ PRÓPDARM;MALE;1;7;90;182;0;0;0;0;1.0;0.0;0.0;0.0;0.0;0.0;0.0;0.0;0.0;0.35;0.16;0.16;0.82;1;4;0.04
1384;dut000150;dutch;oelke;unknown;OELKE;MALE;1;4;48;73;0;0;0;0;1.0;0.0;0.0;0.0;0.0;0.0;0.0;0.0;0.0;0.2;0.08;0.06;0.55;2;1;0.0
1385;dut000150;dutch;jan-hagel;unknown;JAN HAGEL;MALE;1;1;12;21;0;0;0;0;1.0;0.0;0.0;0.0;0.0;0.0;0.0;0.0;0.0;0.05;0.02;0.02;0.27;0;3;0.0
1386;dut000150;dutch;kees-gryp;unknown;KEES GRYP;MALE;1;1;14;25;0;0;0;0;1.0;0.0;0.0;0.0;0.0;0.0;0.0;0.0;0.0;0.05;0.02;0.02;0.27;0;2;0.0
1387;dut000150;dutch;métje;unknown;MÉTJE;FEMALE;1;2;9;11;0;0;0;0;1.0;0.0;0.0;0.0;0.0;0.0;0.0;0.0;0.0;0.1;0.02;0.01;0.64;0;1;0.0
1388;dut000150;dutch;de-schout;unknown;DE SCHOUT;UNKNOWN;1;1;15;29;0;0;0;0;1.0;0.0;0.0;0.0;0.0;0.0;0.0;0.0;0.0;0.05;0.03;0.03;0.27;0;2;0.0
1389;dut000150;dutch;alida;unknown;ALIDA;FEMALE;1;3;38;85;0;0;0;0;1.0;0.0;0.0;0.0;0.0;0.0;0.0;0.0;0.0;0.15;0.07;0.07;0.73;2;2;0.01
1390;dut000150;dutch;truitje;unknown;TRUITJE;FEMALE;1;8;69;125;0;0;0;0;1.0;0.0;0.0;0.0;0.0;0.0;0.0;0.0;0.0;0.4;0.12;0.11;0.73;1;1;0.01
1391;dut000150;dutch;gerbrech;unknown;GERBRECH;FEMALE;1;1;19;33;0;0;0;0;1.0;0.0;0.0;0.0;0.0;0.0;0.0;0.0;0.0;0.05;0.03;0.03;0.64;3;4;0.0
1392;dut000161;dutch;tys-tafelbézem;unknown;TYS TAFELBÉZEM;MALE;4;16;113;233;0;0;0;0;0.41;0.0;0.42;0.07;0.1;0.0;0.0;0.0;0.0;0.38;0.11;0.11;0.75;0;2;0.06
1393;dut000161;dutch;dokter-polifémus;unknown;DÓKTER POLIFÉMUS;MALE;3;9;63;149;0;0;0;0;0.2;0.0;0.0;0.44;0.36;0.0;0.0;0.0;0.0;0.21;0.06;0.07;0.58;1;3;0.0
1394;dut000161;dutch;de-jongste-kwieryn;unknown;DE JONGSTE KWIERYN;MALE;4;12;174;345;0;0;0;0;0.35;0.0;0.19;0.18;0.28;0.0;0.0;0.0;0.0;0.29;0.17;0.16;0.75;1;6;0.04
1395;dut000161;dutch;bélie;unknown;BÉLIE;FEMALE;4;16;109;196;0;0;0;0;0.04;0.0;0.21;0.43;0.33;0.0;0.0;0.0;0.0;0.38;0.1;0.09;0.58;0;2;0.0
1396;dut000161;dutch;jórden;unknown;JÓRDEN;MALE;4;16;119;204;0;0;0;0;0.03;0.0;0.07;0.56;0.33;0.0;0.0;0.0;0.0;0.38;0.11;0.09;0.67;1;5;0.02
1397;dut000161;dutch;lievyntje;unknown;LIEVYNTJE;FEMALE;3;5;65;151;0;0;0;0;0.51;0.36;0.13;0.0;0.0;0.0;0.0;0.0;0.0;0.12;0.06;0.07;0.5;1;5;0.02
1398;dut000161;dutch;kniertje;unknown;KNIERTJE;FEMALE;3;4;16;28;0;0;0;0;0.07;0.04;0.89;0.0;0.0;0.0;0.0;0.0;0.0;0.1;0.02;0.01;0.33;0;3;0.0
1399;dut000161;dutch;joost-smuiger;unknown;JOOST SMUIGER;MALE;2;3;28;70;0;0;0;0;0.07;0.93;0.0;0.0;0.0;0.0;0.0;0.0;0.0;0.07;0.03;0.03;0.42;0;3;0.02
1400;dut000161;dutch;antonio;unknown;ANTONIO;MALE;2;16;122;260;0;0;0;0;0.0;0.43;0.0;0.0;0.57;0.0;0.0;0.0;0.0;0.38;0.12;0.12;0.92;1;3;0.16
1401;dut000161;dutch;de-oudste-kwieryn;unknown;DE OUDSTE KWIERYN;MALE;4;20;177;422;0;0;0;0;0.0;0.41;0.09;0.28;0.22;0.0;0.0;0.0;0.0;0.48;0.17;0.19;0.92;0;2;0.16
1402;dut000161;dutch;visdraager;unknown;EEN VISCHDRAGER;MALE;1;1;1;2;0;0;0;0;0.0;1.0;0.0;0.0;0.0;0.0;0.0;0.0;0.0;0.02;0.0;0.0;0.25;0;2;0.0
1403;dut000161;dutch;kees-koenen;unknown;KEES KOENEN;MALE;1;8;58;112;0;0;0;0;0.0;0.0;0.0;0.0;1.0;0.0;0.0;0.0;0.0;0.19;0.06;0.05;0.67;1;4;0.02
1404;dut000161;dutch;arbeider;unknown;VIER ARBEIDERS;MALE;1;1;3;4;0;0;0;0;0.0;0.0;0.0;0.0;1.0;0.0;0.0;0.0;0.0;0.02;0.0;0.0;0.33;0;0;0.0
1405;dut000166;dutch;leander;unknown;LEANDER;MALE;3;16;79;182;0;0;0;0;0.63;0.16;0.21;0.0;0.0;0.0;0.0;0.0;0.0;0.28;0.14;0.15;0.69;4;2;0.01
1406;dut000166;dutch;krispyn;unknown;KRISPYN;MALE;3;21;100;272;0;0;0;0;0.43;0.11;0.46;0.0;0.0;0.0;0.0;0.0;0.0;0.36;0.18;0.23;0.92;4;2;0.03
1407;dut000166;dutch;lowie;unknown;LOWIE;MALE;2;6;13;14;0;0;0;0;0.29;0.0;0.71;0.0;0.0;0.0;0.0;0.0;0.0;0.1;0.02;0.01;0.54;0;5;0.01
1408;dut000166;dutch;jan;unknown;JAN;MALE;3;12;32;53;0;0;0;0;0.32;0.09;0.58;0.0;0.0;0.0;0.0;0.0;0.0;0.21;0.06;0.04;0.92;4;3;0.04
1409;dut000166;dutch;jurre;unknown;JURRE;MALE;3;6;21;29;0;0;0;0;0.34;0.21;0.45;0.0;0.0;0.0;0.0;0.0;0.0;0.1;0.04;0.02;0.69;4;3;0.01
1410;dut000166;dutch;adelgonde;unknown;ADELGONDE;FEMALE;3;11;42;100;0;0;0;0;0.23;0.58;0.19;0.0;0.0;0.0;0.0;0.0;0.0;0.19;0.07;0.08;0.85;3;2;0.01
1411;dut000166;dutch;sofia;unknown;SOFIA;FEMALE;3;8;22;39;0;0;0;0;0.51;0.33;0.15;0.0;0.0;0.0;0.0;0.0;0.0;0.14;0.04;0.03;0.85;2;0;0.01
1412;dut000166;dutch;annetje;unknown;ANNETJE;FEMALE;3;16;35;58;0;0;0;0;0.31;0.47;0.22;0.0;0.0;0.0;0.0;0.0;0.0;0.28;0.06;0.05;1.0;4;5;0.05
1413;dut000166;dutch;govert;unknown;GOVERT;MALE;3;26;114;248;0;0;0;0;0.28;0.4;0.32;0.0;0.0;0.0;0.0;0.0;0.0;0.45;0.2;0.21;1.0;3;6;0.05
1414;dut000166;dutch;leonora;unknown;LEONORA;FEMALE;3;12;33;52;0;0;0;0;0.1;0.79;0.12;0.0;0.0;0.0;0.0;0.0;0.0;0.21;0.06;0.04;0.69;0;0;0.0
1415;dut000166;dutch;heer-anzelmus;unknown;HEER ANZELMUS;MALE;2;9;34;47;0;0;0;0;0.0;0.28;0.72;0.0;0.0;0.0;0.0;0.0;0.0;0.16;0.06;0.04;0.77;4;4;0.0
1416;dut000166;dutch;anzelmus-de-jonge;unknown;ANZELMUS DE JONGE;MALE;2;6;18;32;0;0;0;0;0.0;0.38;0.62;0.0;0.0;0.0;0.0;0.0;0.0;0.1;0.03;0.03;0.77;3;1;0.0
1417;dut000166;dutch;tryntje;unknown;TRYNTJE;FEMALE;2;6;10;22;0;0;0;0;0.0;0.64;0.36;0.0;0.0;0.0;0.0;0.0;0.0;0.1;0.02;0.02;0.77;0;3;0.02
1418;dut000166;dutch;jóchem;unknown;JÓCHEM;MALE;2;8;16;21;0;0;0;0;0.0;0.14;0.86;0.0;0.0;0.0;0.0;0.0;0.0;0.14;0.03;0.02;0.46;0;0;0.0
1419;dut000158;dutch;agniet;unknown;AGNIET;FEMALE;1;5;54;100;0;0;0;0;1.0;0.0;0.0;0.0;0.0;0.0;0.0;0.0;0.0;0.29;0.16;0.14;1.0;2;2;0.0
1420;dut000158;dutch;goedhart;unknown;GOEDHART;MALE;1;4;45;75;0;0;0;0;1.0;0.0;0.0;0.0;0.0;0.0;0.0;0.0;0.0;0.24;0.13;0.11;1.0;0;2;0.0
1421;dut000158;dutch;leonoor;unknown;LEONOOR;FEMALE;1;5;13;17;0;0;0;0;1.0;0.0;0.0;0.0;0.0;0.0;0.0;0.0;0.0;0.29;0.04;0.02;1.0;0;2;0.0
1422;dut000158;dutch;joost;unknown;JOOST;MALE;1;9;79;225;0;0;0;0;1.0;0.0;0.0;0.0;0.0;0.0;0.0;0.0;0.0;0.53;0.23;0.32;1.0;0;2;0.0
1423;dut000158;dutch;meinaart;unknown;MEINAART;MALE;1;9;74;117;0;0;0;0;1.0;0.0;0.0;0.0;0.0;0.0;0.0;0.0;0.0;0.53;0.22;0.17;1.0;3;1;0.0
1424;dut000158;dutch;koen;unknown;KOEN;MALE;1;7;52;93;0;0;0;0;1.0;0.0;0.0;0.0;0.0;0.0;0.0;0.0;0.0;0.41;0.15;0.13;1.0;3;1;0.0
1425;dut000158;dutch;proontje;unknown;PROONTJE;FEMALE;1;6;25;55;0;0;0;0;1.0;0.0;0.0;0.0;0.0;0.0;0.0;0.0;0.0;0.35;0.07;0.08;1.0;1;2;0.0
1426;dut000159;dutch;steiloor;unknown;STEILOOR;MALE;3;27;194;588;0;0;0;0;0.41;0.39;0.2;0.0;0.0;0.0;0.0;0.0;0.0;0.75;0.38;0.42;1.0;1;2;0.0
1427;dut000159;dutch;goedaard;unknown;GOEDAARD;MALE;2;9;59;186;0;0;0;0;0.66;0.0;0.34;0.0;0.0;0.0;0.0;0.0;0.0;0.25;0.12;0.13;1.0;0;0;0.0
1428;dut000159;dutch;willegond;unknown;WILLEGOND;FEMALE;2;4;14;39;0;0;0;0;0.62;0.0;0.38;0.0;0.0;0.0;0.0;0.0;0.0;0.11;0.03;0.03;1.0;2;2;0.0
1429;dut000159;dutch;katryn;unknown;KATRYN;FEMALE;2;3;7;28;0;0;0;0;0.96;0.0;0.04;0.0;0.0;0.0;0.0;0.0;0.0;0.08;0.01;0.02;1.0;1;2;0.0
1430;dut000159;dutch;ruffina;unknown;RUFFINA;FEMALE;3;12;59;186;0;0;0;0;0.03;0.59;0.39;0.0;0.0;0.0;0.0;0.0;0.0;0.33;0.12;0.13;1.0;0;2;0.0
1431;dut000159;dutch;lekker;unknown;LEKKER;MALE;3;16;48;92;0;0;0;0;0.24;0.23;0.53;0.0;0.0;0.0;0.0;0.0;0.0;0.44;0.09;0.07;1.0;3;3;0.0
1432;dut000159;dutch;heerman;unknown;HEERMAN;MALE;3;17;115;251;0;0;0;0;0.24;0.42;0.34;0.0;0.0;0.0;0.0;0.0;0.0;0.47;0.23;0.18;1.0;2;2;0.0
1433;dut000159;dutch;slik-op;unknown;SLIK-OP;MALE;1;3;11;30;0;0;0;0;0.0;0.0;1.0;0.0;0.0;0.0;0.0;0.0;0.0;0.08;0.02;0.02;1.0;3;3;0.0
1434;dut000141;dutch;leonore;unknown;LEONORE;FEMALE;3;17;83;230;0;0;0;0;0.4;0.0;0.36;0.0;0.23;0.0;0.0;0.0;0.0;0.29;0.07;0.07;1.0;1;4;0.0
1435;dut000141;dutch;eduardt;unknown;EDUARDT;MALE;4;13;45;73;0;0;0;0;0.34;0.0;0.14;0.08;0.44;0.0;0.0;0.0;0.0;0.22;0.04;0.02;1.0;3;1;0.0
1436;dut000141;dutch;geeraardt;unknown;GEERAARDT;MALE;5;30;400;1009;0;0;0;0;0.12;0.29;0.13;0.23;0.22;0.0;0.0;0.0;0.0;0.51;0.32;0.32;1.0;3;2;0.0
1437;dut000141;dutch;izabelle;unknown;IZABELLE;FEMALE;4;18;75;169;0;0;0;0;0.0;0.53;0.15;0.14;0.17;0.0;0.0;0.0;0.0;0.31;0.06;0.05;1.0;3;3;0.0
1438;dut000141;dutch;luikas;unknown;LUIKAS;MALE;2;9;87;199;0;0;0;0;0.0;0.0;0.58;0.0;0.42;0.0;0.0;0.0;0.0;0.15;0.07;0.06;1.0;3;2;0.0
1439;dut000141;dutch;karel;unknown;KAREL;MALE;4;15;94;387;0;0;0;0;0.64;0.0;0.01;0.04;0.32;0.0;0.0;0.0;0.0;0.25;0.07;0.12;1.0;2;6;0.0
1440;dut000141;dutch;jochem-jool;unknown;JOCHEM JOOL;MALE;3;5;42;88;0;0;0;0;0.0;0.61;0.0;0.2;0.18;0.0;0.0;0.0;0.0;0.08;0.03;0.03;1.0;1;3;0.0
1441;dut000141;dutch;kornelia;unknown;KORNELIA;FEMALE;3;7;20;32;0;0;0;0;0.09;0.0;0.75;0.0;0.16;0.0;0.0;0.0;0.0;0.12;0.02;0.01;1.0;2;2;0.0
1442;dut000141;dutch;joris;unknown;JORIS;MALE;3;16;99;212;0;0;0;0;0.0;0.42;0.0;0.26;0.32;0.0;0.0;0.0;0.0;0.27;0.08;0.07;1.0;1;4;0.0
1443;dut000141;dutch;katryn;unknown;KATRYN;FEMALE;4;28;133;302;0;0;0;0;0.0;0.47;0.32;0.15;0.05;0.0;0.0;0.0;0.0;0.47;0.11;0.1;1.0;0;4;0.0
1444;dut000141;dutch;heintje;unknown;HEINTJE;MALE;5;22;181;426;0;0;0;0;0.12;0.09;0.16;0.58;0.05;0.0;0.0;0.0;0.0;0.37;0.14;0.14;1.0;2;3;0.0
1445;dut000160;dutch;ryk-janssen;unknown;RYK JANSSEN;MALE;2;10;71;124;0;0;0;0;0.71;0.0;0.29;0.0;0.0;0.0;0.0;0.0;0.0;0.3;0.15;0.13;1.0;0;6;0.05
1446;dut000160;dutch;eelhart;unknown;EELHART;MALE;2;5;33;70;0;0;0;0;0.64;0.0;0.36;0.0;0.0;0.0;0.0;0.0;0.0;0.15;0.07;0.07;0.89;0;4;0.02
1447;dut000160;dutch;pelgrom;unknown;PELGROM;MALE;3;30;180;436;0;0;0;0;0.35;0.38;0.27;0.0;0.0;0.0;0.0;0.0;0.0;0.91;0.39;0.46;1.0;1;3;0.05
1448;dut000160;dutch;barnhart;unknown;BARNHART;MALE;2;4;25;53;0;0;0;0;0.85;0.0;0.15;0.0;0.0;0.0;0.0;0.0;0.0;0.12;0.05;0.06;0.67;0;3;0.0
1449;dut000160;dutch;ritsaart;unknown;RITSAART;MALE;2;5;55;81;0;0;0;0;0.0;0.99;0.01;0.0;0.0;0.0;0.0;0.0;0.0;0.15;0.12;0.09;0.67;1;2;0.0
1450;dut000160;dutch;roosje;unknown;ROOSJE;FEMALE;2;2;25;33;0;0;0;0;0.0;0.97;0.03;0.0;0.0;0.0;0.0;0.0;0.0;0.06;0.05;0.03;0.67;1;3;0.0
1451;dut000160;dutch;haagenaar;unknown;HAAGENAAR;MALE;1;5;8;15;0;0;0;0;0.0;0.0;1.0;0.0;0.0;0.0;0.0;0.0;0.0;0.15;0.02;0.02;1.0;1;2;0.05
1452;dut000160;dutch;vredegond;unknown;VREDEGOND;FEMALE;2;5;17;42;0;0;0;0;0.0;0.88;0.12;0.0;0.0;0.0;0.0;0.0;0.0;0.15;0.04;0.04;1.0;0;7;0.05
1453;dut000160;dutch;kees-pier;unknown;KEES PIER;MALE;2;5;28;54;0;0;0;0;0.0;0.78;0.22;0.0;0.0;0.0;0.0;0.0;0.0;0.15;0.06;0.06;0.56;0;1;0.0
1454;dut000160;dutch;teeuwis;unknown;TEEUWIS;MALE;2;6;19;27;0;0;0;0;0.07;0.0;0.93;0.0;0.0;0.0;0.0;0.0;0.0;0.18;0.04;0.03;0.78;0;2;0.01
1455;dut000165;dutch;de-kinders;unknown;Verscheyde Dóchters en Zoonen van MADONNA LAURA;UNKNOWN;1;1;1;1;0;0;0;0;0.0;0.0;1.0;0.0;0.0;0.0;0.0;0.0;0.0;0.04;0.0;0.0;0.62;1;1;0.0
1456;dut000165;dutch;styntje;unknown;STYNTJE;FEMALE;3;9;60;120;0;0;0;0;0.84;0.15;0.01;0.0;0.0;0.0;0.0;0.0;0.0;0.36;0.11;0.08;0.69;0;1;0.02
1457;dut000165;dutch;jasje;unknown;JASJE;MALE;3;15;128;439;0;0;0;0;0.5;0.26;0.23;0.0;0.0;0.0;0.0;0.0;0.0;0.6;0.23;0.27;0.77;2;0;0.12
1458;dut000165;dutch;eduard;unknown;EDUARD;MALE;3;13;77;221;0;0;0;0;0.36;0.52;0.11;0.0;0.0;0.0;0.0;0.0;0.0;0.52;0.14;0.14;0.85;2;4;0.16
1459;dut000165;dutch;m-laura;unknown;MADONNA LAURA;FEMALE;2;2;10;83;0;0;0;0;0.8;0.0;0.2;0.0;0.0;0.0;0.0;0.0;0.0;0.08;0.02;0.05;0.62;2;2;0.0
1460;dut000165;dutch;knecht-1;unknown;1. KNECHTS;MALE;1;1;1;1;0;0;0;0;1.0;0.0;0.0;0.0;0.0;0.0;0.0;0.0;0.0;0.04;0.0;0.0;0.23;0;2;0.0
1461;dut000165;dutch;knecht-2;unknown;2. KNECHTS;MALE;1;1;1;1;0;0;0;0;1.0;0.0;0.0;0.0;0.0;0.0;0.0;0.0;0.0;0.04;0.0;0.0;0.23;0;1;0.0
1462;dut000165;dutch;pédro;unknown;PÉDRO;MALE;3;17;161;364;0;0;0;0;0.16;0.55;0.29;0.0;0.0;0.0;0.0;0.0;0.0;0.68;0.29;0.23;0.69;1;3;0.02
1463;dut000165;dutch;léonoor;unknown;LÉONOOR;FEMALE;2;8;62;219;0;0;0;0;0.0;0.52;0.48;0.0;0.0;0.0;0.0;0.0;0.0;0.32;0.11;0.14;0.69;1;2;0.02
1464;dut000165;dutch;jongen;unknown;SCHILDERS JONGEN;MALE;1;1;1;1;0;0;0;0;0.0;1.0;0.0;0.0;0.0;0.0;0.0;0.0;0.0;0.04;0.0;0.0;0.31;1;0;0.0
1465;dut000165;dutch;fransyntje;unknown;FRANSYNTJE;FEMALE;1;5;16;36;0;0;0;0;0.0;0.0;1.0;0.0;0.0;0.0;0.0;0.0;0.0;0.2;0.03;0.02;0.77;3;6;0.13
1466;dut000165;dutch;présidént;unknown;PRÉSIDÉNT;MALE;1;5;31;97;0;0;0;0;0.0;0.0;1.0;0.0;0.0;0.0;0.0;0.0;0.0;0.2;0.06;0.06;0.77;3;5;0.13
1467;dut000165;dutch;snyer;unknown;SNYER;MALE;1;1;1;3;0;0;0;0;0.0;0.0;1.0;0.0;0.0;0.0;0.0;0.0;0.0;0.04;0.0;0.0;0.23;0;1;0.0
1468;dut000165;dutch;violist;unknown;VIOLIST;MALE;1;1;1;1;0;0;0;0;0.0;0.0;1.0;0.0;0.0;0.0;0.0;0.0;0.0;0.04;0.0;0.0;0.23;0;0;0.0
1469;dut000156;dutch;flip;unknown;FLIP;MALE;1;14;110;176;0;0;0;0;1.0;0.0;0.0;0.0;0.0;0.0;0.0;0.0;0.0;0.58;0.24;0.21;0.73;0;3;0.0
1470;dut000156;dutch;eelhart;unknown;EELHART;MALE;1;8;37;57;0;0;0;0;1.0;0.0;0.0;0.0;0.0;0.0;0.0;0.0;0.0;0.33;0.08;0.07;0.73;2;2;0.0
1471;dut000156;dutch;teuntje;unknown;TEUNTJE;FEMALE;1;9;62;106;0;0;0;0;1.0;0.0;0.0;0.0;0.0;0.0;0.0;0.0;0.0;0.38;0.13;0.13;0.73;1;4;0.0
1472;dut000156;dutch;niesje;unknown;NIESJE;FEMALE;1;9;51;81;0;0;0;0;1.0;0.0;0.0;0.0;0.0;0.0;0.0;0.0;0.0;0.38;0.11;0.1;0.73;0;2;0.0
1473;dut000156;dutch;krelis;unknown;KRELIS;MALE;1;5;56;97;0;0;0;0;1.0;0.0;0.0;0.0;0.0;0.0;0.0;0.0;0.0;0.21;0.12;0.12;0.73;2;4;0.0
1474;dut000156;dutch;symen;unknown;SYMEN;MALE;1;12;87;160;0;0;0;0;1.0;0.0;0.0;0.0;0.0;0.0;0.0;0.0;0.0;0.5;0.19;0.19;0.73;0;1;0.0
1475;dut000156;dutch;lysje;unknown;LYSJE;FEMALE;1;5;24;29;0;0;0;0;1.0;0.0;0.0;0.0;0.0;0.0;0.0;0.0;0.0;0.21;0.05;0.03;0.73;2;3;0.0
1476;dut000156;dutch;arnoldus;unknown;ARNOLDUS;MALE;1;4;33;50;0;0;0;0;1.0;0.0;0.0;0.0;0.0;0.0;0.0;0.0;0.0;0.17;0.07;0.06;0.73;2;0;0.0
1477;dut000156;dutch;jan;unknown;JAN;MALE;1;1;1;2;0;0;0;0;1.0;0.0;0.0;0.0;0.0;0.0;0.0;0.0;0.0;0.04;0.0;0.0;0.73;3;5;0.0
1478;dut000164;dutch;magdaleentje;unknown;MAGDALEENTJE;FEMALE;1;3;36;144;0;0;0;0;1.0;0.0;0.0;0.0;0.0;0.0;0.0;0.0;0.0;0.38;0.17;0.2;1.0;0;1;0.0
1479;dut000164;dutch;lieven;unknown;LIEVEN;MALE;1;2;40;140;0;0;0;0;1.0;0.0;0.0;0.0;0.0;0.0;0.0;0.0;0.0;0.25;0.19;0.19;1.0;1;0;0.0
1480;dut000164;dutch;dibberig;unknown;DIBBERIG;FEMALE;1;7;52;210;0;0;0;0;1.0;0.0;0.0;0.0;0.0;0.0;0.0;0.0;0.0;0.88;0.25;0.29;1.0;3;2;0.0
1481;dut000164;dutch;niesje;unknown;NIESJE;FEMALE;1;3;10;22;0;0;0;0;1.0;0.0;0.0;0.0;0.0;0.0;0.0;0.0;0.0;0.38;0.05;0.03;1.0;4;3;0.0
1482;dut000164;dutch;frank;unknown;FRANK;MALE;1;3;36;89;0;0;0;0;1.0;0.0;0.0;0.0;0.0;0.0;0.0;0.0;0.0;0.38;0.17;0.12;1.0;4;1;0.0
1483;dut000164;dutch;joanna;unknown;JOANNA;FEMALE;1;3;15;41;0;0;0;0;1.0;0.0;0.0;0.0;0.0;0.0;0.0;0.0;0.0;0.38;0.07;0.06;1.0;2;0;0.0
1484;dut000164;dutch;haasje;unknown;HAASJE;FEMALE;1;2;7;24;0;0;0;0;1.0;0.0;0.0;0.0;0.0;0.0;0.0;0.0;0.0;0.25;0.03;0.03;1.0;1;1;0.0
1485;dut000164;dutch;stéven;unknown;STÉVEN;MALE;1;1;14;43;0;0;0;0;1.0;0.0;0.0;0.0;0.0;0.0;0.0;0.0;0.0;0.12;0.07;0.06;1.0;3;2;0.0
1486;dut000143;dutch;joost;unknown;JOOST;MALE;1;7;98;223;0;0;0;0;1.0;0.0;0.0;0.0;0.0;0.0;0.0;0.0;0.0;0.54;0.3;0.28;1.0;1;1;0.0
1487;dut000143;dutch;geertruij;unknown;GEERTRUIJ;FEMALE;1;5;45;129;0;0;0;0;1.0;0.0;0.0;0.0;0.0;0.0;0.0;0.0;0.0;0.38;0.14;0.16;1.0;0;1;0.0
1488;dut000143;dutch;hendrik;unknown;HENDRIK;MALE;1;6;62;150;0;0;0;0;1.0;0.0;0.0;0.0;0.0;0.0;0.0;0.0;0.0;0.46;0.19;0.19;1.0;3;1;0.0
1489;dut000143;dutch;lucia;unknown;LUCIA;FEMALE;1;4;39;87;0;0;0;0;1.0;0.0;0.0;0.0;0.0;0.0;0.0;0.0;0.0;0.31;0.12;0.11;1.0;1;0;0.0
1490;dut000143;dutch;adriaan;unknown;ADRIAAN;MALE;1;6;51;129;0;0;0;0;1.0;0.0;0.0;0.0;0.0;0.0;0.0;0.0;0.0;0.46;0.16;0.16;1.0;3;1;0.0
1491;dut000143;dutch;agniet;unknown;AGNIET;FEMALE;1;4;33;61;0;0;0;0;1.0;0.0;0.0;0.0;0.0;0.0;0.0;0.0;0.0;0.31;0.1;0.08;1.0;2;1;0.0
1492;dut000148;dutch;reinhart;unknown;REINHART;MALE;5;39;182;527;0;0;0;0;0.24;0.22;0.29;0.14;0.11;0.0;0.0;0.0;0.0;0.66;0.22;0.23;0.79;3;2;0.04
1493;dut000148;dutch;michiel;unknown;MICHIEL;MALE;4;6;10;18;0;0;0;0;0.39;0.0;0.33;0.11;0.17;0.0;0.0;0.0;0.0;0.1;0.01;0.01;0.5;1;2;0.0
1494;dut000148;dutch;stoffel;unknown;STOFFEL;MALE;4;19;53;128;0;0;0;0;0.06;0.0;0.72;0.16;0.06;0.0;0.0;0.0;0.0;0.32;0.06;0.06;0.71;4;3;0.02
1495;dut000148;dutch;eelhart;unknown;EELHART;MALE;3;3;10;19;0;0;0;0;0.47;0.32;0.0;0.0;0.21;0.0;0.0;0.0;0.0;0.05;0.01;0.01;0.64;5;2;0.0
1496;dut000148;dutch;jakomein;unknown;JAKOMEIN;FEMALE;3;7;32;57;0;0;0;0;0.42;0.54;0.0;0.0;0.04;0.0;0.0;0.0;0.0;0.12;0.04;0.02;0.79;2;1;0.04
1497;dut000148;dutch;fransois;unknown;FRANSOIS;MALE;5;28;217;651;0;0;0;0;0.15;0.42;0.11;0.1;0.22;0.0;0.0;0.0;0.0;0.47;0.27;0.28;0.93;2;3;0.1
1498;dut000148;dutch;kristine;unknown;KRISTINE;FEMALE;5;18;126;361;0;0;0;0;0.14;0.12;0.06;0.43;0.25;0.0;0.0;0.0;0.0;0.31;0.15;0.16;0.86;3;4;0.05
1499;dut000148;dutch;konstanse;unknown;KONSTANSE;FEMALE;4;10;59;146;0;0;0;0;0.22;0.0;0.1;0.34;0.35;0.0;0.0;0.0;0.0;0.17;0.07;0.06;0.79;0;3;0.04
1500;dut000148;dutch;baske;unknown;BASKE;MALE;1;1;1;1;0;0;0;0;1.0;0.0;0.0;0.0;0.0;0.0;0.0;0.0;0.0;0.02;0.0;0.0;0.29;0;0;0.0
1501;dut000148;dutch;mainsje;unknown;MAINSJE;FEMALE;4;16;75;273;0;0;0;0;0.0;0.0;0.44;0.44;0.12;0.0;0.0;0.0;0.0;0.27;0.09;0.12;0.71;3;4;0.02
1502;dut000148;dutch;pleuntje;unknown;PLEUNTJE;FEMALE;2;3;7;11;0;0;0;0;0.18;0.82;0.0;0.0;0.0;0.0;0.0;0.0;0.0;0.05;0.01;0.0;0.21;0;2;0.0
1503;dut000148;dutch;kornélis;unknown;KORNÉLIS;MALE;1;3;7;12;0;0;0;0;0.0;0.0;0.0;0.0;1.0;0.0;0.0;0.0;0.0;0.05;0.01;0.01;0.64;2;2;0.01
1504;dut000148;dutch;aapekoopster;unknown;AAPEKOOPSTER;FEMALE;2;8;26;69;0;0;0;0;0.0;0.36;0.0;0.0;0.64;0.0;0.0;0.0;0.0;0.14;0.03;0.03;0.64;2;2;0.01
1505;dut000148;dutch;abern-thaber;unknown;ABERN THABER;UNKNOWN;1;4;13;33;0;0;0;0;0.0;0.0;0.0;0.0;1.0;0.0;0.0;0.0;0.0;0.07;0.02;0.01;0.36;3;1;0.0
1506;dut000154;dutch;fielebout;unknown;Fielebout;MALE;3;15;172;682;0;0;0;0;0.35;0.3;0.35;0.0;0.0;0.0;0.0;0.0;0.0;0.54;0.28;0.35;0.5;3;2;0.04
1507;dut000154;dutch;wobbetje;unknown;Wobbetje;FEMALE;1;6;67;201;0;0;0;0;1.0;0.0;0.0;0.0;0.0;0.0;0.0;0.0;0.0;0.21;0.11;0.1;0.28;0;1;0.0
1508;dut000154;dutch;rykert;unknown;Rykert;MALE;2;17;126;312;0;0;0;0;0.0;0.63;0.37;0.0;0.0;0.0;0.0;0.0;0.0;0.61;0.21;0.16;0.94;1;11;0.63
1509;dut000154;dutch;lusyntje;unknown;Lusyntje;FEMALE;2;3;18;36;0;0;0;0;0.0;0.08;0.92;0.0;0.0;0.0;0.0;0.0;0.0;0.11;0.03;0.02;0.22;0;0;0.0
1510;dut000154;dutch;volkert;unknown;Volkert;MALE;2;7;36;165;0;0;0;0;0.78;0.0;0.22;0.0;0.0;0.0;0.0;0.0;0.0;0.25;0.06;0.08;0.28;3;2;0.01
1511;dut000154;dutch;dr-smuller;unknown;Dr. Smuller;MALE;1;3;27;75;0;0;0;0;0.0;1.0;0.0;0.0;0.0;0.0;0.0;0.0;0.0;0.11;0.04;0.04;0.28;1;3;0.01
1512;dut000154;dutch;dr-nypewyn;unknown;Dr. Nypewyn;MALE;1;2;17;43;0;0;0;0;0.0;1.0;0.0;0.0;0.0;0.0;0.0;0.0;0.0;0.07;0.03;0.02;0.22;0;2;0.0
1513;dut000154;dutch;dr-teemer;unknown;Dr. Teemer;MALE;1;2;6;27;0;0;0;0;0.0;1.0;0.0;0.0;0.0;0.0;0.0;0.0;0.0;0.07;0.01;0.01;0.22;0;1;0.0
1514;dut000154;dutch;dr-rabbelaar;unknown;Dr. Rabbelaar;MALE;1;2;6;33;0;0;0;0;0.0;1.0;0.0;0.0;0.0;0.0;0.0;0.0;0.0;0.07;0.01;0.02;0.22;0;0;0.0
1515;dut000154;dutch;huibert;unknown;Huibert;MALE;2;5;43;109;0;0;0;0;0.78;0.22;0.0;0.0;0.0;0.0;0.0;0.0;0.0;0.18;0.07;0.06;0.28;1;1;0.01
1516;dut000154;dutch;melis;unknown;Melis;MALE;3;6;50;114;0;0;0;0;0.78;0.06;0.16;0.0;0.0;0.0;0.0;0.0;0.0;0.21;0.08;0.06;0.39;1;1;0.02
1517;dut000154;dutch;pieternel;unknown;Pieternel;FEMALE;2;7;32;150;0;0;0;0;0.29;0.71;0.0;0.0;0.0;0.0;0.0;0.0;0.0;0.25;0.05;0.08;0.56;2;3;0.07
1518;dut000154;dutch;pleuntje;unknown;Pleuntje;FEMALE;1;1;2;3;0;0;0;0;0.0;1.0;0.0;0.0;0.0;0.0;0.0;0.0;0.0;0.04;0.0;0.0;0.28;2;3;0.0
1519;dut000154;dutch;tryntje;unknown;Tryntje;FEMALE;1;1;1;1;0;0;0;0;0.0;1.0;0.0;0.0;0.0;0.0;0.0;0.0;0.0;0.04;0.0;0.0;0.28;1;2;0.0
1520;dut000154;dutch;piet;unknown;Piet;MALE;1;1;1;1;0;0;0;0;0.0;0.0;1.0;0.0;0.0;0.0;0.0;0.0;0.0;0.04;0.0;0.0;0.28;0;4;0.0
1521;dut000154;dutch;krelis;unknown;Krelis;MALE;1;1;1;1;0;0;0;0;0.0;0.0;1.0;0.0;0.0;0.0;0.0;0.0;0.0;0.04;0.0;0.0;0.28;0;3;0.0
1522;dut000154;dutch;klaas;unknown;Klaas;MALE;1;1;1;1;0;0;0;0;0.0;0.0;1.0;0.0;0.0;0.0;0.0;0.0;0.0;0.04;0.0;0.0;0.28;0;2;0.0
1523;dut000154;dutch;hein;unknown;Hein;MALE;1;1;1;1;0;0;0;0;0.0;0.0;1.0;0.0;0.0;0.0;0.0;0.0;0.0;0.04;0.0;0.0;0.28;0;1;0.0
1524;dut000154;dutch;symen;unknown;Symen;MALE;1;1;1;1;0;0;0;0;0.0;0.0;1.0;0.0;0.0;0.0;0.0;0.0;0.0;0.04;0.0;0.0;0.28;0;0;0.0
1525;dut000153;dutch;rykert;unknown;RYKERT;MALE;3;21;182;523;0;0;0;0;0.33;0.41;0.26;0.0;0.0;0.0;0.0;0.0;0.0;0.81;0.44;0.41;0.75;4;2;0.59
1526;dut000153;dutch;belie;unknown;BELIE;FEMALE;2;3;14;62;0;0;0;0;0.44;0.0;0.56;0.0;0.0;0.0;0.0;0.0;0.0;0.12;0.03;0.05;0.08;0;0;0.0
1527;dut000153;dutch;adelaart;unknown;ADELAART;MALE;2;5;31;108;0;0;0;0;0.56;0.0;0.44;0.0;0.0;0.0;0.0;0.0;0.0;0.19;0.08;0.09;0.33;0;3;0.0
1528;dut000153;dutch;karel;unknown;KAREL;MALE;2;2;13;36;0;0;0;0;0.56;0.0;0.44;0.0;0.0;0.0;0.0;0.0;0.0;0.08;0.03;0.03;0.17;2;0;0.15
1529;dut000153;dutch;katryn;unknown;KATRYN;FEMALE;1;1;8;39;0;0;0;0;1.0;0.0;0.0;0.0;0.0;0.0;0.0;0.0;0.0;0.04;0.02;0.03;0.08;0;0;0.0
1530;dut000153;dutch;koenhart;unknown;KOENHART;MALE;2;4;23;62;0;0;0;0;0.24;0.0;0.76;0.0;0.0;0.0;0.0;0.0;0.0;0.15;0.06;0.05;0.33;0;1;0.0
1531;dut000153;dutch;isabelle;unknown;ISABELLE;FEMALE;3;4;12;81;0;0;0;0;0.1;0.57;0.33;0.0;0.0;0.0;0.0;0.0;0.0;0.15;0.03;0.06;0.42;0;3;0.27
1532;dut000153;dutch;jeronimo;unknown;JERONIMO;MALE;3;4;44;133;0;0;0;0;0.62;0.15;0.23;0.0;0.0;0.0;0.0;0.0;0.0;0.15;0.11;0.1;0.33;0;0;0.0
1533;dut000153;dutch;malfurius;unknown;MALFURIUS;MALE;1;1;38;136;0;0;0;0;0.0;1.0;0.0;0.0;0.0;0.0;0.0;0.0;0.0;0.04;0.09;0.11;0.08;0;1;0.0
1534;dut000153;dutch;narrénius;unknown;NARRÉNIUS;MALE;1;1;27;42;0;0;0;0;0.0;1.0;0.0;0.0;0.0;0.0;0.0;0.0;0.0;0.04;0.07;0.03;0.08;0;1;0.0
1535;dut000153;dutch;eerste;unknown;EERSTE;FEMALE;1;1;11;19;0;0;0;0;0.0;0.0;1.0;0.0;0.0;0.0;0.0;0.0;0.0;0.04;0.03;0.01;0.17;1;0;0.0
1536;dut000153;dutch;twéde;unknown;TWÉDE;FEMALE;1;1;7;9;0;0;0;0;0.0;0.0;1.0;0.0;0.0;0.0;0.0;0.0;0.0;0.04;0.02;0.01;0.17;0;0;0.0
1537;dut000140;dutch;roxane;unknown;ROXANE;FEMALE;5;26;154;639;0;0;0;0;0.26;0.16;0.1;0.31;0.17;0.0;0.0;0.0;0.0;0.79;0.35;0.41;1.0;2;2;0.14
1538;dut000140;dutch;statira;unknown;STATIRA;FEMALE;3;7;52;164;0;0;0;0;0.25;0.0;0.6;0.0;0.15;0.0;0.0;0.0;0.0;0.21;0.12;0.11;0.86;0;1;0.02
1539;dut000140;dutch;orondates;unknown;ORONDATES;MALE;4;12;82;310;0;0;0;0;0.0;0.37;0.37;0.09;0.17;0.0;0.0;0.0;0.0;0.36;0.19;0.2;0.86;1;2;0.02
1540;dut000140;dutch;perdikkas;unknown;PERDIKKAS;MALE;5;11;72;199;0;0;0;0;0.24;0.33;0.19;0.06;0.19;0.0;0.0;0.0;0.0;0.33;0.17;0.13;1.0;3;2;0.14
1541;dut000140;dutch;seleukus;unknown;SELEUKUS;MALE;2;3;23;43;0;0;0;0;0.0;0.7;0.0;0.0;0.3;0.0;0.0;0.0;0.0;0.09;0.05;0.03;0.57;1;1;0.0
1542;dut000140;dutch;hezione;unknown;HEZIONE;FEMALE;4;12;26;60;0;0;0;0;0.17;0.0;0.03;0.42;0.38;0.0;0.0;0.0;0.0;0.36;0.06;0.04;0.71;1;0;0.0
1543;dut000140;dutch;arbates;unknown;ARBATES;MALE;4;8;25;100;0;0;0;0;0.47;0.08;0.04;0.41;0.0;0.0;0.0;0.0;0.0;0.24;0.06;0.06;0.71;3;0;0.0
1544;dut000140;dutch;soldaat;unknown;SOLDAAT;FEMALE;1;1;2;7;0;0;0;0;0.0;0.0;0.0;1.0;0.0;0.0;0.0;0.0;0.0;0.03;0.0;0.0;0.29;1;1;0.0
1545;dut000163;dutch;jakoba;unknown;JAKOBA;FEMALE;5;19;137;546;0;0;0;0;0.31;0.11;0.2;0.26;0.12;0.0;0.0;0.0;0.0;0.58;0.19;0.25;0.91;4;3;0.12
1546;dut000163;dutch;pieter;unknown;PIETER;MALE;1;1;6;9;0;0;0;0;1.0;0.0;0.0;0.0;0.0;0.0;0.0;0.0;0.0;0.03;0.01;0.0;0.27;2;0;0.0
1547;dut000163;dutch;sofia;unknown;SOFIA;FEMALE;5;15;45;112;0;0;0;0;0.21;0.26;0.23;0.18;0.12;0.0;0.0;0.0;0.0;0.45;0.06;0.05;0.91;2;2;0.12
1548;dut000163;dutch;katrijn;unknown;KATRIJN;FEMALE;5;14;67;150;0;0;0;0;0.34;0.13;0.05;0.33;0.16;0.0;0.0;0.0;0.0;0.42;0.09;0.07;0.73;2;0;0.04
1549;dut000163;dutch;ferdinand;unknown;FERDINAND;FEMALE;4;6;48;158;0;0;0;0;0.15;0.1;0.0;0.14;0.61;0.0;0.0;0.0;0.0;0.18;0.07;0.07;0.55;3;2;0.03
1550;dut000163;dutch;luidewijk;unknown;LUIDEWIJK;MALE;5;17;214;552;0;0;0;0;0.17;0.23;0.23;0.16;0.2;0.0;0.0;0.0;0.0;0.52;0.3;0.26;0.73;4;1;0.06
1551;dut000163;dutch;flip;unknown;FLIP;MALE;5;15;181;561;0;0;0;0;0.11;0.26;0.25;0.11;0.26;0.0;0.0;0.0;0.0;0.45;0.25;0.26;0.73;5;0;0.06
1552;dut000163;dutch;antonette;unknown;ANTONETTE;FEMALE;1;3;13;23;0;0;0;0;0.0;0.0;0.0;1.0;0.0;0.0;0.0;0.0;0.0;0.09;0.02;0.01;0.73;1;2;0.03
1553;dut000163;dutch;ida;unknown;IDA;FEMALE;1;2;2;7;0;0;0;0;0.0;0.0;0.0;1.0;0.0;0.0;0.0;0.0;0.0;0.06;0.0;0.0;0.73;1;3;0.03
1554;dut000163;dutch;niklaas;unknown;NIKLAAS;MALE;1;1;1;1;0;0;0;0;0.0;0.0;0.0;1.0;0.0;0.0;0.0;0.0;0.0;0.03;0.0;0.0;0.45;0;0;0.0
1555;dut000163;dutch;jan;unknown;JAN;MALE;1;1;1;1;0;0;0;0;0.0;0.0;0.0;0.0;1.0;0.0;0.0;0.0;0.0;0.03;0.0;0.0;0.27;1;2;0.0
1556;dut000163;dutch;dirk;unknown;DIRK;MALE;1;1;2;2;0;0;0;0;0.0;0.0;0.0;1.0;0.0;0.0;0.0;0.0;0.0;0.03;0.0;0.0;0.45;0;1;0.0
1557;dut000147;dutch;agamémnon;unknown;AGAMÉMNON;MALE;5;16;56;420;0;0;0;0;0.49;0.04;0.08;0.39;0.01;0.0;0.0;0.0;0.0;0.43;0.22;0.2;0.75;0;6;0.09
1558;dut000147;dutch;achilles;unknown;ACHILLES;MALE;5;11;46;338;0;0;0;0;0.19;0.07;0.32;0.22;0.2;0.0;0.0;0.0;0.0;0.3;0.18;0.16;0.75;3;4;0.11
1559;dut000147;dutch;klytemnéstra;unknown;KLYTEMNÉSTRA;FEMALE;4;13;36;251;0;0;0;0;0.0;0.11;0.3;0.37;0.22;0.0;0.0;0.0;0.0;0.35;0.14;0.12;0.92;3;5;0.25
1560;dut000147;dutch;ifigenia;unknown;IFIGENIA;FEMALE;4;14;45;365;0;0;0;0;0.0;0.35;0.23;0.14;0.28;0.0;0.0;0.0;0.0;0.38;0.18;0.18;0.67;2;2;0.09
1561;dut000147;dutch;ulisses;unknown;ULISSES;MALE;2;4;7;89;0;0;0;0;0.91;0.0;0.0;0.0;0.09;0.0;0.0;0.0;0.0;0.11;0.03;0.04;0.42;1;2;0.0
1562;dut000147;dutch;néstor;unknown;NÉSTOR;MALE;2;2;2;10;0;0;0;0;0.7;0.0;0.0;0.0;0.3;0.0;0.0;0.0;0.0;0.05;0.01;0.0;0.42;0;1;0.0
1563;dut000147;dutch;patroklés;unknown;PATROKLÉS;MALE;2;2;2;21;0;0;0;0;0.48;0.0;0.0;0.0;0.52;0.0;0.0;0.0;0.0;0.05;0.01;0.01;0.42;0;0;0.0
1564;dut000147;dutch;erifilé;unknown;ERIFILÉ;FEMALE;3;10;28;229;0;0;0;0;0.0;0.63;0.07;0.29;0.0;0.0;0.0;0.0;0.0;0.27;0.11;0.11;0.42;1;0;0.17
1565;dut000147;dutch;kalchas;unknown;KALCHAS;MALE;1;1;1;54;0;0;0;0;0.0;0.0;0.0;0.0;1.0;0.0;0.0;0.0;0.0;0.03;0.0;0.03;0.33;0;0;0.0
1566;dut000147;dutch;arkas;unknown;ARKAS;MALE;3;3;13;78;0;0;0;0;0.54;0.0;0.24;0.0;0.22;0.0;0.0;0.0;0.0;0.08;0.05;0.04;0.42;3;1;0.01
1567;dut000147;dutch;euribatés;unknown;EURIBATÉS;MALE;3;3;5;36;0;0;0;0;0.58;0.0;0.0;0.03;0.39;0.0;0.0;0.0;0.0;0.08;0.02;0.02;0.33;2;1;0.01
1568;dut000147;dutch;aegina;unknown;AEGINA;FEMALE;1;2;4;9;0;0;0;0;0.0;0.0;0.0;0.0;1.0;0.0;0.0;0.0;0.0;0.05;0.02;0.0;0.25;0;0;0.0
1569;dut000147;dutch;dóris;unknown;DÓRIS;FEMALE;2;3;12;54;0;0;0;0;0.0;0.81;0.0;0.19;0.0;0.0;0.0;0.0;0.0;0.08;0.05;0.03;0.08;0;0;0.0
1570;dut000152;dutch;likkepót;unknown;LIKKEPÓT;MALE;1;6;78;487;0;0;0;0;1.0;0.0;0.0;0.0;0.0;0.0;0.0;0.0;0.0;0.46;0.35;0.49;1.0;1;2;0.03
1571;dut000152;dutch;marotte;unknown;MAROTTE;FEMALE;1;8;22;62;0;0;0;0;1.0;0.0;0.0;0.0;0.0;0.0;0.0;0.0;0.0;0.62;0.1;0.06;1.0;0;0;0.03
1572;dut000152;dutch;hartman;unknown;HARTMAN;MALE;1;8;38;164;0;0;0;0;1.0;0.0;0.0;0.0;0.0;0.0;0.0;0.0;0.0;0.62;0.17;0.16;0.8;1;2;0.0
1573;dut000152;dutch;karel;unknown;KAREL;MALE;1;7;71;215;0;0;0;0;1.0;0.0;0.0;0.0;0.0;0.0;0.0;0.0;0.0;0.54;0.32;0.22;1.0;1;1;0.03
1574;dut000152;dutch;zoetje;unknown;ZOETJE;MALE;1;9;14;45;0;0;0;0;1.0;0.0;0.0;0.0;0.0;0.0;0.0;0.0;0.0;0.69;0.06;0.05;1.0;1;1;0.03
1575;dut000152;dutch;allen;unknown;ALLEN;UNKNOWN;1;1;1;2;0;0;0;0;1.0;0.0;0.0;0.0;0.0;0.0;0.0;0.0;0.0;0.08;0.0;0.0;0.8;0;0;0.0
1576;dut000149;dutch;bénde-van-eylanders;unknown;BÉNDE van Eylanders;UNKNOWN;1;1;1;6;0;0;0;0;1.0;0.0;0.0;0.0;0.0;0.0;0.0;0.0;0.0;0.04;0.0;0.0;0.04;0;0;0.0
1577;dut000149;dutch;bénde-van-minnegoodjes;unknown;BÉNDE van Minnegoodjes;UNKNOWN;1;1;9;15;0;0;0;0;0.0;1.0;0.0;0.0;0.0;0.0;0.0;0.0;0.0;0.04;0.04;0.01;0.04;0;0;0.0
1578;dut000149;dutch;bénde-van-verliefden;unknown;BÉNDE van Verliefden;UNKNOWN;1;1;10;33;0;0;0;0;0.0;1.0;0.0;0.0;0.0;0.0;0.0;0.0;0.0;0.04;0.04;0.02;0.04;0;0;0.0
1579;dut000149;dutch;het-volk-van-cathay;unknown;HET VOLK van Cathay;UNKNOWN;1;1;2;19;0;0;0;0;0.0;0.0;1.0;0.0;0.0;0.0;0.0;0.0;0.0;0.04;0.01;0.01;0.0;0;0;0.0
1580;dut000149;dutch;bénde-van-harders;unknown;BÉNDE van Harders;MALE;1;2;3;23;0;0;0;0;0.0;0.0;0.0;1.0;0.0;0.0;0.0;0.0;0.0;0.07;0.01;0.02;0.17;1;1;0.0
1581;dut000149;dutch;bénde-van-hofjoffers;unknown;BÉNDE van Hofjoffers;FEMALE;1;1;2;4;0;0;0;0;0.0;0.0;0.0;0.0;1.0;0.0;0.0;0.0;0.0;0.04;0.01;0.0;0.04;0;0;0.0
1582;dut000149;dutch;angelika;unknown;ANGELIKA;FEMALE;3;11;56;297;0;0;0;0;0.42;0.32;0.25;0.0;0.0;0.0;0.0;0.0;0.0;0.41;0.22;0.22;0.13;0;0;0.02
1583;dut000149;dutch;temire;unknown;TEMIRE;FEMALE;3;8;28;117;0;0;0;0;0.31;0.37;0.32;0.0;0.0;0.0;0.0;0.0;0.0;0.3;0.11;0.09;0.13;1;0;0.02
1584;dut000149;dutch;medoor;unknown;MEDOOR;UNKNOWN;3;6;37;166;0;0;0;0;0.35;0.37;0.28;0.0;0.0;0.0;0.0;0.0;0.0;0.22;0.14;0.12;0.09;2;0;0.0
1585;dut000149;dutch;ziliantes;unknown;ZILIANTES;MALE;1;1;1;14;0;0;0;0;1.0;0.0;0.0;0.0;0.0;0.0;0.0;0.0;0.0;0.04;0.0;0.01;0.04;0;0;0.0
1586;dut000149;dutch;roeland;unknown;ROELAND;MALE;4;9;37;373;0;0;0;0;0.0;0.17;0.16;0.49;0.17;0.0;0.0;0.0;0.0;0.33;0.14;0.27;0.39;3;3;0.16
1587;dut000149;dutch;astólfus;unknown;ASTÓLFUS;MALE;2;3;8;72;0;0;0;0;0.0;0.0;0.0;0.25;0.75;0.0;0.0;0.0;0.0;0.11;0.03;0.05;0.09;1;0;0.0
1588;dut000149;dutch;koridon;unknown;KORIDON;MALE;1;3;19;40;0;0;0;0;0.0;0.0;0.0;1.0;0.0;0.0;0.0;0.0;0.0;0.11;0.07;0.03;0.17;1;0;0.0
1589;dut000149;dutch;belize;unknown;BELIZE;FEMALE;1;3;16;36;0;0;0;0;0.0;0.0;0.0;1.0;0.0;0.0;0.0;0.0;0.0;0.11;0.06;0.03;0.17;0;0;0.0
1590;dut000149;dutch;thérsander;unknown;THÉRSANDER;MALE;1;1;15;43;0;0;0;0;0.0;0.0;0.0;1.0;0.0;0.0;0.0;0.0;0.0;0.04;0.06;0.03;0.17;1;3;0.0
1591;dut000149;dutch;logistilja;unknown;LOGISTILJA;FEMALE;1;4;11;82;0;0;0;0;0.0;0.0;0.0;0.0;1.0;0.0;0.0;0.0;0.0;0.15;0.04;0.06;0.17;1;1;0.04
1592;dut000149;dutch;de-roem;unknown;DE ROEM;UNKNOWN;1;1;1;6;0;0;0;0;0.0;0.0;0.0;0.0;1.0;0.0;0.0;0.0;0.0;0.04;0.0;0.0;0.09;1;1;0.0
1593;dut000145;dutch;verstand;unknown;VERSTAND;MALE;5;18;102;238;0;0;0;0;0.31;0.12;0.26;0.18;0.13;0.0;0.0;0.0;0.0;0.28;0.12;0.1;0.71;3;3;0.03
1594;dut000145;dutch;deugd;unknown;DEUGD;FEMALE;4;13;69;249;0;0;0;0;0.06;0.0;0.26;0.1;0.58;0.0;0.0;0.0;0.0;0.2;0.08;0.1;0.79;1;3;0.04
1595;dut000145;dutch;wil;unknown;WIL;FEMALE;5;17;100;274;0;0;0;0;0.05;0.2;0.14;0.28;0.33;0.0;0.0;0.0;0.0;0.26;0.12;0.11;0.86;3;4;0.06
1596;dut000145;dutch;gemeenebést;unknown;GEMEENEBÉST;MALE;1;3;10;42;0;0;0;0;1.0;0.0;0.0;0.0;0.0;0.0;0.0;0.0;0.0;0.05;0.01;0.02;0.5;1;1;0.01
1597;dut000145;dutch;goedaard;unknown;GOEDAARD;MALE;3;5;27;73;0;0;0;0;0.05;0.0;0.64;0.3;0.0;0.0;0.0;0.0;0.0;0.08;0.03;0.03;0.5;1;1;0.01
1598;dut000145;dutch;kwaadaard;unknown;KWAADAARD;MALE;4;15;58;172;0;0;0;0;0.32;0.0;0.4;0.05;0.23;0.0;0.0;0.0;0.0;0.23;0.07;0.07;0.71;1;4;0.04
1599;dut000145;dutch;réchtvaerdigheid;unknown;RÉCHTVAERDIGHEID;FEMALE;2;4;24;49;0;0;0;0;0.0;0.78;0.0;0.22;0.0;0.0;0.0;0.0;0.0;0.06;0.03;0.02;0.43;2;0;0.0
1600;dut000145;dutch;opréchtheid;unknown;OPRÉCHTHEID;FEMALE;2;3;19;49;0;0;0;0;0.71;0.0;0.0;0.29;0.0;0.0;0.0;0.0;0.0;0.05;0.02;0.02;0.57;3;1;0.03
1601;dut000145;dutch;eigenbaat;unknown;EIGENBAAT;MALE;5;24;120;305;0;0;0;0;0.23;0.21;0.21;0.24;0.11;0.0;0.0;0.0;0.0;0.37;0.14;0.13;0.79;3;4;0.04
1602;dut000145;dutch;arglistigheid;unknown;ARGLISTIGHEID;FEMALE;5;13;44;135;0;0;0;0;0.41;0.21;0.04;0.3;0.04;0.0;0.0;0.0;0.0;0.2;0.05;0.06;0.5;2;3;0.0
1603;dut000145;dutch;bedróg;unknown;BEDRÓG;MALE;5;10;56;180;0;0;0;0;0.07;0.26;0.23;0.4;0.03;0.0;0.0;0.0;0.0;0.15;0.06;0.07;0.64;3;1;0.02
1604;dut000145;dutch;schynheiligheid;unknown;SCHYNHEILIGHEID;FEMALE;3;13;86;209;0;0;0;0;0.0;0.0;0.42;0.42;0.17;0.0;0.0;0.0;0.0;0.2;0.1;0.09;0.71;3;2;0.04
1605;dut000145;dutch;ondeugd;unknown;ONDEUGD;MALE;5;19;81;235;0;0;0;0;0.23;0.46;0.02;0.1;0.19;0.0;0.0;0.0;0.0;0.29;0.09;0.1;0.64;4;0;0.02
1606;dut000145;dutch;vleijery;unknown;VLEIJERY;FEMALE;4;12;67;178;0;0;0;0;0.22;0.17;0.0;0.06;0.54;0.0;0.0;0.0;0.0;0.18;0.08;0.07;0.86;2;2;0.05
1607;dut000145;dutch;de-zinnen;unknown;DE ZINNEN;UNKNOWN;2;2;2;2;0;0;0;0;0.5;0.0;0.0;0.0;0.5;0.0;0.0;0.0;0.0;0.03;0.0;0.0;0.5;0;0;0.01
1608;dut000252;dutch;a;unknown;A;UNKNOWN;1;1;2;4;0;0;0;0;1.0;0.0;0.0;0.0;0.0;0.0;0.0;0.0;0.0;0.5;0.02;0.01;0.14;0;0;0.0
1609;dut000252;dutch;b;unknown;B;UNKNOWN;1;1;2;4;0;0;0;0;1.0;0.0;0.0;0.0;0.0;0.0;0.0;0.0;0.0;0.5;0.02;0.01;0.14;0;0;0.0
1610;dut000252;dutch;charitate;unknown;Charitate;FEMALE;1;1;15;89;0;0;0;0;1.0;0.0;0.0;0.0;0.0;0.0;0.0;0.0;0.0;0.5;0.13;0.17;0.71;0;0;0.0
1611;dut000252;dutch;figuerlic-toogh;unknown;Figuerlic Toogh;UNKNOWN;1;1;21;85;0;0;0;0;1.0;0.0;0.0;0.0;0.0;0.0;0.0;0.0;0.0;0.5;0.18;0.17;0.71;2;0;0.0
1612;dut000252;dutch;gheloove;unknown;Gheloove;UNKNOWN;1;1;22;83;0;0;0;0;1.0;0.0;0.0;0.0;0.0;0.0;0.0;0.0;0.0;0.5;0.18;0.16;0.71;2;0;0.0
1613;dut000252;dutch;schriftuerlic-bewijs;unknown;Schriftuerlic Bewijs;UNKNOWN;1;1;21;104;0;0;0;0;1.0;0.0;0.0;0.0;0.0;0.0;0.0;0.0;0.0;0.5;0.18;0.2;0.71;2;0;0.0
1614;dut000252;dutch;hope;unknown;Hope;FEMALE;1;1;17;63;0;0;0;0;1.0;0.0;0.0;0.0;0.0;0.0;0.0;0.0;0.0;0.5;0.14;0.12;0.71;1;0;0.0
1615;dut000252;dutch;staervende-mensche;unknown;Staervende Mensche;MALE;1;1;19;78;0;0;0;0;1.0;0.0;0.0;0.0;0.0;0.0;0.0;0.0;0.0;0.5;0.16;0.15;0.71;2;0;0.0
1616;dut000207;dutch;alsame;unknown;Alsame;UNKNOWN;1;1;1;1;0;0;0;0;0.0;0.0;0.0;0.0;1.0;0.0;0.0;0.0;0.0;0.06;0.0;0.0;0.67;2;0;0.0
1617;dut000207;dutch;casimier;unknown;Casimier;MALE;5;10;78;302;0;0;0;0;0.22;0.18;0.23;0.09;0.28;0.0;0.0;0.0;0.0;0.62;0.13;0.17;0.87;1;6;0.04
1618;dut000207;dutch;clorinde;unknown;Clorinde;FEMALE;4;6;73;188;0;0;0;0;0.43;0.0;0.26;0.22;0.09;0.0;0.0;0.0;0.0;0.38;0.12;0.11;0.87;1;7;0.04
1619;dut000207;dutch;feransky;unknown;Feransky;MALE;1;1;3;3;0;0;0;0;0.0;0.0;0.0;0.0;1.0;0.0;0.0;0.0;0.0;0.06;0.01;0.0;0.4;2;1;0.0
1620;dut000207;dutch;flora;unknown;Flora;FEMALE;1;1;4;9;0;0;0;0;0.0;0.0;1.0;0.0;0.0;0.0;0.0;0.0;0.0;0.06;0.01;0.01;0.4;0;3;0.0
1621;dut000207;dutch;irene;unknown;Irene;FEMALE;4;6;61;148;0;0;0;0;0.0;0.3;0.09;0.57;0.04;0.0;0.0;0.0;0.0;0.38;0.1;0.08;0.8;2;5;0.02
1622;dut000207;dutch;ladislaus;unknown;Ladislaus;MALE;4;8;115;425;0;0;0;0;0.0;0.39;0.21;0.14;0.25;0.0;0.0;0.0;0.0;0.5;0.19;0.24;0.8;2;5;0.02
1623;dut000207;dutch;olensky;unknown;Olensky;MALE;5;6;19;35;0;0;0;0;0.09;0.06;0.03;0.57;0.26;0.0;0.0;0.0;0.0;0.38;0.03;0.02;0.87;2;5;0.04
1624;dut000207;dutch;otrosky;unknown;Otrosky;MALE;3;3;13;19;0;0;0;0;0.05;0.0;0.53;0.0;0.42;0.0;0.0;0.0;0.0;0.19;0.02;0.01;0.67;1;3;0.0
1625;dut000207;dutch;ragotsky;unknown;Ragotsky;MALE;1;1;3;3;0;0;0;0;0.0;0.0;0.0;0.0;1.0;0.0;0.0;0.0;0.0;0.06;0.01;0.0;0.4;2;4;0.0
1626;dut000207;dutch;rombotsky;unknown;Rombotsky;MALE;1;1;1;3;0;0;0;0;0.0;0.0;1.0;0.0;0.0;0.0;0.0;0.0;0.0;0.06;0.0;0.0;0.4;0;2;0.0
1627;dut000207;dutch;sigismondus;unknown;Sigismondus;MALE;3;7;55;162;0;0;0;0;0.29;0.0;0.6;0.0;0.11;0.0;0.0;0.0;0.0;0.44;0.09;0.09;0.87;2;6;0.04
1628;dut000207;dutch;smolsky;unknown;Smolsky;MALE;4;9;102;255;0;0;0;0;0.0;0.21;0.3;0.33;0.16;0.0;0.0;0.0;0.0;0.56;0.17;0.14;1.0;1;0;0.11
1629;dut000207;dutch;stanuslaus;unknown;Stanuslaus;MALE;4;8;33;98;0;0;0;0;0.46;0.11;0.18;0.0;0.24;0.0;0.0;0.0;0.0;0.5;0.06;0.06;0.73;1;4;0.01
1630;dut000207;dutch;tebandro;unknown;Tebandro;MALE;4;5;23;80;0;0;0;0;0.69;0.16;0.1;0.0;0.05;0.0;0.0;0.0;0.0;0.31;0.04;0.04;0.8;1;3;0.02
1631;dut000207;dutch;usebia;unknown;Usebia;FEMALE;2;2;13;17;0;0;0;0;0.76;0.0;0.0;0.0;0.24;0.0;0.0;0.0;0.0;0.12;0.02;0.01;0.53;0;1;0.01
1632;dut000206;dutch;altemaal;unknown;Altemaal;UNKNOWN;1;1;1;1;0;0;0;0;0.0;0.0;0.0;0.0;1.0;0.0;0.0;0.0;0.0;0.2;0.0;0.0;0.75;0;0;0.0
1633;dut000206;dutch;twee-jagers;unknown;Twee Jagers;MALE;1;1;2;3;0;0;0;0;1.0;0.0;0.0;0.0;0.0;0.0;0.0;0.0;0.0;0.2;0.0;0.0;0.67;0;0;0.0
1634;dut000206;dutch;alexander;unknown;Alexander;MALE;4;4;22;105;0;0;0;0;0.1;0.02;0.58;0.3;0.0;0.0;0.0;0.0;0.0;0.8;0.04;0.05;0.83;0;2;0.0
1635;dut000206;dutch;arnoldus;unknown;Arnoldus;MALE;3;3;10;18;0;0;0;0;0.33;0.0;0.06;0.61;0.0;0.0;0.0;0.0;0.0;0.6;0.02;0.01;0.83;0;3;0.0
1636;dut000206;dutch;bellardo;unknown;Bellardo;MALE;5;5;66;239;0;0;0;0;0.15;0.14;0.48;0.13;0.1;0.0;0.0;0.0;0.0;1.0;0.11;0.11;1.0;0;8;0.02
1637;dut000206;dutch;constantia;unknown;Constantia;FEMALE;4;4;99;260;0;0;0;0;0.18;0.16;0.0;0.48;0.18;0.0;0.0;0.0;0.0;0.8;0.17;0.12;1.0;0;10;0.02
1638;dut000206;dutch;ergasto;unknown;Ergasto;MALE;3;3;38;118;0;0;0;0;0.0;0.69;0.0;0.12;0.19;0.0;0.0;0.0;0.0;0.6;0.07;0.06;0.92;1;7;0.01
1639;dut000206;dutch;fredericus;unknown;Fredericus;MALE;5;5;148;652;0;0;0;0;0.2;0.11;0.19;0.23;0.27;0.0;0.0;0.0;0.0;1.0;0.25;0.31;1.0;0;7;0.02
1640;dut000206;dutch;ottho;unknown;Ottho;MALE;5;5;130;433;0;0;0;0;0.23;0.25;0.14;0.17;0.21;0.0;0.0;0.0;0.0;1.0;0.22;0.21;1.0;0;6;0.02
1641;dut000206;dutch;paadje;unknown;Een Paadje van Frederik;MALE;1;1;2;3;0;0;0;0;0.0;0.0;0.0;0.0;1.0;0.0;0.0;0.0;0.0;0.2;0.0;0.0;0.75;0;2;0.0
1642;dut000206;dutch;rudolfus;unknown;Rudolfus;MALE;4;4;7;18;0;0;0;0;0.28;0.0;0.06;0.5;0.17;0.0;0.0;0.0;0.0;0.8;0.01;0.01;1.0;0;2;0.02
1643;dut000206;dutch;sabina;unknown;Sabina;FEMALE;4;4;34;60;0;0;0;0;0.57;0.23;0.0;0.17;0.03;0.0;0.0;0.0;0.0;0.8;0.06;0.03;1.0;1;9;0.02
1644;dut000206;dutch;sempronius;unknown;Sempronius;MALE;3;3;22;90;0;0;0;0;0.0;0.39;0.0;0.53;0.08;0.0;0.0;0.0;0.0;0.6;0.04;0.04;0.92;0;3;0.01
1645;dut000205;dutch;admiratus;unknown;Admiratus;MALE;4;4;98;262;0;0;0;0;0.28;0.34;0.15;0.0;0.23;0.0;0.0;0.0;0.0;0.8;0.18;0.14;1.0;1;2;0.02
1646;dut000205;dutch;fabio;unknown;Fabio;MALE;2;2;13;44;0;0;0;0;0.91;0.09;0.0;0.0;0.0;0.0;0.0;0.0;0.0;0.4;0.02;0.02;0.67;0;0;0.0
1647;dut000205;dutch;fulvius;unknown;Fulvius;MALE;5;5;70;335;0;0;0;0;0.16;0.07;0.28;0.1;0.39;0.0;0.0;0.0;0.0;1.0;0.13;0.18;1.0;3;7;0.02
1648;dut000205;dutch;iulia;unknown;Iulia;FEMALE;5;5;35;109;0;0;0;0;0.5;0.15;0.01;0.19;0.15;0.0;0.0;0.0;0.0;1.0;0.07;0.06;1.0;2;5;0.02
1649;dut000205;dutch;durasso;unknown;Durasso;MALE;4;4;54;158;0;0;0;0;0.15;0.0;0.27;0.3;0.27;0.0;0.0;0.0;0.0;0.8;0.1;0.08;0.92;2;4;0.01
1650;dut000205;dutch;livia;unknown;Livia;FEMALE;1;1;6;13;0;0;0;0;0.0;0.0;1.0;0.0;0.0;0.0;0.0;0.0;0.0;0.2;0.01;0.01;0.75;0;0;0.0
1651;dut000205;dutch;metilla;unknown;Metilla;FEMALE;5;5;63;207;0;0;0;0;0.02;0.32;0.21;0.12;0.33;0.0;0.0;0.0;0.0;1.0;0.12;0.11;1.0;1;4;0.02
1652;dut000205;dutch;octavia;unknown;Octavia;FEMALE;5;5;117;445;0;0;0;0;0.24;0.2;0.23;0.18;0.15;0.0;0.0;0.0;0.0;1.0;0.22;0.24;1.0;3;7;0.02
1653;dut000205;dutch;firmius;unknown;Firmius;MALE;1;1;1;1;0;0;0;0;0.0;0.0;1.0;0.0;0.0;0.0;0.0;0.0;0.0;0.2;0.0;0.0;0.75;3;3;0.0
1654;dut000205;dutch;panfilio;unknown;Panfilio;MALE;2;2;3;15;0;0;0;0;0.0;0.0;0.0;0.73;0.27;0.0;0.0;0.0;0.0;0.4;0.01;0.01;0.67;0;0;0.0
1655;dut000205;dutch;pasquin;unknown;Pasquin;MALE;4;4;48;189;0;0;0;0;0.33;0.3;0.08;0.0;0.29;0.0;0.0;0.0;0.0;0.8;0.09;0.1;1.0;1;3;0.02
1656;dut000205;dutch;triphon;unknown;Triphon;MALE;3;3;16;62;0;0;0;0;0.0;0.0;0.19;0.4;0.4;0.0;0.0;0.0;0.0;0.6;0.03;0.03;0.83;4;5;0.0
1657;dut000205;dutch;vendicio;unknown;Vendicio;MALE;1;1;9;22;0;0;0;0;0.0;1.0;0.0;0.0;0.0;0.0;0.0;0.0;0.0;0.2;0.02;0.01;0.58;3;4;0.0
1658;dut000223;dutch;gemeente;unknown;de Gemeente;UNKNOWN;1;1;6;7;0;0;0;0;0.0;0.0;0.0;1.0;0.0;0.0;0.0;0.0;0.0;0.14;0.01;0.0;0.65;0;0;0.0
1659;dut000223;dutch;aernout;unknown;Aernout;MALE;4;5;203;828;0;0;0;0;0.2;0.39;0.22;0.19;0.0;0.0;0.0;0.0;0.0;0.71;0.17;0.24;1.0;0;6;0.05
1660;dut000223;dutch;bode;unknown;Bode;MALE;1;1;4;17;0;0;0;0;0.0;0.0;1.0;0.0;0.0;0.0;0.0;0.0;0.0;0.14;0.0;0.0;0.47;3;2;0.0
1661;dut000223;dutch;camilla;unknown;Camilla;FEMALE;2;2;29;38;0;0;0;0;0.61;0.0;0.39;0.0;0.0;0.0;0.0;0.0;0.0;0.29;0.02;0.01;0.71;1;7;0.01
1662;dut000223;dutch;casandra;unknown;Casandra;FEMALE;4;4;153;554;0;0;0;0;0.47;0.04;0.25;0.24;0.0;0.0;0.0;0.0;0.0;0.57;0.13;0.16;1.0;2;11;0.05
1663;dut000223;dutch;casou;unknown;Casou;MALE;1;1;14;15;0;0;0;0;0.0;0.0;0.0;1.0;0.0;0.0;0.0;0.0;0.0;0.14;0.01;0.0;0.65;1;5;0.0
1664;dut000223;dutch;dienaer;unknown;Dienaer van Graef Lodewijk;MALE;1;1;2;2;0;0;0;0;0.0;0.0;0.0;1.0;0.0;0.0;0.0;0.0;0.0;0.14;0.0;0.0;0.65;1;7;0.0
1665;dut000223;dutch;eraclio;unknown;Eraclio;MALE;1;1;1;6;0;0;0;0;1.0;0.0;0.0;0.0;0.0;0.0;0.0;0.0;0.0;0.14;0.0;0.0;0.53;0;2;0.0
1666;dut000223;dutch;feliciano;unknown;Feliciano;MALE;3;4;110;282;0;0;0;0;0.0;0.45;0.49;0.06;0.0;0.0;0.0;0.0;0.0;0.57;0.09;0.08;0.82;3;5;0.02
1667;dut000223;dutch;grimald;unknown;Grimaldus;MALE;2;2;23;48;0;0;0;0;0.0;0.46;0.0;0.54;0.0;0.0;0.0;0.0;0.0;0.29;0.02;0.01;0.65;0;0;0.0
1668;dut000223;dutch;helbaer;unknown;Helbaerdiers;MALE;1;1;1;4;0;0;0;0;1.0;0.0;0.0;0.0;0.0;0.0;0.0;0.0;0.0;0.14;0.0;0.0;0.53;0;0;0.0
1669;dut000223;dutch;karel;unknown;Karel Baldeus;MALE;4;4;242;686;0;0;0;0;0.26;0.44;0.06;0.24;0.0;0.0;0.0;0.0;0.0;0.57;0.21;0.2;0.88;1;7;0.03
1670;dut000223;dutch;lambrecht;unknown;Lambrecht;MALE;1;1;15;20;0;0;0;0;0.0;0.0;0.0;1.0;0.0;0.0;0.0;0.0;0.0;0.14;0.01;0.01;0.65;1;6;0.0
1671;dut000223;dutch;leonora;unknown;Vrou Leonora;FEMALE;4;5;233;499;0;0;0;0;0.24;0.36;0.26;0.14;0.0;0.0;0.0;0.0;0.0;0.71;0.2;0.14;1.0;0;7;0.05
1672;dut000223;dutch;lodewijk;unknown;Graef Lodewijk;MALE;3;3;73;310;0;0;0;0;0.35;0.0;0.09;0.56;0.0;0.0;0.0;0.0;0.0;0.43;0.06;0.09;1.0;0;9;0.05
1673;dut000223;dutch;lucino;unknown;Lucino;MALE;1;1;2;4;0;0;0;0;1.0;0.0;0.0;0.0;0.0;0.0;0.0;0.0;0.0;0.14;0.0;0.0;0.53;0;3;0.0
1674;dut000223;dutch;prudent;unknown;Prudentio;MALE;4;4;65;122;0;0;0;0;0.12;0.61;0.03;0.23;0.0;0.0;0.0;0.0;0.0;0.57;0.06;0.03;1.0;0;3;0.05
1675;dut000223;dutch;unknown;unknown;Unknown;UNKNOWN;1;1;1;32;0;0;0;0;0.0;0.0;1.0;0.0;0.0;0.0;0.0;0.0;0.0;0.14;0.0;0.01;0.47;3;5;0.0
1676;dut000224;dutch;soldaten;unknown;Soldaten;MALE;1;1;1;1;0;0;0;0;0.0;0.0;0.0;0.0;0.0;1.0;0.0;0.0;0.0;0.12;0.0;0.0;0.41;2;0;0.0
1677;dut000224;dutch;edelman-1;unknown;Eerste edelman;MALE;1;1;1;1;0;0;0;0;0.0;1.0;0.0;0.0;0.0;0.0;0.0;0.0;0.0;0.12;0.0;0.0;0.46;1;13;0.0
1678;dut000224;dutch;huyslien-1;unknown;Eerste der huyslieden;MALE;1;1;2;2;0;0;0;0;0.0;1.0;0.0;0.0;0.0;0.0;0.0;0.0;0.0;0.12;0.0;0.0;0.46;0;3;0.0
1679;dut000224;dutch;soldaat-1;unknown;Eerste soldaat;MALE;1;1;5;6;0;0;0;0;0.0;0.0;0.0;0.0;0.0;1.0;0.0;0.0;0.0;0.12;0.01;0.0;0.41;2;4;0.0
1680;dut000224;dutch;edelman-2;unknown;Tweede edelman;MALE;1;1;1;1;0;0;0;0;0.0;1.0;0.0;0.0;0.0;0.0;0.0;0.0;0.0;0.12;0.0;0.0;0.46;1;12;0.0
1681;dut000224;dutch;huyslien-2;unknown;Tweede der huyslieden;MALE;1;1;2;2;0;0;0;0;0.0;1.0;0.0;0.0;0.0;0.0;0.0;0.0;0.0;0.12;0.0;0.0;0.46;0;2;0.0
1682;dut000224;dutch;soldaat-2;unknown;Tweede soldaat;MALE;1;1;3;3;0;0;0;0;0.0;0.0;0.0;0.0;0.0;1.0;0.0;0.0;0.0;0.12;0.0;0.0;0.41;2;3;0.0
1683;dut000224;dutch;huyslien-3;unknown;Derde der huyslieden;MALE;1;1;1;1;0;0;0;0;0.0;1.0;0.0;0.0;0.0;0.0;0.0;0.0;0.0;0.12;0.0;0.0;0.46;0;1;0.0
1684;dut000224;dutch;edelman-3;unknown;Derde edelman;MALE;1;1;1;1;0;0;0;0;0.0;1.0;0.0;0.0;0.0;0.0;0.0;0.0;0.0;0.12;0.0;0.0;0.46;1;11;0.0
1685;dut000224;dutch;soldaat-3;unknown;Derde soldaat;MALE;1;1;5;5;0;0;0;0;0.0;0.0;0.0;0.0;0.0;1.0;0.0;0.0;0.0;0.12;0.01;0.0;0.41;2;2;0.0
1686;dut000224;dutch;edelman-4;unknown;Vierde edelman;MALE;1;1;1;1;0;0;0;0;0.0;1.0;0.0;0.0;0.0;0.0;0.0;0.0;0.0;0.12;0.0;0.0;0.46;1;10;0.0
1687;dut000224;dutch;huyslien-4;unknown;Vierde der huyslieden;MALE;1;1;1;2;0;0;0;0;0.0;1.0;0.0;0.0;0.0;0.0;0.0;0.0;0.0;0.12;0.0;0.0;0.46;0;0;0.0
1688;dut000224;dutch;soldaat-4;unknown;Vierde soldaat;MALE;1;1;5;5;0;0;0;0;0.0;0.0;0.0;0.0;0.0;1.0;0.0;0.0;0.0;0.12;0.01;0.0;0.41;2;1;0.0
1689;dut000224;dutch;afterdocht;unknown;Afterdocht;UNKNOWN;1;1;4;7;0;0;0;0;0.0;0.0;0.0;0.0;0.0;1.0;0.0;0.0;0.0;0.12;0.0;0.0;0.41;2;0;0.0
1690;dut000224;dutch;almont;unknown;Almont;MALE;1;1;2;2;0;0;0;0;0.0;1.0;0.0;0.0;0.0;0.0;0.0;0.0;0.0;0.12;0.0;0.0;0.46;1;5;0.0
1691;dut000224;dutch;angelica;unknown;Angelica;FEMALE;1;1;17;56;0;0;0;0;1.0;0.0;0.0;0.0;0.0;0.0;0.0;0.0;0.0;0.12;0.02;0.02;0.12;1;2;0.0
1692;dut000224;dutch;anzelmo;unknown;Anzelmo;MALE;1;1;4;5;0;0;0;0;0.0;1.0;0.0;0.0;0.0;0.0;0.0;0.0;0.0;0.12;0.0;0.0;0.46;2;15;0.0
1693;dut000224;dutch;araete;unknown;Araete;FEMALE;1;1;3;4;0;0;0;0;0.0;0.0;0.0;0.0;0.0;1.0;0.0;0.0;0.0;0.12;0.0;0.0;0.41;1;0;0.0
1694;dut000224;dutch;bode;unknown;Bode;MALE;1;1;4;14;0;0;0;0;0.0;0.0;1.0;0.0;0.0;0.0;0.0;0.0;0.0;0.12;0.0;0.0;0.07;1;0;0.0
1695;dut000224;dutch;corebe;unknown;Corebe;MALE;1;1;3;3;0;0;0;0;0.0;1.0;0.0;0.0;0.0;0.0;0.0;0.0;0.0;0.12;0.0;0.0;0.46;1;6;0.0
1696;dut000224;dutch;deugd;unknown;Deugd;UNKNOWN;1;1;1;1;0;0;0;0;0.0;0.0;0.0;0.0;0.0;1.0;0.0;0.0;0.0;0.12;0.0;0.0;0.41;0;0;0.0
1697;dut000224;dutch;diana;unknown;Diana;FEMALE;1;1;4;39;0;0;0;0;0.0;0.0;0.0;0.0;0.0;1.0;0.0;0.0;0.0;0.12;0.0;0.01;0.41;0;0;0.0
1698;dut000224;dutch;doralice;unknown;Doralice;FEMALE;5;5;61;138;0;0;0;0;0.14;0.25;0.18;0.34;0.09;0.0;0.0;0.0;0.0;0.62;0.06;0.05;0.59;0;6;0.05
1699;dut000224;dutch;echo;unknown;Echo;UNKNOWN;1;1;13;13;0;0;0;0;1.0;0.0;0.0;0.0;0.0;0.0;0.0;0.0;0.0;0.12;0.01;0.0;0.12;0;0;0.0
1700;dut000224;dutch;gabrina;unknown;Gabrina;FEMALE;1;1;3;5;0;0;0;0;0.0;1.0;0.0;0.0;0.0;0.0;0.0;0.0;0.0;0.12;0.0;0.0;0.46;1;14;0.0
1701;dut000224;dutch;heremyt;unknown;Heremyt;MALE;4;4;109;375;0;0;0;0;0.0;0.16;0.32;0.25;0.27;0.0;0.0;0.0;0.0;0.5;0.12;0.13;0.49;0;4;0.0
1702;dut000224;dutch;in-liefd-bloeyende;unknown;In Liefd' Bloeyende;UNKNOWN;1;1;5;8;0;0;0;0;0.0;0.0;0.0;0.0;0.0;1.0;0.0;0.0;0.0;0.12;0.01;0.0;0.41;0;0;0.0
1703;dut000224;dutch;isabella;unknown;Isabella;FEMALE;5;5;246;690;0;0;0;0;0.0;0.38;0.3;0.12;0.14;0.06;0.0;0.0;0.0;0.62;0.26;0.23;0.88;4;21;0.35
1704;dut000224;dutch;liefde;unknown;Liefde;UNKNOWN;1;1;5;9;0;0;0;0;0.0;0.0;0.0;0.0;0.0;1.0;0.0;0.0;0.0;0.12;0.01;0.0;0.41;2;0;0.0
1705;dut000224;dutch;mandricard;unknown;"Mandricard""";MALE;5;5;71;167;0;0;0;0;0.04;0.49;0.07;0.32;0.07;0.0;0.0;0.0;0.0;0.62;0.08;0.06;0.59;0;10;0.05
1706;dut000224;dutch;medor;unknown;Medor;MALE;1;1;32;181;0;0;0;0;1.0;0.0;0.0;0.0;0.0;0.0;0.0;0.0;0.0;0.12;0.03;0.06;0.12;2;2;0.0
1707;dut000224;dutch;oderic;unknown;Oderic;MALE;1;1;16;36;0;0;0;0;0.0;1.0;0.0;0.0;0.0;0.0;0.0;0.0;0.0;0.12;0.02;0.01;0.46;1;7;0.0
1708;dut000224;dutch;roeland;unknown;Roeland;MALE;1;1;18;88;0;0;0;0;0.0;1.0;0.0;0.0;0.0;0.0;0.0;0.0;0.0;0.12;0.02;0.03;0.46;3;16;0.0
1709;dut000224;dutch;reynicheyt;unknown;Reynicheyt;UNKNOWN;1;1;3;4;0;0;0;0;0.0;0.0;0.0;0.0;0.0;1.0;0.0;0.0;0.0;0.12;0.0;0.0;0.41;2;0;0.0
1710;dut000224;dutch;rodomont;unknown;Rodomont;MALE;5;5;124;579;0;0;0;0;0.11;0.0;0.09;0.37;0.21;0.22;0.0;0.0;0.0;0.62;0.13;0.2;0.59;4;8;0.11
1711;dut000224;dutch;zerbyn;unknown;Zerbyn;MALE;1;1;121;303;0;0;0;0;0.0;1.0;0.0;0.0;0.0;0.0;0.0;0.0;0.0;0.12;0.13;0.1;0.46;2;14;0.0
1712;dut000224;dutch;stantvasticheyt;unknown;Stantvasticheyt;UNKNOWN;1;1;7;9;0;0;0;0;0.0;0.0;0.0;0.0;0.0;1.0;0.0;0.0;0.0;0.12;0.01;0.0;0.41;2;0;0.0
1713;dut000224;dutch;trouwicheyt;unknown;Trouwicheyt;UNKNOWN;1;1;3;7;0;0;0;0;0.0;0.0;0.0;0.0;0.0;1.0;0.0;0.0;0.0;0.12;0.0;0.0;0.41;1;0;0.0
1714;dut000224;dutch;unknown;unknown;Unknown;UNKNOWN;1;1;1;14;0;0;0;0;1.0;0.0;0.0;0.0;0.0;0.0;0.0;0.0;0.0;0.12;0.0;0.0;0.0;0;0;0.0
1715;dut000224;dutch;uyt-levender-ionst;unknown;Uyt Levender Ionst;UNKNOWN;1;1;2;4;0;0;0;0;0.0;0.0;0.0;0.0;0.0;1.0;0.0;0.0;0.0;0.12;0.0;0.0;0.41;0;0;0.0
1716;dut000224;dutch;vrese-gods;unknown;Vrese Gods;UNKNOWN;1;1;11;82;0;0;0;0;0.0;0.0;0.0;0.0;0.0;1.0;0.0;0.0;0.0;0.12;0.01;0.03;0.41;0;0;0.0
1717;dut000224;dutch;wandelaer;unknown;Wandelaer;MALE;1;1;17;38;0;0;0;0;0.0;1.0;0.0;0.0;0.0;0.0;0.0;0.0;0.0;0.12;0.02;0.01;0.46;1;8;0.0
1718;dut000241;dutch;mensche;unknown;Mensche;MALE;1;1;45;229;0;0;0;0;1.0;0.0;0.0;0.0;0.0;0.0;0.0;0.0;0.0;1.0;0.5;0.46;1.0;3;0;0.0
1719;dut000241;dutch;de-wet;unknown;Wet;FEMALE;1;1;1;10;0;0;0;0;1.0;0.0;0.0;0.0;0.0;0.0;0.0;0.0;0.0;1.0;0.01;0.02;1.0;1;0;0.0
1720;dut000241;dutch;evangelisch-leeraer;unknown;Evangelisch leeraer;FEMALE;1;1;21;132;0;0;0;0;1.0;0.0;0.0;0.0;0.0;0.0;0.0;0.0;0.0;1.0;0.23;0.27;1.0;0;0;0.0
1721;dut000241;dutch;schriftuere;unknown;Schriftuere;FEMALE;1;1;15;103;0;0;0;0;1.0;0.0;0.0;0.0;0.0;0.0;0.0;0.0;0.0;1.0;0.17;0.21;1.0;2;0;0.0
1722;dut000241;dutch;vernuftheyt;unknown;Vernuftheyt;UNKNOWN;1;1;8;21;0;0;0;0;1.0;0.0;0.0;0.0;0.0;0.0;0.0;0.0;0.0;1.0;0.09;0.04;1.0;3;0;0.0
1723;dut000251;dutch;des-gheests-zonderlijnghe-insprake;unknown;Des gheests insprake;UNKNOWN;1;1;68;226;0;0;0;0;1.0;0.0;0.0;0.0;0.0;0.0;0.0;0.0;0.0;1.0;0.4;0.4;1.0;0;0;0.0
1724;dut000251;dutch;goetwilligh-om-staerven;unknown;Goetwilligh om staerven;MALE;1;1;20;57;0;0;0;0;1.0;0.0;0.0;0.0;0.0;0.0;0.0;0.0;0.0;1.0;0.12;0.1;1.0;0;0;0.0
1725;dut000251;dutch;pynelicke-vreeze;unknown;Pinelicke vreeze;UNKNOWN;1;1;8;24;0;0;0;0;1.0;0.0;0.0;0.0;0.0;0.0;0.0;0.0;0.0;1.0;0.05;0.04;1.0;0;0;0.0
1726;dut000251;dutch;troostelicke-allegacye;unknown;Troostelicke allegacye;UNKNOWN;1;1;72;253;0;0;0;0;1.0;0.0;0.0;0.0;0.0;0.0;0.0;0.0;0.0;1.0;0.43;0.45;1.0;0;0;0.0
1727;dut000235;dutch;broederlicke-liefde;unknown;Broederlicke liefde;MALE;1;1;18;40;0;0;0;0;1.0;0.0;0.0;0.0;0.0;0.0;0.0;0.0;0.0;1.0;0.17;0.08;1.0;0;4;0.0
1728;dut000235;dutch;de-waerheyt;unknown;Waerheyt;UNKNOWN;1;1;1;1;0;0;0;0;1.0;0.0;0.0;0.0;0.0;0.0;0.0;0.0;0.0;1.0;0.01;0.0;1.0;0;0;0.0
1729;dut000235;dutch;diversche-opynye;unknown;Diversche opynye;MALE;1;1;11;51;0;0;0;0;1.0;0.0;0.0;0.0;0.0;0.0;0.0;0.0;0.0;1.0;0.11;0.1;1.0;0;2;0.0
1730;dut000235;dutch;god-de-vadere;unknown;God de vader;MALE;1;1;1;4;0;0;0;0;1.0;0.0;0.0;0.0;0.0;0.0;0.0;0.0;0.0;1.0;0.01;0.01;1.0;0;1;0.0
1731;dut000235;dutch;schriftuerlic-verstandt;unknown;Schriftuerlic verstandt;MALE;1;1;32;247;0;0;0;0;1.0;0.0;0.0;0.0;0.0;0.0;0.0;0.0;0.0;1.0;0.31;0.5;1.0;0;0;0.0
1732;dut000235;dutch;vierigh-apetijt;unknown;Vierigh apetijt;FEMALE;1;1;29;118;0;0;0;0;1.0;0.0;0.0;0.0;0.0;0.0;0.0;0.0;0.0;1.0;0.28;0.24;1.0;0;5;0.0
1733;dut000235;dutch;zonder-aergh;unknown;Zonder aergh;MALE;1;1;10;24;0;0;0;0;1.0;0.0;0.0;0.0;0.0;0.0;0.0;0.0;0.0;1.0;0.1;0.05;1.0;0;3;0.0
1734;dut000235;dutch;narrator;unknown;[Narrator];UNKNOWN;1;1;1;9;0;0;0;0;1.0;0.0;0.0;0.0;0.0;0.0;0.0;0.0;0.0;1.0;0.01;0.02;1.0;1;5;0.0
1735;dut000208;dutch;allen;unknown;ALLEN;UNKNOWN;1;1;1;6;0;0;0;0;1.0;0.0;0.0;0.0;0.0;0.0;0.0;0.0;0.0;0.2;0.0;0.0;0.33;0;0;0.0
1736;dut000208;dutch;rey-van-heydinen;unknown;REY VAN HEYDINEN;FEMALE;1;1;1;8;0;0;0;0;0.0;0.0;1.0;0.0;0.0;0.0;0.0;0.0;0.0;0.2;0.0;0.01;0.42;4;4;0.0
1737;dut000208;dutch;buerwijf-aeltje;unknown;BUERWIJF AELTJE;FEMALE;1;1;11;18;0;0;0;0;0.0;0.0;0.0;1.0;0.0;0.0;0.0;0.0;0.0;0.2;0.03;0.01;0.38;1;2;0.0
1738;dut000208;dutch;buerwijf-fytje;unknown;BUERWIJF FYTJE;FEMALE;1;1;7;9;0;0;0;0;0.0;0.0;0.0;1.0;0.0;0.0;0.0;0.0;0.0;0.2;0.02;0.01;0.38;0;1;0.0
1739;dut000208;dutch;don-ferdinando;unknown;DON FERDINANDO;MALE;1;1;35;69;0;0;0;0;0.0;0.0;0.0;0.0;1.0;0.0;0.0;0.0;0.0;0.2;0.09;0.04;0.38;6;2;0.0
1740;dut000208;dutch;ancil;unknown;ANCIL;FEMALE;1;1;1;1;0;0;0;0;0.0;0.0;1.0;0.0;0.0;0.0;0.0;0.0;0.0;0.2;0.0;0.0;0.42;0;0;0.0
1741;dut000208;dutch;andreas;unknown;ANDREAS;MALE;2;2;23;61;0;0;0;0;0.0;0.0;0.21;0.79;0.0;0.0;0.0;0.0;0.0;0.4;0.06;0.04;0.67;5;4;0.03
1742;dut000208;dutch;catharyn;unknown;CATHARYN;FEMALE;3;3;16;59;0;0;0;0;0.0;0.27;0.66;0.0;0.07;0.0;0.0;0.0;0.0;0.6;0.04;0.04;0.62;2;1;0.02
1743;dut000208;dutch;constance;unknown;CONSTANCE;FEMALE;1;1;4;8;0;0;0;0;0.0;0.0;0.0;0.0;1.0;0.0;0.0;0.0;0.0;0.2;0.01;0.01;0.38;0;1;0.0
1744;dut000208;dutch;cupido;unknown;CUPIDO;MALE;1;1;7;19;0;0;0;0;1.0;0.0;0.0;0.0;0.0;0.0;0.0;0.0;0.0;0.2;0.02;0.01;0.33;3;0;0.0
1745;dut000208;dutch;don-jan;unknown;DON JAN;MALE;4;4;45;315;0;0;0;0;0.25;0.31;0.42;0.0;0.02;0.0;0.0;0.0;0.0;0.8;0.12;0.2;0.83;7;6;0.08
1746;dut000208;dutch;fredricus;unknown;FREDRICUS;MALE;1;1;1;1;0;0;0;0;1.0;0.0;0.0;0.0;0.0;0.0;0.0;0.0;0.0;0.2;0.0;0.0;0.33;3;2;0.0
1747;dut000208;dutch;gryside;unknown;GRYSIDE;FEMALE;1;1;2;4;0;0;0;0;1.0;0.0;0.0;0.0;0.0;0.0;0.0;0.0;0.0;0.2;0.01;0.0;0.33;0;0;0.0
1748;dut000208;dutch;guiomara;unknown;GUIOMARA;FEMALE;3;3;43;169;0;0;0;0;0.0;0.4;0.32;0.0;0.28;0.0;0.0;0.0;0.0;0.6;0.11;0.11;0.62;4;2;0.02
1749;dut000208;dutch;hendricus;unknown;HENDRICUS;MALE;1;1;1;1;0;0;0;0;1.0;0.0;0.0;0.0;0.0;0.0;0.0;0.0;0.0;0.2;0.0;0.0;0.33;3;3;0.0
1750;dut000208;dutch;jorde;unknown;JORDE;MALE;2;2;6;80;0;0;0;0;0.5;0.0;0.5;0.0;0.0;0.0;0.0;0.0;0.0;0.4;0.02;0.05;0.62;4;2;0.03
1751;dut000208;dutch;leanna;unknown;LEANNA;FEMALE;2;2;36;145;0;0;0;0;0.0;0.0;0.0;0.94;0.06;0.0;0.0;0.0;0.0;0.4;0.1;0.09;0.62;6;6;0.02
1752;dut000208;dutch;lovys;unknown;LOVYS;MALE;1;1;4;15;0;0;0;0;0.0;0.0;0.0;0.0;1.0;0.0;0.0;0.0;0.0;0.2;0.01;0.01;0.38;6;3;0.0
1753;dut000208;dutch;majombe;unknown;MAJOMBE;FEMALE;4;4;45;208;0;0;0;0;0.24;0.0;0.47;0.07;0.23;0.0;0.0;0.0;0.0;0.8;0.12;0.13;1.0;8;5;0.15
1754;dut000208;dutch;pagie;unknown;PAGIE;MALE;2;2;8;22;0;0;0;0;0.0;0.95;0.05;0.0;0.0;0.0;0.0;0.0;0.0;0.4;0.02;0.01;0.42;3;1;0.0
1755;dut000208;dutch;phillipus;unknown;PHILLIPUS;MALE;2;2;14;107;0;0;0;0;0.0;0.0;0.91;0.09;0.0;0.0;0.0;0.0;0.0;0.4;0.04;0.07;0.67;5;5;0.03
1756;dut000208;dutch;preciose;unknown;PRECIOSE;FEMALE;4;4;39;111;0;0;0;0;0.52;0.0;0.14;0.06;0.27;0.0;0.0;0.0;0.0;0.8;0.1;0.07;1.0;8;5;0.15
1757;dut000208;dutch;sandert;unknown;SANDERT;MALE;1;1;3;4;0;0;0;0;0.0;0.0;0.0;1.0;0.0;0.0;0.0;0.0;0.0;0.2;0.01;0.0;0.38;0;0;0.0
1758;dut000208;dutch;schout;unknown;SCHOUT;MALE;2;2;12;20;0;0;0;0;0.0;0.0;0.0;0.8;0.2;0.0;0.0;0.0;0.0;0.4;0.03;0.01;0.62;3;2;0.02
1759;dut000208;dutch;wilhelmus;unknown;WILHELMUS;MALE;1;1;11;36;0;0;0;0;0.0;0.0;0.0;1.0;0.0;0.0;0.0;0.0;0.0;0.2;0.03;0.02;0.38;4;4;0.0
1760;dut000234;dutch;de-wet;unknown;De wet;FEMALE;1;1;15;69;0;0;0;0;1.0;0.0;0.0;0.0;0.0;0.0;0.0;0.0;0.0;1.0;0.13;0.12;1.0;0;2;0.0
1761;dut000234;dutch;eyghen-betrauwen;unknown;Eyghen betrauwen;MALE;1;1;4;14;0;0;0;0;1.0;0.0;0.0;0.0;0.0;0.0;0.0;0.0;0.0;1.0;0.03;0.02;1.0;0;1;0.0
1762;dut000234;dutch;redene;unknown;Redene;FEMALE;1;1;18;78;0;0;0;0;1.0;0.0;0.0;0.0;0.0;0.0;0.0;0.0;0.0;1.0;0.15;0.14;1.0;1;2;0.0
1763;dut000234;dutch;schrifs-onderzoucken;unknown;Tschrifs onderzoucken;MALE;1;1;6;27;0;0;0;0;1.0;0.0;0.0;0.0;0.0;0.0;0.0;0.0;0.0;1.0;0.05;0.05;1.0;2;4;0.0
1764;dut000234;dutch;smenschen-bystant;unknown;Smenschen bystant;UNKNOWN;1;1;2;8;0;0;0;0;1.0;0.0;0.0;0.0;0.0;0.0;0.0;0.0;0.0;1.0;0.02;0.01;1.0;2;2;0.0
1765;dut000234;dutch;staervende-mensche;unknown;Stervende mensche;MALE;1;1;38;136;0;0;0;0;1.0;0.0;0.0;0.0;0.0;0.0;0.0;0.0;0.0;1.0;0.32;0.24;1.0;2;2;0.0
1766;dut000234;dutch;vercondygher-des-woordts;unknown;Vercondygher des woordts;MALE;1;1;32;229;0;0;0;0;1.0;0.0;0.0;0.0;0.0;0.0;0.0;0.0;0.0;1.0;0.27;0.4;1.0;0;0;0.0
1767;dut000234;dutch;verkeerde-zin;unknown;Verkeerden zin;MALE;1;1;3;9;0;0;0;0;1.0;0.0;0.0;0.0;0.0;0.0;0.0;0.0;0.0;1.0;0.03;0.02;1.0;2;3;0.0
1768;dut000030;dutch;lucifer;unknown;Lucifer;MALE;3;3;24;248;0;0;0;0;0.48;0.0;0.37;0.0;0.16;0.0;0.0;0.0;0.0;0.19;0.1;0.14;0.11;0;0;0.0
1769;dut000030;dutch;adam;unknown;Adam;MALE;5;7;51;372;0;0;0;0;0.17;0.12;0.05;0.32;0.34;0.0;0.0;0.0;0.0;0.44;0.22;0.21;0.44;1;1;0.51
1770;dut000030;dutch;eva;unknown;Eva;FEMALE;4;7;53;285;0;0;0;0;0.11;0.0;0.07;0.65;0.17;0.0;0.0;0.0;0.0;0.44;0.23;0.16;0.44;0;0;0.51
1771;dut000030;dutch;rey-van-wachtengelen;unknown;Rey van Wachtengelen;MALE;4;4;18;267;0;0;0;0;0.31;0.25;0.22;0.21;0.0;0.0;0.0;0.0;0.0;0.25;0.08;0.15;0.22;1;1;0.0
1772;dut000030;dutch;gabriel;unknown;Gabriel;MALE;1;2;6;115;0;0;0;0;0.0;1.0;0.0;0.0;0.0;0.0;0.0;0.0;0.0;0.12;0.03;0.07;0.33;0;2;0.39
1773;dut000030;dutch;rafael;unknown;Rafael;MALE;1;1;1;9;0;0;0;0;0.0;1.0;0.0;0.0;0.0;0.0;0.0;0.0;0.0;0.06;0.0;0.01;0.22;0;1;0.0
1774;dut000030;dutch;michael;unknown;Michael;MALE;1;1;1;11;0;0;0;0;0.0;1.0;0.0;0.0;0.0;0.0;0.0;0.0;0.0;0.06;0.0;0.01;0.22;0;0;0.0
1775;dut000030;dutch;asmode;unknown;Asmode;MALE;2;3;44;159;0;0;0;0;0.0;0.0;0.78;0.0;0.22;0.0;0.0;0.0;0.0;0.19;0.19;0.09;0.22;0;1;0.22
1776;dut000030;dutch;belial;unknown;Belial;MALE;2;2;31;208;0;0;0;0;0.0;0.0;0.4;0.6;0.0;0.0;0.0;0.0;0.0;0.12;0.13;0.12;0.22;1;1;0.39
1777;dut000030;dutch;uriel;unknown;Uriel;MALE;1;1;4;50;0;0;0;0;0.0;0.0;0.0;0.0;1.0;0.0;0.0;0.0;0.0;0.06;0.02;0.03;0.22;1;1;0.0
1778;dut000028;dutch;rey-van-hofjofferen;unknown;REY VAN HOFJOFFEREN;FEMALE;4;4;12;225;0;0;0;0;0.22;0.26;0.22;0.29;0.0;0.0;0.0;0.0;0.0;0.19;0.03;0.12;0.0;0;0;0.0
1779;dut000028;dutch;adonias;unknown;ADONIAS;MALE;3;4;36;238;0;0;0;0;0.76;0.14;0.0;0.1;0.0;0.0;0.0;0.0;0.0;0.19;0.1;0.12;0.33;1;0;0.04
1780;dut000028;dutch;abizag;unknown;ABIZAG;FEMALE;3;5;44;274;0;0;0;0;0.25;0.0;0.58;0.17;0.0;0.0;0.0;0.0;0.0;0.24;0.13;0.14;0.33;1;0;0.04
1781;dut000028;dutch;bersaba;unknown;BERSABA;FEMALE;3;3;29;167;0;0;0;0;0.33;0.23;0.44;0.0;0.0;0.0;0.0;0.0;0.0;0.14;0.08;0.09;0.25;0;1;0.02
1782;dut000028;dutch;abjathar;unknown;ABJATHAR;MALE;2;2;14;52;0;0;0;0;0.0;0.56;0.0;0.44;0.0;0.0;0.0;0.0;0.0;0.1;0.04;0.03;0.25;0;3;0.04
1783;dut000028;dutch;joab;unknown;JOAB;MALE;2;3;26;128;0;0;0;0;0.0;0.43;0.0;0.57;0.0;0.0;0.0;0.0;0.0;0.14;0.08;0.07;0.33;0;2;0.05
1784;dut000028;dutch;salomon;unknown;SALOMON;MALE;4;10;84;406;0;0;0;0;0.0;0.32;0.37;0.25;0.06;0.0;0.0;0.0;0.0;0.48;0.24;0.21;0.75;2;1;0.5
1785;dut000028;dutch;banajas;unknown;BANAJAS;MALE;3;4;21;152;0;0;0;0;0.0;0.0;0.12;0.27;0.61;0.0;0.0;0.0;0.0;0.19;0.06;0.08;0.25;1;2;0.02
1786;dut000028;dutch;sadock;unknown;SADOCK;MALE;3;4;38;145;0;0;0;0;0.0;0.35;0.0;0.62;0.03;0.0;0.0;0.0;0.0;0.19;0.11;0.07;0.33;0;2;0.06
1787;dut000028;dutch;natan;unknown;NATAN;MALE;2;2;28;56;0;0;0;0;0.0;0.62;0.0;0.38;0.0;0.0;0.0;0.0;0.0;0.1;0.08;0.03;0.17;0;1;0.0
1788;dut000028;dutch;chusai;unknown;CHUSAI;MALE;1;1;6;49;0;0;0;0;0.0;0.0;0.0;1.0;0.0;0.0;0.0;0.0;0.0;0.05;0.02;0.03;0.17;0;2;0.0
1789;dut000028;dutch;achimaas;unknown;ACHIMAAS;MALE;1;1;4;8;0;0;0;0;0.0;0.0;0.0;1.0;0.0;0.0;0.0;0.0;0.0;0.05;0.01;0.0;0.17;0;0;0.0
1790;dut000028;dutch;semei;unknown;SEMEI;MALE;1;1;2;20;0;0;0;0;0.0;0.0;0.0;0.0;1.0;0.0;0.0;0.0;0.0;0.05;0.01;0.01;0.17;0;2;0.0
1791;dut000007;dutch;rey-van-vrouwen;unknown;REY VAN VROUWEN;FEMALE;4;5;9;346;0;0;0;0;0.27;0.2;0.25;0.29;0.0;0.0;0.0;0.0;0.0;0.62;0.06;0.2;0.82;1;0;0.6
1792;dut000007;dutch;hecuba;unknown;HECUBA;FEMALE;3;4;11;257;0;0;0;0;0.69;0.0;0.0;0.23;0.08;0.0;0.0;0.0;0.0;0.5;0.08;0.15;0.36;0;0;0.05
1793;dut000007;dutch;talthybius;unknown;TALTHYBIUS;MALE;1;1;2;46;0;0;0;0;0.0;1.0;0.0;0.0;0.0;0.0;0.0;0.0;0.0;0.12;0.01;0.03;0.09;1;0;0.0
1794;dut000007;dutch;pyrrhus;unknown;PYRRHUS;MALE;1;1;15;104;0;0;0;0;0.0;1.0;0.0;0.0;0.0;0.0;0.0;0.0;0.0;0.12;0.1;0.06;0.27;1;2;0.0
1795;dut000007;dutch;agamemnon;unknown;AGAMEMNON;MALE;1;1;15;105;0;0;0;0;0.0;1.0;0.0;0.0;0.0;0.0;0.0;0.0;0.0;0.12;0.1;0.06;0.27;1;1;0.0
1796;dut000007;dutch;calchas;unknown;CALCHAS;MALE;1;1;1;14;0;0;0;0;0.0;1.0;0.0;0.0;0.0;0.0;0.0;0.0;0.0;0.12;0.01;0.01;0.27;1;0;0.0
1797;dut000007;dutch;andromache;unknown;ANDROMACHE;FEMALE;3;4;44;454;0;0;0;0;0.0;0.0;0.84;0.14;0.02;0.0;0.0;0.0;0.0;0.5;0.3;0.27;0.64;2;3;0.24
1798;dut000007;dutch;raedsman;unknown;RAEDSMAN;MALE;1;1;10;21;0;0;0;0;0.0;0.0;1.0;0.0;0.0;0.0;0.0;0.0;0.0;0.12;0.07;0.01;0.18;0;1;0.0
1799;dut000007;dutch;ulysses;unknown;ULYSSES;MALE;1;2;23;136;0;0;0;0;0.0;0.0;1.0;0.0;0.0;0.0;0.0;0.0;0.0;0.25;0.16;0.08;0.36;1;1;0.05
1800;dut000007;dutch;astyanax;unknown;ASTYANAX;MALE;1;1;1;1;0;0;0;0;0.0;0.0;1.0;0.0;0.0;0.0;0.0;0.0;0.0;0.12;0.01;0.0;0.27;1;0;0.0
1801;dut000007;dutch;helene;unknown;HELENE;FEMALE;1;1;8;80;0;0;0;0;0.0;0.0;0.0;1.0;0.0;0.0;0.0;0.0;0.0;0.12;0.06;0.05;0.27;3;0;0.0
1802;dut000007;dutch;bode;unknown;BODE;MALE;1;1;6;123;0;0;0;0;0.0;0.0;0.0;0.0;1.0;0.0;0.0;0.0;0.0;0.12;0.04;0.07;0.18;2;0;0.0
1803;dut000029;dutch;rey-van-batavische-vrouwen;unknown;Rey van Batavische vrouwen;FEMALE;4;6;47;468;0;0;0;0;0.53;0.24;0.12;0.1;0.0;0.0;0.0;0.0;0.0;0.32;0.12;0.25;0.71;2;0;0.13
1804;dut000029;dutch;julius-paulus;unknown;Julius Paulus;MALE;3;4;61;98;0;0;0;0;0.33;0.0;0.15;0.52;0.0;0.0;0.0;0.0;0.0;0.21;0.16;0.05;0.57;1;2;0.03
1805;dut000029;dutch;nikolaes-burgerhart;unknown;Nikolaes Burgerhart;MALE;4;6;48;302;0;0;0;0;0.55;0.0;0.21;0.16;0.09;0.0;0.0;0.0;0.0;0.32;0.12;0.16;0.71;1;1;0.07
1806;dut000029;dutch;heldewy;unknown;Heldewy;FEMALE;2;3;6;73;0;0;0;0;0.74;0.0;0.0;0.26;0.0;0.0;0.0;0.0;0.0;0.16;0.02;0.04;0.57;0;1;0.03
1807;dut000029;dutch;fronto;unknown;Fronto;MALE;4;5;49;328;0;0;0;0;0.21;0.24;0.31;0.0;0.24;0.0;0.0;0.0;0.0;0.26;0.13;0.17;0.43;1;2;0.03
1808;dut000029;dutch;kryghsraet;unknown;Kryghsraet;MALE;4;7;53;159;0;0;0;0;0.0;0.15;0.55;0.26;0.04;0.0;0.0;0.0;0.0;0.37;0.14;0.08;0.57;0;3;0.03
1809;dut000029;dutch;fonteius-kapito;unknown;Fonteius Kapito;MALE;4;10;120;388;0;0;0;0;0.0;0.2;0.56;0.06;0.18;0.0;0.0;0.0;0.0;0.53;0.31;0.21;0.86;1;0;0.21
1810;dut000029;dutch;walburgh;unknown;Walburgh;FEMALE;1;2;7;59;0;0;0;0;0.0;0.0;0.0;1.0;0.0;0.0;0.0;0.0;0.0;0.11;0.02;0.03;0.43;1;1;0.01
1811;dut000024;dutch;rey-van-levyten;unknown;REY van LEVYTEN;UNKNOWN;4;4;19;245;0;0;0;0;0.29;0.31;0.2;0.2;0.0;0.0;0.0;0.0;0.0;0.18;0.05;0.12;0.08;0;1;0.0
1812;dut000024;dutch;aertspriesters;unknown;AERTSPRIESTERS;MALE;2;3;14;82;0;0;0;0;0.0;0.0;0.0;0.5;0.5;0.0;0.0;0.0;0.0;0.14;0.04;0.04;0.31;0;4;0.06
1813;dut000024;dutch;absolon;unknown;ABSOLON;MALE;2;6;54;226;0;0;0;0;0.31;0.0;0.0;0.0;0.69;0.0;0.0;0.0;0.0;0.27;0.14;0.12;0.54;1;2;0.31
1814;dut000024;dutch;thamar;unknown;THAMAR;FEMALE;5;6;61;257;0;0;0;0;0.1;0.26;0.18;0.24;0.23;0.0;0.0;0.0;0.0;0.27;0.15;0.13;0.31;0;2;0.01
1815;dut000024;dutch;david;unknown;DAVID;MALE;3;8;52;291;0;0;0;0;0.21;0.0;0.22;0.57;0.0;0.0;0.0;0.0;0.0;0.36;0.13;0.15;0.69;1;2;0.38
1816;dut000024;dutch;urias-geest;unknown;URIAS GEEST;MALE;1;1;1;64;0;0;0;0;0.0;1.0;0.0;0.0;0.0;0.0;0.0;0.0;0.0;0.05;0.0;0.03;0.0;0;0;0.0
1817;dut000024;dutch;davids-bedgenooten;unknown;DAVIDS BEDGENOOTEN;FEMALE;4;7;87;285;0;0;0;0;0.0;0.5;0.24;0.07;0.19;0.0;0.0;0.0;0.0;0.32;0.22;0.15;0.38;1;1;0.05
1818;dut000024;dutch;joab;unknown;JOAB;MALE;3;6;59;161;0;0;0;0;0.0;0.38;0.48;0.14;0.0;0.0;0.0;0.0;0.0;0.27;0.15;0.08;0.46;1;2;0.06
1819;dut000024;dutch;bode;unknown;BODE;MALE;1;1;10;93;0;0;0;0;0.0;0.0;1.0;0.0;0.0;0.0;0.0;0.0;0.0;0.05;0.03;0.05;0.15;0;0;0.0
1820;dut000024;dutch;tweede-bode;unknown;TWEEDE BODE;MALE;1;1;4;73;0;0;0;0;0.0;0.0;0.0;1.0;0.0;0.0;0.0;0.0;0.0;0.05;0.01;0.04;0.15;0;1;0.0
1821;dut000024;dutch;bersabe;unknown;BERSABE;FEMALE;1;1;1;3;0;0;0;0;0.0;0.0;0.0;1.0;0.0;0.0;0.0;0.0;0.0;0.05;0.0;0.0;0.15;1;1;0.0
1822;dut000024;dutch;achitofel;unknown;ACHITOFEL;MALE;1;3;30;107;0;0;0;0;0.0;0.0;0.0;0.0;1.0;0.0;0.0;0.0;0.0;0.14;0.08;0.05;0.23;0;0;0.01
1823;dut000024;dutch;chusai;unknown;CHUSAI;MALE;1;1;3;28;0;0;0;0;0.0;0.0;0.0;0.0;1.0;0.0;0.0;0.0;0.0;0.05;0.01;0.01;0.15;0;2;0.0
1824;dut000024;dutch;simei;unknown;SIMEI;MALE;1;1;4;31;0;0;0;0;0.0;0.0;0.0;0.0;1.0;0.0;0.0;0.0;0.0;0.05;0.01;0.02;0.08;0;1;0.0
1825;dut000012;dutch;rey;unknown;Rey;FEMALE;1;1;53;244;0;0;0;0;1.0;0.0;0.0;0.0;0.0;0.0;0.0;0.0;0.0;1.0;0.13;0.15;0.86;2;1;0.0
1826;dut000012;dutch;leermeester;unknown;Leermeester;MALE;1;1;18;147;0;0;0;0;1.0;0.0;0.0;0.0;0.0;0.0;0.0;0.0;0.0;1.0;0.04;0.09;0.86;4;2;0.0
1827;dut000012;dutch;orestes;unknown;Orestes;MALE;1;1;74;175;0;0;0;0;1.0;0.0;0.0;0.0;0.0;0.0;0.0;0.0;0.0;1.0;0.18;0.1;0.86;4;1;0.0
1828;dut000012;dutch;elektra;unknown;Elektra;FEMALE;1;1;166;766;0;0;0;0;1.0;0.0;0.0;0.0;0.0;0.0;0.0;0.0;0.0;1.0;0.41;0.46;0.86;3;1;0.0
1829;dut000012;dutch;chrysothemis;unknown;Chrysothemis;FEMALE;1;1;53;154;0;0;0;0;1.0;0.0;0.0;0.0;0.0;0.0;0.0;0.0;0.0;1.0;0.13;0.09;0.86;1;1;0.0
1830;dut000012;dutch;klytemnestra;unknown;Klytemnestra;FEMALE;1;1;24;125;0;0;0;0;1.0;0.0;0.0;0.0;0.0;0.0;0.0;0.0;0.0;1.0;0.06;0.07;0.86;0;1;0.0
1831;dut000012;dutch;aegisth;unknown;Aegisth;MALE;1;1;17;37;0;0;0;0;1.0;0.0;0.0;0.0;0.0;0.0;0.0;0.0;0.0;1.0;0.04;0.02;0.86;0;0;0.0
1832;dut000002;dutch;rey-van-feniciaensche-vrouwen;unknown;Rey van Feniciaensche vrouwen;FEMALE;1;1;33;383;0;0;0;0;1.0;0.0;0.0;0.0;0.0;0.0;0.0;0.0;0.0;1.0;0.08;0.19;1.0;0;8;0.0
1833;dut000002;dutch;jokaste;unknown;Jokaste;FEMALE;1;1;48;288;0;0;0;0;1.0;0.0;0.0;0.0;0.0;0.0;0.0;0.0;0.0;1.0;0.11;0.14;1.0;2;9;0.0
1834;dut000002;dutch;de-voestervader-van-antigone;unknown;De voestervader van Antigone;MALE;1;1;18;67;0;0;0;0;1.0;0.0;0.0;0.0;0.0;0.0;0.0;0.0;0.0;1.0;0.04;0.03;1.0;2;8;0.0
1835;dut000002;dutch;antigone;unknown;Antigone;FEMALE;1;1;72;256;0;0;0;0;1.0;0.0;0.0;0.0;0.0;0.0;0.0;0.0;0.0;1.0;0.17;0.13;1.0;1;8;0.0
1836;dut000002;dutch;polynices;unknown;Polynices;MALE;1;1;51;150;0;0;0;0;1.0;0.0;0.0;0.0;0.0;0.0;0.0;0.0;0.0;1.0;0.12;0.08;1.0;0;7;0.0
1837;dut000002;dutch;eteokles;unknown;Eteokles;MALE;1;1;51;138;0;0;0;0;1.0;0.0;0.0;0.0;0.0;0.0;0.0;0.0;0.0;1.0;0.12;0.07;1.0;0;6;0.0
1838;dut000002;dutch;kreon;unknown;Kreon;MALE;1;1;83;160;0;0;0;0;1.0;0.0;0.0;0.0;0.0;0.0;0.0;0.0;0.0;1.0;0.19;0.08;1.0;0;5;0.0
1839;dut000002;dutch;meneceus;unknown;Meneceus;MALE;1;1;10;47;0;0;0;0;1.0;0.0;0.0;0.0;0.0;0.0;0.0;0.0;0.0;1.0;0.02;0.02;1.0;0;3;0.0
1840;dut000002;dutch;tiresias;unknown;Tiresias;MALE;1;1;20;105;0;0;0;0;1.0;0.0;0.0;0.0;0.0;0.0;0.0;0.0;0.0;1.0;0.05;0.05;1.0;0;4;0.0
1841;dut000002;dutch;bode;unknown;Bode;MALE;1;1;11;165;0;0;0;0;1.0;0.0;0.0;0.0;0.0;0.0;0.0;0.0;0.0;1.0;0.03;0.08;1.0;0;2;0.0
1842;dut000002;dutch;anderde-bode;unknown;Anderde Bode;MALE;1;1;8;134;0;0;0;0;1.0;0.0;0.0;0.0;0.0;0.0;0.0;0.0;0.0;1.0;0.02;0.07;1.0;0;1;0.0
1843;dut000002;dutch;edipus;unknown;Edipus;MALE;1;1;28;90;0;0;0;0;1.0;0.0;0.0;0.0;0.0;0.0;0.0;0.0;0.0;1.0;0.06;0.05;1.0;0;0;0.0
1844;dut000003;dutch;zonnelingen;unknown;ZONNELINGEN;FEMALE;3;3;11;22;0;0;0;0;0.68;0.23;0.09;0.0;0.0;0.0;0.0;0.0;0.0;0.21;0.03;0.01;0.38;0;0;0.0
1845;dut000003;dutch;rey-van-uuren;unknown;REY van UUREN;UNKNOWN;4;4;20;292;0;0;0;0;0.23;0.23;0.25;0.29;0.0;0.0;0.0;0.0;0.0;0.29;0.06;0.19;0.0;0;0;0.0
1846;dut000003;dutch;klymene;unknown;KLYMENE;FEMALE;3;3;34;200;0;0;0;0;0.53;0.25;0.23;0.0;0.0;0.0;0.0;0.0;0.0;0.21;0.11;0.13;0.38;1;1;0.0
1847;dut000003;dutch;faëton;unknown;FAËTON;MALE;2;2;15;58;0;0;0;0;0.66;0.34;0.0;0.0;0.0;0.0;0.0;0.0;0.0;0.14;0.05;0.04;0.38;1;0;0.0
1848;dut000003;dutch;febus;unknown;FEBUS;MALE;4;6;80;443;0;0;0;0;0.0;0.49;0.26;0.09;0.16;0.0;0.0;0.0;0.0;0.43;0.25;0.28;0.88;2;1;0.44
1849;dut000003;dutch;juno;unknown;JUNO;FEMALE;2;5;61;197;0;0;0;0;0.0;0.0;0.34;0.66;0.0;0.0;0.0;0.0;0.0;0.36;0.19;0.13;0.5;0;2;0.01
1850;dut000003;dutch;de-hemelraet;unknown;DE HEMELRAET;UNKNOWN;2;5;39;96;0;0;0;0;0.0;0.0;0.0;0.82;0.18;0.0;0.0;0.0;0.0;0.36;0.12;0.06;0.5;1;0;0.01
1851;dut000003;dutch;de-faem;unknown;DE FAEM;MALE;2;2;12;147;0;0;0;0;0.0;0.0;0.0;0.56;0.44;0.0;0.0;0.0;0.0;0.14;0.04;0.09;0.38;1;1;0.0
1852;dut000003;dutch;jupiter;unknown;JUPITER;MALE;2;3;44;112;0;0;0;0;0.0;0.0;0.0;0.69;0.31;0.0;0.0;0.0;0.0;0.21;0.14;0.07;0.38;0;1;0.0
1853;dut000014;dutch;rey-van-priesteren;unknown;Rey van Priesteren;MALE;4;8;35;361;0;0;0;0;0.11;0.37;0.17;0.36;0.0;0.0;0.0;0.0;0.0;0.47;0.09;0.19;0.56;2;2;0.04
1854;dut000014;dutch;de-gebroeders;unknown;De Gebroeders;MALE;1;1;9;71;0;0;0;0;0.0;0.0;0.0;1.0;0.0;0.0;0.0;0.0;0.0;0.06;0.02;0.04;0.33;2;0;0.0
1855;dut000014;dutch;abjathar;unknown;Abjathar;MALE;3;4;22;95;0;0;0;0;0.66;0.28;0.05;0.0;0.0;0.0;0.0;0.0;0.0;0.24;0.06;0.05;0.33;0;3;0.01
1856;dut000014;dutch;david;unknown;David;MALE;4;8;86;310;0;0;0;0;0.25;0.29;0.32;0.0;0.14;0.0;0.0;0.0;0.0;0.47;0.23;0.17;0.89;2;3;0.48
1857;dut000014;dutch;levyten;unknown;Levyten;MALE;2;2;6;163;0;0;0;0;0.06;0.0;0.0;0.0;0.94;0.0;0.0;0.0;0.0;0.12;0.02;0.09;0.11;0;0;0.0
1858;dut000014;dutch;gabaonners;unknown;Gabaonners;MALE;2;3;52;171;0;0;0;0;0.0;0.69;0.0;0.31;0.0;0.0;0.0;0.0;0.0;0.18;0.14;0.09;0.56;2;1;0.04
1859;dut000014;dutch;benajas;unknown;Benajas;MALE;2;3;41;123;0;0;0;0;0.0;0.31;0.69;0.0;0.0;0.0;0.0;0.0;0.0;0.18;0.11;0.07;0.44;0;0;0.03
1860;dut000014;dutch;rispe;unknown;Rispe;FEMALE;2;4;66;230;0;0;0;0;0.0;0.0;0.57;0.43;0.0;0.0;0.0;0.0;0.0;0.24;0.17;0.12;0.67;1;1;0.08
1861;dut000014;dutch;michol;unknown;Michol;FEMALE;2;4;63;242;0;0;0;0;0.0;0.0;0.67;0.33;0.0;0.0;0.0;0.0;0.0;0.24;0.17;0.13;0.67;0;1;0.08
1862;dut000014;dutch;mephiboseth;unknown;Mephiboseth;MALE;1;1;1;52;0;0;0;0;0.0;0.0;0.0;0.0;1.0;0.0;0.0;0.0;0.0;0.06;0.0;0.03;0.11;0;1;0.0
1863;dut000001;dutch;rey-van-amsterdamsche-maeghden;unknown;REY VAN AMSTERDAMSCHE MAEGHDEN;FEMALE;1;1;1;36;0;0;0;0;1.0;0.0;0.0;0.0;0.0;0.0;0.0;0.0;0.0;0.07;0.0;0.02;0.14;0;0;0.0
1864;dut000001;dutch;hoplieden;unknown;HOPLIEDEN;UNKNOWN;1;1;2;2;0;0;0;0;0.0;1.0;0.0;0.0;0.0;0.0;0.0;0.0;0.0;0.07;0.01;0.0;0.09;0;0;0.0
1865;dut000001;dutch;rey-van-edelingen;unknown;REY VAN EDELINGEN;MALE;1;1;1;70;0;0;0;0;0.0;1.0;0.0;0.0;0.0;0.0;0.0;0.0;0.0;0.07;0.0;0.03;0.09;0;0;0.0
1866;dut000001;dutch;bondtgenooten;unknown;BONDTGENOOTEN;UNKNOWN;1;1;2;3;0;0;0;0;0.0;0.0;1.0;0.0;0.0;0.0;0.0;0.0;0.0;0.07;0.01;0.0;0.23;1;1;0.0
1867;dut000001;dutch;rey-van-klaerissen;unknown;REY VAN KLAERISSEN;FEMALE;2;2;3;62;0;0;0;0;0.0;0.0;0.79;0.21;0.0;0.0;0.0;0.0;0.0;0.14;0.01;0.03;0.32;0;0;0.02
1868;dut000001;dutch;rey-van-bvrghzaten;unknown;REY VAN BVRGHZATEN;UNKNOWN;1;1;1;48;0;0;0;0;0.0;0.0;0.0;1.0;0.0;0.0;0.0;0.0;0.0;0.07;0.0;0.02;0.05;1;0;0.0
1869;dut000001;dutch;vlvghtelingen;unknown;VLVGHTELINGEN;UNKNOWN;1;2;5;11;0;0;0;0;0.0;0.0;0.0;0.0;1.0;0.0;0.0;0.0;0.0;0.14;0.02;0.01;0.36;1;3;0.0
1870;dut000001;dutch;gysbreght-van-aemstel;unknown;GYSBREGHT VAN AEMSTEL;MALE;4;9;63;502;0;0;0;0;0.42;0.0;0.06;0.07;0.45;0.0;0.0;0.0;0.0;0.64;0.25;0.23;0.73;3;5;0.56
1871;dut000001;dutch;vvillebord;unknown;VVILLEBORD;MALE;2;2;18;154;0;0;0;0;0.65;0.35;0.0;0.0;0.0;0.0;0.0;0.0;0.0;0.14;0.07;0.07;0.14;0;1;0.16
1872;dut000001;dutch;arend-van-aemstel;unknown;AREND VAN AEMSTEL;MALE;4;4;14;178;0;0;0;0;0.07;0.0;0.01;0.85;0.07;0.0;0.0;0.0;0.0;0.29;0.06;0.08;0.36;2;2;0.06
1873;dut000001;dutch;vosmeer;unknown;VOSMEER;MALE;2;2;8;155;0;0;0;0;0.62;0.38;0.0;0.0;0.0;0.0;0.0;0.0;0.0;0.14;0.03;0.07;0.23;1;2;0.19
1874;dut000001;dutch;vvillem-van-egmont;unknown;VVILLEM VAN EGMONT;MALE;1;2;10;54;0;0;0;0;0.0;1.0;0.0;0.0;0.0;0.0;0.0;0.0;0.0;0.14;0.04;0.03;0.18;0;2;0.07
1875;dut000001;dutch;diedrick-van-haerlem;unknown;DIEDRICK VAN HAERLEM;MALE;1;2;22;41;0;0;0;0;0.0;1.0;0.0;0.0;0.0;0.0;0.0;0.0;0.0;0.14;0.09;0.02;0.18;0;1;0.05
1876;dut000001;dutch;poortier;unknown;POORTIER;MALE;1;1;8;23;0;0;0;0;0.0;1.0;0.0;0.0;0.0;0.0;0.0;0.0;0.0;0.07;0.03;0.01;0.09;0;2;0.0
1877;dut000001;dutch;badeloch;unknown;BADELOCH;FEMALE;3;6;43;201;0;0;0;0;0.0;0.0;0.5;0.08;0.41;0.0;0.0;0.0;0.0;0.43;0.17;0.09;0.5;2;6;0.11
1878;dut000001;dutch;broer-peter;unknown;BROER PETER;MALE;2;3;21;72;0;0;0;0;0.0;0.0;0.4;0.0;0.6;0.0;0.0;0.0;0.0;0.21;0.08;0.03;0.45;2;4;0.02
1879;dut000001;dutch;gozewyn-van-aemstel;unknown;GOZEWYN VAN AEMSTEL;MALE;1;1;4;64;0;0;0;0;0.0;0.0;0.0;1.0;0.0;0.0;0.0;0.0;0.0;0.07;0.02;0.03;0.14;2;1;0.0
1880;dut000001;dutch;klaeris-van-velsen;unknown;KLAERIS VAN VELSEN;FEMALE;1;1;2;9;0;0;0;0;0.0;0.0;0.0;1.0;0.0;0.0;0.0;0.0;0.0;0.07;0.01;0.0;0.14;1;1;0.0
1881;dut000001;dutch;bode;unknown;BODE;MALE;1;2;5;129;0;0;0;0;0.0;0.0;0.0;0.0;1.0;0.0;0.0;0.0;0.0;0.14;0.02;0.06;0.32;0;1;0.0
1882;dut000001;dutch;de-heer-van-vooren;unknown;DE HEER VAN VOOREN;MALE;1;1;11;72;0;0;0;0;0.0;0.0;0.0;0.0;1.0;0.0;0.0;0.0;0.0;0.07;0.04;0.03;0.05;0;1;0.0
1883;dut000001;dutch;adelgvnd;unknown;ADELGVND;FEMALE;1;1;2;3;0;0;0;0;0.0;0.0;0.0;0.0;1.0;0.0;0.0;0.0;0.0;0.07;0.01;0.0;0.32;0;3;0.0
1884;dut000001;dutch;veenerick;unknown;VEENERICK;MALE;1;1;1;1;0;0;0;0;0.0;0.0;0.0;0.0;1.0;0.0;0.0;0.0;0.0;0.07;0.0;0.0;0.32;0;2;0.0
1885;dut000001;dutch;rafael;unknown;RAFAEL;MALE;1;1;1;43;0;0;0;0;0.0;0.0;0.0;0.0;1.0;0.0;0.0;0.0;0.0;0.07;0.0;0.02;0.32;0;0;0.0
1886;dut000004;dutch;rey-van-trachinische-vrouwen;unknown;Rey van Trachinische vrouwen;FEMALE;1;1;51;277;0;0;0;0;1.0;0.0;0.0;0.0;0.0;0.0;0.0;0.0;0.0;1.0;0.19;0.21;1.0;1;4;0.0
1887;dut000004;dutch;deianier;unknown;Deianier;FEMALE;1;1;66;392;0;0;0;0;1.0;0.0;0.0;0.0;0.0;0.0;0.0;0.0;0.0;1.0;0.25;0.3;1.0;3;5;0.0
1888;dut000004;dutch;leervrou;unknown;Leervrou;FEMALE;1;1;1;12;0;0;0;0;1.0;0.0;0.0;0.0;0.0;0.0;0.0;0.0;0.0;1.0;0.0;0.01;1.0;2;5;0.0
1889;dut000004;dutch;hyllus;unknown;Hyllus;MALE;1;1;53;158;0;0;0;0;1.0;0.0;0.0;0.0;0.0;0.0;0.0;0.0;0.0;1.0;0.2;0.12;1.0;2;4;0.0
1890;dut000004;dutch;bode;unknown;Bode;MALE;1;1;9;43;0;0;0;0;1.0;0.0;0.0;0.0;0.0;0.0;0.0;0.0;0.0;1.0;0.03;0.03;1.0;1;3;0.0
1891;dut000004;dutch;lichas;unknown;Lichas;MALE;1;1;30;118;0;0;0;0;1.0;0.0;0.0;0.0;0.0;0.0;0.0;0.0;0.0;1.0;0.11;0.09;1.0;1;2;0.0
1892;dut000004;dutch;voester;unknown;Voester;FEMALE;1;1;12;56;0;0;0;0;1.0;0.0;0.0;0.0;0.0;0.0;0.0;0.0;0.0;1.0;0.05;0.04;1.0;0;2;0.0
1893;dut000004;dutch;raetsman;unknown;Raetsman;MALE;1;1;4;15;0;0;0;0;1.0;0.0;0.0;0.0;0.0;0.0;0.0;0.0;0.0;1.0;0.02;0.01;1.0;0;1;0.0
1894;dut000004;dutch;herkules;unknown;Herkules;MALE;1;1;38;208;0;0;0;0;1.0;0.0;0.0;0.0;0.0;0.0;0.0;0.0;0.0;1.0;0.14;0.16;1.0;0;0;0.0
1895;dut000036;dutch;aaron;unknown;Aaron;MALE;3;4;18;83;0;0;0;0;0.06;0.47;0.47;0.0;0.0;0.0;0.0;0.0;0.0;0.25;0.1;0.04;0.53;0;0;0.1
1896;dut000036;dutch;albinus;unknown;Albinus;MALE;1;1;2;18;0;0;0;0;0.0;0.0;0.0;1.0;0.0;0.0;0.0;0.0;0.0;0.06;0.01;0.01;0.07;0;0;0.0
1897;dut000036;dutch;choor;unknown;CHOOR;UNKNOWN;5;7;7;679;0;0;0;0;0.18;0.27;0.14;0.09;0.33;0.0;0.0;0.0;0.0;0.44;0.04;0.29;0.33;0;5;0.0
1898;dut000036;dutch;caleb;unknown;Caleb;MALE;1;1;12;66;0;0;0;0;1.0;0.0;0.0;0.0;0.0;0.0;0.0;0.0;0.0;0.06;0.07;0.03;0.27;0;2;0.0
1899;dut000036;dutch;corach;unknown;Corach;MALE;1;1;30;125;0;0;0;0;1.0;0.0;0.0;0.0;0.0;0.0;0.0;0.0;0.0;0.06;0.17;0.05;0.27;0;4;0.0
1900;dut000036;dutch;den-reye-der-israëliten;unknown;Den Reye der Israëliten;UNKNOWN;2;2;2;130;0;0;0;0;0.0;0.0;0.0;0.46;0.54;0.0;0.0;0.0;0.0;0.12;0.01;0.06;0.07;0;1;0.0
1901;dut000036;dutch;fama;unknown;Fama;FEMALE;1;1;1;120;0;0;0;0;0.0;0.0;0.0;0.0;1.0;0.0;0.0;0.0;0.0;0.06;0.01;0.05;0.0;0;0;0.0
1902;dut000036;dutch;god;unknown;God;UNKNOWN;1;1;14;89;0;0;0;0;1.0;0.0;0.0;0.0;0.0;0.0;0.0;0.0;0.0;0.06;0.08;0.04;0.07;0;0;0.0
1903;dut000036;dutch;iosua;unknown;Iosua;MALE;1;1;18;114;0;0;0;0;1.0;0.0;0.0;0.0;0.0;0.0;0.0;0.0;0.0;0.06;0.1;0.05;0.27;0;3;0.0
1904;dut000036;dutch;man;unknown;Man;MALE;1;1;3;60;0;0;0;0;0.0;0.0;0.0;1.0;0.0;0.0;0.0;0.0;0.0;0.06;0.02;0.03;0.13;1;0;0.0
1905;dut000036;dutch;moyses;unknown;Moyses;MALE;4;6;37;390;0;0;0;0;0.64;0.09;0.12;0.0;0.15;0.0;0.0;0.0;0.0;0.38;0.2;0.17;0.67;0;1;0.32
1906;dut000036;dutch;pharao-den-koningh;unknown;Pharao den Koningh;MALE;3;4;26;338;0;0;0;0;0.0;0.23;0.52;0.25;0.0;0.0;0.0;0.0;0.0;0.25;0.14;0.14;0.53;1;4;0.3
1907;dut000036;dutch;serax;unknown;Serax;MALE;1;1;4;27;0;0;0;0;0.0;1.0;0.0;0.0;0.0;0.0;0.0;0.0;0.0;0.06;0.02;0.01;0.33;0;3;0.0
1908;dut000036;dutch;tiphus;unknown;Tiphus;MALE;1;1;5;17;0;0;0;0;0.0;1.0;0.0;0.0;0.0;0.0;0.0;0.0;0.0;0.06;0.03;0.01;0.33;0;4;0.0
1909;dut000036;dutch;vrou;unknown;Vrou;FEMALE;1;1;2;62;0;0;0;0;0.0;0.0;0.0;1.0;0.0;0.0;0.0;0.0;0.0;0.06;0.01;0.03;0.13;0;0;0.0
1910;dut000008;dutch;de-rey-van-roomsche-soldaten;unknown;De rey van Roomsche Soldaten;MALE;1;1;1;102;0;0;0;0;1.0;0.0;0.0;0.0;0.0;0.0;0.0;0.0;0.0;0.12;0.0;0.04;0.14;0;0;0.0
1911;dut000008;dutch;de-rey-van-staetionffren;unknown;De rey van StaetIonffren;FEMALE;3;3;30;172;0;0;0;0;0.0;0.48;0.01;0.51;0.0;0.0;0.0;0.0;0.0;0.38;0.15;0.07;0.43;1;3;0.06
1912;dut000008;dutch;de-rey-van-ioodsche-vrouwen;unknown;De rey van Ioodsche Vrouwen;FEMALE;3;3;31;405;0;0;0;0;0.0;0.64;0.0;0.36;0.0;0.0;0.0;0.0;0.0;0.38;0.15;0.16;0.43;0;4;0.06
1913;dut000008;dutch;de-rey-van-priesteren;unknown;De rey van Priesteren;MALE;1;1;1;61;0;0;0;0;0.0;0.0;1.0;0.0;0.0;0.0;0.0;0.0;0.0;0.12;0.0;0.02;0.29;0;0;0.0
1914;dut000008;dutch;de-rey-van-christenen;unknown;De rey van Christenen;UNKNOWN;1;1;1;10;0;0;0;0;0.0;0.0;0.0;0.0;1.0;0.0;0.0;0.0;0.0;0.12;0.0;0.0;0.21;0;1;0.0
1915;dut000008;dutch;iosephvs;unknown;Iosephvs;MALE;2;2;12;344;0;0;0;0;0.44;0.56;0.0;0.0;0.0;0.0;0.0;0.0;0.0;0.25;0.06;0.13;0.21;0;0;0.0
1916;dut000008;dutch;titvs;unknown;Titvs;MALE;3;3;43;362;0;0;0;0;0.59;0.0;0.21;0.2;0.0;0.0;0.0;0.0;0.0;0.38;0.21;0.14;0.5;0;4;0.48
1917;dut000008;dutch;librarivs;unknown;Librarivs;MALE;1;1;7;134;0;0;0;0;1.0;0.0;0.0;0.0;0.0;0.0;0.0;0.0;0.0;0.12;0.03;0.05;0.14;0;1;0.0
1918;dut000008;dutch;de-dochter-sion;unknown;De dochter Sion;FEMALE;3;3;54;397;0;0;0;0;0.0;0.62;0.33;0.05;0.0;0.0;0.0;0.0;0.0;0.38;0.26;0.15;0.43;2;3;0.06
1919;dut000008;dutch;phineas;unknown;Phineas;MALE;1;1;1;77;0;0;0;0;0.0;0.0;1.0;0.0;0.0;0.0;0.0;0.0;0.0;0.12;0.0;0.03;0.0;0;0;0.0
1920;dut000008;dutch;terentivs;unknown;Terentivs;MALE;2;2;8;27;0;0;0;0;0.0;0.0;0.0;0.67;0.33;0.0;0.0;0.0;0.0;0.25;0.04;0.01;0.29;0;2;0.3
1921;dut000008;dutch;fronto;unknown;Fronto;MALE;1;1;14;41;0;0;0;0;0.0;0.0;0.0;1.0;0.0;0.0;0.0;0.0;0.0;0.12;0.07;0.02;0.21;2;0;0.0
1922;dut000008;dutch;simeon;unknown;Simeon;MALE;1;1;2;36;0;0;0;0;0.0;0.0;0.0;0.0;1.0;0.0;0.0;0.0;0.0;0.12;0.01;0.01;0.21;0;1;0.0
1923;dut000008;dutch;gabriel;unknown;Gabriel;MALE;1;1;1;288;0;0;0;0;0.0;0.0;0.0;0.0;1.0;0.0;0.0;0.0;0.0;0.12;0.0;0.11;0.21;0;0;0.0
1924;dut000010;dutch;rey;unknown;REY;UNKNOWN;5;5;5;374;0;0;0;0;0.26;0.5;0.09;0.14;0.01;0.0;0.0;0.0;0.0;0.5;0.04;0.23;1.0;0;0;0.23
1925;dut000010;dutch;hippolytvs;unknown;HIPPOLYTVS;MALE;2;3;16;290;0;0;0;0;0.39;0.61;0.0;0.0;0.0;0.0;0.0;0.0;0.0;0.3;0.13;0.17;0.6;1;0;0.0
1926;dut000010;dutch;phaedra;unknown;PHAEDRA;FEMALE;4;5;40;303;0;0;0;0;0.36;0.39;0.07;0.0;0.17;0.0;0.0;0.0;0.0;0.5;0.33;0.18;0.8;1;1;0.03
1927;dut000010;dutch;voester;unknown;VOESTER;FEMALE;3;5;26;297;0;0;0;0;0.43;0.54;0.03;0.0;0.0;0.0;0.0;0.0;0.0;0.5;0.22;0.18;0.8;0;0;0.03
1928;dut000010;dutch;thesevs;unknown;THESEVS;MALE;3;5;26;237;0;0;0;0;0.0;0.0;0.52;0.07;0.41;0.0;0.0;0.0;0.0;0.5;0.22;0.14;0.8;2;0;0.1
1929;dut000010;dutch;bode;unknown;BODE;UNKNOWN;1;1;7;138;0;0;0;0;0.0;0.0;0.0;1.0;0.0;0.0;0.0;0.0;0.0;0.1;0.06;0.08;0.4;0;1;0.0
1930;dut000031;dutch;rey-van-grieksche-vrouwen;unknown;REY van Grieksche vrouwen;FEMALE;1;1;29;203;0;0;0;0;1.0;0.0;0.0;0.0;0.0;0.0;0.0;0.0;0.0;1.0;0.07;0.13;1.0;1;3;0.0
1931;dut000031;dutch;ifigenie;unknown;IFIGENIE;FEMALE;1;1;164;663;0;0;0;0;1.0;0.0;0.0;0.0;0.0;0.0;0.0;0.0;0.0;1.0;0.41;0.42;1.0;2;5;0.0
1932;dut000031;dutch;orestes;unknown;ORESTES;MALE;1;1;115;296;0;0;0;0;1.0;0.0;0.0;0.0;0.0;0.0;0.0;0.0;0.0;1.0;0.29;0.19;1.0;2;4;0.0
1933;dut000031;dutch;pylades;unknown;PYLADES;MALE;1;1;20;63;0;0;0;0;1.0;0.0;0.0;0.0;0.0;0.0;0.0;0.0;0.0;1.0;0.05;0.04;1.0;2;3;0.0
1934;dut000031;dutch;herder;unknown;HERDER;MALE;1;1;8;105;0;0;0;0;1.0;0.0;0.0;0.0;0.0;0.0;0.0;0.0;0.0;1.0;0.02;0.07;1.0;1;2;0.0
1935;dut000031;dutch;thoas;unknown;THOAS;MALE;1;1;46;77;0;0;0;0;1.0;0.0;0.0;0.0;0.0;0.0;0.0;0.0;0.0;1.0;0.12;0.05;1.0;1;1;0.0
1936;dut000031;dutch;bode;unknown;BODE;MALE;1;1;12;121;0;0;0;0;1.0;0.0;0.0;0.0;0.0;0.0;0.0;0.0;0.0;1.0;0.03;0.08;1.0;1;0;0.0
1937;dut000031;dutch;minerve;unknown;MINERVE;FEMALE;1;1;2;49;0;0;0;0;1.0;0.0;0.0;0.0;0.0;0.0;0.0;0.0;0.0;1.0;0.01;0.03;1.0;0;0;0.0
1938;dut000011;dutch;de-rey-der-moorinnen;unknown;DE REY DER MOORINNEN;FEMALE;5;5;5;384;0;0;0;0;0.39;0.28;0.17;0.15;0.01;0.0;0.0;0.0;0.0;0.62;0.04;0.27;0.64;0;0;0.09
1939;dut000011;dutch;iosef;unknown;IOSEF;MALE;5;5;46;393;0;0;0;0;0.4;0.06;0.17;0.24;0.13;0.0;0.0;0.0;0.0;0.62;0.33;0.27;0.55;1;2;0.14
1940;dut000011;dutch;ramses;unknown;RAMSES;MALE;1;2;7;57;0;0;0;0;0.0;1.0;0.0;0.0;0.0;0.0;0.0;0.0;0.0;0.25;0.05;0.04;0.36;1;3;0.01
1941;dut000011;dutch;ivdas;unknown;IVDAS;MALE;4;6;54;265;0;0;0;0;0.0;0.6;0.2;0.2;0.0;0.0;0.0;0.0;0.0;0.75;0.38;0.19;0.64;1;3;0.09
1942;dut000011;dutch;rvben;unknown;RVBEN;MALE;2;2;2;10;0;0;0;0;0.0;0.4;0.0;0.6;0.0;0.0;0.0;0.0;0.0;0.25;0.01;0.01;0.36;1;1;0.0
1943;dut000011;dutch;bode;unknown;BODE;MALE;1;1;5;108;0;0;0;0;0.0;0.0;1.0;0.0;0.0;0.0;0.0;0.0;0.0;0.12;0.04;0.08;0.09;0;1;0.0
1944;dut000011;dutch;simeon;unknown;SIMEON;MALE;1;1;13;129;0;0;0;0;0.0;0.0;1.0;0.0;0.0;0.0;0.0;0.0;0.0;0.12;0.09;0.09;0.18;1;0;0.0
1945;dut000011;dutch;beniamin;unknown;BENIAMIN;MALE;1;2;6;38;0;0;0;0;0.0;0.0;0.0;1.0;0.0;0.0;0.0;0.0;0.0;0.25;0.04;0.03;0.36;1;0;0.01
1946;dut000011;dutch;farao;unknown;FARAO;MALE;1;1;3;39;0;0;0;0;0.0;0.0;0.0;0.0;1.0;0.0;0.0;0.0;0.0;0.12;0.02;0.03;0.27;1;2;0.0
1947;dut000023;dutch;rey-van-maeghden;unknown;REY VAN MAEGHDEN;FEMALE;4;6;21;329;0;0;0;0;0.22;0.2;0.34;0.24;0.0;0.0;0.0;0.0;0.0;0.38;0.08;0.16;0.43;1;1;0.0
1948;dut000023;dutch;hofmeester;unknown;HOFMEESTER;MALE;5;10;54;356;0;0;0;0;0.26;0.14;0.52;0.02;0.05;0.0;0.0;0.0;0.0;0.62;0.21;0.17;0.86;2;1;0.31
1949;dut000023;dutch;filopaie;unknown;FILOPAIE;FEMALE;2;3;26;197;0;0;0;0;0.56;0.0;0.0;0.0;0.44;0.0;0.0;0.0;0.0;0.19;0.1;0.1;0.43;0;0;0.04
1950;dut000023;dutch;slotvooght;unknown;SLOTVOOGHT;MALE;1;1;8;132;0;0;0;0;1.0;0.0;0.0;0.0;0.0;0.0;0.0;0.0;0.0;0.06;0.03;0.06;0.29;1;1;0.0
1951;dut000023;dutch;ifis;unknown;IFIS;FEMALE;3;4;20;252;0;0;0;0;0.06;0.56;0.0;0.38;0.0;0.0;0.0;0.0;0.0;0.25;0.08;0.12;0.57;0;3;0.02
1952;dut000023;dutch;jeptha;unknown;JEPTHA;MALE;4;7;59;419;0;0;0;0;0.0;0.26;0.46;0.14;0.14;0.0;0.0;0.0;0.0;0.44;0.23;0.2;0.71;0;0;0.13
1953;dut000023;dutch;hofpriester;unknown;HOFPRIESTER;MALE;3;6;48;256;0;0;0;0;0.0;0.0;0.36;0.14;0.5;0.0;0.0;0.0;0.0;0.38;0.19;0.12;0.71;1;3;0.17
1954;dut000023;dutch;wetgeleerde;unknown;WETGELEERDE;MALE;1;1;16;74;0;0;0;0;0.0;0.0;1.0;0.0;0.0;0.0;0.0;0.0;0.0;0.06;0.06;0.04;0.29;0;1;0.0
1955;dut000015;dutch;rey-van-engelen;unknown;Rey van Engelen;UNKNOWN;4;5;13;248;0;0;0;0;0.31;0.14;0.24;0.31;0.0;0.0;0.0;0.0;0.0;0.25;0.03;0.14;0.17;0;1;0.0
1956;dut000015;dutch;joseph;unknown;Joseph;MALE;3;6;42;233;0;0;0;0;0.27;0.0;0.46;0.27;0.0;0.0;0.0;0.0;0.0;0.3;0.08;0.13;1.0;0;3;0.35
1957;dut000015;dutch;simeon;unknown;Simeon;MALE;4;7;132;194;0;0;0;0;0.0;0.41;0.2;0.15;0.24;0.0;0.0;0.0;0.0;0.35;0.26;0.11;0.83;0;3;0.02
1958;dut000015;dutch;levi;unknown;Levi;MALE;4;6;106;210;0;0;0;0;0.0;0.3;0.25;0.18;0.27;0.0;0.0;0.0;0.0;0.3;0.21;0.12;0.83;0;2;0.02
1959;dut000015;dutch;iudas;unknown;Iudas;MALE;3;8;121;220;0;0;0;0;0.0;0.22;0.0;0.53;0.25;0.0;0.0;0.0;0.0;0.4;0.23;0.13;0.83;0;3;0.02
1960;dut000015;dutch;ruben;unknown;Ruben;MALE;3;8;78;566;0;0;0;0;0.0;0.37;0.12;0.0;0.51;0.0;0.0;0.0;0.0;0.4;0.15;0.32;0.67;0;3;0.0
1961;dut000015;dutch;vrachtmeester;unknown;Vrachtmeester;MALE;1;3;23;61;0;0;0;0;0.0;0.0;0.0;1.0;0.0;0.0;0.0;0.0;0.0;0.15;0.04;0.03;0.67;0;0;0.0
1962;dut000016;dutch;rey-van-engelen;unknown;Rey van Engelen;MALE;5;6;14;246;0;0;0;0;0.37;0.2;0.2;0.2;0.03;0.0;0.0;0.0;0.0;0.35;0.05;0.16;0.4;0;1;0.0
1963;dut000016;dutch;staetjoffers;unknown;Staetjoffers;FEMALE;2;3;16;38;0;0;0;0;0.34;0.0;0.0;0.0;0.66;0.0;0.0;0.0;0.0;0.18;0.06;0.02;0.4;0;1;0.0
1964;dut000016;dutch;joseph;unknown;Joseph;MALE;5;6;55;347;0;0;0;0;0.18;0.21;0.27;0.33;0.0;0.0;0.0;0.0;0.0;0.35;0.21;0.23;0.8;0;0;0.1
1965;dut000016;dutch;voester;unknown;Voester;FEMALE;5;9;77;333;0;0;0;0;0.08;0.26;0.47;0.02;0.18;0.0;0.0;0.0;0.0;0.53;0.3;0.22;0.8;2;1;0.1
1966;dut000016;dutch;jempsar;unknown;Jempsar;FEMALE;4;5;58;297;0;0;0;0;0.0;0.54;0.09;0.32;0.05;0.0;0.0;0.0;0.0;0.29;0.23;0.19;0.6;0;1;0.0
1967;dut000016;dutch;potiphar;unknown;Potiphar;MALE;2;5;36;215;0;0;0;0;0.0;0.59;0.0;0.0;0.41;0.0;0.0;0.0;0.0;0.29;0.14;0.14;1.0;2;2;0.3
1968;dut000025;dutch;rey;unknown;REY;UNKNOWN;5;9;19;255;0;0;0;0;0.17;0.36;0.23;0.21;0.03;0.0;0.0;0.0;0.0;0.5;0.07;0.14;0.6;0;1;0.15
1969;dut000025;dutch;joab;unknown;JOAB;MALE;4;9;101;482;0;0;0;0;0.25;0.08;0.51;0.0;0.16;0.0;0.0;0.0;0.0;0.5;0.35;0.27;0.7;0;1;0.45
1970;dut000025;dutch;sobi;unknown;SOBI;MALE;2;2;10;66;0;0;0;0;0.36;0.0;0.0;0.64;0.0;0.0;0.0;0.0;0.0;0.11;0.03;0.04;0.2;1;0;0.0
1971;dut000025;dutch;de-veerwacht;unknown;DE VEERWACHT;MALE;1;1;3;39;0;0;0;0;0.0;1.0;0.0;0.0;0.0;0.0;0.0;0.0;0.0;0.06;0.01;0.02;0.1;0;1;0.0
1972;dut000025;dutch;david;unknown;DAVID;MALE;4;9;94;443;0;0;0;0;0.0;0.37;0.37;0.06;0.21;0.0;0.0;0.0;0.0;0.5;0.32;0.25;0.7;0;2;0.26
1973;dut000025;dutch;abisaï;unknown;ABISAÏ;MALE;1;1;16;69;0;0;0;0;0.0;0.0;1.0;0.0;0.0;0.0;0.0;0.0;0.0;0.06;0.06;0.04;0.3;0;2;0.0
1974;dut000025;dutch;amasa;unknown;AMASA;MALE;1;1;13;50;0;0;0;0;0.0;0.0;1.0;0.0;0.0;0.0;0.0;0.0;0.0;0.06;0.04;0.03;0.1;0;1;0.0
1975;dut000025;dutch;berseba;unknown;BERSEBA;FEMALE;3;5;20;149;0;0;0;0;0.0;0.0;0.42;0.48;0.09;0.0;0.0;0.0;0.0;0.28;0.07;0.08;0.5;0;2;0.11
1976;dut000025;dutch;jonathan;unknown;JONATHAN;MALE;1;1;4;85;0;0;0;0;0.0;0.0;0.0;1.0;0.0;0.0;0.0;0.0;0.0;0.06;0.01;0.05;0.2;0;1;0.0
1977;dut000025;dutch;achimaäs;unknown;ACHIMAÄS;MALE;1;1;7;103;0;0;0;0;0.0;0.0;0.0;0.0;1.0;0.0;0.0;0.0;0.0;0.06;0.02;0.06;0.2;0;0;0.0
1978;dut000025;dutch;chusi;unknown;CHUSI;MALE;1;1;3;45;0;0;0;0;0.0;0.0;0.0;0.0;1.0;0.0;0.0;0.0;0.0;0.06;0.01;0.03;0.2;1;1;0.0
1979;dut000026;dutch;rey-van-oude-thebaenen;unknown;REY van oude Thebaenen;UNKNOWN;1;1;54;389;0;0;0;0;1.0;0.0;0.0;0.0;0.0;0.0;0.0;0.0;0.0;1.0;0.12;0.2;1.0;1;4;0.0
1980;dut000026;dutch;edipus;unknown;EDIPUS;MALE;1;1;192;808;0;0;0;0;1.0;0.0;0.0;0.0;0.0;0.0;0.0;0.0;0.0;1.0;0.43;0.41;1.0;1;6;0.0
1981;dut000026;dutch;priester;unknown;PRIESTER;MALE;1;1;4;66;0;0;0;0;1.0;0.0;0.0;0.0;0.0;0.0;0.0;0.0;0.0;1.0;0.01;0.03;1.0;1;5;0.0
1982;dut000026;dutch;kreon;unknown;KREON;MALE;1;1;57;172;0;0;0;0;1.0;0.0;0.0;0.0;0.0;0.0;0.0;0.0;0.0;1.0;0.13;0.09;1.0;1;4;0.0
1983;dut000026;dutch;tiresias;unknown;TIRESIAS;MALE;1;1;27;104;0;0;0;0;1.0;0.0;0.0;0.0;0.0;0.0;0.0;0.0;0.0;1.0;0.06;0.05;1.0;1;3;0.0
1984;dut000026;dutch;jokaste;unknown;JOKASTE;FEMALE;1;1;45;148;0;0;0;0;1.0;0.0;0.0;0.0;0.0;0.0;0.0;0.0;0.0;1.0;0.1;0.08;1.0;0;3;0.0
1985;dut000026;dutch;forbas;unknown;FORBAS;MALE;1;1;40;67;0;0;0;0;1.0;0.0;0.0;0.0;0.0;0.0;0.0;0.0;0.0;1.0;0.09;0.03;1.0;0;2;0.0
1986;dut000026;dutch;herder;unknown;HERDER;MALE;1;1;25;33;0;0;0;0;1.0;0.0;0.0;0.0;0.0;0.0;0.0;0.0;0.0;1.0;0.06;0.02;1.0;0;1;0.0
1987;dut000026;dutch;bode;unknown;BODE;MALE;1;1;4;89;0;0;0;0;1.0;0.0;0.0;0.0;0.0;0.0;0.0;0.0;0.0;1.0;0.01;0.05;1.0;0;0;0.0
1988;dut000021;dutch;rey-van-engelen;unknown;REY VAN ENGELEN;UNKNOWN;5;10;46;330;0;0;0;0;0.21;0.14;0.48;0.07;0.1;0.0;0.0;0.0;0.0;0.43;0.14;0.15;0.78;0;2;0.27
1989;dut000021;dutch;luiciferisten;unknown;LUICIFERISTEN;UNKNOWN;2;5;51;212;0;0;0;0;0.0;0.0;0.98;0.02;0.0;0.0;0.0;0.0;0.0;0.22;0.15;0.09;0.44;0;1;0.01
1990;dut000021;dutch;belzebub;unknown;BELZEBUB;MALE;4;8;49;202;0;0;0;0;0.18;0.3;0.42;0.1;0.0;0.0;0.0;0.0;0.0;0.35;0.15;0.09;0.67;0;2;0.08
1991;dut000021;dutch;belial;unknown;BELIAL;MALE;3;3;21;57;0;0;0;0;0.25;0.37;0.39;0.0;0.0;0.0;0.0;0.0;0.0;0.13;0.06;0.03;0.33;0;1;0.0
1992;dut000021;dutch;apollion;unknown;APOLLION;MALE;4;5;44;251;0;0;0;0;0.61;0.31;0.04;0.04;0.0;0.0;0.0;0.0;0.0;0.22;0.13;0.11;0.56;0;2;0.07
1993;dut000021;dutch;gabriël;unknown;GABRIËL;MALE;4;4;21;300;0;0;0;0;0.26;0.16;0.0;0.19;0.39;0.0;0.0;0.0;0.0;0.17;0.06;0.13;0.33;0;2;0.01
1994;dut000021;dutch;lucifer;unknown;LUCIFER;MALE;3;8;46;331;0;0;0;0;0.0;0.55;0.11;0.34;0.0;0.0;0.0;0.0;0.0;0.35;0.14;0.15;0.56;0;1;0.12
1995;dut000021;dutch;michaël;unknown;MICHAËL;MALE;3;4;19;106;0;0;0;0;0.0;0.0;0.35;0.14;0.51;0.0;0.0;0.0;0.0;0.17;0.06;0.05;0.44;0;1;0.02
1996;dut000021;dutch;rafaël;unknown;RAFAËL;MALE;2;4;25;183;0;0;0;0;0.0;0.0;0.0;0.77;0.23;0.0;0.0;0.0;0.0;0.17;0.08;0.08;0.44;0;2;0.23
1997;dut000021;dutch;uriël;unknown;URIËL;MALE;1;1;9;233;0;0;0;0;0.0;0.0;0.0;0.0;1.0;0.0;0.0;0.0;0.0;0.04;0.03;0.1;0.11;0;0;0.0
1998;dut000013;dutch;burgemeesters;unknown;Burgemeesters;MALE;3;4;19;73;0;0;0;0;0.11;0.0;0.52;0.0;0.37;0.0;0.0;0.0;0.0;0.22;0.07;0.04;0.44;1;0;0.1
1999;dut000013;dutch;rey;unknown;Rey;UNKNOWN;5;6;19;272;0;0;0;0;0.1;0.31;0.15;0.35;0.09;0.0;0.0;0.0;0.0;0.33;0.07;0.15;0.33;1;0;0.0
2000;dut000013;dutch;aquilin;unknown;Aquilin;MALE;3;3;20;144;0;0;0;0;0.1;0.0;0.24;0.0;0.66;0.0;0.0;0.0;0.0;0.17;0.07;0.08;0.44;1;1;0.1
2001;dut000013;dutch;bode;unknown;Bode;MALE;2;2;9;177;0;0;0;0;0.58;0.0;0.0;0.0;0.42;0.0;0.0;0.0;0.0;0.11;0.03;0.1;0.22;0;2;0.0
2002;dut000013;dutch;attila;unknown;Attila;MALE;5;9;80;358;0;0;0;0;0.17;0.21;0.02;0.42;0.18;0.0;0.0;0.0;0.0;0.5;0.28;0.19;0.56;1;3;0.17
2003;dut000013;dutch;juliaen;unknown;Juliaen;MALE;4;5;24;131;0;0;0;0;0.35;0.05;0.11;0.0;0.48;0.0;0.0;0.0;0.0;0.28;0.08;0.07;0.56;2;1;0.17
2004;dut000013;dutch;ursul;unknown;Ursul;FEMALE;3;3;42;200;0;0;0;0;0.29;0.42;0.0;0.28;0.0;0.0;0.0;0.0;0.0;0.17;0.15;0.11;0.33;0;1;0.0
2005;dut000013;dutch;beremond;unknown;Beremond;MALE;3;6;52;267;0;0;0;0;0.0;0.74;0.14;0.12;0.0;0.0;0.0;0.0;0.0;0.33;0.18;0.14;0.33;1;1;0.0
2006;dut000013;dutch;sinte-ursuls-geest;unknown;Sinte Ursuls Geest;FEMALE;1;2;9;44;0;0;0;0;0.0;0.0;0.0;0.0;1.0;0.0;0.0;0.0;0.0;0.11;0.03;0.02;0.67;0;1;0.56
2007;dut000013;dutch;sint-aethereus-geest;unknown;Sint AEthereus Geest;MALE;1;1;5;5;0;0;0;0;0.0;0.0;0.0;0.0;1.0;0.0;0.0;0.0;0.0;0.06;0.02;0.0;0.33;0;0;0.0
2008;dut000018;dutch;rey-van-staetjofferen;unknown;REY van STAETJOFFEREN;FEMALE;5;8;25;326;0;0;0;0;0.1;0.34;0.14;0.19;0.22;0.0;0.0;0.0;0.0;0.42;0.06;0.17;0.43;0;1;0.04
2009;dut000018;dutch;de-graven;unknown;DE GRAVEN;MALE;4;5;98;217;0;0;0;0;0.0;0.27;0.45;0.06;0.23;0.0;0.0;0.0;0.0;0.26;0.25;0.11;0.57;1;1;0.06
2010;dut000018;dutch;biechtvader;unknown;BIECHTVADER;MALE;2;5;36;233;0;0;0;0;0.56;0.0;0.0;0.0;0.44;0.0;0.0;0.0;0.0;0.26;0.09;0.12;0.57;0;2;0.08
2011;dut000018;dutch;melvin;unknown;MELVIN;MALE;3;4;118;278;0;0;0;0;0.32;0.0;0.62;0.06;0.0;0.0;0.0;0.0;0.0;0.21;0.31;0.15;0.57;0;1;0.03
2012;dut000018;dutch;burgon;unknown;BURGON;MALE;4;4;40;274;0;0;0;0;0.13;0.1;0.12;0.0;0.65;0.0;0.0;0.0;0.0;0.21;0.1;0.15;0.57;2;1;0.08
2013;dut000018;dutch;maria-stuart;unknown;MARIA STUART;FEMALE;2;7;41;436;0;0;0;0;0.0;0.64;0.0;0.36;0.0;0.0;0.0;0.0;0.0;0.37;0.11;0.23;0.86;1;1;0.32
2014;dut000018;dutch;kenede;unknown;KENEDE;FEMALE;1;2;12;24;0;0;0;0;0.0;1.0;0.0;0.0;0.0;0.0;0.0;0.0;0.0;0.11;0.03;0.01;0.29;1;0;0.0
2015;dut000018;dutch;paulet;unknown;PAULET;MALE;2;2;15;86;0;0;0;0;0.0;0.42;0.58;0.0;0.0;0.0;0.0;0.0;0.0;0.11;0.04;0.05;0.43;2;1;0.02
2016;dut000005;dutch;rey-van-engelewacht;unknown;Rey van Engelewacht;UNKNOWN;5;6;19;304;0;0;0;0;0.22;0.24;0.24;0.26;0.04;0.0;0.0;0.0;0.0;0.38;0.07;0.19;0.42;0;0;0.08
2017;dut000005;dutch;apollion;unknown;Apollion;MALE;1;1;1;98;0;0;0;0;1.0;0.0;0.0;0.0;0.0;0.0;0.0;0.0;0.0;0.06;0.0;0.06;0.08;0;1;0.0
2018;dut000005;dutch;noe;unknown;Noe;MALE;4;5;41;388;0;0;0;0;0.12;0.28;0.21;0.4;0.0;0.0;0.0;0.0;0.0;0.31;0.16;0.24;0.75;2;2;0.53
2019;dut000005;dutch;de-boumeester;unknown;De boumeester;MALE;1;1;19;128;0;0;0;0;0.0;1.0;0.0;0.0;0.0;0.0;0.0;0.0;0.0;0.06;0.07;0.08;0.08;0;1;0.0
2020;dut000005;dutch;achiman;unknown;Achiman;MALE;3;6;68;236;0;0;0;0;0.0;0.28;0.58;0.0;0.15;0.0;0.0;0.0;0.0;0.38;0.26;0.15;0.42;0;2;0.19
2021;dut000005;dutch;hofmeester;unknown;Hofmeester;MALE;3;5;24;79;0;0;0;0;0.0;0.04;0.82;0.0;0.14;0.0;0.0;0.0;0.0;0.31;0.09;0.05;0.33;0;0;0.02
2022;dut000005;dutch;aertsherder;unknown;Aertsherder;MALE;2;2;10;72;0;0;0;0;0.0;0.0;0.53;0.0;0.47;0.0;0.0;0.0;0.0;0.12;0.04;0.04;0.25;0;1;0.0
2023;dut000005;dutch;urania;unknown;Urania;FEMALE;2;5;46;180;0;0;0;0;0.0;0.0;0.87;0.0;0.13;0.0;0.0;0.0;0.0;0.31;0.18;0.11;0.58;1;3;0.21
2024;dut000005;dutch;joffers;unknown;Joffers;FEMALE;1;1;1;35;0;0;0;0;0.0;0.0;1.0;0.0;0.0;0.0;0.0;0.0;0.0;0.06;0.0;0.02;0.17;0;0;0.0
2025;dut000005;dutch;cham;unknown;Cham;MALE;1;1;18;47;0;0;0;0;0.0;0.0;0.0;1.0;0.0;0.0;0.0;0.0;0.0;0.06;0.07;0.03;0.08;0;1;0.0
2026;dut000005;dutch;sem;unknown;Sem;MALE;1;1;6;11;0;0;0;0;0.0;0.0;0.0;1.0;0.0;0.0;0.0;0.0;0.0;0.06;0.02;0.01;0.25;0;2;0.0
2027;dut000005;dutch;jafed;unknown;Jafed;MALE;1;1;5;9;0;0;0;0;0.0;0.0;0.0;1.0;0.0;0.0;0.0;0.0;0.0;0.06;0.02;0.01;0.25;0;1;0.0
2028;dut000005;dutch;uriel;unknown;Uriel;MALE;1;1;3;9;0;0;0;0;0.0;0.0;0.0;0.0;1.0;0.0;0.0;0.0;0.0;0.06;0.01;0.01;0.17;1;0;0.0
2029;dut000009;dutch;rey-van-euboeers;unknown;REY van Euboeers;MALE;3;3;11;264;0;0;0;0;0.27;0.0;0.41;0.32;0.0;0.0;0.0;0.0;0.0;0.21;0.04;0.1;0.43;0;1;0.08
2030;dut000009;dutch;rey-van-ithakoisen;unknown;REY van Ithakoisen;MALE;1;1;8;48;0;0;0;0;1.0;0.0;0.0;0.0;0.0;0.0;0.0;0.0;0.0;0.07;0.03;0.02;0.05;0;0;0.0
2031;dut000009;dutch;rey-van-peloponnesers-en-ithakoisen;unknown;REY van Peloponnesers en Ithakoisen;MALE;2;2;3;121;0;0;0;0;0.0;0.99;0.0;0.01;0.0;0.0;0.0;0.0;0.0;0.14;0.01;0.05;0.33;0;3;0.01
2032;dut000009;dutch;rey-van-trojaensche-maegden;unknown;REY van Trojaensche Maegden;FEMALE;1;1;1;88;0;0;0;0;0.0;0.0;0.0;0.0;1.0;0.0;0.0;0.0;0.0;0.07;0.0;0.03;0.1;0;0;0.0
2033;dut000009;dutch;palamedes;unknown;PALAMEDES;MALE;2;3;21;358;0;0;0;0;0.46;0.0;0.54;0.0;0.0;0.0;0.0;0.0;0.0;0.21;0.08;0.14;0.33;0;5;0.03
2034;dut000009;dutch;megeer;unknown;MEGEER;FEMALE;1;1;6;69;0;0;0;0;0.0;1.0;0.0;0.0;0.0;0.0;0.0;0.0;0.0;0.07;0.02;0.03;0.05;0;0;0.0
2035;dut000009;dutch;sisyphvs;unknown;SISYPHVS;MALE;1;1;6;54;0;0;0;0;0.0;1.0;0.0;0.0;0.0;0.0;0.0;0.0;0.0;0.07;0.02;0.02;0.05;1;0;0.0
2036;dut000009;dutch;ulysses;unknown;ULYSSES;MALE;3;4;30;253;0;0;0;0;0.0;0.68;0.07;0.25;0.0;0.0;0.0;0.0;0.0;0.29;0.11;0.1;0.43;0;7;0.03
2037;dut000009;dutch;diomedes;unknown;DIOMEDES;MALE;3;5;32;77;0;0;0;0;0.0;0.48;0.42;0.1;0.0;0.0;0.0;0.0;0.0;0.36;0.12;0.03;0.48;0;7;0.06
2038;dut000009;dutch;evrypilvs;unknown;EVRYPILVS;MALE;2;2;4;9;0;0;0;0;0.0;0.44;0.56;0.0;0.0;0.0;0.0;0.0;0.0;0.14;0.01;0.0;0.14;0;1;0.0
2039;dut000009;dutch;schildwacht;unknown;Schildwacht;MALE;1;1;3;3;0;0;0;0;0.0;0.0;1.0;0.0;0.0;0.0;0.0;0.0;0.0;0.07;0.01;0.0;0.1;0;1;0.0
2040;dut000009;dutch;agamemnon;unknown;AGAMEMNON;MALE;2;4;62;198;0;0;0;0;0.0;0.0;0.88;0.12;0.0;0.0;0.0;0.0;0.0;0.29;0.23;0.08;0.38;0;5;0.14
2041;dut000009;dutch;nestor;unknown;NESTOR;MALE;2;3;32;129;0;0;0;0;0.0;0.0;0.71;0.29;0.0;0.0;0.0;0.0;0.0;0.21;0.12;0.05;0.43;0;5;0.03
2042;dut000009;dutch;aiax;unknown;AIAX;MALE;2;2;22;185;0;0;0;0;0.0;0.0;0.26;0.74;0.0;0.0;0.0;0.0;0.0;0.14;0.08;0.07;0.24;0;0;0.04
2043;dut000009;dutch;oates;unknown;OATES;MALE;2;3;10;90;0;0;0;0;0.0;0.0;0.0;0.76;0.24;0.0;0.0;0.0;0.0;0.21;0.04;0.04;0.19;0;2;0.12
2044;dut000009;dutch;thersites;unknown;THERSITES;MALE;1;1;5;13;0;0;0;0;0.0;0.0;0.0;1.0;0.0;0.0;0.0;0.0;0.0;0.07;0.02;0.01;0.29;0;4;0.0
2045;dut000009;dutch;calches;unknown;CALCHES;MALE;2;2;4;73;0;0;0;0;0.0;0.0;0.97;0.03;0.0;0.0;0.0;0.0;0.0;0.14;0.01;0.03;0.38;0;3;0.01
2046;dut000009;dutch;bode;unknown;BODE;MALE;1;1;3;128;0;0;0;0;0.0;0.0;0.0;0.0;1.0;0.0;0.0;0.0;0.0;0.07;0.01;0.05;0.1;0;2;0.0
2047;dut000009;dutch;neptvin;unknown;NEPTVIN;MALE;1;1;1;266;0;0;0;0;0.0;0.0;0.0;0.0;1.0;0.0;0.0;0.0;0.0;0.07;0.0;0.1;0.1;0;0;0.0
2048;dut000009;dutch;priam;unknown;PRIAM;MALE;1;1;2;12;0;0;0;0;0.0;0.0;0.0;0.0;1.0;0.0;0.0;0.0;0.0;0.07;0.01;0.0;0.1;2;0;0.0
2049;dut000009;dutch;hecvba;unknown;HECVBA;FEMALE;1;1;1;2;0;0;0;0;0.0;0.0;0.0;0.0;1.0;0.0;0.0;0.0;0.0;0.07;0.0;0.0;0.1;1;0;0.0
2050;dut000017;dutch;rey;unknown;Rey;MALE;4;4;12;178;0;0;0;0;0.22;0.3;0.22;0.26;0.0;0.0;0.0;0.0;0.0;0.2;0.04;0.1;0.0;0;0;0.0
2051;dut000017;dutch;simon-toveraer;unknown;Simon Toveraer;MALE;1;1;8;150;0;0;0;0;1.0;0.0;0.0;0.0;0.0;0.0;0.0;0.0;0.0;0.05;0.03;0.09;0.08;0;1;0.0
2052;dut000017;dutch;elymas;unknown;Elymas;MALE;1;1;7;28;0;0;0;0;1.0;0.0;0.0;0.0;0.0;0.0;0.0;0.0;0.0;0.05;0.02;0.02;0.08;0;0;0.0
2053;dut000017;dutch;petronel;unknown;Petronel;FEMALE;4;6;61;321;0;0;0;0;0.42;0.0;0.23;0.05;0.31;0.0;0.0;0.0;0.0;0.3;0.21;0.18;0.31;1;2;0.05
2054;dut000017;dutch;plautil;unknown;Plautil;FEMALE;3;4;17;105;0;0;0;0;0.41;0.0;0.0;0.04;0.55;0.0;0.0;0.0;0.0;0.2;0.06;0.06;0.31;0;1;0.05
2055;dut000017;dutch;peter;unknown;Peter;MALE;3;5;40;259;0;0;0;0;0.56;0.0;0.37;0.07;0.0;0.0;0.0;0.0;0.0;0.25;0.14;0.15;0.31;1;2;0.12
2056;dut000017;dutch;pauwels;unknown;Pauwels;MALE;3;5;30;97;0;0;0;0;0.47;0.0;0.41;0.11;0.0;0.0;0.0;0.0;0.0;0.25;0.1;0.05;0.31;1;1;0.12
2057;dut000017;dutch;cornelia;unknown;Cornelia;FEMALE;1;2;19;242;0;0;0;0;0.0;1.0;0.0;0.0;0.0;0.0;0.0;0.0;0.0;0.1;0.07;0.14;0.15;0;2;0.12
2058;dut000017;dutch;aertsofferwichelaer;unknown;Aertsofferwichelaer;MALE;1;1;7;42;0;0;0;0;0.0;1.0;0.0;0.0;0.0;0.0;0.0;0.0;0.0;0.05;0.02;0.02;0.08;0;0;0.0
2059;dut000017;dutch;domitius-nero;unknown;Domitius Nero;MALE;2;3;39;122;0;0;0;0;0.0;0.46;0.0;0.0;0.54;0.0;0.0;0.0;0.0;0.15;0.14;0.07;0.15;0;1;0.21
2060;dut000017;dutch;agrippa;unknown;Agrippa;MALE;4;5;38;110;0;0;0;0;0.0;0.24;0.34;0.13;0.3;0.0;0.0;0.0;0.0;0.25;0.13;0.06;0.38;0;1;0.4
2061;dut000017;dutch;linus;unknown;Linus;MALE;1;2;8;42;0;0;0;0;0.0;0.0;0.0;0.0;1.0;0.0;0.0;0.0;0.0;0.1;0.03;0.02;0.15;1;0;0.0
2062;dut000017;dutch;proces;unknown;Proces;UNKNOWN;1;1;1;1;0;0;0;0;0.0;0.0;1.0;0.0;0.0;0.0;0.0;0.0;0.0;0.05;0.0;0.0;0.15;0;1;0.0
2063;dut000017;dutch;martiniaen;unknown;Martiniaen;MALE;1;1;1;1;0;0;0;0;0.0;0.0;1.0;0.0;0.0;0.0;0.0;0.0;0.0;0.05;0.0;0.0;0.15;0;0;0.0
2064;dut000022;dutch;rey-van-priesteren;unknown;REY van PRIESTEREN;MALE;5;9;43;267;0;0;0;0;0.24;0.3;0.21;0.24;0.01;0.0;0.0;0.0;0.0;0.43;0.11;0.13;1.0;0;0;0.08
2065;dut000022;dutch;pizaners;unknown;PIZANERS;UNKNOWN;3;4;26;293;0;0;0;0;0.32;0.0;0.23;0.0;0.45;0.0;0.0;0.0;0.0;0.19;0.06;0.14;0.86;0;5;0.05
2066;dut000022;dutch;diodoor;unknown;DIODOOR;MALE;2;2;15;88;0;0;0;0;0.74;0.26;0.0;0.0;0.0;0.0;0.0;0.0;0.0;0.1;0.04;0.04;0.43;0;2;0.0
2067;dut000022;dutch;theofrastus;unknown;THEOFRASTUS;MALE;4;9;107;433;0;0;0;0;0.0;0.38;0.07;0.41;0.15;0.0;0.0;0.0;0.0;0.43;0.26;0.21;1.0;1;3;0.08
2068;dut000022;dutch;bazilides;unknown;BAZILIDES;MALE;3;9;58;250;0;0;0;0;0.0;0.52;0.27;0.0;0.2;0.0;0.0;0.0;0.0;0.43;0.14;0.12;0.86;1;2;0.01
2069;dut000022;dutch;hierofant;unknown;HIEROFANT;MALE;3;6;47;217;0;0;0;0;0.0;0.43;0.24;0.34;0.0;0.0;0.0;0.0;0.0;0.29;0.12;0.11;0.71;1;3;0.0
2070;dut000022;dutch;salmoneus;unknown;SALMONEUS;MALE;2;6;43;188;0;0;0;0;0.0;0.0;0.47;0.53;0.0;0.0;0.0;0.0;0.0;0.29;0.11;0.09;0.86;0;2;0.01
2071;dut000022;dutch;filotimie;unknown;FILOTIMIE;FEMALE;3;7;68;259;0;0;0;0;0.0;0.0;0.36;0.39;0.25;0.0;0.0;0.0;0.0;0.33;0.17;0.13;0.86;0;2;0.01
2072;dut000020;dutch;rey-van-jerusalemmers;unknown;REY VAN JERUSALEMMERS;UNKNOWN;5;6;20;321;0;0;0;0;0.14;0.27;0.17;0.3;0.12;0.0;0.0;0.0;0.0;0.33;0.05;0.16;0.27;0;1;0.18
2073;dut000020;dutch;sidonische-hofjoffers;unknown;SIDONISCHE HOFJOFFERS;FEMALE;1;1;1;15;0;0;0;0;0.0;1.0;0.0;0.0;0.0;0.0;0.0;0.0;0.0;0.06;0.0;0.01;0.18;1;1;0.0
2074;dut000020;dutch;wetgeleerde;unknown;WETGELEERDE;MALE;2;4;30;198;0;0;0;0;0.86;0.0;0.0;0.14;0.0;0.0;0.0;0.0;0.0;0.22;0.08;0.1;0.45;0;2;0.35
2075;dut000020;dutch;ithobal;unknown;ITHOBAL;MALE;3;3;38;271;0;0;0;0;0.42;0.42;0.0;0.15;0.0;0.0;0.0;0.0;0.0;0.17;0.1;0.14;0.36;1;2;0.15
2076;dut000020;dutch;sidonia;unknown;SIDONIA;FEMALE;2;4;68;293;0;0;0;0;0.0;0.41;0.0;0.59;0.0;0.0;0.0;0.0;0.0;0.22;0.19;0.15;0.27;0;1;0.04
2077;dut000020;dutch;salomon;unknown;SALOMON;MALE;3;5;75;235;0;0;0;0;0.0;0.29;0.0;0.66;0.04;0.0;0.0;0.0;0.0;0.28;0.2;0.12;0.45;0;1;0.35
2078;dut000020;dutch;benajas;unknown;BENAJAS;MALE;3;3;26;117;0;0;0;0;0.15;0.0;0.6;0.0;0.25;0.0;0.0;0.0;0.0;0.17;0.07;0.06;0.27;0;1;0.12
2079;dut000020;dutch;sanhedrin;unknown;SANHEDRIN;MALE;1;2;36;125;0;0;0;0;0.0;0.0;1.0;0.0;0.0;0.0;0.0;0.0;0.0;0.11;0.1;0.06;0.18;0;0;0.0
2080;dut000020;dutch;sabud;unknown;SABUD;MALE;2;4;43;129;0;0;0;0;0.0;0.0;0.67;0.0;0.33;0.0;0.0;0.0;0.0;0.22;0.12;0.06;0.36;0;2;0.26
2081;dut000020;dutch;sadock;unknown;SADOCK;MALE;1;2;23;152;0;0;0;0;0.0;0.0;0.0;1.0;0.0;0.0;0.0;0.0;0.0;0.11;0.06;0.08;0.27;0;2;0.05
2082;dut000020;dutch;nathan;unknown;NATHAN;MALE;1;1;1;44;0;0;0;0;0.0;0.0;0.0;0.0;1.0;0.0;0.0;0.0;0.0;0.06;0.0;0.02;0.09;0;0;0.0
2083;dut000020;dutch;bode;unknown;BODE;MALE;1;1;5;78;0;0;0;0;0.0;0.0;0.0;0.0;1.0;0.0;0.0;0.0;0.0;0.06;0.01;0.04;0.09;0;1;0.0
2084;dut000027;dutch;de-rey-van-iodinnen;unknown;De Rey van Iodinnen;FEMALE;5;9;53;349;0;0;0;0;0.11;0.54;0.14;0.09;0.11;0.0;0.0;0.0;0.0;0.53;0.21;0.2;0.55;0;3;0.44
2085;dut000027;dutch;de-kooraelen;unknown;De Kooraelen;UNKNOWN;1;1;1;24;0;0;0;0;0.0;0.0;0.0;1.0;0.0;0.0;0.0;0.0;0.0;0.06;0.0;0.01;0.09;0;0;0.0
2086;dut000027;dutch;samsons-bloetvrienden;unknown;Samsons bloetvrienden;MALE;1;1;1;2;0;0;0;0;0.0;0.0;0.0;0.0;1.0;0.0;0.0;0.0;0.0;0.06;0.0;0.0;0.18;1;1;0.0
2087;dut000027;dutch;dagon;unknown;DAGON;MALE;1;1;1;96;0;0;0;0;1.0;0.0;0.0;0.0;0.0;0.0;0.0;0.0;0.0;0.06;0.0;0.06;0.0;0;0;0.0
2088;dut000027;dutch;de-tuchtknaep-van-samson;unknown;De Tuchtknaep van Samson;MALE;4;4;15;132;0;0;0;0;0.32;0.21;0.03;0.44;0.0;0.0;0.0;0.0;0.0;0.24;0.06;0.08;0.27;2;1;0.1
2089;dut000027;dutch;samson;unknown;SAMSON;MALE;4;4;30;346;0;0;0;0;0.01;0.52;0.18;0.29;0.0;0.0;0.0;0.0;0.0;0.24;0.12;0.2;0.27;1;0;0.1
2090;dut000027;dutch;de-vorst-van-gaze;unknown;De Vorst van Gaze;MALE;2;2;31;164;0;0;0;0;0.0;0.5;0.5;0.0;0.0;0.0;0.0;0.0;0.0;0.12;0.12;0.09;0.18;1;0;0.1
2091;dut000027;dutch;de-vorstin-van-gaze;unknown;De Vorstin van Gaze;FEMALE;1;3;39;171;0;0;0;0;0.0;0.0;1.0;0.0;0.0;0.0;0.0;0.0;0.0;0.18;0.16;0.1;0.36;0;1;0.4
2092;dut000027;dutch;de-aertspriester-der-filistijnen;unknown;De Aertspriester der Filistijnen;MALE;2;3;43;138;0;0;0;0;0.0;0.0;0.24;0.76;0.0;0.0;0.0;0.0;0.0;0.18;0.17;0.08;0.27;2;0;0.31
2093;dut000027;dutch;de-waerzeggerin-van-akkaron;unknown;De Waerzeggerin van Akkaron;FEMALE;1;1;29;125;0;0;0;0;0.0;0.0;0.0;1.0;0.0;0.0;0.0;0.0;0.0;0.06;0.12;0.07;0.09;0;0;0.0
2094;dut000027;dutch;de-bode;unknown;De Bode;MALE;1;1;6;140;0;0;0;0;0.0;0.0;0.0;0.0;1.0;0.0;0.0;0.0;0.0;0.06;0.02;0.08;0.09;0;0;0.0
2095;dut000027;dutch;fadaël;unknown;FADAËL;MALE;1;1;1;30;0;0;0;0;0.0;0.0;0.0;0.0;1.0;0.0;0.0;0.0;0.0;0.06;0.0;0.02;0.18;0;0;0.0
2096;dut000006;dutch;rey-van-priesteren;unknown;Rey van Priesteren;MALE;5;7;21;335;0;0;0;0;0.25;0.31;0.24;0.14;0.06;0.0;0.0;0.0;0.0;0.37;0.07;0.2;0.5;0;2;0.23
2097;dut000006;dutch;adam-schal;unknown;Adam Schal;MALE;3;3;24;154;0;0;0;0;0.4;0.0;0.29;0.31;0.0;0.0;0.0;0.0;0.0;0.16;0.08;0.09;0.4;0;2;0.09
2098;dut000006;dutch;us;unknown;Us;MALE;5;8;65;293;0;0;0;0;0.2;0.14;0.28;0.25;0.13;0.0;0.0;0.0;0.0;0.42;0.21;0.18;0.8;1;3;0.46
2099;dut000006;dutch;kolaus;unknown;Kolaus;MALE;2;4;37;155;0;0;0;0;0.0;0.72;0.0;0.28;0.0;0.0;0.0;0.0;0.0;0.21;0.12;0.09;0.2;0;1;0.0
2100;dut000006;dutch;zungchin;unknown;Zungchin;MALE;3;10;84;318;0;0;0;0;0.0;0.17;0.38;0.45;0.0;0.0;0.0;0.0;0.0;0.53;0.27;0.19;0.5;0;1;0.07
2101;dut000006;dutch;jasmyn;unknown;Jasmyn;FEMALE;2;3;25;125;0;0;0;0;0.0;0.0;0.5;0.5;0.0;0.0;0.0;0.0;0.0;0.16;0.08;0.07;0.4;1;3;0.03
2102;dut000006;dutch;pao;unknown;Pao;FEMALE;2;3;5;14;0;0;0;0;0.0;0.0;0.07;0.93;0.0;0.0;0.0;0.0;0.0;0.16;0.02;0.01;0.4;0;3;0.02
2103;dut000006;dutch;fungiang;unknown;Fungiang;MALE;2;4;43;162;0;0;0;0;0.0;0.0;0.6;0.4;0.0;0.0;0.0;0.0;0.0;0.21;0.14;0.1;0.3;0;1;0.01
2104;dut000006;dutch;xaianga;unknown;Xaianga;FEMALE;1;1;1;40;0;0;0;0;0.0;0.0;0.0;0.0;1.0;0.0;0.0;0.0;0.0;0.05;0.0;0.02;0.3;0;1;0.0
2105;dut000006;dutch;lykungzus;unknown;Lykungzus;MALE;1;1;8;27;0;0;0;0;0.0;0.0;0.0;0.0;1.0;0.0;0.0;0.0;0.0;0.05;0.03;0.02;0.3;1;1;0.0
2106;dut000006;dutch;de-geest-van-franciscus-xaverius;unknown;De Geest van Franciscus Xaverius;MALE;1;1;1;29;0;0;0;0;0.0;0.0;0.0;0.0;1.0;0.0;0.0;0.0;0.0;0.05;0.0;0.02;0.1;0;0;0.0
2107;dut000233;dutch;alexis;unknown;Alexis Fedorowits;MALE;4;13;95;267;0;0;0;0;0.0;0.27;0.22;0.42;0.09;0.0;0.0;0.0;0.0;0.46;0.17;0.15;0.67;0;1;0.0
2108;dut000233;dutch;bazilius;unknown;Bazilius;MALE;2;2;14;61;0;0;0;0;0.85;0.0;0.0;0.0;0.15;0.0;0.0;0.0;0.0;0.07;0.03;0.03;0.67;1;2;0.0
2109;dut000233;dutch;biron;unknown;Gustaaf Biron;MALE;5;15;103;334;0;0;0;0;0.21;0.14;0.12;0.24;0.29;0.0;0.0;0.0;0.0;0.54;0.19;0.19;0.83;1;4;0.02
2110;dut000233;dutch;eudoxe;unknown;Eudoxe;FEMALE;5;17;84;245;0;0;0;0;0.14;0.28;0.39;0.1;0.09;0.0;0.0;0.0;0.0;0.61;0.15;0.14;1.0;0;2;0.35
2111;dut000233;dutch;iwan;unknown;Iwan;MALE;5;16;105;300;0;0;0;0;0.31;0.04;0.21;0.28;0.17;0.0;0.0;0.0;0.0;0.57;0.19;0.17;0.83;1;2;0.02
2112;dut000233;dutch;menzikoff;unknown;Alexander Menzikoff;MALE;5;19;136;533;0;0;0;0;0.29;0.29;0.17;0.04;0.21;0.0;0.0;0.0;0.0;0.68;0.25;0.3;0.83;0;0;0.02
2113;dut000233;dutch;natalia;unknown;Natalia;MALE;1;1;9;25;0;0;0;0;0.0;1.0;0.0;0.0;0.0;0.0;0.0;0.0;0.0;0.04;0.02;0.01;0.17;1;0;0.0
2114;dut000232;dutch;alonzo;unknown;Alonzo;MALE;3;4;10;78;0;0;0;0;0.0;0.42;0.0;0.23;0.35;0.0;0.0;0.0;0.0;0.1;0.03;0.05;0.71;2;2;0.0
2115;dut000232;dutch;alvarado;unknown;Pedro de Alvarado;MALE;4;8;30;91;0;0;0;0;0.49;0.07;0.0;0.27;0.16;0.0;0.0;0.0;0.0;0.2;0.08;0.05;0.86;3;2;0.01
2116;dut000232;dutch;catharina;unknown;Catharina de Xuares;FEMALE;3;12;46;158;0;0;0;0;0.04;0.0;0.81;0.0;0.15;0.0;0.0;0.0;0.0;0.29;0.12;0.09;0.86;2;0;0.01
2117;dut000232;dutch;cortes;unknown;Ferdinand Cortes;MALE;4;16;55;274;0;0;0;0;0.26;0.03;0.23;0.0;0.48;0.0;0.0;0.0;0.0;0.39;0.14;0.16;0.86;3;1;0.01
2118;dut000232;dutch;melinde;unknown;Melinde;FEMALE;4;12;63;295;0;0;0;0;0.0;0.46;0.1;0.31;0.14;0.0;0.0;0.0;0.0;0.29;0.17;0.17;0.86;1;0;0.01
2119;dut000232;dutch;monzongo;unknown;Monzongo;MALE;4;18;83;387;0;0;0;0;0.33;0.16;0.0;0.26;0.25;0.0;0.0;0.0;0.0;0.44;0.22;0.22;1.0;2;2;0.3
2120;dut000232;dutch;quantimoc;unknown;Quantimoc;MALE;2;4;9;66;0;0;0;0;0.0;0.56;0.0;0.0;0.44;0.0;0.0;0.0;0.0;0.1;0.02;0.04;0.14;0;0;0.0
2121;dut000232;dutch;semire;unknown;Semire;FEMALE;5;14;85;374;0;0;0;0;0.21;0.09;0.4;0.18;0.12;0.0;0.0;0.0;0.0;0.34;0.22;0.22;0.71;0;1;0.0
